mpp[1045]: mpp_buffer: mpi_buf_id = 173, dma_buf_fd = 5

mpp[1045]: mpp_buffer: mpi_buf_id = 174, dma_buf_fd = 7

mpp[1045]: mpp_info: mpp version: 16e796a4 author: hdl           2024-02-20 [venc540c]: Adding scene_mode of IPC_PTZ.

live camera MP4 test
device       : /dev/video11
output       : output_camera_v9_1_60s.mp4
resolution   : 2304x1296 NV12
frame rate   : 25 fps
GOP          : 25 frames
bit rate     : 4000000 bps
expected NV12: 4478976 bytes/frame
frame count  : 1500
warmup frames: 5
raw NV12 intermediate files: disabled
raw H264 intermediate files: disabled
capture format: 2304x1296 fourcc=NV12 planes=1 bytesperline=2304 sizeimage=4478976
warning: VIDIOC_S_PARM 25 fps failed: Inappropriate ioctl for device
capture frame interval: 1/0 s (0.00 fps)
capture buffer 0: addr=0xa68af000 length=4478976
capture buffer 1: addr=0xa6469000 length=4478976
capture buffer 2: addr=0xa6023000 length=4478976
capture buffer 3: addr=0xa5bdd000 length=4478976
warmup frame 1/5: sequence=0 size=4478976
warmup frame 2/5: sequence=1 size=4478976
warmup frame 3/5: sequence=2 size=4478976
warmup frame 4/5: sequence=3 size=4478976
warmup frame 5/5: sequence=4 size=4478976
MPP encoder build: vendor-packet-v9.1-ring-boundary
NV12 visible_size=4478976 allocated_buffer_size=4644864
encoder config: fps=25 gop=25 bps_target=4000000 bps_min=3000000 bps_max=4500000
pre-create frm_buf ret=0 buf=0x2c1c0 ptr=0xa576f000
pre-create auxiliary buf ret=0 buf=0x2c260 ptr=0xa5301000
before mpp_create
after mpp_create: ret=0 ctx=0x2c300 mpi=0xa6f9539c
MppApi sizeof=132 api_size=132 version=0 release_packet=0xa6f689c4
after mpp_init_ext: ret=0
MPP_SET_OUTPUT_TIMEOUT ret=0
MPP encoder init success
MP4 muxer init success: id=0 output=output_camera_v9_1_60s.mp4
MP4 video parameter: codec=H.264 format=NV12 size=2304x1296 fps=25 bitrate=4000000 profile=66 level=52
start encode NV12 with RV1106 vendor packet ABI, frame=0
encode_put_frame ret=0
encode_get_packet ret=0 handle=0xaead1930 expected=0xaead1930
vendor packet: mpi_buf_id=177 len=44122 buf_size=1495040 offset=0 data_num=1 flag=0x00000010 pts=0
valloc packet buffer: mpi_buf_id=177 dma_buf_fd=10 size=0
H264 first bytes: 00 00 00 01 67 42 c0 32 8d 8d 50 12 00 51 90 80
encode_release_packet ret=0
MP4 frame 1/1500: sequence=5 pts=0 us key=1 nv12=4478976 h264=44122 acquire=18.805 ms encode=31.183 ms mux=17.107 ms
start encode NV12 with RV1106 vendor packet ABI, frame=1
encode_put_frame ret=0
encode_get_packet ret=0 handle=0xaead1930 expected=0xaead1930
vendor packet: mpi_buf_id=177 len=910 buf_size=1495040 offset=44160 data_num=1 flag=0x00000000 pts=1
valloc packet buffer: mpi_buf_id=177 dma_buf_fd=11 size=0
H264 first bytes: 00 00 00 01 41 e0 00 20 00 46 17 00 b9 da 80 85
encode_release_packet ret=0
MP4 frame 2/1500: sequence=6 pts=40000 us key=0 nv12=4478976 h264=910 acquire=0.057 ms encode=31.234 ms mux=0.058 ms
start encode NV12 with RV1106 vendor packet ABI, frame=2
encode_put_frame ret=0
encode_get_packet ret=0 handle=0xaead1930 expected=0xaead1930
vendor packet: mpi_buf_id=177 len=2021 buf_size=1495040 offset=45184 data_num=1 flag=0x00000000 pts=2
valloc packet buffer: mpi_buf_id=177 dma_buf_fd=11 size=0
H264 first bytes: 00 00 00 01 41 e0 00 40 00 86 3c 09 13 e0 27 28
encode_release_packet ret=0
MP4 frame 3/1500: sequence=7 pts=80000 us key=0 nv12=4478976 h264=2021 acquire=0.038 ms encode=26.257 ms mux=0.067 ms
start encode NV12 with RV1106 vendor packet ABI, frame=3
encode_put_frame ret=0
encode_get_packet ret=0 handle=0xaead1930 expected=0xaead1930
vendor packet: mpi_buf_id=177 len=4567 buf_size=1495040 offset=47232 data_num=1 flag=0x00000000 pts=3
valloc packet buffer: mpi_buf_id=177 dma_buf_fd=11 size=0
H264 first bytes: 00 00 00 01 41 e0 00 60 00 c6 1f 02 a4 da bc 0f
encode_release_packet ret=0
MP4 frame 4/1500: sequence=8 pts=120000 us key=0 nv12=4478976 h264=4567 acquire=12.513 ms encode=26.873 ms mux=0.096 ms
start encode NV12 with RV1106 vendor packet ABI, frame=4
encode_put_frame ret=0
encode_get_packet ret=0 handle=0xaead1930 expected=0xaead1930
vendor packet: mpi_buf_id=177 len=8277 buf_size=1495040 offset=51840 data_num=1 flag=0x00000000 pts=4
valloc packet buffer: mpi_buf_id=177 dma_buf_fd=11 size=0
H264 first bytes: 00 00 00 01 41 e0 00 80 01 06 0b c0 69 ea 59 70
encode_release_packet ret=0
MP4 frame 5/1500: sequence=9 pts=160000 us key=0 nv12=4478976 h264=8277 acquire=12.537 ms encode=26.302 ms mux=0.136 ms
start encode NV12 with RV1106 vendor packet ABI, frame=5
encode_put_frame ret=0
encode_get_packet ret=0 handle=0xaead1930 expected=0xaead1930
vendor packet: mpi_buf_id=177 len=7329 buf_size=1495040 offset=60160 data_num=1 flag=0x00000000 pts=5
valloc packet buffer: mpi_buf_id=177 dma_buf_fd=11 size=0
H264 first bytes: 00 00 00 01 41 e0 00 a0 01 46 0b c0 28 f4 e4 d4
encode_release_packet ret=0
MP4 frame 6/1500: sequence=10 pts=200000 us key=0 nv12=4478976 h264=7329 acquire=12.966 ms encode=26.848 ms mux=0.123 ms
start encode NV12 with RV1106 vendor packet ABI, frame=6
encode_put_frame ret=0
encode_get_packet ret=0 handle=0xaead1930 expected=0xaead1930
vendor packet: mpi_buf_id=177 len=7130 buf_size=1495040 offset=67584 data_num=1 flag=0x00000000 pts=6
valloc packet buffer: mpi_buf_id=177 dma_buf_fd=11 size=0
H264 first bytes: 00 00 00 01 41 e0 00 c0 01 86 0b c0 25 d5 83 8a
encode_release_packet ret=0
MP4 frame 7/1500: sequence=11 pts=240000 us key=0 nv12=4478976 h264=7130 acquire=12.529 ms encode=26.274 ms mux=0.124 ms
start encode NV12 with RV1106 vendor packet ABI, frame=7
encode_put_frame ret=0
encode_get_packet ret=0 handle=0xaead1930 expected=0xaead1930
vendor packet: mpi_buf_id=177 len=9425 buf_size=1495040 offset=74752 data_num=1 flag=0x00000000 pts=7
valloc packet buffer: mpi_buf_id=177 dma_buf_fd=11 size=0
H264 first bytes: 00 00 00 01 41 e0 00 e0 01 c6 0f c0 46 74 25 a0
encode_release_packet ret=0
MP4 frame 8/1500: sequence=12 pts=280000 us key=0 nv12=4478976 h264=9425 acquire=13.121 ms encode=26.911 ms mux=0.148 ms
start encode NV12 with RV1106 vendor packet ABI, frame=8
encode_put_frame ret=0
encode_get_packet ret=0 handle=0xaead1930 expected=0xaead1930
vendor packet: mpi_buf_id=177 len=12066 buf_size=1495040 offset=84224 data_num=1 flag=0x00000000 pts=8
valloc packet buffer: mpi_buf_id=177 dma_buf_fd=11 size=0
H264 first bytes: 00 00 00 01 41 e0 01 00 02 06 04 f0 29 5a 05 62
encode_release_packet ret=0
MP4 frame 9/1500: sequence=13 pts=320000 us key=0 nv12=4478976 h264=12066 acquire=12.460 ms encode=26.259 ms mux=0.199 ms
start encode NV12 with RV1106 vendor packet ABI, frame=9
encode_put_frame ret=0
encode_get_packet ret=0 handle=0xaead1930 expected=0xaead1930
vendor packet: mpi_buf_id=177 len=12382 buf_size=1495040 offset=96384 data_num=1 flag=0x00000000 pts=9
valloc packet buffer: mpi_buf_id=177 dma_buf_fd=11 size=0
H264 first bytes: 00 00 00 01 41 e0 01 20 02 46 04 f2 f4 27 a1 0e
encode_release_packet ret=0
MP4 frame 10/1500: sequence=14 pts=360000 us key=0 nv12=4478976 h264=12382 acquire=13.047 ms encode=26.948 ms mux=0.208 ms
start encode NV12 with RV1106 vendor packet ABI, frame=10
encode_put_frame ret=0
encode_get_packet ret=0 handle=0xaead1930 expected=0xaead1930
vendor packet: mpi_buf_id=177 len=12617 buf_size=1495040 offset=108800 data_num=1 flag=0x00000000 pts=10
valloc packet buffer: mpi_buf_id=177 dma_buf_fd=11 size=0
H264 first bytes: 00 00 00 01 41 e0 01 40 02 86 04 f0 21 f0 4c 25
encode_release_packet ret=0
MP4 frame 11/1500: sequence=15 pts=400000 us key=0 nv12=4478976 h264=12617 acquire=12.358 ms encode=26.253 ms mux=0.217 ms
start encode NV12 with RV1106 vendor packet ABI, frame=11
encode_put_frame ret=0
encode_get_packet ret=0 handle=0xaead1930 expected=0xaead1930
vendor packet: mpi_buf_id=177 len=13244 buf_size=1495040 offset=121472 data_num=1 flag=0x00000000 pts=11
valloc packet buffer: mpi_buf_id=177 dma_buf_fd=11 size=0
H264 first bytes: 00 00 00 01 41 e0 01 60 02 c6 04 f0 25 52 05 02
encode_release_packet ret=0
MP4 frame 12/1500: sequence=16 pts=440000 us key=0 nv12=4478976 h264=13244 acquire=13.044 ms encode=26.835 ms mux=0.217 ms
start encode NV12 with RV1106 vendor packet ABI, frame=12
encode_put_frame ret=0
encode_get_packet ret=0 handle=0xaead1930 expected=0xaead1930
vendor packet: mpi_buf_id=177 len=15228 buf_size=1495040 offset=134784 data_num=1 flag=0x00000000 pts=12
valloc packet buffer: mpi_buf_id=177 dma_buf_fd=11 size=0
H264 first bytes: 00 00 00 01 41 e0 01 80 03 06 05 f0 9d 42 82 6b
encode_release_packet ret=0
MP4 frame 13/1500: sequence=17 pts=480000 us key=0 nv12=4478976 h264=15228 acquire=12.463 ms encode=26.407 ms mux=0.244 ms
start encode NV12 with RV1106 vendor packet ABI, frame=13
encode_put_frame ret=0
encode_get_packet ret=0 handle=0xaead1930 expected=0xaead1930
vendor packet: mpi_buf_id=177 len=14858 buf_size=1495040 offset=150016 data_num=1 flag=0x00000000 pts=13
valloc packet buffer: mpi_buf_id=177 dma_buf_fd=11 size=0
H264 first bytes: 00 00 00 01 41 e0 01 a0 03 46 05 f1 95 0a 09 55
encode_release_packet ret=0
MP4 frame 14/1500: sequence=18 pts=520000 us key=0 nv12=4478976 h264=14858 acquire=12.853 ms encode=26.813 ms mux=0.243 ms
start encode NV12 with RV1106 vendor packet ABI, frame=14
encode_put_frame ret=0
encode_get_packet ret=0 handle=0xaead1930 expected=0xaead1930
vendor packet: mpi_buf_id=177 len=14835 buf_size=1495040 offset=164992 data_num=1 flag=0x00000000 pts=14
valloc packet buffer: mpi_buf_id=177 dma_buf_fd=11 size=0
H264 first bytes: 00 00 00 01 41 e0 01 c0 03 86 05 f0 49 d0 9f 41
encode_release_packet ret=0
MP4 frame 15/1500: sequence=19 pts=560000 us key=0 nv12=4478976 h264=14835 acquire=12.460 ms encode=26.243 ms mux=0.241 ms
start encode NV12 with RV1106 vendor packet ABI, frame=15
encode_put_frame ret=0
encode_get_packet ret=0 handle=0xaead1930 expected=0xaead1930
vendor packet: mpi_buf_id=177 len=15166 buf_size=1495040 offset=179840 data_num=1 flag=0x00000000 pts=15
valloc packet buffer: mpi_buf_id=177 dma_buf_fd=11 size=0
H264 first bytes: 00 00 00 01 41 e0 01 e0 03 c6 05 f0 c5 28 30 9a
encode_release_packet ret=0
MP4 frame 16/1500: sequence=20 pts=600000 us key=0 nv12=4478976 h264=15166 acquire=13.021 ms encode=26.942 ms mux=0.233 ms
start encode NV12 with RV1106 vendor packet ABI, frame=16
encode_put_frame ret=0
encode_get_packet ret=0 handle=0xaead1930 expected=0xaead1930
vendor packet: mpi_buf_id=177 len=19437 buf_size=1495040 offset=195072 data_num=1 flag=0x00000000 pts=16
valloc packet buffer: mpi_buf_id=177 dma_buf_fd=11 size=0
H264 first bytes: 00 00 00 01 41 e0 02 00 04 06 06 f0 dd 47 09 ea
encode_release_packet ret=0
MP4 frame 17/1500: sequence=21 pts=640000 us key=0 nv12=4478976 h264=19437 acquire=12.343 ms encode=26.202 ms mux=0.292 ms
start encode NV12 with RV1106 vendor packet ABI, frame=17
encode_put_frame ret=0
encode_get_packet ret=0 handle=0xaead1930 expected=0xaead1930
vendor packet: mpi_buf_id=177 len=18214 buf_size=1495040 offset=214528 data_num=1 flag=0x00000000 pts=17
valloc packet buffer: mpi_buf_id=177 dma_buf_fd=11 size=0
H264 first bytes: 00 00 00 01 41 e0 02 20 04 46 06 f0 55 4c 20 27
encode_release_packet ret=0
MP4 frame 18/1500: sequence=22 pts=680000 us key=0 nv12=4478976 h264=18214 acquire=13.019 ms encode=26.841 ms mux=0.274 ms
start encode NV12 with RV1106 vendor packet ABI, frame=18
encode_put_frame ret=0
encode_get_packet ret=0 handle=0xaead1930 expected=0xaead1930
vendor packet: mpi_buf_id=177 len=19417 buf_size=1495040 offset=232832 data_num=1 flag=0x00000000 pts=18
valloc packet buffer: mpi_buf_id=177 dma_buf_fd=11 size=0
H264 first bytes: 00 00 00 01 41 e0 02 40 04 86 06 f1 95 82 fe 14
encode_release_packet ret=0
MP4 frame 19/1500: sequence=23 pts=720000 us key=0 nv12=4478976 h264=19417 acquire=12.393 ms encode=26.287 ms mux=0.290 ms
start encode NV12 with RV1106 vendor packet ABI, frame=19
encode_put_frame ret=0
encode_get_packet ret=0 handle=0xaead1930 expected=0xaead1930
vendor packet: mpi_buf_id=177 len=19503 buf_size=1495040 offset=252288 data_num=1 flag=0x00000000 pts=19
valloc packet buffer: mpi_buf_id=177 dma_buf_fd=11 size=0
H264 first bytes: 00 00 00 01 41 e0 02 60 04 c6 06 f1 94 a0 e2 68
encode_release_packet ret=0
MP4 frame 20/1500: sequence=24 pts=760000 us key=0 nv12=4478976 h264=19503 acquire=12.933 ms encode=26.843 ms mux=0.291 ms
start encode NV12 with RV1106 vendor packet ABI, frame=20
encode_put_frame ret=0
encode_get_packet ret=0 handle=0xaead1930 expected=0xaead1930
vendor packet: mpi_buf_id=177 len=19076 buf_size=1495040 offset=271872 data_num=1 flag=0x00000000 pts=20
valloc packet buffer: mpi_buf_id=177 dma_buf_fd=11 size=0
H264 first bytes: 00 00 00 01 41 e0 02 80 05 06 06 f0 63 4e 2a c3
encode_release_packet ret=0
MP4 frame 21/1500: sequence=25 pts=800000 us key=0 nv12=4478976 h264=19076 acquire=12.377 ms encode=26.404 ms mux=0.296 ms
start encode NV12 with RV1106 vendor packet ABI, frame=21
encode_put_frame ret=0
encode_get_packet ret=0 handle=0xaead1930 expected=0xaead1930
vendor packet: mpi_buf_id=177 len=19679 buf_size=1495040 offset=291072 data_num=1 flag=0x00000000 pts=21
valloc packet buffer: mpi_buf_id=177 dma_buf_fd=11 size=0
H264 first bytes: 00 00 00 01 41 e0 02 a0 05 46 06 f0 25 5c 60 9b
encode_release_packet ret=0
MP4 frame 22/1500: sequence=26 pts=840000 us key=0 nv12=4478976 h264=19679 acquire=12.806 ms encode=26.870 ms mux=1.158 ms
start encode NV12 with RV1106 vendor packet ABI, frame=22
encode_put_frame ret=0
encode_get_packet ret=0 handle=0xaead1930 expected=0xaead1930
vendor packet: mpi_buf_id=177 len=19060 buf_size=1495040 offset=310784 data_num=1 flag=0x00000000 pts=22
valloc packet buffer: mpi_buf_id=177 dma_buf_fd=11 size=0
H264 first bytes: 00 00 00 01 41 e0 02 c0 05 86 06 f0 20 53 08 89
encode_release_packet ret=0
MP4 frame 23/1500: sequence=27 pts=880000 us key=0 nv12=4478976 h264=19060 acquire=11.473 ms encode=26.248 ms mux=0.247 ms
start encode NV12 with RV1106 vendor packet ABI, frame=23
encode_put_frame ret=0
encode_get_packet ret=0 handle=0xaead1930 expected=0xaead1930
vendor packet: mpi_buf_id=177 len=19631 buf_size=1495040 offset=329856 data_num=1 flag=0x00000000 pts=23
valloc packet buffer: mpi_buf_id=177 dma_buf_fd=11 size=0
H264 first bytes: 00 00 00 01 41 e0 02 e0 05 c6 06 f0 f7 1e 26 aa
encode_release_packet ret=0
MP4 frame 24/1500: sequence=28 pts=920000 us key=0 nv12=4478976 h264=19631 acquire=13.010 ms encode=26.861 ms mux=0.245 ms
start encode NV12 with RV1106 vendor packet ABI, frame=24
encode_put_frame ret=0
encode_get_packet ret=0 handle=0xaead1930 expected=0xaead1930
vendor packet: mpi_buf_id=177 len=19386 buf_size=1495040 offset=349568 data_num=1 flag=0x00000000 pts=24
valloc packet buffer: mpi_buf_id=177 dma_buf_fd=11 size=0
H264 first bytes: 00 00 00 01 41 e0 03 00 06 06 06 f0 25 59 c2 22
encode_release_packet ret=0
MP4 frame 25/1500: sequence=29 pts=960000 us key=0 nv12=4478976 h264=19386 acquire=12.401 ms encode=26.216 ms mux=0.253 ms
start encode NV12 with RV1106 vendor packet ABI, frame=25
encode_put_frame ret=0
encode_get_packet ret=0 handle=0xaead1930 expected=0xaead1930
vendor packet: mpi_buf_id=177 len=96049 buf_size=1495040 offset=369024 data_num=1 flag=0x00000010 pts=25
valloc packet buffer: mpi_buf_id=177 dma_buf_fd=11 size=0
H264 first bytes: 00 00 00 01 65 b8 00 02 00 00 05 f1 11 22 80 00
encode_release_packet ret=0
MP4 frame 26/1500: sequence=30 pts=1000000 us key=1 nv12=4478976 h264=96049 acquire=13.038 ms encode=26.851 ms mux=1.740 ms
start encode NV12 with RV1106 vendor packet ABI, frame=26
encode_put_frame ret=0
encode_get_packet ret=0 handle=0xaead1930 expected=0xaead1930
vendor packet: mpi_buf_id=177 len=21156 buf_size=1495040 offset=465152 data_num=1 flag=0x00000000 pts=26
valloc packet buffer: mpi_buf_id=177 dma_buf_fd=11 size=0
H264 first bytes: 00 00 00 01 41 e0 00 20 00 46 06 f3 db 42 5a 7e
encode_release_packet ret=0
MP4 frame 27/1500: sequence=31 pts=1040000 us key=0 nv12=4478976 h264=21156 acquire=10.906 ms encode=26.298 ms mux=0.262 ms
start encode NV12 with RV1106 vendor packet ABI, frame=27
encode_put_frame ret=0
encode_get_packet ret=0 handle=0xaead1930 expected=0xaead1930
vendor packet: mpi_buf_id=177 len=20756 buf_size=1495040 offset=486400 data_num=1 flag=0x00000000 pts=27
valloc packet buffer: mpi_buf_id=177 dma_buf_fd=11 size=0
H264 first bytes: 00 00 00 01 41 e0 00 40 00 86 06 f0 22 cc 60 80
encode_release_packet ret=0
MP4 frame 28/1500: sequence=32 pts=1080000 us key=0 nv12=4478976 h264=20756 acquire=12.945 ms encode=26.817 ms mux=0.278 ms
start encode NV12 with RV1106 vendor packet ABI, frame=28
encode_put_frame ret=0
encode_get_packet ret=0 handle=0xaead1930 expected=0xaead1930
vendor packet: mpi_buf_id=177 len=20964 buf_size=1495040 offset=507264 data_num=1 flag=0x00000000 pts=28
valloc packet buffer: mpi_buf_id=177 dma_buf_fd=11 size=0
H264 first bytes: 00 00 00 01 41 e0 00 60 00 c6 06 f0 59 39 c5 89
encode_release_packet ret=0
MP4 frame 29/1500: sequence=33 pts=1120000 us key=0 nv12=4478976 h264=20964 acquire=12.408 ms encode=26.364 ms mux=0.268 ms
start encode NV12 with RV1106 vendor packet ABI, frame=29
encode_put_frame ret=0
encode_get_packet ret=0 handle=0xaead1930 expected=0xaead1930
vendor packet: mpi_buf_id=177 len=20357 buf_size=1495040 offset=528256 data_num=1 flag=0x00000000 pts=29
valloc packet buffer: mpi_buf_id=177 dma_buf_fd=11 size=0
H264 first bytes: 00 00 00 01 41 e0 00 80 01 06 06 f0 dc 99 a4 30
encode_release_packet ret=0
MP4 frame 30/1500: sequence=34 pts=1160000 us key=0 nv12=4478976 h264=20357 acquire=12.881 ms encode=26.886 ms mux=0.258 ms
start encode NV12 with RV1106 vendor packet ABI, frame=30
encode_put_frame ret=0
encode_get_packet ret=0 handle=0xaead1930 expected=0xaead1930
vendor packet: mpi_buf_id=177 len=20713 buf_size=1495040 offset=548736 data_num=1 flag=0x00000000 pts=30
valloc packet buffer: mpi_buf_id=177 dma_buf_fd=11 size=0
H264 first bytes: 00 00 00 01 41 e0 00 a0 01 46 06 f0 6b 0d c1 48
encode_release_packet ret=0
MP4 frame 31/1500: sequence=35 pts=1200000 us key=0 nv12=4478976 h264=20713 acquire=12.363 ms encode=26.267 ms mux=0.269 ms
start encode NV12 with RV1106 vendor packet ABI, frame=31
encode_put_frame ret=0
encode_get_packet ret=0 handle=0xaead1930 expected=0xaead1930
vendor packet: mpi_buf_id=177 len=20065 buf_size=1495040 offset=569472 data_num=1 flag=0x00000000 pts=31
valloc packet buffer: mpi_buf_id=177 dma_buf_fd=11 size=0
H264 first bytes: 00 00 00 01 41 e0 00 c0 01 86 06 f0 a4 98 b9 28
encode_release_packet ret=0
MP4 frame 32/1500: sequence=36 pts=1240000 us key=0 nv12=4478976 h264=20065 acquire=12.972 ms encode=26.867 ms mux=0.250 ms
start encode NV12 with RV1106 vendor packet ABI, frame=32
encode_put_frame ret=0
encode_get_packet ret=0 handle=0xaead1930 expected=0xaead1930
vendor packet: mpi_buf_id=177 len=20116 buf_size=1495040 offset=589568 data_num=1 flag=0x00000000 pts=32
valloc packet buffer: mpi_buf_id=177 dma_buf_fd=11 size=0
H264 first bytes: 00 00 00 01 41 e0 00 e0 01 c6 06 f0 71 c2 22 69
encode_release_packet ret=0
MP4 frame 33/1500: sequence=37 pts=1280000 us key=0 nv12=4478976 h264=20116 acquire=12.403 ms encode=26.260 ms mux=0.261 ms
start encode NV12 with RV1106 vendor packet ABI, frame=33
encode_put_frame ret=0
encode_get_packet ret=0 handle=0xaead1930 expected=0xaead1930
vendor packet: mpi_buf_id=177 len=21443 buf_size=1495040 offset=609792 data_num=1 flag=0x00000000 pts=33
valloc packet buffer: mpi_buf_id=177 dma_buf_fd=11 size=0
H264 first bytes: 00 00 00 01 41 e0 01 00 02 06 06 f1 94 a2 a8 c4
encode_release_packet ret=0
MP4 frame 34/1500: sequence=38 pts=1320000 us key=0 nv12=4478976 h264=21443 acquire=12.992 ms encode=26.890 ms mux=0.274 ms
start encode NV12 with RV1106 vendor packet ABI, frame=34
encode_put_frame ret=0
encode_get_packet ret=0 handle=0xaead1930 expected=0xaead1930
vendor packet: mpi_buf_id=177 len=33297 buf_size=1495040 offset=631296 data_num=1 flag=0x00000000 pts=34
valloc packet buffer: mpi_buf_id=177 dma_buf_fd=11 size=0
H264 first bytes: 00 00 00 01 41 e0 01 20 02 46 06 f0 f7 18 25 de
encode_release_packet ret=0
MP4 frame 35/1500: sequence=39 pts=1360000 us key=0 nv12=4478976 h264=33297 acquire=12.335 ms encode=26.253 ms mux=0.404 ms
start encode NV12 with RV1106 vendor packet ABI, frame=35
encode_put_frame ret=0
encode_get_packet ret=0 handle=0xaead1930 expected=0xaead1930
vendor packet: mpi_buf_id=177 len=29750 buf_size=1495040 offset=664704 data_num=1 flag=0x00000000 pts=35
valloc packet buffer: mpi_buf_id=177 dma_buf_fd=11 size=0
H264 first bytes: 00 00 00 01 41 e0 01 40 02 86 05 f2 61 f0 56 27
encode_release_packet ret=0
MP4 frame 36/1500: sequence=40 pts=1400000 us key=0 nv12=4478976 h264=29750 acquire=12.862 ms encode=26.871 ms mux=0.358 ms
start encode NV12 with RV1106 vendor packet ABI, frame=36
encode_put_frame ret=0
encode_get_packet ret=0 handle=0xaead1930 expected=0xaead1930
vendor packet: mpi_buf_id=177 len=40394 buf_size=1495040 offset=694528 data_num=1 flag=0x00000000 pts=36
valloc packet buffer: mpi_buf_id=177 dma_buf_fd=11 size=0
H264 first bytes: 00 00 00 01 41 e0 01 60 02 c6 05 ff 18 25 dd dd
encode_release_packet ret=0
MP4 frame 37/1500: sequence=41 pts=1440000 us key=0 nv12=4478976 h264=40394 acquire=12.271 ms encode=26.430 ms mux=1.360 ms
start encode NV12 with RV1106 vendor packet ABI, frame=37
encode_put_frame ret=0
encode_get_packet ret=0 handle=0xaead1930 expected=0xaead1930
vendor packet: mpi_buf_id=177 len=19543 buf_size=1495040 offset=734976 data_num=1 flag=0x00000000 pts=37
valloc packet buffer: mpi_buf_id=177 dma_buf_fd=11 size=0
H264 first bytes: 00 00 00 01 41 e0 01 80 03 06 0f c3 bc 60 97 bd
encode_release_packet ret=0
MP4 frame 38/1500: sequence=42 pts=1480000 us key=0 nv12=4478976 h264=19543 acquire=11.716 ms encode=27.020 ms mux=0.258 ms
start encode NV12 with RV1106 vendor packet ABI, frame=38
encode_put_frame ret=0
encode_get_packet ret=0 handle=0xaead1930 expected=0xaead1930
vendor packet: mpi_buf_id=177 len=18732 buf_size=1495040 offset=754560 data_num=1 flag=0x00000000 pts=38
valloc packet buffer: mpi_buf_id=177 dma_buf_fd=11 size=0
H264 first bytes: 00 00 00 01 41 e0 01 a0 03 46 0f c0 a9 47 12 27
encode_release_packet ret=0
MP4 frame 39/1500: sequence=43 pts=1520000 us key=0 nv12=4478976 h264=18732 acquire=12.234 ms encode=26.361 ms mux=0.242 ms
start encode NV12 with RV1106 vendor packet ABI, frame=39
encode_put_frame ret=0
encode_get_packet ret=0 handle=0xaead1930 expected=0xaead1930
vendor packet: mpi_buf_id=177 len=18324 buf_size=1495040 offset=773376 data_num=1 flag=0x00000000 pts=39
valloc packet buffer: mpi_buf_id=177 dma_buf_fd=11 size=0
H264 first bytes: 00 00 00 01 41 e0 01 c0 03 86 0f c1 65 1a 08 8b
encode_release_packet ret=0
MP4 frame 40/1500: sequence=44 pts=1560000 us key=0 nv12=4478976 h264=18324 acquire=12.901 ms encode=26.915 ms mux=0.237 ms
start encode NV12 with RV1106 vendor packet ABI, frame=40
encode_put_frame ret=0
encode_get_packet ret=0 handle=0xaead1930 expected=0xaead1930
vendor packet: mpi_buf_id=177 len=16868 buf_size=1495040 offset=791808 data_num=1 flag=0x00000000 pts=40
valloc packet buffer: mpi_buf_id=177 dma_buf_fd=11 size=0
H264 first bytes: 00 00 00 01 41 e0 01 e0 03 c6 0f c0 95 39 84 09
encode_release_packet ret=0
MP4 frame 41/1500: sequence=45 pts=1600000 us key=0 nv12=4478976 h264=16868 acquire=12.355 ms encode=26.195 ms mux=0.232 ms
start encode NV12 with RV1106 vendor packet ABI, frame=41
encode_put_frame ret=0
encode_get_packet ret=0 handle=0xaead1930 expected=0xaead1930
vendor packet: mpi_buf_id=177 len=15612 buf_size=1495040 offset=808704 data_num=1 flag=0x00000000 pts=41
valloc packet buffer: mpi_buf_id=177 dma_buf_fd=11 size=0
H264 first bytes: 00 00 00 01 41 e0 02 00 04 06 0f c0 9b 1b 14 26
encode_release_packet ret=0
MP4 frame 42/1500: sequence=46 pts=1640000 us key=0 nv12=4478976 h264=15612 acquire=13.084 ms encode=26.919 ms mux=0.204 ms
start encode NV12 with RV1106 vendor packet ABI, frame=42
encode_put_frame ret=0
encode_get_packet ret=0 handle=0xaead1930 expected=0xaead1930
vendor packet: mpi_buf_id=177 len=17569 buf_size=1495040 offset=824320 data_num=1 flag=0x00000000 pts=42
valloc packet buffer: mpi_buf_id=177 dma_buf_fd=11 size=0
H264 first bytes: 00 00 00 01 41 e0 02 20 04 46 04 f0 29 d9 87 89
encode_release_packet ret=0
MP4 frame 43/1500: sequence=47 pts=1680000 us key=0 nv12=4478976 h264=17569 acquire=12.388 ms encode=26.264 ms mux=0.227 ms
start encode NV12 with RV1106 vendor packet ABI, frame=43
encode_put_frame ret=0
encode_get_packet ret=0 handle=0xaead1930 expected=0xaead1930
vendor packet: mpi_buf_id=177 len=17475 buf_size=1495040 offset=841984 data_num=1 flag=0x00000000 pts=43
valloc packet buffer: mpi_buf_id=177 dma_buf_fd=11 size=0
H264 first bytes: 00 00 00 01 41 e0 02 40 04 86 04 f0 25 c8 71 82
encode_release_packet ret=0
MP4 frame 44/1500: sequence=48 pts=1720000 us key=0 nv12=4478976 h264=17475 acquire=13.021 ms encode=26.811 ms mux=0.234 ms
start encode NV12 with RV1106 vendor packet ABI, frame=44
encode_put_frame ret=0
encode_get_packet ret=0 handle=0xaead1930 expected=0xaead1930
vendor packet: mpi_buf_id=177 len=17034 buf_size=1495040 offset=859520 data_num=1 flag=0x00000000 pts=44
valloc packet buffer: mpi_buf_id=177 dma_buf_fd=11 size=0
H264 first bytes: 00 00 00 01 41 e0 02 60 04 c6 04 f0 26 e1 c1 22
encode_release_packet ret=0
MP4 frame 45/1500: sequence=49 pts=1760000 us key=0 nv12=4478976 h264=17034 acquire=12.466 ms encode=26.362 ms mux=0.224 ms
start encode NV12 with RV1106 vendor packet ABI, frame=45
encode_put_frame ret=0
encode_get_packet ret=0 handle=0xaead1930 expected=0xaead1930
vendor packet: mpi_buf_id=177 len=17088 buf_size=1495040 offset=876672 data_num=1 flag=0x00000000 pts=45
valloc packet buffer: mpi_buf_id=177 dma_buf_fd=11 size=0
H264 first bytes: 00 00 00 01 41 e0 02 80 05 06 04 f0 b4 ca 0d 68
encode_release_packet ret=0
MP4 frame 46/1500: sequence=50 pts=1800000 us key=0 nv12=4478976 h264=17088 acquire=12.927 ms encode=26.842 ms mux=0.220 ms
start encode NV12 with RV1106 vendor packet ABI, frame=46
encode_put_frame ret=0
encode_get_packet ret=0 handle=0xaead1930 expected=0xaead1930
vendor packet: mpi_buf_id=177 len=17129 buf_size=1495040 offset=893824 data_num=1 flag=0x00000000 pts=46
valloc packet buffer: mpi_buf_id=177 dma_buf_fd=11 size=0
H264 first bytes: 00 00 00 01 41 e0 02 a0 05 46 04 f0 51 4e 15 dc
encode_release_packet ret=0
MP4 frame 47/1500: sequence=51 pts=1840000 us key=0 nv12=4478976 h264=17129 acquire=12.472 ms encode=26.444 ms mux=0.224 ms
start encode NV12 with RV1106 vendor packet ABI, frame=47
encode_put_frame ret=0
encode_get_packet ret=0 handle=0xaead1930 expected=0xaead1930
vendor packet: mpi_buf_id=177 len=18587 buf_size=1495040 offset=910976 data_num=1 flag=0x00000000 pts=47
valloc packet buffer: mpi_buf_id=177 dma_buf_fd=11 size=0
H264 first bytes: 00 00 00 01 41 e0 02 c0 05 86 04 f0 23 f1 82 5f
encode_release_packet ret=0
MP4 frame 48/1500: sequence=52 pts=1880000 us key=0 nv12=4478976 h264=18587 acquire=12.823 ms encode=26.996 ms mux=0.242 ms
start encode NV12 with RV1106 vendor packet ABI, frame=48
encode_put_frame ret=0
encode_get_packet ret=0 handle=0xaead1930 expected=0xaead1930
vendor packet: mpi_buf_id=177 len=18276 buf_size=1495040 offset=929664 data_num=1 flag=0x00000000 pts=48
valloc packet buffer: mpi_buf_id=177 dma_buf_fd=11 size=0
H264 first bytes: 00 00 00 01 41 e0 02 e0 05 c6 04 f0 20 f1 82 69
encode_release_packet ret=0
MP4 frame 49/1500: sequence=53 pts=1920000 us key=0 nv12=4478976 h264=18276 acquire=12.455 ms encode=26.782 ms mux=0.234 ms
start encode NV12 with RV1106 vendor packet ABI, frame=49
encode_put_frame ret=0
encode_get_packet ret=0 handle=0xaead1930 expected=0xaead1930
vendor packet: mpi_buf_id=177 len=18052 buf_size=1495040 offset=947968 data_num=1 flag=0x00000000 pts=49
valloc packet buffer: mpi_buf_id=177 dma_buf_fd=11 size=0
H264 first bytes: 00 00 00 01 41 e0 03 00 06 06 04 f0 25 e1 00 88
encode_release_packet ret=0
MP4 frame 50/1500: sequence=54 pts=1960000 us key=0 nv12=4478976 h264=18052 acquire=12.310 ms encode=26.927 ms mux=0.235 ms
start encode NV12 with RV1106 vendor packet ABI, frame=50
encode_put_frame ret=0
encode_get_packet ret=0 handle=0xaead1930 expected=0xaead1930
vendor packet: mpi_buf_id=177 len=175360 buf_size=1495040 offset=966144 data_num=1 flag=0x00000010 pts=50
valloc packet buffer: mpi_buf_id=177 dma_buf_fd=11 size=0
H264 first bytes: 00 00 00 01 65 b8 00 03 00 00 03 02 3c 29 12 28
encode_release_packet ret=0
MP4 frame 51/1500: sequence=55 pts=2000000 us key=1 nv12=4478976 h264=175360 acquire=12.405 ms encode=26.516 ms mux=3.544 ms
start encode NV12 with RV1106 vendor packet ABI, frame=51
encode_put_frame ret=0
encode_get_packet ret=0 handle=0xaead1930 expected=0xaead1930
vendor packet: mpi_buf_id=177 len=9781 buf_size=1495040 offset=1141504 data_num=1 flag=0x00000000 pts=51
valloc packet buffer: mpi_buf_id=177 dma_buf_fd=11 size=0
H264 first bytes: 00 00 00 01 41 e0 00 20 00 46 3c 09 54 a5 a3 c3
encode_release_packet ret=0
MP4 frame 52/1500: sequence=56 pts=2040000 us key=0 nv12=4478976 h264=9781 acquire=9.394 ms encode=26.932 ms mux=0.170 ms
start encode NV12 with RV1106 vendor packet ABI, frame=52
encode_put_frame ret=0
encode_get_packet ret=0 handle=0xaead1930 expected=0xaead1930
vendor packet: mpi_buf_id=177 len=14827 buf_size=1495040 offset=1151360 data_num=1 flag=0x00000000 pts=52
valloc packet buffer: mpi_buf_id=177 dma_buf_fd=11 size=0
H264 first bytes: 00 00 00 01 41 e0 00 40 00 86 3c 09 13 b8 d8 1d
encode_release_packet ret=0
MP4 frame 53/1500: sequence=57 pts=2080000 us key=0 nv12=4478976 h264=14827 acquire=12.280 ms encode=26.338 ms mux=0.204 ms
start encode NV12 with RV1106 vendor packet ABI, frame=53
encode_put_frame ret=0
encode_get_packet ret=0 handle=0xaead1930 expected=0xaead1930
vendor packet: mpi_buf_id=177 len=19203 buf_size=1495040 offset=1166208 data_num=1 flag=0x00000000 pts=53
valloc packet buffer: mpi_buf_id=177 dma_buf_fd=11 size=0
H264 first bytes: 00 00 00 01 41 e0 00 60 00 c6 3c 18 c0 3d e1 9e
encode_release_packet ret=0
MP4 frame 54/1500: sequence=58 pts=2120000 us key=0 nv12=4478976 h264=19203 acquire=12.969 ms encode=26.971 ms mux=0.253 ms
start encode NV12 with RV1106 vendor packet ABI, frame=54
encode_put_frame ret=0
encode_get_packet ret=0 handle=0xaead1930 expected=0xaead1930
vendor packet: mpi_buf_id=177 len=12359 buf_size=1495040 offset=1185536 data_num=1 flag=0x00000000 pts=54
valloc packet buffer: mpi_buf_id=177 dma_buf_fd=11 size=0
H264 first bytes: 00 00 00 01 41 e0 00 80 01 06 04 70 25 40 54 f8
encode_release_packet ret=0
MP4 frame 55/1500: sequence=59 pts=2160000 us key=0 nv12=4478976 h264=12359 acquire=12.282 ms encode=26.325 ms mux=0.173 ms
start encode NV12 with RV1106 vendor packet ABI, frame=55
encode_put_frame ret=0
encode_get_packet ret=0 handle=0xaead1930 expected=0xaead1930
vendor packet: mpi_buf_id=177 len=10819 buf_size=1495040 offset=1197952 data_num=1 flag=0x00000000 pts=55
valloc packet buffer: mpi_buf_id=177 dma_buf_fd=11 size=0
H264 first bytes: 00 00 00 01 41 e0 00 a0 01 46 04 70 73 00 7c 3e
encode_release_packet ret=0
MP4 frame 56/1500: sequence=60 pts=2200000 us key=0 nv12=4478976 h264=10819 acquire=13.013 ms encode=26.916 ms mux=0.158 ms
start encode NV12 with RV1106 vendor packet ABI, frame=56
encode_put_frame ret=0
encode_get_packet ret=0 handle=0xaead1930 expected=0xaead1930
vendor packet: mpi_buf_id=177 len=7207 buf_size=1495040 offset=1208832 data_num=1 flag=0x00000000 pts=56
valloc packet buffer: mpi_buf_id=177 dma_buf_fd=11 size=0
H264 first bytes: 00 00 00 01 41 e0 00 c0 01 86 04 70 57 c6 09 7b
encode_release_packet ret=0
MP4 frame 57/1500: sequence=61 pts=2240000 us key=0 nv12=4478976 h264=7207 acquire=12.459 ms encode=26.223 ms mux=0.125 ms
start encode NV12 with RV1106 vendor packet ABI, frame=57
encode_put_frame ret=0
encode_get_packet ret=0 handle=0xaead1930 expected=0xaead1930
vendor packet: mpi_buf_id=177 len=6057 buf_size=1495040 offset=1216128 data_num=1 flag=0x00000000 pts=57
valloc packet buffer: mpi_buf_id=177 dma_buf_fd=11 size=0
H264 first bytes: 00 00 00 01 41 e0 00 e0 01 c6 04 70 4f c6 09 7b
encode_release_packet ret=0
MP4 frame 58/1500: sequence=62 pts=2280000 us key=0 nv12=4478976 h264=6057 acquire=13.304 ms encode=26.916 ms mux=0.110 ms
start encode NV12 with RV1106 vendor packet ABI, frame=58
encode_put_frame ret=0
encode_get_packet ret=0 handle=0xaead1930 expected=0xaead1930
vendor packet: mpi_buf_id=177 len=5609 buf_size=1495040 offset=1222272 data_num=1 flag=0x00000000 pts=58
valloc packet buffer: mpi_buf_id=177 dma_buf_fd=11 size=0
H264 first bytes: 00 00 00 01 41 e0 01 00 02 06 04 70 45 c6 09 77
encode_release_packet ret=0
MP4 frame 59/1500: sequence=63 pts=2320000 us key=0 nv12=4478976 h264=5609 acquire=12.327 ms encode=26.378 ms mux=0.105 ms
start encode NV12 with RV1106 vendor packet ABI, frame=59
encode_put_frame ret=0
encode_get_packet ret=0 handle=0xaead1930 expected=0xaead1930
vendor packet: mpi_buf_id=177 len=2909 buf_size=1495040 offset=1227904 data_num=1 flag=0x00000000 pts=59
valloc packet buffer: mpi_buf_id=177 dma_buf_fd=11 size=0
H264 first bytes: 00 00 00 01 41 e0 01 20 02 46 04 70 d8 98 91 5c
encode_release_packet ret=0
MP4 frame 60/1500: sequence=64 pts=2360000 us key=0 nv12=4478976 h264=2909 acquire=13.042 ms encode=27.035 ms mux=0.081 ms
start encode NV12 with RV1106 vendor packet ABI, frame=60
encode_put_frame ret=0
encode_get_packet ret=0 handle=0xaead1930 expected=0xaead1930
vendor packet: mpi_buf_id=177 len=3343 buf_size=1495040 offset=1230848 data_num=1 flag=0x00000000 pts=60
valloc packet buffer: mpi_buf_id=177 dma_buf_fd=11 size=0
H264 first bytes: 00 00 00 01 41 e0 01 40 02 86 04 70 04 07 66 08
encode_release_packet ret=0
MP4 frame 61/1500: sequence=65 pts=2400000 us key=0 nv12=4478976 h264=3343 acquire=12.387 ms encode=26.278 ms mux=0.086 ms
start encode NV12 with RV1106 vendor packet ABI, frame=61
encode_put_frame ret=0
encode_get_packet ret=0 handle=0xaead1930 expected=0xaead1930
vendor packet: mpi_buf_id=177 len=4650 buf_size=1495040 offset=1234304 data_num=1 flag=0x00000000 pts=61
valloc packet buffer: mpi_buf_id=177 dma_buf_fd=11 size=0
H264 first bytes: 00 00 00 01 41 e0 01 60 02 c6 04 70 0f e6 68 aa
encode_release_packet ret=0
MP4 frame 62/1500: sequence=66 pts=2440000 us key=0 nv12=4478976 h264=4650 acquire=13.228 ms encode=26.857 ms mux=0.093 ms
start encode NV12 with RV1106 vendor packet ABI, frame=62
encode_put_frame ret=0
encode_get_packet ret=0 handle=0xaead1930 expected=0xaead1930
vendor packet: mpi_buf_id=177 len=4735 buf_size=1495040 offset=1239040 data_num=1 flag=0x00000000 pts=62
valloc packet buffer: mpi_buf_id=177 dma_buf_fd=11 size=0
H264 first bytes: 00 00 00 01 41 e0 01 80 03 06 05 70 20 c0 28 5e
encode_release_packet ret=0
MP4 frame 63/1500: sequence=67 pts=2480000 us key=0 nv12=4478976 h264=4735 acquire=12.498 ms encode=26.253 ms mux=0.097 ms
start encode NV12 with RV1106 vendor packet ABI, frame=63
encode_put_frame ret=0
encode_get_packet ret=0 handle=0xaead1930 expected=0xaead1930
vendor packet: mpi_buf_id=177 len=5824 buf_size=1495040 offset=1243776 data_num=1 flag=0x00000000 pts=63
valloc packet buffer: mpi_buf_id=177 dma_buf_fd=11 size=0
H264 first bytes: 00 00 00 01 41 e0 01 a0 03 46 05 70 26 e0 15 8f
encode_release_packet ret=0
MP4 frame 64/1500: sequence=68 pts=2520000 us key=0 nv12=4478976 h264=5824 acquire=13.139 ms encode=26.991 ms mux=0.105 ms
start encode NV12 with RV1106 vendor packet ABI, frame=64
encode_put_frame ret=0
encode_get_packet ret=0 handle=0xaead1930 expected=0xaead1930
vendor packet: mpi_buf_id=177 len=6398 buf_size=1495040 offset=1249664 data_num=1 flag=0x00000000 pts=64
valloc packet buffer: mpi_buf_id=177 dma_buf_fd=11 size=0
H264 first bytes: 00 00 00 01 41 e0 01 c0 03 86 05 70 26 e0 0e 20
encode_release_packet ret=0
MP4 frame 65/1500: sequence=69 pts=2560000 us key=0 nv12=4478976 h264=6398 acquire=12.418 ms encode=26.134 ms mux=0.118 ms
start encode NV12 with RV1106 vendor packet ABI, frame=65
encode_put_frame ret=0
encode_get_packet ret=0 handle=0xaead1930 expected=0xaead1930
vendor packet: mpi_buf_id=177 len=7560 buf_size=1495040 offset=1256064 data_num=1 flag=0x00000000 pts=65
valloc packet buffer: mpi_buf_id=177 dma_buf_fd=11 size=0
H264 first bytes: 00 00 00 01 41 e0 01 e0 03 c6 05 70 71 71 82 55
encode_release_packet ret=0
MP4 frame 66/1500: sequence=70 pts=2600000 us key=0 nv12=4478976 h264=7560 acquire=13.250 ms encode=26.909 ms mux=0.122 ms
start encode NV12 with RV1106 vendor packet ABI, frame=66
encode_put_frame ret=0
encode_get_packet ret=0 handle=0xaead1930 expected=0xaead1930
vendor packet: mpi_buf_id=177 len=8645 buf_size=1495040 offset=1263744 data_num=1 flag=0x00000000 pts=66
valloc packet buffer: mpi_buf_id=177 dma_buf_fd=11 size=0
H264 first bytes: 00 00 00 01 41 e0 02 00 04 06 05 70 69 a1 82 6a
encode_release_packet ret=0
MP4 frame 67/1500: sequence=71 pts=2640000 us key=0 nv12=4478976 h264=8645 acquire=12.482 ms encode=26.296 ms mux=0.135 ms
start encode NV12 with RV1106 vendor packet ABI, frame=67
encode_put_frame ret=0
encode_get_packet ret=0 handle=0xaead1930 expected=0xaead1930
vendor packet: mpi_buf_id=177 len=9456 buf_size=1495040 offset=1272448 data_num=1 flag=0x00000000 pts=67
valloc packet buffer: mpi_buf_id=177 dma_buf_fd=11 size=0
H264 first bytes: 00 00 00 01 41 e0 02 20 04 46 05 70 e7 18 25 55
encode_release_packet ret=0
MP4 frame 68/1500: sequence=72 pts=2680000 us key=0 nv12=4478976 h264=9456 acquire=13.077 ms encode=26.915 ms mux=0.150 ms
start encode NV12 with RV1106 vendor packet ABI, frame=68
encode_put_frame ret=0
encode_get_packet ret=0 handle=0xaead1930 expected=0xaead1930
vendor packet: mpi_buf_id=177 len=10074 buf_size=1495040 offset=1281920 data_num=1 flag=0x00000000 pts=68
valloc packet buffer: mpi_buf_id=177 dma_buf_fd=11 size=0
H264 first bytes: 00 00 00 01 41 e0 02 40 04 86 05 72 c0 2d 5e 33
encode_release_packet ret=0
MP4 frame 69/1500: sequence=73 pts=2720000 us key=0 nv12=4478976 h264=10074 acquire=12.454 ms encode=26.204 ms mux=0.149 ms
start encode NV12 with RV1106 vendor packet ABI, frame=69
encode_put_frame ret=0
encode_get_packet ret=0 handle=0xaead1930 expected=0xaead1930
vendor packet: mpi_buf_id=177 len=8201 buf_size=1495040 offset=1292032 data_num=1 flag=0x00000000 pts=69
valloc packet buffer: mpi_buf_id=177 dma_buf_fd=11 size=0
H264 first bytes: 00 00 00 01 41 e0 02 60 04 c6 05 70 45 00 4b ff
encode_release_packet ret=0
MP4 frame 70/1500: sequence=74 pts=2760000 us key=0 nv12=4478976 h264=8201 acquire=13.152 ms encode=26.852 ms mux=0.127 ms
start encode NV12 with RV1106 vendor packet ABI, frame=70
encode_put_frame ret=0
encode_get_packet ret=0 handle=0xaead1930 expected=0xaead1930
vendor packet: mpi_buf_id=177 len=7045 buf_size=1495040 offset=1300352 data_num=1 flag=0x00000000 pts=70
valloc packet buffer: mpi_buf_id=177 dma_buf_fd=11 size=0
H264 first bytes: 00 00 00 01 41 e0 02 80 05 06 05 70 27 43 5b c0
encode_release_packet ret=0
MP4 frame 71/1500: sequence=75 pts=2800000 us key=0 nv12=4478976 h264=7045 acquire=12.528 ms encode=26.218 ms mux=0.119 ms
start encode NV12 with RV1106 vendor packet ABI, frame=71
encode_put_frame ret=0
encode_get_packet ret=0 handle=0xaead1930 expected=0xaead1930
vendor packet: mpi_buf_id=177 len=8227 buf_size=1495040 offset=1307520 data_num=1 flag=0x00000000 pts=71
valloc packet buffer: mpi_buf_id=177 dma_buf_fd=11 size=0
H264 first bytes: 00 00 00 01 41 e0 02 a0 05 46 05 70 20 c0 1c c7
encode_release_packet ret=0
MP4 frame 72/1500: sequence=76 pts=2840000 us key=0 nv12=4478976 h264=8227 acquire=13.184 ms encode=26.878 ms mux=0.134 ms
start encode NV12 with RV1106 vendor packet ABI, frame=72
encode_put_frame ret=0
encode_get_packet ret=0 handle=0xaead1930 expected=0xaead1930
vendor packet: mpi_buf_id=177 len=9116 buf_size=1495040 offset=1315840 data_num=1 flag=0x00000000 pts=72
valloc packet buffer: mpi_buf_id=177 dma_buf_fd=11 size=0
H264 first bytes: 00 00 00 01 41 e0 02 c0 05 86 05 70 20 c0 79 78
encode_release_packet ret=0
MP4 frame 73/1500: sequence=77 pts=2880000 us key=0 nv12=4478976 h264=9116 acquire=12.499 ms encode=26.216 ms mux=0.139 ms
start encode NV12 with RV1106 vendor packet ABI, frame=73
encode_put_frame ret=0
encode_get_packet ret=0 handle=0xaead1930 expected=0xaead1930
vendor packet: mpi_buf_id=177 len=8796 buf_size=1495040 offset=1325056 data_num=1 flag=0x00000000 pts=73
valloc packet buffer: mpi_buf_id=177 dma_buf_fd=11 size=0
H264 first bytes: 00 00 00 01 41 e0 02 e0 05 c6 05 70 23 40 4d 78
encode_release_packet ret=0
MP4 frame 74/1500: sequence=78 pts=2920000 us key=0 nv12=4478976 h264=8796 acquire=13.155 ms encode=26.804 ms mux=0.136 ms
start encode NV12 with RV1106 vendor packet ABI, frame=74
encode_put_frame ret=0
encode_get_packet ret=0 handle=0xaead1930 expected=0xaead1930
vendor packet: mpi_buf_id=177 len=8525 buf_size=1495040 offset=1333888 data_num=1 flag=0x00000000 pts=74
valloc packet buffer: mpi_buf_id=177 dma_buf_fd=11 size=0
H264 first bytes: 00 00 00 01 41 e0 03 00 06 06 05 70 2c c0 54 c8
encode_release_packet ret=0
MP4 frame 75/1500: sequence=79 pts=2960000 us key=0 nv12=4478976 h264=8525 acquire=12.575 ms encode=26.200 ms mux=0.139 ms
start encode NV12 with RV1106 vendor packet ABI, frame=75
encode_put_frame ret=0
encode_get_packet ret=0 handle=0xaead1930 expected=0xaead1930
vendor packet: mpi_buf_id=177 len=22292 buf_size=1495040 offset=1342464 data_num=1 flag=0x00000010 pts=75
valloc packet buffer: mpi_buf_id=177 dma_buf_fd=11 size=0
H264 first bytes: 00 00 00 01 65 b8 00 01 00 00 03 03 71 11 22 80
encode_release_packet ret=0
MP4 frame 76/1500: sequence=80 pts=3000000 us key=1 nv12=4478976 h264=22292 acquire=13.167 ms encode=26.571 ms mux=1.005 ms
start encode NV12 with RV1106 vendor packet ABI, frame=76
encode_put_frame ret=0
encode_get_packet ret=0 handle=0xaead1930 expected=0xaead1930
vendor packet: mpi_buf_id=177 len=5169 buf_size=1495040 offset=1364864 data_num=1 flag=0x00000000 pts=76
valloc packet buffer: mpi_buf_id=177 dma_buf_fd=11 size=0
H264 first bytes: 00 00 00 01 41 e0 00 20 00 46 05 70 1c 78 18 ab
encode_release_packet ret=0
MP4 frame 77/1500: sequence=81 pts=3040000 us key=0 nv12=4478976 h264=5169 acquire=11.932 ms encode=26.229 ms mux=0.103 ms
start encode NV12 with RV1106 vendor packet ABI, frame=77
encode_put_frame ret=0
encode_get_packet ret=0 handle=0xaead1930 expected=0xaead1930
vendor packet: mpi_buf_id=177 len=6096 buf_size=1495040 offset=1370112 data_num=1 flag=0x00000000 pts=77
valloc packet buffer: mpi_buf_id=177 dma_buf_fd=11 size=0
H264 first bytes: 00 00 00 01 41 e0 00 40 00 86 05 70 05 23 05 1a
encode_release_packet ret=0
MP4 frame 78/1500: sequence=82 pts=3080000 us key=0 nv12=4478976 h264=6096 acquire=13.175 ms encode=26.825 ms mux=0.112 ms
start encode NV12 with RV1106 vendor packet ABI, frame=78
encode_put_frame ret=0
encode_get_packet ret=0 handle=0xaead1930 expected=0xaead1930
vendor packet: mpi_buf_id=177 len=6047 buf_size=1495040 offset=1376256 data_num=1 flag=0x00000000 pts=78
valloc packet buffer: mpi_buf_id=177 dma_buf_fd=11 size=0
H264 first bytes: 00 00 00 01 41 e0 00 60 00 c6 05 70 0b 7d 20 a0
encode_release_packet ret=0
MP4 frame 79/1500: sequence=83 pts=3120000 us key=0 nv12=4478976 h264=6047 acquire=12.565 ms encode=26.286 ms mux=0.111 ms
start encode NV12 with RV1106 vendor packet ABI, frame=79
encode_put_frame ret=0
encode_get_packet ret=0 handle=0xaead1930 expected=0xaead1930
vendor packet: mpi_buf_id=177 len=3198 buf_size=1495040 offset=1382400 data_num=1 flag=0x00000000 pts=79
valloc packet buffer: mpi_buf_id=177 dma_buf_fd=11 size=0
H264 first bytes: 00 00 00 01 41 e0 00 80 01 06 05 70 1d d6 a0 11
encode_release_packet ret=0
MP4 frame 80/1500: sequence=84 pts=3160000 us key=0 nv12=4478976 h264=3198 acquire=13.125 ms encode=26.810 ms mux=0.080 ms
start encode NV12 with RV1106 vendor packet ABI, frame=80
encode_put_frame ret=0
encode_get_packet ret=0 handle=0xaead1930 expected=0xaead1930
vendor packet: mpi_buf_id=177 len=1468 buf_size=1495040 offset=1385600 data_num=1 flag=0x00000000 pts=80
valloc packet buffer: mpi_buf_id=177 dma_buf_fd=11 size=0
H264 first bytes: 00 00 00 01 41 e0 00 a0 01 46 05 70 1d 13 a8 02
encode_release_packet ret=0
MP4 frame 81/1500: sequence=85 pts=3200000 us key=0 nv12=4478976 h264=1468 acquire=12.623 ms encode=26.153 ms mux=0.065 ms
start encode NV12 with RV1106 vendor packet ABI, frame=81
encode_put_frame ret=0
encode_get_packet ret=0 handle=0xaead1930 expected=0xaead1930
vendor packet: mpi_buf_id=177 len=1033 buf_size=1495040 offset=1387136 data_num=1 flag=0x00000000 pts=81
valloc packet buffer: mpi_buf_id=177 dma_buf_fd=11 size=0
H264 first bytes: 00 00 00 01 41 e0 00 c0 01 86 05 70 1c fa 80 46
encode_release_packet ret=0
MP4 frame 82/1500: sequence=86 pts=3240000 us key=0 nv12=4478976 h264=1033 acquire=13.299 ms encode=26.895 ms mux=0.060 ms
start encode NV12 with RV1106 vendor packet ABI, frame=82
encode_put_frame ret=0
encode_get_packet ret=0 handle=0xaead1930 expected=0xaead1930
vendor packet: mpi_buf_id=177 len=354 buf_size=1495040 offset=1388288 data_num=1 flag=0x00000000 pts=82
valloc packet buffer: mpi_buf_id=177 dma_buf_fd=11 size=0
H264 first bytes: 00 00 00 01 41 e0 00 e0 01 c6 05 70 1d da 80 68
encode_release_packet ret=0
MP4 frame 83/1500: sequence=87 pts=3280000 us key=0 nv12=4478976 h264=354 acquire=12.552 ms encode=26.216 ms mux=0.051 ms
start encode NV12 with RV1106 vendor packet ABI, frame=83
encode_put_frame ret=0
encode_get_packet ret=0 handle=0xaead1930 expected=0xaead1930
vendor packet: mpi_buf_id=177 len=774 buf_size=1495040 offset=1388672 data_num=1 flag=0x00000000 pts=83
valloc packet buffer: mpi_buf_id=177 dma_buf_fd=11 size=0
H264 first bytes: 00 00 00 01 41 e0 01 00 02 06 04 70 2a e8 70 95
encode_release_packet ret=0
MP4 frame 84/1500: sequence=88 pts=3320000 us key=0 nv12=4478976 h264=774 acquire=13.250 ms encode=27.032 ms mux=0.057 ms
start encode NV12 with RV1106 vendor packet ABI, frame=84
encode_put_frame ret=0
encode_get_packet ret=0 handle=0xaead1930 expected=0xaead1930
vendor packet: mpi_buf_id=177 len=1211 buf_size=1495040 offset=1389568 data_num=1 flag=0x00000000 pts=84
valloc packet buffer: mpi_buf_id=177 dma_buf_fd=11 size=0
H264 first bytes: 00 00 00 01 41 e0 01 20 02 46 0d c0 ad 71 82 56
encode_release_packet ret=0
MP4 frame 85/1500: sequence=89 pts=3360000 us key=0 nv12=4478976 h264=1211 acquire=12.418 ms encode=26.190 ms mux=0.061 ms
start encode NV12 with RV1106 vendor packet ABI, frame=85
encode_put_frame ret=0
encode_get_packet ret=0 handle=0xaead1930 expected=0xaead1930
vendor packet: mpi_buf_id=177 len=798 buf_size=1495040 offset=1390848 data_num=1 flag=0x00000000 pts=85
valloc packet buffer: mpi_buf_id=177 dma_buf_fd=11 size=0
H264 first bytes: 00 00 00 01 41 e0 01 40 02 86 0d c0 a5 a3 09 55
encode_release_packet ret=0
MP4 frame 86/1500: sequence=90 pts=3400000 us key=0 nv12=4478976 h264=798 acquire=13.266 ms encode=26.796 ms mux=0.056 ms
start encode NV12 with RV1106 vendor packet ABI, frame=86
encode_put_frame ret=0
encode_get_packet ret=0 handle=0xaead1930 expected=0xaead1930
vendor packet: mpi_buf_id=177 len=661 buf_size=1495040 offset=1391744 data_num=1 flag=0x00000000 pts=86
valloc packet buffer: mpi_buf_id=177 dma_buf_fd=11 size=0
H264 first bytes: 00 00 00 01 41 e0 01 60 02 c6 0d c0 6f eb a4 30
encode_release_packet ret=0
MP4 frame 87/1500: sequence=91 pts=3440000 us key=0 nv12=4478976 h264=661 acquire=12.662 ms encode=26.228 ms mux=0.054 ms
start encode NV12 with RV1106 vendor packet ABI, frame=87
encode_put_frame ret=0
encode_get_packet ret=0 handle=0xaead1930 expected=0xaead1930
vendor packet: mpi_buf_id=177 len=3114 buf_size=1495040 offset=1392512 data_num=1 flag=0x00000000 pts=87
valloc packet buffer: mpi_buf_id=177 dma_buf_fd=11 size=0
H264 first bytes: 00 00 00 01 41 e0 01 80 03 06 0d c0 2d 54 a0 23
encode_release_packet ret=0
MP4 frame 88/1500: sequence=92 pts=3480000 us key=0 nv12=4478976 h264=3114 acquire=13.223 ms encode=26.823 ms mux=0.080 ms
start encode NV12 with RV1106 vendor packet ABI, frame=88
encode_put_frame ret=0
encode_get_packet ret=0 handle=0xaead1930 expected=0xaead1930
vendor packet: mpi_buf_id=177 len=5573 buf_size=1495040 offset=1395712 data_num=1 flag=0x00000000 pts=88
valloc packet buffer: mpi_buf_id=177 dma_buf_fd=11 size=0
H264 first bytes: 00 00 00 01 41 e0 01 a0 03 46 0d c1 ec 02 f5 e1
encode_release_packet ret=0
MP4 frame 89/1500: sequence=93 pts=3520000 us key=0 nv12=4478976 h264=5573 acquire=12.615 ms encode=26.168 ms mux=0.104 ms
start encode NV12 with RV1106 vendor packet ABI, frame=89
encode_put_frame ret=0
encode_get_packet ret=0 handle=0xaead1930 expected=0xaead1930
vendor packet: mpi_buf_id=177 len=5670 buf_size=1495040 offset=1401344 data_num=1 flag=0x00000000 pts=89
valloc packet buffer: mpi_buf_id=177 dma_buf_fd=11 size=0
H264 first bytes: 00 00 00 01 41 e0 01 c0 03 86 04 70 63 00 c1 7f
encode_release_packet ret=0
MP4 frame 90/1500: sequence=94 pts=3560000 us key=0 nv12=4478976 h264=5670 acquire=13.244 ms encode=26.823 ms mux=0.107 ms
start encode NV12 with RV1106 vendor packet ABI, frame=90
encode_put_frame ret=0
encode_get_packet ret=0 handle=0xaead1930 expected=0xaead1930
vendor packet: mpi_buf_id=177 len=7245 buf_size=1495040 offset=1407104 data_num=1 flag=0x00000000 pts=90
valloc packet buffer: mpi_buf_id=177 dma_buf_fd=11 size=0
H264 first bytes: 00 00 00 01 41 e0 01 e0 03 c6 04 70 22 40 d8 aa
encode_release_packet ret=0
MP4 frame 91/1500: sequence=95 pts=3600000 us key=0 nv12=4478976 h264=7245 acquire=12.583 ms encode=26.273 ms mux=0.124 ms
start encode NV12 with RV1106 vendor packet ABI, frame=91
encode_put_frame ret=0
encode_get_packet ret=0 handle=0xaead1930 expected=0xaead1930
vendor packet: mpi_buf_id=177 len=10040 buf_size=1495040 offset=1414400 data_num=1 flag=0x00000000 pts=91
valloc packet buffer: mpi_buf_id=177 dma_buf_fd=11 size=0
H264 first bytes: 00 00 00 01 41 e0 02 00 04 06 04 70 4b c6 09 55
encode_release_packet ret=0
MP4 frame 92/1500: sequence=96 pts=3640000 us key=0 nv12=4478976 h264=10040 acquire=13.111 ms encode=26.929 ms mux=0.148 ms
start encode NV12 with RV1106 vendor packet ABI, frame=92
encode_put_frame ret=0
encode_get_packet ret=0 handle=0xaead1930 expected=0xaead1930
vendor packet: mpi_buf_id=177 len=12720 buf_size=1495040 offset=1424512 data_num=1 flag=0x00000000 pts=92
valloc packet buffer: mpi_buf_id=177 dma_buf_fd=11 size=0
H264 first bytes: 00 00 00 01 41 e0 02 20 04 46 04 70 d4 03 bf e0
encode_release_packet ret=0
MP4 frame 93/1500: sequence=97 pts=3680000 us key=0 nv12=4478976 h264=12720 acquire=12.441 ms encode=26.268 ms mux=0.176 ms
start encode NV12 with RV1106 vendor packet ABI, frame=93
encode_put_frame ret=0
encode_get_packet ret=0 handle=0xaead1930 expected=0xaead1930
vendor packet: mpi_buf_id=177 len=14989 buf_size=1495040 offset=1437312 data_num=1 flag=0x00000000 pts=93
valloc packet buffer: mpi_buf_id=177 dma_buf_fd=11 size=0
H264 first bytes: 00 00 00 01 41 e0 02 40 04 86 04 7c 03 c5 e1 9f
encode_release_packet ret=0
MP4 frame 94/1500: sequence=98 pts=3720000 us key=0 nv12=4478976 h264=14989 acquire=13.073 ms encode=26.814 ms mux=0.203 ms
start encode NV12 with RV1106 vendor packet ABI, frame=94
encode_put_frame ret=0
encode_get_packet ret=0 handle=0xaead1930 expected=0xaead1930
vendor packet: mpi_buf_id=177 len=13777 buf_size=1495040 offset=1452416 data_num=1 flag=0x00000000 pts=94
valloc packet buffer: mpi_buf_id=177 dma_buf_fd=11 size=0
H264 first bytes: 00 00 00 01 41 e0 02 60 04 c6 05 72 c0 24 5e 0e
encode_release_packet ret=0
MP4 frame 95/1500: sequence=99 pts=3760000 us key=0 nv12=4478976 h264=13777 acquire=12.500 ms encode=26.114 ms mux=0.187 ms
start encode NV12 with RV1106 vendor packet ABI, frame=95
encode_put_frame ret=0
encode_get_packet ret=0 handle=0xaead1930 expected=0xaead1930
vendor packet: mpi_buf_id=177 len=12021 buf_size=1495040 offset=1466240 data_num=1 flag=0x00000000 pts=95
valloc packet buffer: mpi_buf_id=177 dma_buf_fd=11 size=0
H264 first bytes: 00 00 00 01 41 e0 02 80 05 06 05 70 6b 87 bc d5
encode_release_packet ret=0
MP4 frame 96/1500: sequence=100 pts=3800000 us key=0 nv12=4478976 h264=12021 acquire=13.204 ms encode=26.848 ms mux=0.176 ms
start encode NV12 with RV1106 vendor packet ABI, frame=96
encode_put_frame ret=0
encode_get_packet ret=0 handle=0xaead1930 expected=0xaead1930
vendor packet: mpi_buf_id=177 len=5098 buf_size=1495040 offset=1478272 data_num=1 flag=0x00000000 pts=96
valloc packet buffer: mpi_buf_id=177 dma_buf_fd=11 size=0
H264 first bytes: 00 00 00 01 41 e0 02 a0 05 46 05 70 33 c0 f3 9a
encode_release_packet ret=0
MP4 frame 97/1500: sequence=101 pts=3840000 us key=0 nv12=4478976 h264=5098 acquire=12.495 ms encode=26.286 ms mux=0.097 ms
start encode NV12 with RV1106 vendor packet ABI, frame=97
encode_put_frame ret=0
encode_get_packet ret=0 handle=0xaead1930 expected=0xaead1930
vendor packet: mpi_buf_id=177 len=3296 buf_size=1495040 offset=1483392 data_num=1 flag=0x00000000 pts=97
valloc packet buffer: mpi_buf_id=177 dma_buf_fd=11 size=0
H264 first bytes: 00 00 00 01 41 e0 02 c0 05 86 05 70 0a f6 a0 1c
encode_release_packet ret=0
MP4 frame 98/1500: sequence=102 pts=3880000 us key=0 nv12=4478976 h264=3296 acquire=13.123 ms encode=26.785 ms mux=0.085 ms
start encode NV12 with RV1106 vendor packet ABI, frame=98
encode_put_frame ret=0
encode_get_packet ret=0 handle=0xaead1930 expected=0xaead1930
vendor packet: mpi_buf_id=177 len=8726 buf_size=1495040 offset=1486720 data_num=1 flag=0x00000000 pts=98
valloc packet buffer: mpi_buf_id=177 dma_buf_fd=11 size=0
H264 first bytes: 00 00 00 01 41 e0 02 e0 05 c6 05 70 34 c0 62 78
encode_release_packet ret=0
MP4 frame 99/1500: sequence=103 pts=3920000 us key=0 nv12=4478976 h264=8726 acquire=12.647 ms encode=26.259 ms mux=0.137 ms
start encode NV12 with RV1106 vendor packet ABI, frame=99
encode_put_frame ret=0
encode_get_packet ret=0 handle=0xaead1930 expected=0xaead1930
vendor packet: mpi_buf_id=177 len=14144 buf_size=1495040 offset=512 data_num=1 flag=0x00000000 pts=99
valloc packet buffer: mpi_buf_id=177 dma_buf_fd=11 size=0
H264 first bytes: 00 00 00 01 41 e0 03 00 06 06 05 73 40 3b ff f0
encode_release_packet ret=0
MP4 frame 100/1500: sequence=104 pts=3960000 us key=0 nv12=4478976 h264=14144 acquire=13.116 ms encode=26.904 ms mux=0.193 ms
start encode NV12 with RV1106 vendor packet ABI, frame=100
encode_put_frame ret=0
encode_get_packet ret=0 handle=0xaead1930 expected=0xaead1930
vendor packet: mpi_buf_id=177 len=23205 buf_size=1495040 offset=14720 data_num=1 flag=0x00000010 pts=100
valloc packet buffer: mpi_buf_id=177 dma_buf_fd=11 size=0
H264 first bytes: 00 00 00 01 65 b8 00 01 40 00 03 71 11 22 80 00
encode_release_packet ret=0
MP4 frame 101/1500: sequence=105 pts=4000000 us key=1 nv12=4478976 h264=23205 acquire=12.415 ms encode=25.849 ms mux=0.879 ms
start encode NV12 with RV1106 vendor packet ABI, frame=101
encode_put_frame ret=0
encode_get_packet ret=0 handle=0xaead1930 expected=0xaead1930
vendor packet: mpi_buf_id=177 len=13352 buf_size=1495040 offset=38016 data_num=1 flag=0x00000000 pts=101
valloc packet buffer: mpi_buf_id=177 dma_buf_fd=11 size=0
H264 first bytes: 00 00 00 01 41 e0 00 20 00 46 05 70 73 00 27 87
encode_release_packet ret=0
MP4 frame 102/1500: sequence=106 pts=4040000 us key=0 nv12=4478976 h264=13352 acquire=12.792 ms encode=26.832 ms mux=0.183 ms
start encode NV12 with RV1106 vendor packet ABI, frame=102
encode_put_frame ret=0
encode_get_packet ret=0 handle=0xaead1930 expected=0xaead1930
vendor packet: mpi_buf_id=177 len=13253 buf_size=1495040 offset=51456 data_num=1 flag=0x00000000 pts=102
valloc packet buffer: mpi_buf_id=177 dma_buf_fd=11 size=0
H264 first bytes: 00 00 00 01 41 e0 00 40 00 86 05 70 cc 01 11 78
encode_release_packet ret=0
MP4 frame 103/1500: sequence=107 pts=4080000 us key=0 nv12=4478976 h264=13253 acquire=12.483 ms encode=26.217 ms mux=0.184 ms
start encode NV12 with RV1106 vendor packet ABI, frame=103
encode_put_frame ret=0
encode_get_packet ret=0 handle=0xaead1930 expected=0xaead1930
vendor packet: mpi_buf_id=177 len=11725 buf_size=1495040 offset=64768 data_num=1 flag=0x00000000 pts=103
valloc packet buffer: mpi_buf_id=177 dma_buf_fd=11 size=0
H264 first bytes: 00 00 00 01 41 e0 00 60 00 c6 05 71 30 0a 17 80
encode_release_packet ret=0
MP4 frame 104/1500: sequence=108 pts=4120000 us key=0 nv12=4478976 h264=11725 acquire=13.106 ms encode=26.892 ms mux=0.169 ms
start encode NV12 with RV1106 vendor packet ABI, frame=104
encode_put_frame ret=0
encode_get_packet ret=0 handle=0xaead1930 expected=0xaead1930
vendor packet: mpi_buf_id=177 len=11984 buf_size=1495040 offset=76544 data_num=1 flag=0x00000000 pts=104
valloc packet buffer: mpi_buf_id=177 dma_buf_fd=11 size=0
H264 first bytes: 00 00 00 01 41 e0 00 80 01 06 05 70 a8 88 91 7c
encode_release_packet ret=0
MP4 frame 105/1500: sequence=109 pts=4160000 us key=0 nv12=4478976 h264=11984 acquire=12.451 ms encode=26.220 ms mux=0.171 ms
start encode NV12 with RV1106 vendor packet ABI, frame=105
encode_put_frame ret=0
encode_get_packet ret=0 handle=0xaead1930 expected=0xaead1930
vendor packet: mpi_buf_id=177 len=9928 buf_size=1495040 offset=88576 data_num=1 flag=0x00000000 pts=105
valloc packet buffer: mpi_buf_id=177 dma_buf_fd=11 size=0
H264 first bytes: 00 00 00 01 41 e0 00 a0 01 46 05 70 63 00 a3 2e
encode_release_packet ret=0
MP4 frame 106/1500: sequence=110 pts=4200000 us key=0 nv12=4478976 h264=9928 acquire=13.115 ms encode=26.859 ms mux=0.147 ms
start encode NV12 with RV1106 vendor packet ABI, frame=106
encode_put_frame ret=0
encode_get_packet ret=0 handle=0xaead1930 expected=0xaead1930
vendor packet: mpi_buf_id=177 len=5354 buf_size=1495040 offset=98560 data_num=1 flag=0x00000000 pts=106
valloc packet buffer: mpi_buf_id=177 dma_buf_fd=11 size=0
H264 first bytes: 00 00 00 01 41 e0 00 c0 01 86 05 70 63 00 a1 78
encode_release_packet ret=0
MP4 frame 107/1500: sequence=111 pts=4240000 us key=0 nv12=4478976 h264=5354 acquire=12.528 ms encode=26.232 ms mux=0.104 ms
start encode NV12 with RV1106 vendor packet ABI, frame=107
encode_put_frame ret=0
encode_get_packet ret=0 handle=0xaead1930 expected=0xaead1930
vendor packet: mpi_buf_id=177 len=5693 buf_size=1495040 offset=103936 data_num=1 flag=0x00000000 pts=107
valloc packet buffer: mpi_buf_id=177 dma_buf_fd=11 size=0
H264 first bytes: 00 00 00 01 41 e0 00 e0 01 c6 05 70 69 01 5f e1
encode_release_packet ret=0
MP4 frame 108/1500: sequence=112 pts=4280000 us key=0 nv12=4478976 h264=5693 acquire=13.053 ms encode=26.880 ms mux=0.106 ms
start encode NV12 with RV1106 vendor packet ABI, frame=108
encode_put_frame ret=0
encode_get_packet ret=0 handle=0xaead1930 expected=0xaead1930
vendor packet: mpi_buf_id=177 len=10661 buf_size=1495040 offset=109696 data_num=1 flag=0x00000000 pts=108
valloc packet buffer: mpi_buf_id=177 dma_buf_fd=11 size=0
H264 first bytes: 00 00 00 01 41 e0 01 00 02 06 05 70 9c 02 5f e0
encode_release_packet ret=0
MP4 frame 109/1500: sequence=113 pts=4320000 us key=0 nv12=4478976 h264=10661 acquire=12.516 ms encode=26.272 ms mux=0.162 ms
start encode NV12 with RV1106 vendor packet ABI, frame=109
encode_put_frame ret=0
encode_get_packet ret=0 handle=0xaead1930 expected=0xaead1930
vendor packet: mpi_buf_id=177 len=13553 buf_size=1495040 offset=120448 data_num=1 flag=0x00000000 pts=109
valloc packet buffer: mpi_buf_id=177 dma_buf_fd=11 size=0
H264 first bytes: 00 00 00 01 41 e0 01 20 02 46 05 73 c0 29 fe 10
encode_release_packet ret=0
MP4 frame 110/1500: sequence=114 pts=4360000 us key=0 nv12=4478976 h264=13553 acquire=13.077 ms encode=26.781 ms mux=0.190 ms
start encode NV12 with RV1106 vendor packet ABI, frame=110
encode_put_frame ret=0
encode_get_packet ret=0 handle=0xaead1930 expected=0xaead1930
vendor packet: mpi_buf_id=177 len=15033 buf_size=1495040 offset=134016 data_num=1 flag=0x00000000 pts=110
valloc packet buffer: mpi_buf_id=177 dma_buf_fd=11 size=0
H264 first bytes: 00 00 00 01 41 e0 01 40 02 86 05 71 70 0a 3f 83
encode_release_packet ret=0
MP4 frame 111/1500: sequence=115 pts=4400000 us key=0 nv12=4478976 h264=15033 acquire=12.550 ms encode=26.155 ms mux=0.202 ms
start encode NV12 with RV1106 vendor packet ABI, frame=111
encode_put_frame ret=0
encode_get_packet ret=0 handle=0xaead1930 expected=0xaead1930
vendor packet: mpi_buf_id=177 len=16942 buf_size=1495040 offset=149120 data_num=1 flag=0x00000000 pts=111
valloc packet buffer: mpi_buf_id=177 dma_buf_fd=11 size=0
H264 first bytes: 00 00 00 01 41 e0 01 60 02 c6 05 7c 02 45 fd c0
encode_release_packet ret=0
MP4 frame 112/1500: sequence=116 pts=4440000 us key=0 nv12=4478976 h264=16942 acquire=13.147 ms encode=26.875 ms mux=0.226 ms
start encode NV12 with RV1106 vendor packet ABI, frame=112
encode_put_frame ret=0
encode_get_packet ret=0 handle=0xaead1930 expected=0xaead1930
vendor packet: mpi_buf_id=177 len=16081 buf_size=1495040 offset=166144 data_num=1 flag=0x00000000 pts=112
valloc packet buffer: mpi_buf_id=177 dma_buf_fd=11 size=0
H264 first bytes: 00 00 00 01 41 e0 01 80 03 06 05 72 c0 3b 5e 0e
encode_release_packet ret=0
MP4 frame 113/1500: sequence=117 pts=4480000 us key=0 nv12=4478976 h264=16081 acquire=12.408 ms encode=26.267 ms mux=0.215 ms
start encode NV12 with RV1106 vendor packet ABI, frame=113
encode_put_frame ret=0
encode_get_packet ret=0 handle=0xaead1930 expected=0xaead1930
vendor packet: mpi_buf_id=177 len=8448 buf_size=1495040 offset=182272 data_num=1 flag=0x00000000 pts=113
valloc packet buffer: mpi_buf_id=177 dma_buf_fd=11 size=0
H264 first bytes: 00 00 00 01 41 e0 01 a0 03 46 05 71 75 12 25 55
encode_release_packet ret=0
MP4 frame 114/1500: sequence=118 pts=4520000 us key=0 nv12=4478976 h264=8448 acquire=13.037 ms encode=26.810 ms mux=0.137 ms
start encode NV12 with RV1106 vendor packet ABI, frame=114
encode_put_frame ret=0
encode_get_packet ret=0 handle=0xaead1930 expected=0xaead1930
vendor packet: mpi_buf_id=177 len=3347 buf_size=1495040 offset=190720 data_num=1 flag=0x00000000 pts=114
valloc packet buffer: mpi_buf_id=177 dma_buf_fd=11 size=0
H264 first bytes: 00 00 00 01 41 e0 01 c0 03 86 05 71 16 86 09 55
encode_release_packet ret=0
MP4 frame 115/1500: sequence=119 pts=4560000 us key=0 nv12=4478976 h264=3347 acquire=12.560 ms encode=26.393 ms mux=0.087 ms
start encode NV12 with RV1106 vendor packet ABI, frame=115
encode_put_frame ret=0
encode_get_packet ret=0 handle=0xaead1930 expected=0xaead1930
vendor packet: mpi_buf_id=177 len=3885 buf_size=1495040 offset=194176 data_num=1 flag=0x00000000 pts=115
valloc packet buffer: mpi_buf_id=177 dma_buf_fd=11 size=0
H264 first bytes: 00 00 00 01 41 e0 01 e0 03 c6 05 70 01 06 7c c3
encode_release_packet ret=0
MP4 frame 116/1500: sequence=120 pts=4600000 us key=0 nv12=4478976 h264=3885 acquire=13.025 ms encode=26.745 ms mux=0.086 ms
start encode NV12 with RV1106 vendor packet ABI, frame=116
encode_put_frame ret=0
encode_get_packet ret=0 handle=0xaead1930 expected=0xaead1930
vendor packet: mpi_buf_id=177 len=8809 buf_size=1495040 offset=198144 data_num=1 flag=0x00000000 pts=116
valloc packet buffer: mpi_buf_id=177 dma_buf_fd=11 size=0
H264 first bytes: 00 00 00 01 41 e0 02 00 04 06 05 70 27 c0 72 be
encode_release_packet ret=0
MP4 frame 117/1500: sequence=121 pts=4640000 us key=0 nv12=4478976 h264=8809 acquire=12.689 ms encode=26.168 ms mux=0.135 ms
start encode NV12 with RV1106 vendor packet ABI, frame=117
encode_put_frame ret=0
encode_get_packet ret=0 handle=0xaead1930 expected=0xaead1930
vendor packet: mpi_buf_id=177 len=12886 buf_size=1495040 offset=206976 data_num=1 flag=0x00000000 pts=117
valloc packet buffer: mpi_buf_id=177 dma_buf_fd=11 size=0
H264 first bytes: 00 00 00 01 41 e0 02 20 04 46 05 70 fc 02 87 e1
encode_release_packet ret=0
MP4 frame 118/1500: sequence=122 pts=4680000 us key=0 nv12=4478976 h264=12886 acquire=13.203 ms encode=26.865 ms mux=0.182 ms
start encode NV12 with RV1106 vendor packet ABI, frame=118
encode_put_frame ret=0
encode_get_packet ret=0 handle=0xaead1930 expected=0xaead1930
vendor packet: mpi_buf_id=177 len=14301 buf_size=1495040 offset=219904 data_num=1 flag=0x00000000 pts=118
valloc packet buffer: mpi_buf_id=177 dma_buf_fd=11 size=0
H264 first bytes: 00 00 00 01 41 e0 02 40 04 86 05 70 d4 01 0c f8
encode_release_packet ret=0
MP4 frame 119/1500: sequence=123 pts=4720000 us key=0 nv12=4478976 h264=14301 acquire=12.476 ms encode=26.202 ms mux=0.196 ms
start encode NV12 with RV1106 vendor packet ABI, frame=119
encode_put_frame ret=0
encode_get_packet ret=0 handle=0xaead1930 expected=0xaead1930
vendor packet: mpi_buf_id=177 len=12419 buf_size=1495040 offset=234240 data_num=1 flag=0x00000000 pts=119
valloc packet buffer: mpi_buf_id=177 dma_buf_fd=11 size=0
H264 first bytes: 00 00 00 01 41 e0 02 60 04 c6 05 73 c0 2a fe 27
encode_release_packet ret=0
MP4 frame 120/1500: sequence=124 pts=4760000 us key=0 nv12=4478976 h264=12419 acquire=13.116 ms encode=26.831 ms mux=0.179 ms
start encode NV12 with RV1106 vendor packet ABI, frame=120
encode_put_frame ret=0
encode_get_packet ret=0 handle=0xaead1930 expected=0xaead1930
vendor packet: mpi_buf_id=177 len=13807 buf_size=1495040 offset=246784 data_num=1 flag=0x00000000 pts=120
valloc packet buffer: mpi_buf_id=177 dma_buf_fd=11 size=0
H264 first bytes: 00 00 00 01 41 e0 02 80 05 06 05 70 22 e0 12 2f
encode_release_packet ret=0
MP4 frame 121/1500: sequence=125 pts=4800000 us key=0 nv12=4478976 h264=13807 acquire=12.492 ms encode=26.265 ms mux=0.188 ms
start encode NV12 with RV1106 vendor packet ABI, frame=121
encode_put_frame ret=0
encode_get_packet ret=0 handle=0xaead1930 expected=0xaead1930
vendor packet: mpi_buf_id=177 len=13330 buf_size=1495040 offset=260608 data_num=1 flag=0x00000000 pts=121
valloc packet buffer: mpi_buf_id=177 dma_buf_fd=11 size=0
H264 first bytes: 00 00 00 01 41 e0 02 a0 05 46 05 70 6b 00 2f ef
encode_release_packet ret=0
MP4 frame 122/1500: sequence=126 pts=4840000 us key=0 nv12=4478976 h264=13330 acquire=13.059 ms encode=26.763 ms mux=0.185 ms
start encode NV12 with RV1106 vendor packet ABI, frame=122
encode_put_frame ret=0
encode_get_packet ret=0 handle=0xaead1930 expected=0xaead1930
vendor packet: mpi_buf_id=177 len=10894 buf_size=1495040 offset=274048 data_num=1 flag=0x00000000 pts=122
valloc packet buffer: mpi_buf_id=177 dma_buf_fd=11 size=0
H264 first bytes: 00 00 00 01 41 e0 02 c0 05 86 05 70 7b 00 d9 78
encode_release_packet ret=0
MP4 frame 123/1500: sequence=127 pts=4880000 us key=0 nv12=4478976 h264=10894 acquire=12.568 ms encode=26.283 ms mux=0.155 ms
start encode NV12 with RV1106 vendor packet ABI, frame=123
encode_put_frame ret=0
encode_get_packet ret=0 handle=0xaead1930 expected=0xaead1930
vendor packet: mpi_buf_id=177 len=9384 buf_size=1495040 offset=285056 data_num=1 flag=0x00000000 pts=123
valloc packet buffer: mpi_buf_id=177 dma_buf_fd=11 size=0
H264 first bytes: 00 00 00 01 41 e0 02 e0 05 c6 05 70 8c 03 85 e1
encode_release_packet ret=0
MP4 frame 124/1500: sequence=128 pts=4920000 us key=0 nv12=4478976 h264=9384 acquire=13.070 ms encode=26.895 ms mux=0.147 ms
start encode NV12 with RV1106 vendor packet ABI, frame=124
encode_put_frame ret=0
encode_get_packet ret=0 handle=0xaead1930 expected=0xaead1930
vendor packet: mpi_buf_id=177 len=5661 buf_size=1495040 offset=294528 data_num=1 flag=0x00000000 pts=124
valloc packet buffer: mpi_buf_id=177 dma_buf_fd=11 size=0
H264 first bytes: 00 00 00 01 41 e0 03 00 06 06 05 70 c7 18 25 55
encode_release_packet ret=0
MP4 frame 125/1500: sequence=129 pts=4960000 us key=0 nv12=4478976 h264=5661 acquire=12.460 ms encode=26.177 ms mux=0.110 ms
start encode NV12 with RV1106 vendor packet ABI, frame=125
encode_put_frame ret=0
encode_get_packet ret=0 handle=0xaead1930 expected=0xaead1930
vendor packet: mpi_buf_id=177 len=26656 buf_size=1495040 offset=300288 data_num=1 flag=0x00000010 pts=125
valloc packet buffer: mpi_buf_id=177 dma_buf_fd=11 size=0
H264 first bytes: 00 00 00 01 65 b8 00 01 80 00 03 71 11 22 80 00
encode_release_packet ret=0
MP4 frame 126/1500: sequence=130 pts=5000000 us key=1 nv12=4478976 h264=26656 acquire=13.235 ms encode=26.604 ms mux=1.326 ms
start encode NV12 with RV1106 vendor packet ABI, frame=126
encode_put_frame ret=0
encode_get_packet ret=0 handle=0xaead1930 expected=0xaead1930
vendor packet: mpi_buf_id=177 len=6588 buf_size=1495040 offset=327040 data_num=1 flag=0x00000000 pts=126
valloc packet buffer: mpi_buf_id=177 dma_buf_fd=11 size=0
H264 first bytes: 00 00 00 01 41 e0 00 20 00 46 05 70 67 00 af f8
encode_release_packet ret=0
MP4 frame 127/1500: sequence=131 pts=5040000 us key=0 nv12=4478976 h264=6588 acquire=11.585 ms encode=26.200 ms mux=0.116 ms
start encode NV12 with RV1106 vendor packet ABI, frame=127
encode_put_frame ret=0
encode_get_packet ret=0 handle=0xaead1930 expected=0xaead1930
vendor packet: mpi_buf_id=177 len=11356 buf_size=1495040 offset=333696 data_num=1 flag=0x00000000 pts=127
valloc packet buffer: mpi_buf_id=177 dma_buf_fd=11 size=0
H264 first bytes: 00 00 00 01 41 e0 00 40 00 86 05 71 70 0b ff 86
encode_release_packet ret=0
MP4 frame 128/1500: sequence=132 pts=5080000 us key=0 nv12=4478976 h264=11356 acquire=13.176 ms encode=26.831 ms mux=0.160 ms
start encode NV12 with RV1106 vendor packet ABI, frame=128
encode_put_frame ret=0
encode_get_packet ret=0 handle=0xaead1930 expected=0xaead1930
vendor packet: mpi_buf_id=177 len=13876 buf_size=1495040 offset=345088 data_num=1 flag=0x00000000 pts=128
valloc packet buffer: mpi_buf_id=177 dma_buf_fd=11 size=0
H264 first bytes: 00 00 00 01 41 e0 00 60 00 c6 05 70 bf 18 25 dd
encode_release_packet ret=0
MP4 frame 129/1500: sequence=133 pts=5120000 us key=0 nv12=4478976 h264=13876 acquire=12.521 ms encode=26.178 ms mux=0.194 ms
start encode NV12 with RV1106 vendor packet ABI, frame=129
encode_put_frame ret=0
encode_get_packet ret=0 handle=0xaead1930 expected=0xaead1930
vendor packet: mpi_buf_id=177 len=13888 buf_size=1495040 offset=359040 data_num=1 flag=0x00000000 pts=129
valloc packet buffer: mpi_buf_id=177 dma_buf_fd=11 size=0
H264 first bytes: 00 00 00 01 41 e0 00 80 01 06 05 70 5b 80 57 bc
encode_release_packet ret=0
MP4 frame 130/1500: sequence=134 pts=5160000 us key=0 nv12=4478976 h264=13888 acquire=13.140 ms encode=26.816 ms mux=0.189 ms
start encode NV12 with RV1106 vendor packet ABI, frame=130
encode_put_frame ret=0
encode_get_packet ret=0 handle=0xaead1930 expected=0xaead1930
vendor packet: mpi_buf_id=177 len=15536 buf_size=1495040 offset=372992 data_num=1 flag=0x00000000 pts=130
valloc packet buffer: mpi_buf_id=177 dma_buf_fd=11 size=0
H264 first bytes: 00 00 00 01 41 e0 00 a0 01 46 05 70 8c 01 b1 78
encode_release_packet ret=0
MP4 frame 131/1500: sequence=135 pts=5200000 us key=0 nv12=4478976 h264=15536 acquire=12.502 ms encode=26.350 ms mux=0.212 ms
start encode NV12 with RV1106 vendor packet ABI, frame=131
encode_put_frame ret=0
encode_get_packet ret=0 handle=0xaead1930 expected=0xaead1930
vendor packet: mpi_buf_id=177 len=14870 buf_size=1495040 offset=388608 data_num=1 flag=0x00000000 pts=131
valloc packet buffer: mpi_buf_id=177 dma_buf_fd=11 size=0
H264 first bytes: 00 00 00 01 41 e0 00 c0 01 86 05 70 ac 01 11 7f
encode_release_packet ret=0
MP4 frame 132/1500: sequence=136 pts=5240000 us key=0 nv12=4478976 h264=14870 acquire=12.956 ms encode=26.829 ms mux=0.199 ms
start encode NV12 with RV1106 vendor packet ABI, frame=132
encode_put_frame ret=0
encode_get_packet ret=0 handle=0xaead1930 expected=0xaead1930
vendor packet: mpi_buf_id=177 len=9364 buf_size=1495040 offset=403584 data_num=1 flag=0x00000000 pts=132
valloc packet buffer: mpi_buf_id=177 dma_buf_fd=11 size=0
H264 first bytes: 00 00 00 01 41 e0 00 e0 01 c6 05 71 b0 0e 57 81
encode_release_packet ret=0
MP4 frame 133/1500: sequence=137 pts=5280000 us key=0 nv12=4478976 h264=9364 acquire=12.485 ms encode=26.226 ms mux=0.146 ms
start encode NV12 with RV1106 vendor packet ABI, frame=133
encode_put_frame ret=0
encode_get_packet ret=0 handle=0xaead1930 expected=0xaead1930
vendor packet: mpi_buf_id=177 len=4972 buf_size=1495040 offset=413056 data_num=1 flag=0x00000000 pts=133
valloc packet buffer: mpi_buf_id=177 dma_buf_fd=11 size=0
H264 first bytes: 00 00 00 01 41 e0 01 00 02 06 05 70 63 81 cb c3
encode_release_packet ret=0
MP4 frame 134/1500: sequence=138 pts=5320000 us key=0 nv12=4478976 h264=4972 acquire=13.132 ms encode=26.809 ms mux=0.096 ms
start encode NV12 with RV1106 vendor packet ABI, frame=134
encode_put_frame ret=0
encode_get_packet ret=0 handle=0xaead1930 expected=0xaead1930
vendor packet: mpi_buf_id=177 len=2357 buf_size=1495040 offset=418048 data_num=1 flag=0x00000000 pts=134
valloc packet buffer: mpi_buf_id=177 dma_buf_fd=11 size=0
H264 first bytes: 00 00 00 01 41 e0 01 20 02 46 05 70 02 f0 e0 59
encode_release_packet ret=0
MP4 frame 135/1500: sequence=139 pts=5360000 us key=0 nv12=4478976 h264=2357 acquire=12.606 ms encode=26.176 ms mux=0.071 ms
start encode NV12 with RV1106 vendor packet ABI, frame=135
encode_put_frame ret=0
encode_get_packet ret=0 handle=0xaead1930 expected=0xaead1930
vendor packet: mpi_buf_id=177 len=5281 buf_size=1495040 offset=420480 data_num=1 flag=0x00000000 pts=135
valloc packet buffer: mpi_buf_id=177 dma_buf_fd=11 size=0
H264 first bytes: 00 00 00 01 41 e0 01 40 02 86 05 70 69 01 73 b8
encode_release_packet ret=0
MP4 frame 136/1500: sequence=140 pts=5400000 us key=0 nv12=4478976 h264=5281 acquire=13.268 ms encode=26.873 ms mux=0.100 ms
start encode NV12 with RV1106 vendor packet ABI, frame=136
encode_put_frame ret=0
encode_get_packet ret=0 handle=0xaead1930 expected=0xaead1930
vendor packet: mpi_buf_id=177 len=5508 buf_size=1495040 offset=425856 data_num=1 flag=0x00000000 pts=136
valloc packet buffer: mpi_buf_id=177 dma_buf_fd=11 size=0
H264 first bytes: 00 00 00 01 41 e0 01 60 02 c6 05 70 59 03 5e 26
encode_release_packet ret=0
MP4 frame 137/1500: sequence=141 pts=5440000 us key=0 nv12=4478976 h264=5508 acquire=12.537 ms encode=26.205 ms mux=0.128 ms
start encode NV12 with RV1106 vendor packet ABI, frame=137
encode_put_frame ret=0
encode_get_packet ret=0 handle=0xaead1930 expected=0xaead1930
vendor packet: mpi_buf_id=177 len=10050 buf_size=1495040 offset=431488 data_num=1 flag=0x00000000 pts=137
valloc packet buffer: mpi_buf_id=177 dma_buf_fd=11 size=0
H264 first bytes: 00 00 00 01 41 e0 01 80 03 06 05 70 22 89 89 14
encode_release_packet ret=0
MP4 frame 138/1500: sequence=142 pts=5480000 us key=0 nv12=4478976 h264=10050 acquire=13.173 ms encode=26.796 ms mux=0.148 ms
start encode NV12 with RV1106 vendor packet ABI, frame=138
encode_put_frame ret=0
encode_get_packet ret=0 handle=0xaead1930 expected=0xaead1930
vendor packet: mpi_buf_id=177 len=12906 buf_size=1495040 offset=441600 data_num=1 flag=0x00000000 pts=138
valloc packet buffer: mpi_buf_id=177 dma_buf_fd=11 size=0
H264 first bytes: 00 00 00 01 41 e0 01 a0 03 46 05 70 4d 01 6f e1
encode_release_packet ret=0
MP4 frame 139/1500: sequence=143 pts=5520000 us key=0 nv12=4478976 h264=12906 acquire=12.478 ms encode=26.262 ms mux=0.175 ms
start encode NV12 with RV1106 vendor packet ABI, frame=139
encode_put_frame ret=0
encode_get_packet ret=0 handle=0xaead1930 expected=0xaead1930
vendor packet: mpi_buf_id=177 len=13544 buf_size=1495040 offset=454528 data_num=1 flag=0x00000000 pts=139
valloc packet buffer: mpi_buf_id=177 dma_buf_fd=11 size=0
H264 first bytes: 00 00 00 01 41 e0 01 c0 03 86 05 71 50 0b ff fc
encode_release_packet ret=0
MP4 frame 140/1500: sequence=144 pts=5560000 us key=0 nv12=4478976 h264=13544 acquire=13.066 ms encode=26.791 ms mux=0.188 ms
start encode NV12 with RV1106 vendor packet ABI, frame=140
encode_put_frame ret=0
encode_get_packet ret=0 handle=0xaead1930 expected=0xaead1930
vendor packet: mpi_buf_id=177 len=12418 buf_size=1495040 offset=468096 data_num=1 flag=0x00000000 pts=140
valloc packet buffer: mpi_buf_id=177 dma_buf_fd=11 size=0
H264 first bytes: 00 00 00 01 41 e0 01 e0 03 c6 05 71 a2 22 71 1e
encode_release_packet ret=0
MP4 frame 141/1500: sequence=145 pts=5600000 us key=0 nv12=4478976 h264=12418 acquire=12.533 ms encode=26.148 ms mux=0.171 ms
start encode NV12 with RV1106 vendor packet ABI, frame=141
encode_put_frame ret=0
encode_get_packet ret=0 handle=0xaead1930 expected=0xaead1930
vendor packet: mpi_buf_id=177 len=14313 buf_size=1495040 offset=480640 data_num=1 flag=0x00000000 pts=141
valloc packet buffer: mpi_buf_id=177 dma_buf_fd=11 size=0
H264 first bytes: 00 00 00 01 41 e0 02 00 04 06 05 70 63 00 48 7e
encode_release_packet ret=0
MP4 frame 142/1500: sequence=146 pts=5640000 us key=0 nv12=4478976 h264=14313 acquire=13.187 ms encode=26.758 ms mux=0.198 ms
start encode NV12 with RV1106 vendor packet ABI, frame=142
encode_put_frame ret=0
encode_get_packet ret=0 handle=0xaead1930 expected=0xaead1930
vendor packet: mpi_buf_id=177 len=11149 buf_size=1495040 offset=494976 data_num=1 flag=0x00000000 pts=142
valloc packet buffer: mpi_buf_id=177 dma_buf_fd=11 size=0
H264 first bytes: 00 00 00 01 41 e0 02 20 04 46 05 70 42 22 25 41
encode_release_packet ret=0
MP4 frame 143/1500: sequence=147 pts=5680000 us key=0 nv12=4478976 h264=11149 acquire=12.559 ms encode=26.204 ms mux=0.168 ms
start encode NV12 with RV1106 vendor packet ABI, frame=143
encode_put_frame ret=0
encode_get_packet ret=0 handle=0xaead1930 expected=0xaead1930
vendor packet: mpi_buf_id=177 len=10588 buf_size=1495040 offset=506240 data_num=1 flag=0x00000000 pts=143
valloc packet buffer: mpi_buf_id=177 dma_buf_fd=11 size=0
H264 first bytes: 00 00 00 01 41 e0 02 40 04 86 05 70 ec 03 c5 e0
encode_release_packet ret=0
MP4 frame 144/1500: sequence=148 pts=5720000 us key=0 nv12=4478976 h264=10588 acquire=13.147 ms encode=26.840 ms mux=0.154 ms
start encode NV12 with RV1106 vendor packet ABI, frame=144
encode_put_frame ret=0
encode_get_packet ret=0 handle=0xaead1930 expected=0xaead1930
vendor packet: mpi_buf_id=177 len=11039 buf_size=1495040 offset=516864 data_num=1 flag=0x00000000 pts=144
valloc packet buffer: mpi_buf_id=177 dma_buf_fd=11 size=0
H264 first bytes: 00 00 00 01 41 e0 02 60 04 c6 05 70 8c 02 95 e2
encode_release_packet ret=0
MP4 frame 145/1500: sequence=149 pts=5760000 us key=0 nv12=4478976 h264=11039 acquire=12.515 ms encode=26.154 ms mux=0.160 ms
start encode NV12 with RV1106 vendor packet ABI, frame=145
encode_put_frame ret=0
encode_get_packet ret=0 handle=0xaead1930 expected=0xaead1930
vendor packet: mpi_buf_id=177 len=13079 buf_size=1495040 offset=528000 data_num=1 flag=0x00000000 pts=145
valloc packet buffer: mpi_buf_id=177 dma_buf_fd=11 size=0
H264 first bytes: 00 00 00 01 41 e0 02 80 05 06 05 70 a8 88 91 4f
encode_release_packet ret=0
MP4 frame 146/1500: sequence=150 pts=5800000 us key=0 nv12=4478976 h264=13079 acquire=13.198 ms encode=26.912 ms mux=0.188 ms
start encode NV12 with RV1106 vendor packet ABI, frame=146
encode_put_frame ret=0
encode_get_packet ret=0 handle=0xaead1930 expected=0xaead1930
vendor packet: mpi_buf_id=177 len=6788 buf_size=1495040 offset=541184 data_num=1 flag=0x00000000 pts=146
valloc packet buffer: mpi_buf_id=177 dma_buf_fd=11 size=0
H264 first bytes: 00 00 00 01 41 e0 02 a0 05 46 05 70 63 00 cf 2e
encode_release_packet ret=0
MP4 frame 147/1500: sequence=151 pts=5840000 us key=0 nv12=4478976 h264=6788 acquire=12.410 ms encode=26.281 ms mux=0.115 ms
start encode NV12 with RV1106 vendor packet ABI, frame=147
encode_put_frame ret=0
encode_get_packet ret=0 handle=0xaead1930 expected=0xaead1930
vendor packet: mpi_buf_id=177 len=5464 buf_size=1495040 offset=548096 data_num=1 flag=0x00000000 pts=147
valloc packet buffer: mpi_buf_id=177 dma_buf_fd=11 size=0
H264 first bytes: 00 00 00 01 41 e0 02 c0 05 86 05 70 0d 0d 60 31
encode_release_packet ret=0
MP4 frame 148/1500: sequence=152 pts=5880000 us key=0 nv12=4478976 h264=5464 acquire=13.109 ms encode=26.976 ms mux=0.104 ms
start encode NV12 with RV1106 vendor packet ABI, frame=148
encode_put_frame ret=0
encode_get_packet ret=0 handle=0xaead1930 expected=0xaead1930
vendor packet: mpi_buf_id=177 len=5557 buf_size=1495040 offset=553600 data_num=1 flag=0x00000000 pts=148
valloc packet buffer: mpi_buf_id=177 dma_buf_fd=11 size=0
H264 first bytes: 00 00 00 01 41 e0 02 e0 05 c6 05 70 17 10 09 fe
encode_release_packet ret=0
MP4 frame 149/1500: sequence=153 pts=5920000 us key=0 nv12=4478976 h264=5557 acquire=12.432 ms encode=26.204 ms mux=0.105 ms
start encode NV12 with RV1106 vendor packet ABI, frame=149
encode_put_frame ret=0
encode_get_packet ret=0 handle=0xaead1930 expected=0xaead1930
vendor packet: mpi_buf_id=177 len=4460 buf_size=1495040 offset=559232 data_num=1 flag=0x00000000 pts=149
valloc packet buffer: mpi_buf_id=177 dma_buf_fd=11 size=0
H264 first bytes: 00 00 00 01 41 e0 03 00 06 06 05 70 02 10 53 08
encode_release_packet ret=0
MP4 frame 150/1500: sequence=154 pts=5960000 us key=0 nv12=4478976 h264=4460 acquire=13.209 ms encode=26.870 ms mux=0.098 ms
start encode NV12 with RV1106 vendor packet ABI, frame=150
encode_put_frame ret=0
encode_get_packet ret=0 handle=0xaead1930 expected=0xaead1930
vendor packet: mpi_buf_id=177 len=28670 buf_size=1495040 offset=563712 data_num=1 flag=0x00000010 pts=150
valloc packet buffer: mpi_buf_id=177 dma_buf_fd=11 size=0
H264 first bytes: 00 00 00 01 65 b8 00 01 c0 00 03 71 11 22 80 00
encode_release_packet ret=0
MP4 frame 151/1500: sequence=155 pts=6000000 us key=1 nv12=4478976 h264=28670 acquire=12.539 ms encode=25.931 ms mux=1.198 ms
start encode NV12 with RV1106 vendor packet ABI, frame=151
encode_put_frame ret=0
encode_get_packet ret=0 handle=0xaead1930 expected=0xaead1930
vendor packet: mpi_buf_id=177 len=1330 buf_size=1495040 offset=592384 data_num=1 flag=0x00000000 pts=151
valloc packet buffer: mpi_buf_id=177 dma_buf_fd=11 size=0
H264 first bytes: 00 00 00 01 41 e0 00 20 00 46 05 70 06 09 02 16
encode_release_packet ret=0
MP4 frame 152/1500: sequence=156 pts=6040000 us key=0 nv12=4478976 h264=1330 acquire=12.382 ms encode=26.834 ms mux=0.062 ms
start encode NV12 with RV1106 vendor packet ABI, frame=152
encode_put_frame ret=0
encode_get_packet ret=0 handle=0xaead1930 expected=0xaead1930
vendor packet: mpi_buf_id=177 len=3220 buf_size=1495040 offset=593792 data_num=1 flag=0x00000000 pts=152
valloc packet buffer: mpi_buf_id=177 dma_buf_fd=11 size=0
H264 first bytes: 00 00 00 01 41 e0 00 40 00 86 04 70 04 f1 46 80
encode_release_packet ret=0
MP4 frame 153/1500: sequence=157 pts=6080000 us key=0 nv12=4478976 h264=3220 acquire=12.605 ms encode=26.241 ms mux=0.080 ms
start encode NV12 with RV1106 vendor packet ABI, frame=153
encode_put_frame ret=0
encode_get_packet ret=0 handle=0xaead1930 expected=0xaead1930
vendor packet: mpi_buf_id=177 len=2878 buf_size=1495040 offset=597120 data_num=1 flag=0x00000000 pts=153
valloc packet buffer: mpi_buf_id=177 dma_buf_fd=11 size=0
H264 first bytes: 00 00 00 01 41 e0 00 60 00 c6 04 70 19 55 80 87
encode_release_packet ret=0
MP4 frame 154/1500: sequence=158 pts=6120000 us key=0 nv12=4478976 h264=2878 acquire=13.193 ms encode=27.016 ms mux=0.077 ms
start encode NV12 with RV1106 vendor packet ABI, frame=154
encode_put_frame ret=0
encode_get_packet ret=0 handle=0xaead1930 expected=0xaead1930
vendor packet: mpi_buf_id=177 len=2960 buf_size=1495040 offset=600064 data_num=1 flag=0x00000000 pts=154
valloc packet buffer: mpi_buf_id=177 dma_buf_fd=11 size=0
H264 first bytes: 00 00 00 01 41 e0 00 80 01 06 04 70 0a b5 28 aa
encode_release_packet ret=0
MP4 frame 155/1500: sequence=159 pts=6160000 us key=0 nv12=4478976 h264=2960 acquire=12.428 ms encode=26.144 ms mux=0.077 ms
start encode NV12 with RV1106 vendor packet ABI, frame=155
encode_put_frame ret=0
encode_get_packet ret=0 handle=0xaead1930 expected=0xaead1930
vendor packet: mpi_buf_id=177 len=3652 buf_size=1495040 offset=603136 data_num=1 flag=0x00000000 pts=155
valloc packet buffer: mpi_buf_id=177 dma_buf_fd=11 size=0
H264 first bytes: 00 00 00 01 41 e0 00 a0 01 46 04 70 02 13 52 80
encode_release_packet ret=0
MP4 frame 156/1500: sequence=160 pts=6200000 us key=0 nv12=4478976 h264=3652 acquire=13.285 ms encode=26.753 ms mux=0.081 ms
start encode NV12 with RV1106 vendor packet ABI, frame=156
encode_put_frame ret=0
encode_get_packet ret=0 handle=0xaead1930 expected=0xaead1930
vendor packet: mpi_buf_id=177 len=3021 buf_size=1495040 offset=606848 data_num=1 flag=0x00000000 pts=156
valloc packet buffer: mpi_buf_id=177 dma_buf_fd=11 size=0
H264 first bytes: 00 00 00 01 41 e0 00 c0 01 86 05 70 73 03 97 82
encode_release_packet ret=0
MP4 frame 157/1500: sequence=161 pts=6240000 us key=0 nv12=4478976 h264=3021 acquire=12.677 ms encode=26.265 ms mux=0.082 ms
start encode NV12 with RV1106 vendor packet ABI, frame=157
encode_put_frame ret=0
encode_get_packet ret=0 handle=0xaead1930 expected=0xaead1930
vendor packet: mpi_buf_id=177 len=2529 buf_size=1495040 offset=609920 data_num=1 flag=0x00000000 pts=157
valloc packet buffer: mpi_buf_id=177 dma_buf_fd=11 size=0
H264 first bytes: 00 00 00 01 41 e0 00 e0 01 c6 05 70 6f a1 82 7a
encode_release_packet ret=0
MP4 frame 158/1500: sequence=162 pts=6280000 us key=0 nv12=4478976 h264=2529 acquire=13.171 ms encode=26.736 ms mux=0.074 ms
start encode NV12 with RV1106 vendor packet ABI, frame=158
encode_put_frame ret=0
encode_get_packet ret=0 handle=0xaead1930 expected=0xaead1930
vendor packet: mpi_buf_id=177 len=2154 buf_size=1495040 offset=612480 data_num=1 flag=0x00000000 pts=158
valloc packet buffer: mpi_buf_id=177 dma_buf_fd=11 size=0
H264 first bytes: 00 00 00 01 41 e0 01 00 02 06 04 70 69 48 60 9d
encode_release_packet ret=0
MP4 frame 159/1500: sequence=163 pts=6320000 us key=0 nv12=4478976 h264=2154 acquire=12.700 ms encode=26.254 ms mux=0.071 ms
start encode NV12 with RV1106 vendor packet ABI, frame=159
encode_put_frame ret=0
encode_get_packet ret=0 handle=0xaead1930 expected=0xaead1930
vendor packet: mpi_buf_id=177 len=1592 buf_size=1495040 offset=614656 data_num=1 flag=0x00000000 pts=159
valloc packet buffer: mpi_buf_id=177 dma_buf_fd=11 size=0
H264 first bytes: 00 00 00 01 41 e0 01 20 02 46 04 70 1c 5a 81 f6
encode_release_packet ret=0
MP4 frame 160/1500: sequence=164 pts=6360000 us key=0 nv12=4478976 h264=1592 acquire=13.194 ms encode=26.850 ms mux=0.063 ms
start encode NV12 with RV1106 vendor packet ABI, frame=160
encode_put_frame ret=0
encode_get_packet ret=0 handle=0xaead1930 expected=0xaead1930
vendor packet: mpi_buf_id=177 len=2285 buf_size=1495040 offset=616320 data_num=1 flag=0x00000000 pts=160
valloc packet buffer: mpi_buf_id=177 dma_buf_fd=11 size=0
H264 first bytes: 00 00 00 01 41 e0 01 40 02 86 0d c0 66 4c a0 23
encode_release_packet ret=0
MP4 frame 161/1500: sequence=165 pts=6400000 us key=0 nv12=4478976 h264=2285 acquire=12.600 ms encode=26.163 ms mux=0.071 ms
start encode NV12 with RV1106 vendor packet ABI, frame=161
encode_put_frame ret=0
encode_get_packet ret=0 handle=0xaead1930 expected=0xaead1930
vendor packet: mpi_buf_id=177 len=2240 buf_size=1495040 offset=618624 data_num=1 flag=0x00000000 pts=161
valloc packet buffer: mpi_buf_id=177 dma_buf_fd=11 size=0
H264 first bytes: 00 00 00 01 41 e0 01 60 02 c6 0d c0 2d 7a 8a d4
encode_release_packet ret=0
MP4 frame 162/1500: sequence=166 pts=6440000 us key=0 nv12=4478976 h264=2240 acquire=13.279 ms encode=26.891 ms mux=0.072 ms
start encode NV12 with RV1106 vendor packet ABI, frame=162
encode_put_frame ret=0
encode_get_packet ret=0 handle=0xaead1930 expected=0xaead1930
vendor packet: mpi_buf_id=177 len=2918 buf_size=1495040 offset=620928 data_num=1 flag=0x00000000 pts=162
valloc packet buffer: mpi_buf_id=177 dma_buf_fd=11 size=0
H264 first bytes: 00 00 00 01 41 e0 01 80 03 06 0d c0 2c 3a 0a 0d
encode_release_packet ret=0
MP4 frame 163/1500: sequence=167 pts=6480000 us key=0 nv12=4478976 h264=2918 acquire=12.546 ms encode=26.333 ms mux=0.079 ms
start encode NV12 with RV1106 vendor packet ABI, frame=163
encode_put_frame ret=0
encode_get_packet ret=0 handle=0xaead1930 expected=0xaead1930
vendor packet: mpi_buf_id=177 len=3294 buf_size=1495040 offset=623872 data_num=1 flag=0x00000000 pts=163
valloc packet buffer: mpi_buf_id=177 dma_buf_fd=11 size=0
H264 first bytes: 00 00 00 01 41 e0 01 a0 03 46 0d c0 61 d1 82 82
encode_release_packet ret=0
MP4 frame 164/1500: sequence=168 pts=6520000 us key=0 nv12=4478976 h264=3294 acquire=13.110 ms encode=26.856 ms mux=0.082 ms
start encode NV12 with RV1106 vendor packet ABI, frame=164
encode_put_frame ret=0
encode_get_packet ret=0 handle=0xaead1930 expected=0xaead1930
vendor packet: mpi_buf_id=177 len=3031 buf_size=1495040 offset=627200 data_num=1 flag=0x00000000 pts=164
valloc packet buffer: mpi_buf_id=177 dma_buf_fd=11 size=0
H264 first bytes: 00 00 00 01 41 e0 01 c0 03 86 0d c0 60 d4 78 ba
encode_release_packet ret=0
MP4 frame 165/1500: sequence=169 pts=6560000 us key=0 nv12=4478976 h264=3031 acquire=12.576 ms encode=26.194 ms mux=0.080 ms
start encode NV12 with RV1106 vendor packet ABI, frame=165
encode_put_frame ret=0
encode_get_packet ret=0 handle=0xaead1930 expected=0xaead1930
vendor packet: mpi_buf_id=177 len=2780 buf_size=1495040 offset=630272 data_num=1 flag=0x00000000 pts=165
valloc packet buffer: mpi_buf_id=177 dma_buf_fd=11 size=0
H264 first bytes: 00 00 00 01 41 e0 01 e0 03 c6 0d c0 6a 5a 81 e6
encode_release_packet ret=0
MP4 frame 166/1500: sequence=170 pts=6600000 us key=0 nv12=4478976 h264=2780 acquire=13.232 ms encode=26.932 ms mux=0.077 ms
start encode NV12 with RV1106 vendor packet ABI, frame=166
encode_put_frame ret=0
encode_get_packet ret=0 handle=0xaead1930 expected=0xaead1930
vendor packet: mpi_buf_id=177 len=1597 buf_size=1495040 offset=633088 data_num=1 flag=0x00000000 pts=166
valloc packet buffer: mpi_buf_id=177 dma_buf_fd=11 size=0
H264 first bytes: 00 00 00 01 41 e0 02 00 04 06 0d c1 95 21 82 75
encode_release_packet ret=0
MP4 frame 167/1500: sequence=171 pts=6640000 us key=0 nv12=4478976 h264=1597 acquire=12.507 ms encode=26.159 ms mux=0.065 ms
start encode NV12 with RV1106 vendor packet ABI, frame=167
encode_put_frame ret=0
encode_get_packet ret=0 handle=0xaead1930 expected=0xaead1930
vendor packet: mpi_buf_id=177 len=4984 buf_size=1495040 offset=634752 data_num=1 flag=0x00000000 pts=167
valloc packet buffer: mpi_buf_id=177 dma_buf_fd=11 size=0
H264 first bytes: 00 00 00 01 41 e0 02 20 04 46 17 06 14 86 09 aa
encode_release_packet ret=0
MP4 frame 168/1500: sequence=172 pts=6680000 us key=0 nv12=4478976 h264=4984 acquire=13.298 ms encode=26.837 ms mux=0.095 ms
start encode NV12 with RV1106 vendor packet ABI, frame=168
encode_put_frame ret=0
encode_get_packet ret=0 handle=0xaead1930 expected=0xaead1930
vendor packet: mpi_buf_id=177 len=7602 buf_size=1495040 offset=639744 data_num=1 flag=0x00000000 pts=168
valloc packet buffer: mpi_buf_id=177 dma_buf_fd=11 size=0
H264 first bytes: 00 00 00 01 41 e0 02 40 04 86 3f d0 97 87 6a af
encode_release_packet ret=0
MP4 frame 169/1500: sequence=173 pts=6720000 us key=0 nv12=4478976 h264=7602 acquire=12.580 ms encode=26.207 ms mux=0.128 ms
start encode NV12 with RV1106 vendor packet ABI, frame=169
encode_put_frame ret=0
encode_get_packet ret=0 handle=0xaead1930 expected=0xaead1930
vendor packet: mpi_buf_id=177 len=10496 buf_size=1495040 offset=647424 data_num=1 flag=0x00000000 pts=169
valloc packet buffer: mpi_buf_id=177 dma_buf_fd=11 size=0
H264 first bytes: 00 00 00 01 41 e0 02 60 04 c6 1f 0e f4 27 f3 75
encode_release_packet ret=0
MP4 frame 170/1500: sequence=174 pts=6760000 us key=0 nv12=4478976 h264=10496 acquire=13.171 ms encode=26.917 ms mux=0.159 ms
start encode NV12 with RV1106 vendor packet ABI, frame=170
encode_put_frame ret=0
encode_get_packet ret=0 handle=0xaead1930 expected=0xaead1930
vendor packet: mpi_buf_id=177 len=15254 buf_size=1495040 offset=657920 data_num=1 flag=0x00000000 pts=170
valloc packet buffer: mpi_buf_id=177 dma_buf_fd=11 size=0
H264 first bytes: 00 00 00 01 41 e0 02 80 05 06 0b c0 56 74 2d e5
encode_release_packet ret=0
MP4 frame 171/1500: sequence=175 pts=6800000 us key=0 nv12=4478976 h264=15254 acquire=12.444 ms encode=26.193 ms mux=0.202 ms
start encode NV12 with RV1106 vendor packet ABI, frame=171
encode_put_frame ret=0
encode_get_packet ret=0 handle=0xaead1930 expected=0xaead1930
vendor packet: mpi_buf_id=177 len=17947 buf_size=1495040 offset=673280 data_num=1 flag=0x00000000 pts=171
valloc packet buffer: mpi_buf_id=177 dma_buf_fd=11 size=0
H264 first bytes: 00 00 00 01 41 e0 02 a0 05 46 0f cb 54 25 fb ab
encode_release_packet ret=0
MP4 frame 172/1500: sequence=176 pts=6840000 us key=0 nv12=4478976 h264=17947 acquire=13.125 ms encode=26.792 ms mux=0.231 ms
start encode NV12 with RV1106 vendor packet ABI, frame=172
encode_put_frame ret=0
encode_get_packet ret=0 handle=0xaead1930 expected=0xaead1930
vendor packet: mpi_buf_id=177 len=18538 buf_size=1495040 offset=691328 data_num=1 flag=0x00000000 pts=172
valloc packet buffer: mpi_buf_id=177 dma_buf_fd=11 size=0
H264 first bytes: 00 00 00 01 41 e0 02 c0 05 86 0f c0 a1 32 08 89
encode_release_packet ret=0
MP4 frame 173/1500: sequence=177 pts=6880000 us key=0 nv12=4478976 h264=18538 acquire=12.481 ms encode=26.236 ms mux=0.250 ms
start encode NV12 with RV1106 vendor packet ABI, frame=173
encode_put_frame ret=0
encode_get_packet ret=0 handle=0xaead1930 expected=0xaead1930
vendor packet: mpi_buf_id=177 len=20429 buf_size=1495040 offset=709888 data_num=1 flag=0x00000000 pts=173
valloc packet buffer: mpi_buf_id=177 dma_buf_fd=11 size=0
H264 first bytes: 00 00 00 01 41 e0 02 e0 05 c6 04 f0 47 48 60 9a
encode_release_packet ret=0
MP4 frame 174/1500: sequence=178 pts=6920000 us key=0 nv12=4478976 h264=20429 acquire=13.029 ms encode=26.898 ms mux=0.272 ms
start encode NV12 with RV1106 vendor packet ABI, frame=174
encode_put_frame ret=0
encode_get_packet ret=0 handle=0xaead1930 expected=0xaead1930
vendor packet: mpi_buf_id=177 len=3195 buf_size=1495040 offset=730368 data_num=1 flag=0x00000000 pts=174
valloc packet buffer: mpi_buf_id=177 dma_buf_fd=11 size=0
H264 first bytes: 00 00 00 01 41 e0 03 00 06 06 04 70 63 81 f3 d7
encode_release_packet ret=0
MP4 frame 175/1500: sequence=179 pts=6960000 us key=0 nv12=4478976 h264=3195 acquire=12.356 ms encode=26.242 ms mux=0.081 ms
start encode NV12 with RV1106 vendor packet ABI, frame=175
encode_put_frame ret=0
encode_get_packet ret=0 handle=0xaead1930 expected=0xaead1930
vendor packet: mpi_buf_id=177 len=33033 buf_size=1495040 offset=733568 data_num=1 flag=0x00000010 pts=175
valloc packet buffer: mpi_buf_id=177 dma_buf_fd=11 size=0
H264 first bytes: 00 00 00 01 65 b8 00 00 80 00 00 9c 44 48 a0 00
encode_release_packet ret=0
MP4 frame 176/1500: sequence=180 pts=7000000 us key=1 nv12=4478976 h264=33033 acquire=13.172 ms encode=26.574 ms mux=1.006 ms
start encode NV12 with RV1106 vendor packet ABI, frame=176
encode_put_frame ret=0
encode_get_packet ret=0 handle=0xaead1930 expected=0xaead1930
vendor packet: mpi_buf_id=177 len=2067 buf_size=1495040 offset=766720 data_num=1 flag=0x00000000 pts=176
valloc packet buffer: mpi_buf_id=177 dma_buf_fd=11 size=0
H264 first bytes: 00 00 00 01 41 e0 00 20 00 46 04 70 02 28 56 00
encode_release_packet ret=0
MP4 frame 177/1500: sequence=181 pts=7040000 us key=0 nv12=4478976 h264=2067 acquire=11.937 ms encode=26.270 ms mux=0.072 ms
start encode NV12 with RV1106 vendor packet ABI, frame=177
encode_put_frame ret=0
encode_get_packet ret=0 handle=0xaead1930 expected=0xaead1930
vendor packet: mpi_buf_id=177 len=3105 buf_size=1495040 offset=768896 data_num=1 flag=0x00000000 pts=177
valloc packet buffer: mpi_buf_id=177 dma_buf_fd=11 size=0
H264 first bytes: 00 00 00 01 41 e0 00 40 00 86 04 70 18 30 3d 78
encode_release_packet ret=0
MP4 frame 178/1500: sequence=182 pts=7080000 us key=0 nv12=4478976 h264=3105 acquire=13.044 ms encode=26.898 ms mux=0.080 ms
start encode NV12 with RV1106 vendor packet ABI, frame=178
encode_put_frame ret=0
encode_get_packet ret=0 handle=0xaead1930 expected=0xaead1930
vendor packet: mpi_buf_id=177 len=2706 buf_size=1495040 offset=772096 data_num=1 flag=0x00000000 pts=178
valloc packet buffer: mpi_buf_id=177 dma_buf_fd=11 size=0
H264 first bytes: 00 00 00 01 41 e0 00 60 00 c6 0d c0 2a b4 a1 5a
encode_release_packet ret=0
MP4 frame 179/1500: sequence=183 pts=7120000 us key=0 nv12=4478976 h264=2706 acquire=12.535 ms encode=26.256 ms mux=0.077 ms
start encode NV12 with RV1106 vendor packet ABI, frame=179
encode_put_frame ret=0
encode_get_packet ret=0 handle=0xaead1930 expected=0xaead1930
vendor packet: mpi_buf_id=177 len=3237 buf_size=1495040 offset=774912 data_num=1 flag=0x00000000 pts=179
valloc packet buffer: mpi_buf_id=177 dma_buf_fd=11 size=0
H264 first bytes: 00 00 00 01 41 e0 00 80 01 06 05 70 61 01 3f 80
encode_release_packet ret=0
MP4 frame 180/1500: sequence=184 pts=7160000 us key=0 nv12=4478976 h264=3237 acquire=13.185 ms encode=26.864 ms mux=0.080 ms
start encode NV12 with RV1106 vendor packet ABI, frame=180
encode_put_frame ret=0
encode_get_packet ret=0 handle=0xaead1930 expected=0xaead1930
vendor packet: mpi_buf_id=177 len=8294 buf_size=1495040 offset=778240 data_num=1 flag=0x00000000 pts=180
valloc packet buffer: mpi_buf_id=177 dma_buf_fd=11 size=0
H264 first bytes: 00 00 00 01 41 e0 00 a0 01 46 05 70 bc 02 ff fd
encode_release_packet ret=0
MP4 frame 181/1500: sequence=185 pts=7200000 us key=0 nv12=4478976 h264=8294 acquire=12.573 ms encode=26.298 ms mux=0.131 ms
start encode NV12 with RV1106 vendor packet ABI, frame=181
encode_put_frame ret=0
encode_get_packet ret=0 handle=0xaead1930 expected=0xaead1930
vendor packet: mpi_buf_id=177 len=10618 buf_size=1495040 offset=786560 data_num=1 flag=0x00000000 pts=181
valloc packet buffer: mpi_buf_id=177 dma_buf_fd=11 size=0
H264 first bytes: 00 00 00 01 41 e0 00 c0 01 86 05 70 ec 0f f8 42
encode_release_packet ret=0
MP4 frame 182/1500: sequence=186 pts=7240000 us key=0 nv12=4478976 h264=10618 acquire=13.082 ms encode=26.851 ms mux=0.156 ms
start encode NV12 with RV1106 vendor packet ABI, frame=182
encode_put_frame ret=0
encode_get_packet ret=0 handle=0xaead1930 expected=0xaead1930
vendor packet: mpi_buf_id=177 len=7835 buf_size=1495040 offset=797184 data_num=1 flag=0x00000000 pts=182
valloc packet buffer: mpi_buf_id=177 dma_buf_fd=11 size=0
H264 first bytes: 00 00 00 01 41 e0 00 e0 01 c6 05 70 45 c6 09 77
encode_release_packet ret=0
MP4 frame 183/1500: sequence=187 pts=7280000 us key=0 nv12=4478976 h264=7835 acquire=12.507 ms encode=26.208 ms mux=0.129 ms
start encode NV12 with RV1106 vendor packet ABI, frame=183
encode_put_frame ret=0
encode_get_packet ret=0 handle=0xaead1930 expected=0xaead1930
vendor packet: mpi_buf_id=177 len=7558 buf_size=1495040 offset=805120 data_num=1 flag=0x00000000 pts=183
valloc packet buffer: mpi_buf_id=177 dma_buf_fd=11 size=0
H264 first bytes: 00 00 00 01 41 e0 01 00 02 06 05 70 c8 88 91 5c
encode_release_packet ret=0
MP4 frame 184/1500: sequence=188 pts=7320000 us key=0 nv12=4478976 h264=7558 acquire=13.169 ms encode=26.941 ms mux=0.126 ms
start encode NV12 with RV1106 vendor packet ABI, frame=184
encode_put_frame ret=0
encode_get_packet ret=0 handle=0xaead1930 expected=0xaead1930
vendor packet: mpi_buf_id=177 len=5318 buf_size=1495040 offset=812800 data_num=1 flag=0x00000000 pts=184
valloc packet buffer: mpi_buf_id=177 dma_buf_fd=11 size=0
H264 first bytes: 00 00 00 01 41 e0 01 20 02 46 05 70 a7 18 25 dd
encode_release_packet ret=0
MP4 frame 185/1500: sequence=189 pts=7360000 us key=0 nv12=4478976 h264=5318 acquire=12.448 ms encode=26.362 ms mux=0.102 ms
start encode NV12 with RV1106 vendor packet ABI, frame=185
encode_put_frame ret=0
encode_get_packet ret=0 handle=0xaead1930 expected=0xaead1930
vendor packet: mpi_buf_id=177 len=9042 buf_size=1495040 offset=818176 data_num=1 flag=0x00000000 pts=185
valloc packet buffer: mpi_buf_id=177 dma_buf_fd=11 size=0
H264 first bytes: 00 00 00 01 41 e0 01 40 02 86 05 70 05 0b 81 a7
encode_release_packet ret=0
MP4 frame 186/1500: sequence=190 pts=7400000 us key=0 nv12=4478976 h264=9042 acquire=13.054 ms encode=26.821 ms mux=0.136 ms
start encode NV12 with RV1106 vendor packet ABI, frame=186
encode_put_frame ret=0
encode_get_packet ret=0 handle=0xaead1930 expected=0xaead1930
vendor packet: mpi_buf_id=177 len=12493 buf_size=1495040 offset=827264 data_num=1 flag=0x00000000 pts=186
valloc packet buffer: mpi_buf_id=177 dma_buf_fd=11 size=0
H264 first bytes: 00 00 00 01 41 e0 01 60 02 c6 05 70 6d 00 bc f8
encode_release_packet ret=0
MP4 frame 187/1500: sequence=191 pts=7440000 us key=0 nv12=4478976 h264=12493 acquire=12.546 ms encode=26.330 ms mux=0.182 ms
start encode NV12 with RV1106 vendor packet ABI, frame=187
encode_put_frame ret=0
encode_get_packet ret=0 handle=0xaead1930 expected=0xaead1930
vendor packet: mpi_buf_id=177 len=9888 buf_size=1495040 offset=839808 data_num=1 flag=0x00000000 pts=187
valloc packet buffer: mpi_buf_id=177 dma_buf_fd=11 size=0
H264 first bytes: 00 00 00 01 41 e0 01 80 03 06 05 76 22 24 56 c4
encode_release_packet ret=0
MP4 frame 188/1500: sequence=192 pts=7480000 us key=0 nv12=4478976 h264=9888 acquire=13.002 ms encode=26.886 ms mux=0.149 ms
start encode NV12 with RV1106 vendor packet ABI, frame=188
encode_put_frame ret=0
encode_get_packet ret=0 handle=0xaead1930 expected=0xaead1930
vendor packet: mpi_buf_id=177 len=7757 buf_size=1495040 offset=849792 data_num=1 flag=0x00000000 pts=188
valloc packet buffer: mpi_buf_id=177 dma_buf_fd=11 size=0
H264 first bytes: 00 00 00 01 41 e0 01 a0 03 46 05 70 25 40 ff 92
encode_release_packet ret=0
MP4 frame 189/1500: sequence=193 pts=7520000 us key=0 nv12=4478976 h264=7757 acquire=12.472 ms encode=26.244 ms mux=0.129 ms
start encode NV12 with RV1106 vendor packet ABI, frame=189
encode_put_frame ret=0
encode_get_packet ret=0 handle=0xaead1930 expected=0xaead1930
vendor packet: mpi_buf_id=177 len=9309 buf_size=1495040 offset=857600 data_num=1 flag=0x00000000 pts=189
valloc packet buffer: mpi_buf_id=177 dma_buf_fd=11 size=0
H264 first bytes: 00 00 00 01 41 e0 01 c0 03 86 05 70 5f c6 09 77
encode_release_packet ret=0
MP4 frame 190/1500: sequence=194 pts=7560000 us key=0 nv12=4478976 h264=9309 acquire=13.144 ms encode=26.851 ms mux=0.147 ms
start encode NV12 with RV1106 vendor packet ABI, frame=190
encode_put_frame ret=0
encode_get_packet ret=0 handle=0xaead1930 expected=0xaead1930
vendor packet: mpi_buf_id=177 len=11015 buf_size=1495040 offset=866944 data_num=1 flag=0x00000000 pts=190
valloc packet buffer: mpi_buf_id=177 dma_buf_fd=11 size=0
H264 first bytes: 00 00 00 01 41 e0 01 e0 03 c6 05 70 55 c6 09 77
encode_release_packet ret=0
MP4 frame 191/1500: sequence=195 pts=7600000 us key=0 nv12=4478976 h264=11015 acquire=12.521 ms encode=26.199 ms mux=0.159 ms
start encode NV12 with RV1106 vendor packet ABI, frame=191
encode_put_frame ret=0
encode_get_packet ret=0 handle=0xaead1930 expected=0xaead1930
vendor packet: mpi_buf_id=177 len=10012 buf_size=1495040 offset=878080 data_num=1 flag=0x00000000 pts=191
valloc packet buffer: mpi_buf_id=177 dma_buf_fd=11 size=0
H264 first bytes: 00 00 00 01 41 e0 02 00 04 06 05 70 30 c0 2f 1e
encode_release_packet ret=0
MP4 frame 192/1500: sequence=196 pts=7640000 us key=0 nv12=4478976 h264=10012 acquire=13.158 ms encode=26.949 ms mux=0.148 ms
start encode NV12 with RV1106 vendor packet ABI, frame=192
encode_put_frame ret=0
encode_get_packet ret=0 handle=0xaead1930 expected=0xaead1930
vendor packet: mpi_buf_id=177 len=9416 buf_size=1495040 offset=888192 data_num=1 flag=0x00000000 pts=192
valloc packet buffer: mpi_buf_id=177 dma_buf_fd=11 size=0
H264 first bytes: 00 00 00 01 41 e0 02 20 04 46 05 70 52 22 24 51
encode_release_packet ret=0
MP4 frame 193/1500: sequence=197 pts=7680000 us key=0 nv12=4478976 h264=9416 acquire=12.414 ms encode=26.396 ms mux=0.141 ms
start encode NV12 with RV1106 vendor packet ABI, frame=193
encode_put_frame ret=0
encode_get_packet ret=0 handle=0xaead1930 expected=0xaead1930
vendor packet: mpi_buf_id=177 len=11563 buf_size=1495040 offset=897664 data_num=1 flag=0x00000000 pts=193
valloc packet buffer: mpi_buf_id=177 dma_buf_fd=11 size=0
H264 first bytes: 00 00 00 01 41 e0 02 40 04 86 05 70 42 22 24 51
encode_release_packet ret=0
MP4 frame 194/1500: sequence=198 pts=7720000 us key=0 nv12=4478976 h264=11563 acquire=12.967 ms encode=26.835 ms mux=0.170 ms
start encode NV12 with RV1106 vendor packet ABI, frame=194
encode_put_frame ret=0
encode_get_packet ret=0 handle=0xaead1930 expected=0xaead1930
vendor packet: mpi_buf_id=177 len=11873 buf_size=1495040 offset=909312 data_num=1 flag=0x00000000 pts=194
valloc packet buffer: mpi_buf_id=177 dma_buf_fd=11 size=0
H264 first bytes: 00 00 00 01 41 e0 02 60 04 c6 05 70 cf 18 25 dd
encode_release_packet ret=0
MP4 frame 195/1500: sequence=199 pts=7760000 us key=0 nv12=4478976 h264=11873 acquire=12.507 ms encode=26.260 ms mux=0.169 ms
start encode NV12 with RV1106 vendor packet ABI, frame=195
encode_put_frame ret=0
encode_get_packet ret=0 handle=0xaead1930 expected=0xaead1930
vendor packet: mpi_buf_id=177 len=8308 buf_size=1495040 offset=921216 data_num=1 flag=0x00000000 pts=195
valloc packet buffer: mpi_buf_id=177 dma_buf_fd=11 size=0
H264 first bytes: 00 00 00 01 41 e0 02 80 05 06 05 7f 18 25 dd dd
encode_release_packet ret=0
MP4 frame 196/1500: sequence=200 pts=7800000 us key=0 nv12=4478976 h264=8308 acquire=13.084 ms encode=27.500 ms mux=0.135 ms
start encode NV12 with RV1106 vendor packet ABI, frame=196
encode_put_frame ret=0
encode_get_packet ret=0 handle=0xaead1930 expected=0xaead1930
vendor packet: mpi_buf_id=177 len=8909 buf_size=1495040 offset=929536 data_num=1 flag=0x00000000 pts=196
valloc packet buffer: mpi_buf_id=177 dma_buf_fd=11 size=0
H264 first bytes: 00 00 00 01 41 e0 02 a0 05 46 05 70 3c c0 0b 45
encode_release_packet ret=0
MP4 frame 197/1500: sequence=201 pts=7840000 us key=0 nv12=4478976 h264=8909 acquire=11.872 ms encode=26.254 ms mux=0.136 ms
start encode NV12 with RV1106 vendor packet ABI, frame=197
encode_put_frame ret=0
encode_get_packet ret=0 handle=0xaead1930 expected=0xaead1930
vendor packet: mpi_buf_id=177 len=9518 buf_size=1495040 offset=938496 data_num=1 flag=0x00000000 pts=197
valloc packet buffer: mpi_buf_id=177 dma_buf_fd=11 size=0
H264 first bytes: 00 00 00 01 41 e0 02 c0 05 86 05 70 23 09 89 14
encode_release_packet ret=0
MP4 frame 198/1500: sequence=202 pts=7880000 us key=0 nv12=4478976 h264=9518 acquire=13.130 ms encode=26.841 ms mux=0.142 ms
start encode NV12 with RV1106 vendor packet ABI, frame=198
encode_put_frame ret=0
encode_get_packet ret=0 handle=0xaead1930 expected=0xaead1930
vendor packet: mpi_buf_id=177 len=8754 buf_size=1495040 offset=948096 data_num=1 flag=0x00000000 pts=198
valloc packet buffer: mpi_buf_id=177 dma_buf_fd=11 size=0
H264 first bytes: 00 00 00 01 41 e0 02 e0 05 c6 05 71 c2 62 5e 23
encode_release_packet ret=0
MP4 frame 199/1500: sequence=203 pts=7920000 us key=0 nv12=4478976 h264=8754 acquire=12.530 ms encode=26.244 ms mux=0.138 ms
start encode NV12 with RV1106 vendor packet ABI, frame=199
encode_put_frame ret=0
encode_get_packet ret=0 handle=0xaead1930 expected=0xaead1930
vendor packet: mpi_buf_id=177 len=8002 buf_size=1495040 offset=956928 data_num=1 flag=0x00000000 pts=199
valloc packet buffer: mpi_buf_id=177 dma_buf_fd=11 size=0
H264 first bytes: 00 00 00 01 41 e0 03 00 06 06 05 71 5c 60 97 77
encode_release_packet ret=0
MP4 frame 200/1500: sequence=204 pts=7960000 us key=0 nv12=4478976 h264=8002 acquire=13.123 ms encode=26.851 ms mux=0.128 ms
start encode NV12 with RV1106 vendor packet ABI, frame=200
encode_put_frame ret=0
encode_get_packet ret=0 handle=0xaead1930 expected=0xaead1930
vendor packet: mpi_buf_id=177 len=11328 buf_size=1495040 offset=964992 data_num=1 flag=0x00000010 pts=200
valloc packet buffer: mpi_buf_id=177 dma_buf_fd=11 size=0
H264 first bytes: 00 00 00 01 65 b8 00 00 90 00 00 dc 44 48 a0 00
encode_release_packet ret=0
MP4 frame 201/1500: sequence=205 pts=8000000 us key=1 nv12=4478976 h264=11328 acquire=12.534 ms encode=26.042 ms mux=0.791 ms
start encode NV12 with RV1106 vendor packet ABI, frame=201
encode_put_frame ret=0
encode_get_packet ret=0 handle=0xaead1930 expected=0xaead1930
vendor packet: mpi_buf_id=177 len=2021 buf_size=1495040 offset=976384 data_num=1 flag=0x00000000 pts=201
valloc packet buffer: mpi_buf_id=177 dma_buf_fd=11 size=0
H264 first bytes: 00 00 00 01 41 e0 00 20 00 46 05 70 03 bf e0 48
encode_release_packet ret=0
MP4 frame 202/1500: sequence=206 pts=8040000 us key=0 nv12=4478976 h264=2021 acquire=12.684 ms encode=26.870 ms mux=0.070 ms
start encode NV12 with RV1106 vendor packet ABI, frame=202
encode_put_frame ret=0
encode_get_packet ret=0 handle=0xaead1930 expected=0xaead1930
vendor packet: mpi_buf_id=177 len=4363 buf_size=1495040 offset=978432 data_num=1 flag=0x00000000 pts=202
valloc packet buffer: mpi_buf_id=177 dma_buf_fd=11 size=0
H264 first bytes: 00 00 00 01 41 e0 00 40 00 86 04 70 0e 86 1f 18
encode_release_packet ret=0
MP4 frame 203/1500: sequence=207 pts=8080000 us key=0 nv12=4478976 h264=4363 acquire=12.548 ms encode=26.299 ms mux=0.094 ms
start encode NV12 with RV1106 vendor packet ABI, frame=203
encode_put_frame ret=0
encode_get_packet ret=0 handle=0xaead1930 expected=0xaead1930
vendor packet: mpi_buf_id=177 len=5900 buf_size=1495040 offset=982912 data_num=1 flag=0x00000000 pts=203
valloc packet buffer: mpi_buf_id=177 dma_buf_fd=11 size=0
H264 first bytes: 00 00 00 01 41 e0 00 60 00 c6 04 71 22 22 45 1c
encode_release_packet ret=0
MP4 frame 204/1500: sequence=208 pts=8120000 us key=0 nv12=4478976 h264=5900 acquire=13.130 ms encode=26.808 ms mux=0.109 ms
start encode NV12 with RV1106 vendor packet ABI, frame=204
encode_put_frame ret=0
encode_get_packet ret=0 handle=0xaead1930 expected=0xaead1930
vendor packet: mpi_buf_id=177 len=5145 buf_size=1495040 offset=988928 data_num=1 flag=0x00000000 pts=204
valloc packet buffer: mpi_buf_id=177 dma_buf_fd=11 size=0
H264 first bytes: 00 00 00 01 41 e0 00 80 01 06 05 70 11 a2 22 45
encode_release_packet ret=0
MP4 frame 205/1500: sequence=209 pts=8160000 us key=0 nv12=4478976 h264=5145 acquire=12.600 ms encode=26.335 ms mux=0.100 ms
start encode NV12 with RV1106 vendor packet ABI, frame=205
encode_put_frame ret=0
encode_get_packet ret=0 handle=0xaead1930 expected=0xaead1930
vendor packet: mpi_buf_id=177 len=5909 buf_size=1495040 offset=994176 data_num=1 flag=0x00000000 pts=205
valloc packet buffer: mpi_buf_id=177 dma_buf_fd=11 size=0
H264 first bytes: 00 00 00 01 41 e0 00 a0 01 46 05 7f 18 25 dd dd
encode_release_packet ret=0
MP4 frame 206/1500: sequence=210 pts=8200000 us key=0 nv12=4478976 h264=5909 acquire=13.079 ms encode=26.852 ms mux=0.105 ms
start encode NV12 with RV1106 vendor packet ABI, frame=206
encode_put_frame ret=0
encode_get_packet ret=0 handle=0xaead1930 expected=0xaead1930
vendor packet: mpi_buf_id=177 len=5801 buf_size=1495040 offset=1000192 data_num=1 flag=0x00000000 pts=206
valloc packet buffer: mpi_buf_id=177 dma_buf_fd=11 size=0
H264 first bytes: 00 00 00 01 41 e0 00 c0 01 86 05 70 6a 22 24 57
encode_release_packet ret=0
MP4 frame 207/1500: sequence=211 pts=8240000 us key=0 nv12=4478976 h264=5801 acquire=12.555 ms encode=26.241 ms mux=0.106 ms
start encode NV12 with RV1106 vendor packet ABI, frame=207
encode_put_frame ret=0
encode_get_packet ret=0 handle=0xaead1930 expected=0xaead1930
vendor packet: mpi_buf_id=177 len=4282 buf_size=1495040 offset=1006080 data_num=1 flag=0x00000000 pts=207
valloc packet buffer: mpi_buf_id=177 dma_buf_fd=11 size=0
H264 first bytes: 00 00 00 01 41 e0 00 e0 01 c6 05 71 22 22 45 1c
encode_release_packet ret=0
MP4 frame 208/1500: sequence=212 pts=8280000 us key=0 nv12=4478976 h264=4282 acquire=13.172 ms encode=26.833 ms mux=0.094 ms
start encode NV12 with RV1106 vendor packet ABI, frame=208
encode_put_frame ret=0
encode_get_packet ret=0 handle=0xaead1930 expected=0xaead1930
vendor packet: mpi_buf_id=177 len=2853 buf_size=1495040 offset=1010432 data_num=1 flag=0x00000000 pts=208
valloc packet buffer: mpi_buf_id=177 dma_buf_fd=11 size=0
H264 first bytes: 00 00 00 01 41 e0 01 00 02 06 05 7f 18 25 dd dd
encode_release_packet ret=0
MP4 frame 209/1500: sequence=213 pts=8320000 us key=0 nv12=4478976 h264=2853 acquire=12.577 ms encode=26.389 ms mux=0.078 ms
start encode NV12 with RV1106 vendor packet ABI, frame=209
encode_put_frame ret=0
encode_get_packet ret=0 handle=0xaead1930 expected=0xaead1930
vendor packet: mpi_buf_id=177 len=9275 buf_size=1495040 offset=1013376 data_num=1 flag=0x00000000 pts=209
valloc packet buffer: mpi_buf_id=177 dma_buf_fd=11 size=0
H264 first bytes: 00 00 00 01 41 e0 01 20 02 46 0d c1 0e 01 42 f1
encode_release_packet ret=0
MP4 frame 210/1500: sequence=214 pts=8360000 us key=0 nv12=4478976 h264=9275 acquire=13.049 ms encode=26.867 ms mux=0.136 ms
start encode NV12 with RV1106 vendor packet ABI, frame=210
encode_put_frame ret=0
encode_get_packet ret=0 handle=0xaead1930 expected=0xaead1930
vendor packet: mpi_buf_id=177 len=8540 buf_size=1495040 offset=1022720 data_num=1 flag=0x00000000 pts=210
valloc packet buffer: mpi_buf_id=177 dma_buf_fd=11 size=0
H264 first bytes: 00 00 00 01 41 e0 01 40 02 86 04 71 b0 02 61 7f
encode_release_packet ret=0
MP4 frame 211/1500: sequence=215 pts=8400000 us key=0 nv12=4478976 h264=8540 acquire=12.510 ms encode=26.200 ms mux=0.132 ms
start encode NV12 with RV1106 vendor packet ABI, frame=211
encode_put_frame ret=0
encode_get_packet ret=0 handle=0xaead1930 expected=0xaead1930
vendor packet: mpi_buf_id=177 len=6178 buf_size=1495040 offset=1031296 data_num=1 flag=0x00000000 pts=211
valloc packet buffer: mpi_buf_id=177 dma_buf_fd=11 size=0
H264 first bytes: 00 00 00 01 41 e0 01 60 02 c6 05 72 e0 08 8b ff
encode_release_packet ret=0
MP4 frame 212/1500: sequence=216 pts=8440000 us key=0 nv12=4478976 h264=6178 acquire=13.171 ms encode=26.777 ms mux=0.110 ms
start encode NV12 with RV1106 vendor packet ABI, frame=212
encode_put_frame ret=0
encode_get_packet ret=0 handle=0xaead1930 expected=0xaead1930
vendor packet: mpi_buf_id=177 len=4462 buf_size=1495040 offset=1037568 data_num=1 flag=0x00000000 pts=212
valloc packet buffer: mpi_buf_id=177 dma_buf_fd=11 size=0
H264 first bytes: 00 00 00 01 41 e0 01 80 03 06 05 70 ae 00 90 bc
encode_release_packet ret=0
MP4 frame 213/1500: sequence=217 pts=8480000 us key=0 nv12=4478976 h264=4462 acquire=12.628 ms encode=26.250 ms mux=0.093 ms
start encode NV12 with RV1106 vendor packet ABI, frame=213
encode_put_frame ret=0
encode_get_packet ret=0 handle=0xaead1930 expected=0xaead1930
vendor packet: mpi_buf_id=177 len=7840 buf_size=1495040 offset=1042048 data_num=1 flag=0x00000000 pts=213
valloc packet buffer: mpi_buf_id=177 dma_buf_fd=11 size=0
H264 first bytes: 00 00 00 01 41 e0 01 a0 03 46 05 71 30 07 fe f8
encode_release_packet ret=0
MP4 frame 214/1500: sequence=218 pts=8520000 us key=0 nv12=4478976 h264=7840 acquire=13.172 ms encode=26.919 ms mux=0.134 ms
start encode NV12 with RV1106 vendor packet ABI, frame=214
encode_put_frame ret=0
encode_get_packet ret=0 handle=0xaead1930 expected=0xaead1930
vendor packet: mpi_buf_id=177 len=10592 buf_size=1495040 offset=1049984 data_num=1 flag=0x00000000 pts=214
valloc packet buffer: mpi_buf_id=177 dma_buf_fd=11 size=0
H264 first bytes: 00 00 00 01 41 e0 01 c0 03 86 05 71 b0 02 e1 45
encode_release_packet ret=0
MP4 frame 215/1500: sequence=219 pts=8560000 us key=0 nv12=4478976 h264=10592 acquire=12.464 ms encode=26.237 ms mux=0.157 ms
start encode NV12 with RV1106 vendor packet ABI, frame=215
encode_put_frame ret=0
encode_get_packet ret=0 handle=0xaead1930 expected=0xaead1930
vendor packet: mpi_buf_id=177 len=11716 buf_size=1495040 offset=1060608 data_num=1 flag=0x00000000 pts=215
valloc packet buffer: mpi_buf_id=177 dma_buf_fd=11 size=0
H264 first bytes: 00 00 00 01 41 e0 01 e0 03 c6 05 71 42 22 45 0e
encode_release_packet ret=0
MP4 frame 216/1500: sequence=220 pts=8600000 us key=0 nv12=4478976 h264=11716 acquire=13.120 ms encode=26.841 ms mux=0.162 ms
start encode NV12 with RV1106 vendor packet ABI, frame=216
encode_put_frame ret=0
encode_get_packet ret=0 handle=0xaead1930 expected=0xaead1930
vendor packet: mpi_buf_id=177 len=13583 buf_size=1495040 offset=1072384 data_num=1 flag=0x00000000 pts=216
valloc packet buffer: mpi_buf_id=177 dma_buf_fd=11 size=0
H264 first bytes: 00 00 00 01 41 e0 02 00 04 06 05 70 8c 03 71 e0
encode_release_packet ret=0
MP4 frame 217/1500: sequence=221 pts=8640000 us key=0 nv12=4478976 h264=13583 acquire=12.396 ms encode=26.330 ms mux=0.193 ms
start encode NV12 with RV1106 vendor packet ABI, frame=217
encode_put_frame ret=0
encode_get_packet ret=0 handle=0xaead1930 expected=0xaead1930
vendor packet: mpi_buf_id=177 len=17197 buf_size=1495040 offset=1086080 data_num=1 flag=0x00000000 pts=217
valloc packet buffer: mpi_buf_id=177 dma_buf_fd=11 size=0
H264 first bytes: 00 00 00 01 41 e0 02 20 04 46 05 71 38 07 53 c1
encode_release_packet ret=0
MP4 frame 218/1500: sequence=222 pts=8680000 us key=0 nv12=4478976 h264=17197 acquire=12.984 ms encode=26.870 ms mux=0.230 ms
start encode NV12 with RV1106 vendor packet ABI, frame=218
encode_put_frame ret=0
encode_get_packet ret=0 handle=0xaead1930 expected=0xaead1930
vendor packet: mpi_buf_id=177 len=16852 buf_size=1495040 offset=1103360 data_num=1 flag=0x00000000 pts=218
valloc packet buffer: mpi_buf_id=177 dma_buf_fd=11 size=0
H264 first bytes: 00 00 00 01 41 e0 02 40 04 86 05 70 64 22 24 53
encode_release_packet ret=0
MP4 frame 219/1500: sequence=223 pts=8720000 us key=0 nv12=4478976 h264=16852 acquire=12.417 ms encode=26.236 ms mux=0.230 ms
start encode NV12 with RV1106 vendor packet ABI, frame=219
encode_put_frame ret=0
encode_get_packet ret=0 handle=0xaead1930 expected=0xaead1930
vendor packet: mpi_buf_id=177 len=11629 buf_size=1495040 offset=1120256 data_num=1 flag=0x00000000 pts=219
valloc packet buffer: mpi_buf_id=177 dma_buf_fd=11 size=0
H264 first bytes: 00 00 00 01 41 e0 02 60 04 c6 05 70 ac 00 b0 5c
encode_release_packet ret=0
MP4 frame 220/1500: sequence=224 pts=8760000 us key=0 nv12=4478976 h264=11629 acquire=13.046 ms encode=26.854 ms mux=0.173 ms
start encode NV12 with RV1106 vendor packet ABI, frame=220
encode_put_frame ret=0
encode_get_packet ret=0 handle=0xaead1930 expected=0xaead1930
vendor packet: mpi_buf_id=177 len=11804 buf_size=1495040 offset=1131904 data_num=1 flag=0x00000000 pts=220
valloc packet buffer: mpi_buf_id=177 dma_buf_fd=11 size=0
H264 first bytes: 00 00 00 01 41 e0 02 80 05 06 05 70 6b 80 24 2f
encode_release_packet ret=0
MP4 frame 221/1500: sequence=225 pts=8800000 us key=0 nv12=4478976 h264=11804 acquire=12.477 ms encode=26.179 ms mux=0.179 ms
start encode NV12 with RV1106 vendor packet ABI, frame=221
encode_put_frame ret=0
encode_get_packet ret=0 handle=0xaead1930 expected=0xaead1930
vendor packet: mpi_buf_id=177 len=10147 buf_size=1495040 offset=1143808 data_num=1 flag=0x00000000 pts=221
valloc packet buffer: mpi_buf_id=177 dma_buf_fd=11 size=0
H264 first bytes: 00 00 00 01 41 e0 02 a0 05 46 05 70 43 00 bf f8
encode_release_packet ret=0
MP4 frame 222/1500: sequence=226 pts=8840000 us key=0 nv12=4478976 h264=10147 acquire=13.164 ms encode=26.762 ms mux=0.152 ms
start encode NV12 with RV1106 vendor packet ABI, frame=222
encode_put_frame ret=0
encode_get_packet ret=0 handle=0xaead1930 expected=0xaead1930
vendor packet: mpi_buf_id=177 len=9344 buf_size=1495040 offset=1154048 data_num=1 flag=0x00000000 pts=222
valloc packet buffer: mpi_buf_id=177 dma_buf_fd=11 size=0
H264 first bytes: 00 00 00 01 41 e0 02 c0 05 86 05 70 7b 01 f5 e1
encode_release_packet ret=0
MP4 frame 223/1500: sequence=227 pts=8880000 us key=0 nv12=4478976 h264=9344 acquire=12.594 ms encode=26.282 ms mux=0.163 ms
start encode NV12 with RV1106 vendor packet ABI, frame=223
encode_put_frame ret=0
encode_get_packet ret=0 handle=0xaead1930 expected=0xaead1930
vendor packet: mpi_buf_id=177 len=17435 buf_size=1495040 offset=1163392 data_num=1 flag=0x00000000 pts=223
valloc packet buffer: mpi_buf_id=177 dma_buf_fd=11 size=0
H264 first bytes: 00 00 00 01 41 e0 02 e0 05 c6 05 70 c8 88 95 88
encode_release_packet ret=0
MP4 frame 224/1500: sequence=228 pts=8920000 us key=0 nv12=4478976 h264=17435 acquire=13.058 ms encode=26.996 ms mux=0.227 ms
start encode NV12 with RV1106 vendor packet ABI, frame=224
encode_put_frame ret=0
encode_get_packet ret=0 handle=0xaead1930 expected=0xaead1930
vendor packet: mpi_buf_id=177 len=16180 buf_size=1495040 offset=1180928 data_num=1 flag=0x00000000 pts=224
valloc packet buffer: mpi_buf_id=177 dma_buf_fd=11 size=0
H264 first bytes: 00 00 00 01 41 e0 03 00 06 06 05 70 43 60 52 e4
encode_release_packet ret=0
MP4 frame 225/1500: sequence=229 pts=8960000 us key=0 nv12=4478976 h264=16180 acquire=12.293 ms encode=26.289 ms mux=0.219 ms
start encode NV12 with RV1106 vendor packet ABI, frame=225
encode_put_frame ret=0
encode_get_packet ret=0 handle=0xaead1930 expected=0xaead1930
vendor packet: mpi_buf_id=177 len=29439 buf_size=1495040 offset=1197184 data_num=1 flag=0x00000010 pts=225
valloc packet buffer: mpi_buf_id=177 dma_buf_fd=11 size=0
H264 first bytes: 00 00 00 01 65 b8 00 00 a0 00 00 dc 44 48 a0 00
encode_release_packet ret=0
MP4 frame 226/1500: sequence=230 pts=9000000 us key=1 nv12=4478976 h264=29439 acquire=12.998 ms encode=26.566 ms mux=1.216 ms
start encode NV12 with RV1106 vendor packet ABI, frame=226
encode_put_frame ret=0
encode_get_packet ret=0 handle=0xaead1930 expected=0xaead1930
vendor packet: mpi_buf_id=177 len=7742 buf_size=1495040 offset=1226624 data_num=1 flag=0x00000000 pts=226
valloc packet buffer: mpi_buf_id=177 dma_buf_fd=11 size=0
H264 first bytes: 00 00 00 01 41 e0 00 20 00 46 05 70 5b 80 da f0
encode_release_packet ret=0
MP4 frame 227/1500: sequence=231 pts=9040000 us key=0 nv12=4478976 h264=7742 acquire=11.726 ms encode=26.250 ms mux=0.131 ms
start encode NV12 with RV1106 vendor packet ABI, frame=227
encode_put_frame ret=0
encode_get_packet ret=0 handle=0xaead1930 expected=0xaead1930
vendor packet: mpi_buf_id=177 len=10916 buf_size=1495040 offset=1234432 data_num=1 flag=0x00000000 pts=227
valloc packet buffer: mpi_buf_id=177 dma_buf_fd=11 size=0
H264 first bytes: 00 00 00 01 41 e0 00 40 00 86 05 70 79 01 2f ff
encode_release_packet ret=0
MP4 frame 228/1500: sequence=232 pts=9080000 us key=0 nv12=4478976 h264=10916 acquire=13.119 ms encode=26.843 ms mux=0.163 ms
start encode NV12 with RV1106 vendor packet ABI, frame=228
encode_put_frame ret=0
encode_get_packet ret=0 handle=0xaead1930 expected=0xaead1930
vendor packet: mpi_buf_id=177 len=15320 buf_size=1495040 offset=1245440 data_num=1 flag=0x00000000 pts=228
valloc packet buffer: mpi_buf_id=177 dma_buf_fd=11 size=0
H264 first bytes: 00 00 00 01 41 e0 00 60 00 c6 05 70 5f 81 eb c2
encode_release_packet ret=0
MP4 frame 229/1500: sequence=233 pts=9120000 us key=0 nv12=4478976 h264=15320 acquire=12.499 ms encode=26.199 ms mux=0.208 ms
start encode NV12 with RV1106 vendor packet ABI, frame=229
encode_put_frame ret=0
encode_get_packet ret=0 handle=0xaead1930 expected=0xaead1930
vendor packet: mpi_buf_id=177 len=11920 buf_size=1495040 offset=1260800 data_num=1 flag=0x00000000 pts=229
valloc packet buffer: mpi_buf_id=177 dma_buf_fd=11 size=0
H264 first bytes: 00 00 00 01 41 e0 00 80 01 06 05 70 ae 01 42 f0
encode_release_packet ret=0
MP4 frame 230/1500: sequence=234 pts=9160000 us key=0 nv12=4478976 h264=11920 acquire=13.113 ms encode=26.818 ms mux=0.174 ms
start encode NV12 with RV1106 vendor packet ABI, frame=230
encode_put_frame ret=0
encode_get_packet ret=0 handle=0xaead1930 expected=0xaead1930
vendor packet: mpi_buf_id=177 len=15107 buf_size=1495040 offset=1272832 data_num=1 flag=0x00000000 pts=230
valloc packet buffer: mpi_buf_id=177 dma_buf_fd=11 size=0
H264 first bytes: 00 00 00 01 41 e0 00 a0 01 46 05 70 20 c0 2f 00
encode_release_packet ret=0
MP4 frame 231/1500: sequence=235 pts=9200000 us key=0 nv12=4478976 h264=15107 acquire=12.523 ms encode=26.256 ms mux=0.206 ms
start encode NV12 with RV1106 vendor packet ABI, frame=231
encode_put_frame ret=0
encode_get_packet ret=0 handle=0xaead1930 expected=0xaead1930
vendor packet: mpi_buf_id=177 len=14145 buf_size=1495040 offset=1288064 data_num=1 flag=0x00000000 pts=231
valloc packet buffer: mpi_buf_id=177 dma_buf_fd=11 size=0
H264 first bytes: 00 00 00 01 41 e0 00 c0 01 86 05 70 5b 00 8d 6a
encode_release_packet ret=0
MP4 frame 232/1500: sequence=236 pts=9240000 us key=0 nv12=4478976 h264=14145 acquire=13.048 ms encode=26.921 ms mux=0.192 ms
start encode NV12 with RV1106 vendor packet ABI, frame=232
encode_put_frame ret=0
encode_get_packet ret=0 handle=0xaead1930 expected=0xaead1930
vendor packet: mpi_buf_id=177 len=10219 buf_size=1495040 offset=1302272 data_num=1 flag=0x00000000 pts=232
valloc packet buffer: mpi_buf_id=177 dma_buf_fd=11 size=0
H264 first bytes: 00 00 00 01 41 e0 00 e0 01 c6 05 70 53 01 ff e1
encode_release_packet ret=0
MP4 frame 233/1500: sequence=237 pts=9280000 us key=0 nv12=4478976 h264=10219 acquire=12.390 ms encode=26.199 ms mux=0.147 ms
start encode NV12 with RV1106 vendor packet ABI, frame=233
encode_put_frame ret=0
encode_get_packet ret=0 handle=0xaead1930 expected=0xaead1930
vendor packet: mpi_buf_id=177 len=7585 buf_size=1495040 offset=1312512 data_num=1 flag=0x00000000 pts=233
valloc packet buffer: mpi_buf_id=177 dma_buf_fd=11 size=0
H264 first bytes: 00 00 00 01 41 e0 01 00 02 06 05 70 57 01 f3 e1
encode_release_packet ret=0
MP4 frame 234/1500: sequence=238 pts=9320000 us key=0 nv12=4478976 h264=7585 acquire=13.167 ms encode=26.825 ms mux=0.132 ms
start encode NV12 with RV1106 vendor packet ABI, frame=234
encode_put_frame ret=0
encode_get_packet ret=0 handle=0xaead1930 expected=0xaead1930
vendor packet: mpi_buf_id=177 len=11998 buf_size=1495040 offset=1320192 data_num=1 flag=0x00000000 pts=234
valloc packet buffer: mpi_buf_id=177 dma_buf_fd=11 size=0
H264 first bytes: 00 00 00 01 41 e0 01 20 02 46 05 70 7b 81 0b c2
encode_release_packet ret=0
MP4 frame 235/1500: sequence=239 pts=9360000 us key=0 nv12=4478976 h264=11998 acquire=12.552 ms encode=26.252 ms mux=0.173 ms
start encode NV12 with RV1106 vendor packet ABI, frame=235
encode_put_frame ret=0
encode_get_packet ret=0 handle=0xaead1930 expected=0xaead1930
vendor packet: mpi_buf_id=177 len=9430 buf_size=1495040 offset=1332224 data_num=1 flag=0x00000000 pts=235
valloc packet buffer: mpi_buf_id=177 dma_buf_fd=11 size=0
H264 first bytes: 00 00 00 01 41 e0 01 40 02 86 05 70 4b 80 d8 f0
encode_release_packet ret=0
MP4 frame 236/1500: sequence=240 pts=9400000 us key=0 nv12=4478976 h264=9430 acquire=13.088 ms encode=26.973 ms mux=0.143 ms
start encode NV12 with RV1106 vendor packet ABI, frame=236
encode_put_frame ret=0
encode_get_packet ret=0 handle=0xaead1930 expected=0xaead1930
vendor packet: mpi_buf_id=177 len=9263 buf_size=1495040 offset=1341696 data_num=1 flag=0x00000000 pts=236
valloc packet buffer: mpi_buf_id=177 dma_buf_fd=11 size=0
H264 first bytes: 00 00 00 01 41 e0 01 60 02 c6 05 70 23 40 ff e0
encode_release_packet ret=0
MP4 frame 237/1500: sequence=241 pts=9440000 us key=0 nv12=4478976 h264=9263 acquire=12.404 ms encode=26.249 ms mux=0.139 ms
start encode NV12 with RV1106 vendor packet ABI, frame=237
encode_put_frame ret=0
encode_get_packet ret=0 handle=0xaead1930 expected=0xaead1930
vendor packet: mpi_buf_id=177 len=9867 buf_size=1495040 offset=1351040 data_num=1 flag=0x00000000 pts=237
valloc packet buffer: mpi_buf_id=177 dma_buf_fd=11 size=0
H264 first bytes: 00 00 00 01 41 e0 01 80 03 06 05 70 43 80 e2 ec
encode_release_packet ret=0
MP4 frame 238/1500: sequence=242 pts=9480000 us key=0 nv12=4478976 h264=9867 acquire=13.123 ms encode=26.890 ms mux=0.153 ms
start encode NV12 with RV1106 vendor packet ABI, frame=238
encode_put_frame ret=0
encode_get_packet ret=0 handle=0xaead1930 expected=0xaead1930
vendor packet: mpi_buf_id=177 len=14827 buf_size=1495040 offset=1361024 data_num=1 flag=0x00000000 pts=238
valloc packet buffer: mpi_buf_id=177 dma_buf_fd=11 size=0
H264 first bytes: 00 00 00 01 41 e0 01 a0 03 46 05 70 ec 03 c5 e0
encode_release_packet ret=0
MP4 frame 239/1500: sequence=243 pts=9520000 us key=0 nv12=4478976 h264=14827 acquire=12.469 ms encode=26.253 ms mux=0.199 ms
start encode NV12 with RV1106 vendor packet ABI, frame=239
encode_put_frame ret=0
encode_get_packet ret=0 handle=0xaead1930 expected=0xaead1930
vendor packet: mpi_buf_id=177 len=18427 buf_size=1495040 offset=1375872 data_num=1 flag=0x00000000 pts=239
valloc packet buffer: mpi_buf_id=177 dma_buf_fd=11 size=0
H264 first bytes: 00 00 00 01 41 e0 01 c0 03 86 05 70 ac 01 11 78
encode_release_packet ret=0
MP4 frame 240/1500: sequence=244 pts=9560000 us key=0 nv12=4478976 h264=18427 acquire=13.053 ms encode=26.876 ms mux=0.240 ms
start encode NV12 with RV1106 vendor packet ABI, frame=240
encode_put_frame ret=0
encode_get_packet ret=0 handle=0xaead1930 expected=0xaead1930
vendor packet: mpi_buf_id=177 len=17329 buf_size=1495040 offset=1394304 data_num=1 flag=0x00000000 pts=240
valloc packet buffer: mpi_buf_id=177 dma_buf_fd=11 size=0
H264 first bytes: 00 00 00 01 41 e0 01 e0 03 c6 05 70 8c 03 f5 e0
encode_release_packet ret=0
MP4 frame 241/1500: sequence=245 pts=9600000 us key=0 nv12=4478976 h264=17329 acquire=12.390 ms encode=26.248 ms mux=0.235 ms
start encode NV12 with RV1106 vendor packet ABI, frame=241
encode_put_frame ret=0
encode_get_packet ret=0 handle=0xaead1930 expected=0xaead1930
vendor packet: mpi_buf_id=177 len=12648 buf_size=1495040 offset=1411712 data_num=1 flag=0x00000000 pts=241
valloc packet buffer: mpi_buf_id=177 dma_buf_fd=11 size=0
H264 first bytes: 00 00 00 01 41 e0 02 00 04 06 05 70 ac 06 17 fc
encode_release_packet ret=0
MP4 frame 242/1500: sequence=246 pts=9640000 us key=0 nv12=4478976 h264=12648 acquire=13.030 ms encode=26.840 ms mux=0.179 ms
start encode NV12 with RV1106 vendor packet ABI, frame=242
encode_put_frame ret=0
encode_get_packet ret=0 handle=0xaead1930 expected=0xaead1930
vendor packet: mpi_buf_id=177 len=11645 buf_size=1495040 offset=1424384 data_num=1 flag=0x00000000 pts=242
valloc packet buffer: mpi_buf_id=177 dma_buf_fd=11 size=0
H264 first bytes: 00 00 00 01 41 e0 02 20 04 46 05 70 fc 02 3f e2
encode_release_packet ret=0
MP4 frame 243/1500: sequence=247 pts=9680000 us key=0 nv12=4478976 h264=11645 acquire=12.492 ms encode=26.197 ms mux=0.166 ms
start encode NV12 with RV1106 vendor packet ABI, frame=243
encode_put_frame ret=0
encode_get_packet ret=0 handle=0xaead1930 expected=0xaead1930
vendor packet: mpi_buf_id=177 len=12478 buf_size=1495040 offset=1436032 data_num=1 flag=0x00000000 pts=243
valloc packet buffer: mpi_buf_id=177 dma_buf_fd=11 size=0
H264 first bytes: 00 00 00 01 41 e0 02 40 04 86 05 70 47 06 c1 ee
encode_release_packet ret=0
MP4 frame 244/1500: sequence=248 pts=9720000 us key=0 nv12=4478976 h264=12478 acquire=13.155 ms encode=26.834 ms mux=0.173 ms
start encode NV12 with RV1106 vendor packet ABI, frame=244
encode_put_frame ret=0
encode_get_packet ret=0 handle=0xaead1930 expected=0xaead1930
vendor packet: mpi_buf_id=177 len=10909 buf_size=1495040 offset=1448576 data_num=1 flag=0x00000000 pts=244
valloc packet buffer: mpi_buf_id=177 dma_buf_fd=11 size=0
H264 first bytes: 00 00 00 01 41 e0 02 60 04 c6 05 70 b4 0f d8 b8
encode_release_packet ret=0
MP4 frame 245/1500: sequence=249 pts=9760000 us key=0 nv12=4478976 h264=10909 acquire=12.502 ms encode=26.239 ms mux=0.159 ms
start encode NV12 with RV1106 vendor packet ABI, frame=245
encode_put_frame ret=0
encode_get_packet ret=0 handle=0xaead1930 expected=0xaead1930
vendor packet: mpi_buf_id=177 len=8060 buf_size=1495040 offset=1459584 data_num=1 flag=0x00000000 pts=245
valloc packet buffer: mpi_buf_id=177 dma_buf_fd=11 size=0
H264 first bytes: 00 00 00 01 41 e0 02 80 05 06 05 71 fc 28 25 55
encode_release_packet ret=0
MP4 frame 246/1500: sequence=250 pts=9800000 us key=0 nv12=4478976 h264=8060 acquire=13.115 ms encode=26.884 ms mux=0.135 ms
start encode NV12 with RV1106 vendor packet ABI, frame=246
encode_put_frame ret=0
encode_get_packet ret=0 handle=0xaead1930 expected=0xaead1930
vendor packet: mpi_buf_id=177 len=10269 buf_size=1495040 offset=1467648 data_num=1 flag=0x00000000 pts=246
valloc packet buffer: mpi_buf_id=177 dma_buf_fd=11 size=0
H264 first bytes: 00 00 00 01 41 e0 02 a0 05 46 05 71 30 08 14 c2
encode_release_packet ret=0
MP4 frame 247/1500: sequence=251 pts=9840000 us key=0 nv12=4478976 h264=10269 acquire=12.485 ms encode=26.332 ms mux=0.160 ms
start encode NV12 with RV1106 vendor packet ABI, frame=247
encode_put_frame ret=0
encode_get_packet ret=0 handle=0xaead1930 expected=0xaead1930
vendor packet: mpi_buf_id=177 len=8980 buf_size=1495040 offset=1478016 data_num=1 flag=0x00000000 pts=247
valloc packet buffer: mpi_buf_id=177 dma_buf_fd=11 size=0
H264 first bytes: 00 00 00 01 41 e0 02 c0 05 86 05 72 c0 20 5b 80
encode_release_packet ret=0
MP4 frame 248/1500: sequence=252 pts=9880000 us key=0 nv12=4478976 h264=8980 acquire=12.907 ms encode=26.811 ms mux=0.145 ms
start encode NV12 with RV1106 vendor packet ABI, frame=248
encode_put_frame ret=0
encode_get_packet ret=0 handle=0xaead1930 expected=0xaead1930
vendor packet: mpi_buf_id=177 len=5910 buf_size=1495040 offset=1487104 data_num=1 flag=0x00000000 pts=248
valloc packet buffer: mpi_buf_id=177 dma_buf_fd=11 size=0
H264 first bytes: 00 00 00 01 41 e0 02 e0 05 c6 05 70 9c 04 e7 82
encode_release_packet ret=0
MP4 frame 249/1500: sequence=253 pts=9920000 us key=0 nv12=4478976 h264=5910 acquire=12.557 ms encode=26.165 ms mux=0.918 ms
start encode NV12 with RV1106 vendor packet ABI, frame=249
encode_put_frame ret=0
encode_get_packet ret=0 handle=0xaead1930 expected=0xaead1930
vendor packet: mpi_buf_id=177 len=6502 buf_size=1495040 offset=1493120 data_num=1 flag=0x00000000 pts=249
valloc packet buffer: mpi_buf_id=177 dma_buf_fd=11 size=0
H264 first bytes: 00 00 00 01 41 e0 03 00 06 06 05 70 8c 13 78 38
encode_release_packet ret=0
MP4 frame 250/1500: sequence=254 pts=9960000 us key=0 nv12=4478976 h264=6502 acquire=12.425 ms encode=26.837 ms mux=0.118 ms
start encode NV12 with RV1106 vendor packet ABI, frame=250
encode_put_frame ret=0
encode_get_packet ret=0 handle=0xaead1930 expected=0xaead1930
vendor packet: mpi_buf_id=177 len=28279 buf_size=1495040 offset=4608 data_num=1 flag=0x00000010 pts=250
valloc packet buffer: mpi_buf_id=177 dma_buf_fd=11 size=0
H264 first bytes: 00 00 00 01 65 b8 00 00 b0 00 00 dc 44 48 a0 00
encode_release_packet ret=0
MP4 frame 251/1500: sequence=255 pts=10000000 us key=1 nv12=4478976 h264=28279 acquire=12.539 ms encode=25.928 ms mux=0.542 ms
start encode NV12 with RV1106 vendor packet ABI, frame=251
encode_put_frame ret=0
encode_get_packet ret=0 handle=0xaead1930 expected=0xaead1930
vendor packet: mpi_buf_id=177 len=6613 buf_size=1495040 offset=32896 data_num=1 flag=0x00000000 pts=251
valloc packet buffer: mpi_buf_id=177 dma_buf_fd=11 size=0
H264 first bytes: 00 00 00 01 41 e0 00 20 00 46 05 70 84 05 97 84
encode_release_packet ret=0
MP4 frame 252/1500: sequence=256 pts=10040000 us key=0 nv12=4478976 h264=6613 acquire=13.054 ms encode=26.874 ms mux=0.113 ms
start encode NV12 with RV1106 vendor packet ABI, frame=252
encode_put_frame ret=0
encode_get_packet ret=0 handle=0xaead1930 expected=0xaead1930
vendor packet: mpi_buf_id=177 len=9044 buf_size=1495040 offset=39552 data_num=1 flag=0x00000000 pts=252
valloc packet buffer: mpi_buf_id=177 dma_buf_fd=11 size=0
H264 first bytes: 00 00 00 01 41 e0 00 40 00 86 05 71 30 3d 6a 07
encode_release_packet ret=0
MP4 frame 253/1500: sequence=257 pts=10080000 us key=0 nv12=4478976 h264=9044 acquire=12.515 ms encode=26.208 ms mux=0.144 ms
start encode NV12 with RV1106 vendor packet ABI, frame=253
encode_put_frame ret=0
encode_get_packet ret=0 handle=0xaead1930 expected=0xaead1930
vendor packet: mpi_buf_id=177 len=7497 buf_size=1495040 offset=48640 data_num=1 flag=0x00000000 pts=253
valloc packet buffer: mpi_buf_id=177 dma_buf_fd=11 size=0
H264 first bytes: 00 00 00 01 41 e0 00 60 00 c6 05 72 c0 7d 78 20
encode_release_packet ret=0
MP4 frame 254/1500: sequence=258 pts=10120000 us key=0 nv12=4478976 h264=7497 acquire=13.152 ms encode=26.806 ms mux=0.123 ms
start encode NV12 with RV1106 vendor packet ABI, frame=254
encode_put_frame ret=0
encode_get_packet ret=0 handle=0xaead1930 expected=0xaead1930
vendor packet: mpi_buf_id=177 len=13218 buf_size=1495040 offset=56192 data_num=1 flag=0x00000000 pts=254
valloc packet buffer: mpi_buf_id=177 dma_buf_fd=11 size=0
H264 first bytes: 00 00 00 01 41 e0 00 80 01 06 05 72 c0 79 78 24
encode_release_packet ret=0
MP4 frame 255/1500: sequence=259 pts=10160000 us key=0 nv12=4478976 h264=13218 acquire=12.591 ms encode=26.412 ms mux=0.190 ms
start encode NV12 with RV1106 vendor packet ABI, frame=255
encode_put_frame ret=0
encode_get_packet ret=0 handle=0xaead1930 expected=0xaead1930
vendor packet: mpi_buf_id=177 len=9849 buf_size=1495040 offset=69504 data_num=1 flag=0x00000000 pts=255
valloc packet buffer: mpi_buf_id=177 dma_buf_fd=11 size=0
H264 first bytes: 00 00 00 01 41 e0 00 a0 01 46 05 77 01 7c 1e 62
encode_release_packet ret=0
MP4 frame 256/1500: sequence=260 pts=10200000 us key=0 nv12=4478976 h264=9849 acquire=12.915 ms encode=26.810 ms mux=0.145 ms
start encode NV12 with RV1106 vendor packet ABI, frame=256
encode_put_frame ret=0
encode_get_packet ret=0 handle=0xaead1930 expected=0xaead1930
vendor packet: mpi_buf_id=177 len=5679 buf_size=1495040 offset=79360 data_num=1 flag=0x00000000 pts=256
valloc packet buffer: mpi_buf_id=177 dma_buf_fd=11 size=0
H264 first bytes: 00 00 00 01 41 e0 00 c0 01 86 05 7c 02 b1 e1 ff
encode_release_packet ret=0
MP4 frame 257/1500: sequence=261 pts=10240000 us key=0 nv12=4478976 h264=5679 acquire=12.540 ms encode=26.223 ms mux=0.106 ms
start encode NV12 with RV1106 vendor packet ABI, frame=257
encode_put_frame ret=0
encode_get_packet ret=0 handle=0xaead1930 expected=0xaead1930
vendor packet: mpi_buf_id=177 len=5533 buf_size=1495040 offset=85120 data_num=1 flag=0x00000000 pts=257
valloc packet buffer: mpi_buf_id=177 dma_buf_fd=11 size=0
H264 first bytes: 00 00 00 01 41 e0 00 e0 01 c6 05 7c 02 31 e0 63
encode_release_packet ret=0
MP4 frame 258/1500: sequence=262 pts=10280000 us key=0 nv12=4478976 h264=5533 acquire=13.192 ms encode=26.892 ms mux=0.104 ms
start encode NV12 with RV1106 vendor packet ABI, frame=258
encode_put_frame ret=0
encode_get_packet ret=0 handle=0xaead1930 expected=0xaead1930
vendor packet: mpi_buf_id=177 len=6959 buf_size=1495040 offset=90752 data_num=1 flag=0x00000000 pts=258
valloc packet buffer: mpi_buf_id=177 dma_buf_fd=11 size=0
H264 first bytes: 00 00 00 01 41 e0 01 00 02 06 05 75 06 48 c2 7a
encode_release_packet ret=0
MP4 frame 259/1500: sequence=263 pts=10320000 us key=0 nv12=4478976 h264=6959 acquire=12.518 ms encode=26.271 ms mux=0.117 ms
start encode NV12 with RV1106 vendor packet ABI, frame=259
encode_put_frame ret=0
encode_get_packet ret=0 handle=0xaead1930 expected=0xaead1930
vendor packet: mpi_buf_id=177 len=6827 buf_size=1495040 offset=97792 data_num=1 flag=0x00000000 pts=259
valloc packet buffer: mpi_buf_id=177 dma_buf_fd=11 size=0
H264 first bytes: 00 00 00 01 41 e0 01 20 02 46 05 7c 0e 54 27 aa
encode_release_packet ret=0
MP4 frame 260/1500: sequence=264 pts=10360000 us key=0 nv12=4478976 h264=6827 acquire=13.116 ms encode=26.777 ms mux=0.121 ms
start encode NV12 with RV1106 vendor packet ABI, frame=260
encode_put_frame ret=0
encode_get_packet ret=0 handle=0xaead1930 expected=0xaead1930
vendor packet: mpi_buf_id=177 len=7332 buf_size=1495040 offset=104704 data_num=1 flag=0x00000000 pts=260
valloc packet buffer: mpi_buf_id=177 dma_buf_fd=11 size=0
H264 first bytes: 00 00 00 01 41 e0 01 40 02 86 05 75 3f 2f 82 96
encode_release_packet ret=0
MP4 frame 261/1500: sequence=265 pts=10400000 us key=0 nv12=4478976 h264=7332 acquire=12.621 ms encode=26.211 ms mux=0.120 ms
start encode NV12 with RV1106 vendor packet ABI, frame=261
encode_put_frame ret=0
encode_get_packet ret=0 handle=0xaead1930 expected=0xaead1930
vendor packet: mpi_buf_id=177 len=6491 buf_size=1495040 offset=112128 data_num=1 flag=0x00000000 pts=261
valloc packet buffer: mpi_buf_id=177 dma_buf_fd=11 size=0
H264 first bytes: 00 00 00 01 41 e0 01 60 02 c6 05 76 31 14 12 26
encode_release_packet ret=0
MP4 frame 262/1500: sequence=266 pts=10440000 us key=0 nv12=4478976 h264=6491 acquire=13.186 ms encode=26.785 ms mux=0.113 ms
start encode NV12 with RV1106 vendor packet ABI, frame=262
encode_put_frame ret=0
encode_get_packet ret=0 handle=0xaead1930 expected=0xaead1930
vendor packet: mpi_buf_id=177 len=3052 buf_size=1495040 offset=118656 data_num=1 flag=0x00000000 pts=262
valloc packet buffer: mpi_buf_id=177 dma_buf_fd=11 size=0
H264 first bytes: 00 00 00 01 41 e0 01 80 03 06 05 72 4e 3c c4 ef
encode_release_packet ret=0
MP4 frame 263/1500: sequence=267 pts=10480000 us key=0 nv12=4478976 h264=3052 acquire=12.603 ms encode=26.348 ms mux=0.080 ms
start encode NV12 with RV1106 vendor packet ABI, frame=263
encode_put_frame ret=0
encode_get_packet ret=0 handle=0xaead1930 expected=0xaead1930
vendor packet: mpi_buf_id=177 len=1941 buf_size=1495040 offset=121728 data_num=1 flag=0x00000000 pts=263
valloc packet buffer: mpi_buf_id=177 dma_buf_fd=11 size=0
H264 first bytes: 00 00 00 01 41 e0 01 a0 03 46 05 71 f0 c7 87 24
encode_release_packet ret=0
MP4 frame 264/1500: sequence=268 pts=10520000 us key=0 nv12=4478976 h264=1941 acquire=13.094 ms encode=26.800 ms mux=0.068 ms
start encode NV12 with RV1106 vendor packet ABI, frame=264
encode_put_frame ret=0
encode_get_packet ret=0 handle=0xaead1930 expected=0xaead1930
vendor packet: mpi_buf_id=177 len=2087 buf_size=1495040 offset=123776 data_num=1 flag=0x00000000 pts=264
valloc packet buffer: mpi_buf_id=177 dma_buf_fd=11 size=0
H264 first bytes: 00 00 00 01 41 e0 01 c0 03 86 05 72 52 a8 e8 40
encode_release_packet ret=0
MP4 frame 265/1500: sequence=269 pts=10560000 us key=0 nv12=4478976 h264=2087 acquire=12.643 ms encode=26.245 ms mux=0.068 ms
start encode NV12 with RV1106 vendor packet ABI, frame=265
encode_put_frame ret=0
encode_get_packet ret=0 handle=0xaead1930 expected=0xaead1930
vendor packet: mpi_buf_id=177 len=3893 buf_size=1495040 offset=125952 data_num=1 flag=0x00000000 pts=265
valloc packet buffer: mpi_buf_id=177 dma_buf_fd=11 size=0
H264 first bytes: 00 00 00 01 41 e0 01 e0 03 c6 04 7d 18 60 95 51
encode_release_packet ret=0
MP4 frame 266/1500: sequence=270 pts=10600000 us key=0 nv12=4478976 h264=3893 acquire=13.204 ms encode=26.837 ms mux=0.084 ms
start encode NV12 with RV1106 vendor packet ABI, frame=266
encode_put_frame ret=0
encode_get_packet ret=0 handle=0xaead1930 expected=0xaead1930
vendor packet: mpi_buf_id=177 len=2173 buf_size=1495040 offset=129920 data_num=1 flag=0x00000000 pts=266
valloc packet buffer: mpi_buf_id=177 dma_buf_fd=11 size=0
H264 first bytes: 00 00 00 01 41 e0 02 00 04 06 04 7c 3c c7 09 5a
encode_release_packet ret=0
MP4 frame 267/1500: sequence=271 pts=10640000 us key=0 nv12=4478976 h264=2173 acquire=12.593 ms encode=26.237 ms mux=0.071 ms
start encode NV12 with RV1106 vendor packet ABI, frame=267
encode_put_frame ret=0
encode_get_packet ret=0 handle=0xaead1930 expected=0xaead1930
vendor packet: mpi_buf_id=177 len=4455 buf_size=1495040 offset=132096 data_num=1 flag=0x00000000 pts=267
valloc packet buffer: mpi_buf_id=177 dma_buf_fd=11 size=0
H264 first bytes: 00 00 00 01 41 e0 02 20 04 46 0d cd 1c 71 04 3e
encode_release_packet ret=0
MP4 frame 268/1500: sequence=272 pts=10680000 us key=0 nv12=4478976 h264=4455 acquire=13.205 ms encode=26.937 ms mux=0.091 ms
start encode NV12 with RV1106 vendor packet ABI, frame=268
encode_put_frame ret=0
encode_get_packet ret=0 handle=0xaead1930 expected=0xaead1930
vendor packet: mpi_buf_id=177 len=3225 buf_size=1495040 offset=136576 data_num=1 flag=0x00000000 pts=268
valloc packet buffer: mpi_buf_id=177 dma_buf_fd=11 size=0
H264 first bytes: 00 00 00 01 41 e0 02 40 04 86 0d dc 27 88 b7 37
encode_release_packet ret=0
MP4 frame 269/1500: sequence=273 pts=10720000 us key=0 nv12=4478976 h264=3225 acquire=12.482 ms encode=26.297 ms mux=0.081 ms
start encode NV12 with RV1106 vendor packet ABI, frame=269
encode_put_frame ret=0
encode_get_packet ret=0 handle=0xaead1930 expected=0xaead1930
vendor packet: mpi_buf_id=177 len=5731 buf_size=1495040 offset=139904 data_num=1 flag=0x00000000 pts=269
valloc packet buffer: mpi_buf_id=177 dma_buf_fd=11 size=0
H264 first bytes: 00 00 00 01 41 e0 02 60 04 c6 0d e3 62 45 00 01
encode_release_packet ret=0
MP4 frame 270/1500: sequence=274 pts=10760000 us key=0 nv12=4478976 h264=5731 acquire=13.140 ms encode=26.884 ms mux=0.104 ms
start encode NV12 with RV1106 vendor packet ABI, frame=270
encode_put_frame ret=0
encode_get_packet ret=0 handle=0xaead1930 expected=0xaead1930
vendor packet: mpi_buf_id=177 len=8097 buf_size=1495040 offset=145664 data_num=1 flag=0x00000000 pts=270
valloc packet buffer: mpi_buf_id=177 dma_buf_fd=11 size=0
H264 first bytes: 00 00 00 01 41 e0 02 80 05 06 0d f8 0d 81 82 5d
encode_release_packet ret=0
MP4 frame 271/1500: sequence=275 pts=10800000 us key=0 nv12=4478976 h264=8097 acquire=12.532 ms encode=26.373 ms mux=0.134 ms
start encode NV12 with RV1106 vendor packet ABI, frame=271
encode_put_frame ret=0
encode_get_packet ret=0 handle=0xaead1930 expected=0xaead1930
vendor packet: mpi_buf_id=177 len=9920 buf_size=1495040 offset=153856 data_num=1 flag=0x00000000 pts=271
valloc packet buffer: mpi_buf_id=177 dma_buf_fd=11 size=0
H264 first bytes: 00 00 00 01 41 e0 02 a0 05 46 04 74 22 24 51 c4
encode_release_packet ret=0
MP4 frame 272/1500: sequence=276 pts=10840000 us key=0 nv12=4478976 h264=9920 acquire=13.005 ms encode=26.852 ms mux=0.148 ms
start encode NV12 with RV1106 vendor packet ABI, frame=272
encode_put_frame ret=0
encode_get_packet ret=0 handle=0xaead1930 expected=0xaead1930
vendor packet: mpi_buf_id=177 len=12612 buf_size=1495040 offset=163840 data_num=1 flag=0x00000000 pts=272
valloc packet buffer: mpi_buf_id=177 dma_buf_fd=11 size=0
H264 first bytes: 00 00 00 01 41 e0 02 c0 05 86 04 78 d8 91 40 00
encode_release_packet ret=0
MP4 frame 273/1500: sequence=277 pts=10880000 us key=0 nv12=4478976 h264=12612 acquire=12.513 ms encode=26.290 ms mux=0.177 ms
start encode NV12 with RV1106 vendor packet ABI, frame=273
encode_put_frame ret=0
encode_get_packet ret=0 handle=0xaead1930 expected=0xaead1930
vendor packet: mpi_buf_id=177 len=13512 buf_size=1495040 offset=176512 data_num=1 flag=0x00000000 pts=273
valloc packet buffer: mpi_buf_id=177 dma_buf_fd=11 size=0
H264 first bytes: 00 00 00 01 41 e0 02 e0 05 c6 04 78 d8 91 00 00
encode_release_packet ret=0
MP4 frame 274/1500: sequence=278 pts=10920000 us key=0 nv12=4478976 h264=13512 acquire=13.045 ms encode=26.848 ms mux=0.189 ms
start encode NV12 with RV1106 vendor packet ABI, frame=274
encode_put_frame ret=0
encode_get_packet ret=0 handle=0xaead1930 expected=0xaead1930
vendor packet: mpi_buf_id=177 len=4912 buf_size=1495040 offset=190080 data_num=1 flag=0x00000000 pts=274
valloc packet buffer: mpi_buf_id=177 dma_buf_fd=11 size=0
H264 first bytes: 00 00 00 01 41 e0 03 00 06 06 04 7c 3f e1 9f 06
encode_release_packet ret=0
MP4 frame 275/1500: sequence=279 pts=10960000 us key=0 nv12=4478976 h264=4912 acquire=12.468 ms encode=26.180 ms mux=0.098 ms
start encode NV12 with RV1106 vendor packet ABI, frame=275
encode_put_frame ret=0
encode_get_packet ret=0 handle=0xaead1930 expected=0xaead1930
vendor packet: mpi_buf_id=177 len=50025 buf_size=1495040 offset=195072 data_num=1 flag=0x00000010 pts=275
valloc packet buffer: mpi_buf_id=177 dma_buf_fd=11 size=0
H264 first bytes: 00 00 00 01 65 b8 00 00 c0 00 00 9c 44 48 80 00
encode_release_packet ret=0
MP4 frame 276/1500: sequence=280 pts=11000000 us key=1 nv12=4478976 h264=50025 acquire=13.235 ms encode=26.488 ms mux=1.330 ms
start encode NV12 with RV1106 vendor packet ABI, frame=276
encode_put_frame ret=0
encode_get_packet ret=0 handle=0xaead1930 expected=0xaead1930
vendor packet: mpi_buf_id=177 len=2367 buf_size=1495040 offset=245120 data_num=1 flag=0x00000000 pts=276
valloc packet buffer: mpi_buf_id=177 dma_buf_fd=11 size=0
H264 first bytes: 00 00 00 01 41 e0 00 20 00 46 04 71 95 04 85 be
encode_release_packet ret=0
MP4 frame 277/1500: sequence=281 pts=11040000 us key=0 nv12=4478976 h264=2367 acquire=11.698 ms encode=26.300 ms mux=0.073 ms
start encode NV12 with RV1106 vendor packet ABI, frame=277
encode_put_frame ret=0
encode_get_packet ret=0 handle=0xaead1930 expected=0xaead1930
vendor packet: mpi_buf_id=177 len=2781 buf_size=1495040 offset=247552 data_num=1 flag=0x00000000 pts=277
valloc packet buffer: mpi_buf_id=177 dma_buf_fd=11 size=0
H264 first bytes: 00 00 00 01 41 e0 00 40 00 86 0d c2 9a 82 5c 08
encode_release_packet ret=0
MP4 frame 278/1500: sequence=282 pts=11080000 us key=0 nv12=4478976 h264=2781 acquire=13.118 ms encode=26.803 ms mux=0.076 ms
start encode NV12 with RV1106 vendor packet ABI, frame=278
encode_put_frame ret=0
encode_get_packet ret=0 handle=0xaead1930 expected=0xaead1930
vendor packet: mpi_buf_id=177 len=3430 buf_size=1495040 offset=250368 data_num=1 flag=0x00000000 pts=278
valloc packet buffer: mpi_buf_id=177 dma_buf_fd=11 size=0
H264 first bytes: 00 00 00 01 41 e0 00 60 00 c6 0d cf 99 5e 04 68
encode_release_packet ret=0
MP4 frame 279/1500: sequence=283 pts=11120000 us key=0 nv12=4478976 h264=3430 acquire=12.646 ms encode=26.315 ms mux=0.081 ms
start encode NV12 with RV1106 vendor packet ABI, frame=279
encode_put_frame ret=0
encode_get_packet ret=0 handle=0xaead1930 expected=0xaead1930
vendor packet: mpi_buf_id=177 len=3566 buf_size=1495040 offset=253824 data_num=1 flag=0x00000000 pts=279
valloc packet buffer: mpi_buf_id=177 dma_buf_fd=11 size=0
H264 first bytes: 00 00 00 01 41 e0 00 80 01 06 0d c2 93 1a 7d 41
encode_release_packet ret=0
MP4 frame 280/1500: sequence=284 pts=11160000 us key=0 nv12=4478976 h264=3566 acquire=13.115 ms encode=26.920 ms mux=0.087 ms
start encode NV12 with RV1106 vendor packet ABI, frame=280
encode_put_frame ret=0
encode_get_packet ret=0 handle=0xaead1930 expected=0xaead1930
vendor packet: mpi_buf_id=177 len=2224 buf_size=1495040 offset=257408 data_num=1 flag=0x00000000 pts=280
valloc packet buffer: mpi_buf_id=177 dma_buf_fd=11 size=0
H264 first bytes: 00 00 00 01 41 e0 00 a0 01 46 0d c3 58 e8 fa 34
encode_release_packet ret=0
MP4 frame 281/1500: sequence=285 pts=11200000 us key=0 nv12=4478976 h264=2224 acquire=12.506 ms encode=26.223 ms mux=0.072 ms
start encode NV12 with RV1106 vendor packet ABI, frame=281
encode_put_frame ret=0
encode_get_packet ret=0 handle=0xaead1930 expected=0xaead1930
vendor packet: mpi_buf_id=177 len=1716 buf_size=1495040 offset=259712 data_num=1 flag=0x00000000 pts=281
valloc packet buffer: mpi_buf_id=177 dma_buf_fd=11 size=0
H264 first bytes: 00 00 00 01 41 e0 00 c0 01 86 0d c0 49 d6 05 6a
encode_release_packet ret=0
MP4 frame 282/1500: sequence=286 pts=11240000 us key=0 nv12=4478976 h264=1716 acquire=13.225 ms encode=26.821 ms mux=0.065 ms
start encode NV12 with RV1106 vendor packet ABI, frame=282
encode_put_frame ret=0
encode_get_packet ret=0 handle=0xaead1930 expected=0xaead1930
vendor packet: mpi_buf_id=177 len=9884 buf_size=1495040 offset=261504 data_num=1 flag=0x00000000 pts=282
valloc packet buffer: mpi_buf_id=177 dma_buf_fd=11 size=0
H264 first bytes: 00 00 00 01 41 e0 00 e0 01 c6 17 f4 25 e5 aa 18
encode_release_packet ret=0
MP4 frame 283/1500: sequence=287 pts=11280000 us key=0 nv12=4478976 h264=9884 acquire=12.620 ms encode=26.209 ms mux=0.147 ms
start encode NV12 with RV1106 vendor packet ABI, frame=283
encode_put_frame ret=0
encode_get_packet ret=0 handle=0xaead1930 expected=0xaead1930
vendor packet: mpi_buf_id=177 len=13964 buf_size=1495040 offset=271488 data_num=1 flag=0x00000000 pts=283
valloc packet buffer: mpi_buf_id=177 dma_buf_fd=11 size=0
H264 first bytes: 00 00 00 01 41 e0 01 00 02 06 3c 95 85 68 d1 bc
encode_release_packet ret=0
MP4 frame 284/1500: sequence=288 pts=11320000 us key=0 nv12=4478976 h264=13964 acquire=13.156 ms encode=26.883 ms mux=0.195 ms
start encode NV12 with RV1106 vendor packet ABI, frame=284
encode_put_frame ret=0
encode_get_packet ret=0 handle=0xaead1930 expected=0xaead1930
vendor packet: mpi_buf_id=177 len=11348 buf_size=1495040 offset=285568 data_num=1 flag=0x00000000 pts=284
valloc packet buffer: mpi_buf_id=177 dma_buf_fd=11 size=0
H264 first bytes: 00 00 00 01 41 e0 01 20 02 46 3c 97 82 db 30 f1
encode_release_packet ret=0
MP4 frame 285/1500: sequence=289 pts=11360000 us key=0 nv12=4478976 h264=11348 acquire=12.440 ms encode=26.208 ms mux=0.172 ms
start encode NV12 with RV1106 vendor packet ABI, frame=285
encode_put_frame ret=0
encode_get_packet ret=0 handle=0xaead1930 expected=0xaead1930
vendor packet: mpi_buf_id=177 len=16353 buf_size=1495040 offset=296960 data_num=1 flag=0x00000000 pts=285
valloc packet buffer: mpi_buf_id=177 dma_buf_fd=11 size=0
H264 first bytes: 00 00 00 01 41 e0 01 40 02 86 1f 57 42 5e 22 74
encode_release_packet ret=0
MP4 frame 286/1500: sequence=290 pts=11400000 us key=0 nv12=4478976 h264=16353 acquire=13.127 ms encode=26.871 ms mux=0.216 ms
start encode NV12 with RV1106 vendor packet ABI, frame=286
encode_put_frame ret=0
encode_get_packet ret=0 handle=0xaead1930 expected=0xaead1930
vendor packet: mpi_buf_id=177 len=18592 buf_size=1495040 offset=313344 data_num=1 flag=0x00000000 pts=286
valloc packet buffer: mpi_buf_id=177 dma_buf_fd=11 size=0
H264 first bytes: 00 00 00 01 41 e0 01 60 02 c6 0b de 68 ac c3 08
encode_release_packet ret=0
MP4 frame 287/1500: sequence=291 pts=11440000 us key=0 nv12=4478976 h264=18592 acquire=12.310 ms encode=26.195 ms mux=0.252 ms
start encode NV12 with RV1106 vendor packet ABI, frame=287
encode_put_frame ret=0
encode_get_packet ret=0 handle=0xaead1930 expected=0xaead1930
vendor packet: mpi_buf_id=177 len=19697 buf_size=1495040 offset=332032 data_num=1 flag=0x00000000 pts=287
valloc packet buffer: mpi_buf_id=177 dma_buf_fd=11 size=0
H264 first bytes: 00 00 00 01 41 e0 01 80 03 06 0b c6 71 45 ee a1
encode_release_packet ret=0
MP4 frame 288/1500: sequence=292 pts=11480000 us key=0 nv12=4478976 h264=19697 acquire=13.065 ms encode=26.837 ms mux=0.252 ms
start encode NV12 with RV1106 vendor packet ABI, frame=288
encode_put_frame ret=0
encode_get_packet ret=0 handle=0xaead1930 expected=0xaead1930
vendor packet: mpi_buf_id=177 len=20345 buf_size=1495040 offset=351744 data_num=1 flag=0x00000000 pts=288
valloc packet buffer: mpi_buf_id=177 dma_buf_fd=11 size=0
H264 first bytes: 00 00 00 01 41 e0 01 a0 03 46 0f f7 05 a2 57 62
encode_release_packet ret=0
MP4 frame 289/1500: sequence=293 pts=11520000 us key=0 nv12=4478976 h264=20345 acquire=12.413 ms encode=26.262 ms mux=0.253 ms
start encode NV12 with RV1106 vendor packet ABI, frame=289
encode_put_frame ret=0
encode_get_packet ret=0 handle=0xaead1930 expected=0xaead1930
vendor packet: mpi_buf_id=177 len=20150 buf_size=1495040 offset=372096 data_num=1 flag=0x00000000 pts=289
valloc packet buffer: mpi_buf_id=177 dma_buf_fd=11 size=0
H264 first bytes: 00 00 00 01 41 e0 01 c0 03 86 0f c4 ce 81 0f 7c
encode_release_packet ret=0
MP4 frame 290/1500: sequence=294 pts=11560000 us key=0 nv12=4478976 h264=20150 acquire=12.991 ms encode=26.844 ms mux=0.253 ms
start encode NV12 with RV1106 vendor packet ABI, frame=290
encode_put_frame ret=0
encode_get_packet ret=0 handle=0xaead1930 expected=0xaead1930
vendor packet: mpi_buf_id=177 len=20084 buf_size=1495040 offset=392320 data_num=1 flag=0x00000000 pts=290
valloc packet buffer: mpi_buf_id=177 dma_buf_fd=11 size=0
H264 first bytes: 00 00 00 01 41 e0 01 e0 03 c6 04 f1 5c 3a 25 a6
encode_release_packet ret=0
MP4 frame 291/1500: sequence=295 pts=11600000 us key=0 nv12=4478976 h264=20084 acquire=12.423 ms encode=26.287 ms mux=0.260 ms
start encode NV12 with RV1106 vendor packet ABI, frame=291
encode_put_frame ret=0
encode_get_packet ret=0 handle=0xaead1930 expected=0xaead1930
vendor packet: mpi_buf_id=177 len=20199 buf_size=1495040 offset=412416 data_num=1 flag=0x00000000 pts=291
valloc packet buffer: mpi_buf_id=177 dma_buf_fd=11 size=0
H264 first bytes: 00 00 00 01 41 e0 02 00 04 06 04 f3 70 f1 29 f1
encode_release_packet ret=0
MP4 frame 292/1500: sequence=296 pts=11640000 us key=0 nv12=4478976 h264=20199 acquire=12.964 ms encode=26.854 ms mux=0.267 ms
start encode NV12 with RV1106 vendor packet ABI, frame=292
encode_put_frame ret=0
encode_get_packet ret=0 handle=0xaead1930 expected=0xaead1930
vendor packet: mpi_buf_id=177 len=25556 buf_size=1495040 offset=432640 data_num=1 flag=0x00000000 pts=292
valloc packet buffer: mpi_buf_id=177 dma_buf_fd=11 size=0
H264 first bytes: 00 00 00 01 41 e0 02 20 04 46 05 ff 05 22 4d 4e
encode_release_packet ret=0
MP4 frame 293/1500: sequence=297 pts=11680000 us key=0 nv12=4478976 h264=25556 acquire=12.388 ms encode=26.244 ms mux=0.319 ms
start encode NV12 with RV1106 vendor packet ABI, frame=293
encode_put_frame ret=0
encode_get_packet ret=0 handle=0xaead1930 expected=0xaead1930
vendor packet: mpi_buf_id=177 len=26854 buf_size=1495040 offset=458240 data_num=1 flag=0x00000000 pts=293
valloc packet buffer: mpi_buf_id=177 dma_buf_fd=11 size=0
H264 first bytes: 00 00 00 01 41 e0 02 40 04 86 05 f1 bc 28 4b 64
encode_release_packet ret=0
MP4 frame 294/1500: sequence=298 pts=11720000 us key=0 nv12=4478976 h264=26854 acquire=12.937 ms encode=27.062 ms mux=0.342 ms
start encode NV12 with RV1106 vendor packet ABI, frame=294
encode_put_frame ret=0
encode_get_packet ret=0 handle=0xaead1930 expected=0xaead1930
vendor packet: mpi_buf_id=177 len=27451 buf_size=1495040 offset=485120 data_num=1 flag=0x00000000 pts=294
valloc packet buffer: mpi_buf_id=177 dma_buf_fd=11 size=0
H264 first bytes: 00 00 00 01 41 e0 02 60 04 c6 05 f1 33 c1 6e d5
encode_release_packet ret=0
MP4 frame 295/1500: sequence=299 pts=11760000 us key=0 nv12=4478976 h264=27451 acquire=12.107 ms encode=26.236 ms mux=1.128 ms
start encode NV12 with RV1106 vendor packet ABI, frame=295
encode_put_frame ret=0
encode_get_packet ret=0 handle=0xaead1930 expected=0xaead1930
vendor packet: mpi_buf_id=177 len=28328 buf_size=1495040 offset=512640 data_num=1 flag=0x00000000 pts=295
valloc packet buffer: mpi_buf_id=177 dma_buf_fd=11 size=0
H264 first bytes: 00 00 00 01 41 e0 02 80 05 06 05 f3 5b 0a 10 7b
encode_release_packet ret=0
MP4 frame 296/1500: sequence=300 pts=11800000 us key=0 nv12=4478976 h264=28328 acquire=12.147 ms encode=26.903 ms mux=0.349 ms
start encode NV12 with RV1106 vendor packet ABI, frame=296
encode_put_frame ret=0
encode_get_packet ret=0 handle=0xaead1930 expected=0xaead1930
vendor packet: mpi_buf_id=177 len=28819 buf_size=1495040 offset=541056 data_num=1 flag=0x00000000 pts=296
valloc packet buffer: mpi_buf_id=177 dma_buf_fd=11 size=0
H264 first bytes: 00 00 00 01 41 e0 02 a0 05 46 05 f1 1c 15 58 9d
encode_release_packet ret=0
MP4 frame 297/1500: sequence=301 pts=11840000 us key=0 nv12=4478976 h264=28819 acquire=12.243 ms encode=26.195 ms mux=0.371 ms
start encode NV12 with RV1106 vendor packet ABI, frame=297
encode_put_frame ret=0
encode_get_packet ret=0 handle=0xaead1930 expected=0xaead1930
vendor packet: mpi_buf_id=177 len=29090 buf_size=1495040 offset=569984 data_num=1 flag=0x00000000 pts=297
valloc packet buffer: mpi_buf_id=177 dma_buf_fd=11 size=0
H264 first bytes: 00 00 00 01 41 e0 02 c0 05 86 05 f2 5c 15 93 5f
encode_release_packet ret=0
MP4 frame 298/1500: sequence=302 pts=11880000 us key=0 nv12=4478976 h264=29090 acquire=12.954 ms encode=26.922 ms mux=0.362 ms
start encode NV12 with RV1106 vendor packet ABI, frame=298
encode_put_frame ret=0
encode_get_packet ret=0 handle=0xaead1930 expected=0xaead1930
vendor packet: mpi_buf_id=177 len=30140 buf_size=1495040 offset=599168 data_num=1 flag=0x00000000 pts=298
valloc packet buffer: mpi_buf_id=177 dma_buf_fd=11 size=0
H264 first bytes: 00 00 00 01 41 e0 02 e0 05 c6 05 f1 17 71 b3 1f
encode_release_packet ret=0
MP4 frame 299/1500: sequence=303 pts=11920000 us key=0 nv12=4478976 h264=30140 acquire=12.219 ms encode=26.211 ms mux=0.390 ms
start encode NV12 with RV1106 vendor packet ABI, frame=299
encode_put_frame ret=0
encode_get_packet ret=0 handle=0xaead1930 expected=0xaead1930
vendor packet: mpi_buf_id=177 len=29972 buf_size=1495040 offset=629376 data_num=1 flag=0x00000000 pts=299
valloc packet buffer: mpi_buf_id=177 dma_buf_fd=11 size=0
H264 first bytes: 00 00 00 01 41 e0 03 00 06 06 05 f3 f1 d1 0e 1a
encode_release_packet ret=0
MP4 frame 300/1500: sequence=304 pts=11960000 us key=0 nv12=4478976 h264=29972 acquire=12.961 ms encode=27.241 ms mux=0.370 ms
start encode NV12 with RV1106 vendor packet ABI, frame=300
encode_put_frame ret=0
encode_get_packet ret=0 handle=0xaead1930 expected=0xaead1930
vendor packet: mpi_buf_id=177 len=156784 buf_size=1495040 offset=659456 data_num=1 flag=0x00000010 pts=300
valloc packet buffer: mpi_buf_id=177 dma_buf_fd=11 size=0
H264 first bytes: 00 00 00 01 65 b8 00 00 d0 00 00 4f 0a 44 80 81
encode_release_packet ret=0
MP4 frame 301/1500: sequence=305 pts=12000000 us key=1 nv12=4478976 h264=156784 acquire=11.850 ms encode=41.731 ms mux=3.090 ms
start encode NV12 with RV1106 vendor packet ABI, frame=301
encode_put_frame ret=0
encode_get_packet ret=0 handle=0xaead1930 expected=0xaead1930
vendor packet: mpi_buf_id=177 len=16928 buf_size=1495040 offset=816256 data_num=1 flag=0x00000000 pts=301
valloc packet buffer: mpi_buf_id=177 dma_buf_fd=11 size=0
H264 first bytes: 00 00 00 01 41 e0 00 20 00 46 1f 19 cd 76 2b 89
encode_release_packet ret=0
MP4 frame 302/1500: sequence=306 pts=12040000 us key=0 nv12=4478976 h264=16928 acquire=0.059 ms encode=27.259 ms mux=0.225 ms
start encode NV12 with RV1106 vendor packet ABI, frame=302
encode_put_frame ret=0
encode_get_packet ret=0 handle=0xaead1930 expected=0xaead1930
vendor packet: mpi_buf_id=177 len=15867 buf_size=1495040 offset=833280 data_num=1 flag=0x00000000 pts=302
valloc packet buffer: mpi_buf_id=177 dma_buf_fd=11 size=0
H264 first bytes: 00 00 00 01 41 e0 00 40 00 86 1f 09 4f 18 25 11
encode_release_packet ret=0
MP4 frame 303/1500: sequence=307 pts=12080000 us key=0 nv12=4478976 h264=15867 acquire=6.635 ms encode=26.246 ms mux=0.208 ms
start encode NV12 with RV1106 vendor packet ABI, frame=303
encode_put_frame ret=0
encode_get_packet ret=0 handle=0xaead1930 expected=0xaead1930
vendor packet: mpi_buf_id=177 len=18022 buf_size=1495040 offset=849152 data_num=1 flag=0x00000000 pts=303
valloc packet buffer: mpi_buf_id=177 dma_buf_fd=11 size=0
H264 first bytes: 00 00 00 01 41 e0 00 60 00 c6 0b c2 11 c6 0a 09
encode_release_packet ret=0
MP4 frame 304/1500: sequence=308 pts=12120000 us key=0 nv12=4478976 h264=18022 acquire=13.058 ms encode=26.812 ms mux=0.232 ms
start encode NV12 with RV1106 vendor packet ABI, frame=304
encode_put_frame ret=0
encode_get_packet ret=0 handle=0xaead1930 expected=0xaead1930
vendor packet: mpi_buf_id=177 len=17920 buf_size=1495040 offset=867200 data_num=1 flag=0x00000000 pts=304
valloc packet buffer: mpi_buf_id=177 dma_buf_fd=11 size=0
H264 first bytes: 00 00 00 01 41 e0 00 80 01 06 0b c5 48 40 44 27
encode_release_packet ret=0
MP4 frame 305/1500: sequence=309 pts=12160000 us key=0 nv12=4478976 h264=17920 acquire=12.475 ms encode=26.205 ms mux=0.235 ms
start encode NV12 with RV1106 vendor packet ABI, frame=305
encode_put_frame ret=0
encode_get_packet ret=0 handle=0xaead1930 expected=0xaead1930
vendor packet: mpi_buf_id=177 len=16770 buf_size=1495040 offset=885120 data_num=1 flag=0x00000000 pts=305
valloc packet buffer: mpi_buf_id=177 dma_buf_fd=11 size=0
H264 first bytes: 00 00 00 01 41 e0 00 a0 01 46 0b c2 93 9c 22 25
encode_release_packet ret=0
MP4 frame 306/1500: sequence=310 pts=12200000 us key=0 nv12=4478976 h264=16770 acquire=13.072 ms encode=26.865 ms mux=0.224 ms
start encode NV12 with RV1106 vendor packet ABI, frame=306
encode_put_frame ret=0
encode_get_packet ret=0 handle=0xaead1930 expected=0xaead1930
vendor packet: mpi_buf_id=177 len=16863 buf_size=1495040 offset=902016 data_num=1 flag=0x00000000 pts=306
valloc packet buffer: mpi_buf_id=177 dma_buf_fd=11 size=0
H264 first bytes: 00 00 00 01 41 e0 00 c0 01 86 0b fb 1c 25 df 77
encode_release_packet ret=0
MP4 frame 307/1500: sequence=311 pts=12240000 us key=0 nv12=4478976 h264=16863 acquire=12.424 ms encode=26.255 ms mux=0.218 ms
start encode NV12 with RV1106 vendor packet ABI, frame=307
encode_put_frame ret=0
encode_get_packet ret=0 handle=0xaead1930 expected=0xaead1930
vendor packet: mpi_buf_id=177 len=16687 buf_size=1495040 offset=918912 data_num=1 flag=0x00000000 pts=307
valloc packet buffer: mpi_buf_id=177 dma_buf_fd=11 size=0
H264 first bytes: 00 00 00 01 41 e0 00 e0 01 c6 0f cf 2d cd fd f0
encode_release_packet ret=0
MP4 frame 308/1500: sequence=312 pts=12280000 us key=0 nv12=4478976 h264=16687 acquire=13.031 ms encode=26.855 ms mux=0.248 ms
start encode NV12 with RV1106 vendor packet ABI, frame=308
encode_put_frame ret=0
encode_get_packet ret=0 handle=0xaead1930 expected=0xaead1930
vendor packet: mpi_buf_id=177 len=17291 buf_size=1495040 offset=935680 data_num=1 flag=0x00000000 pts=308
valloc packet buffer: mpi_buf_id=177 dma_buf_fd=11 size=0
H264 first bytes: 00 00 00 01 41 e0 01 00 02 06 0f cf 3b 0f 53 4b
encode_release_packet ret=0
MP4 frame 309/1500: sequence=313 pts=12320000 us key=0 nv12=4478976 h264=17291 acquire=12.410 ms encode=26.281 ms mux=0.223 ms
start encode NV12 with RV1106 vendor packet ABI, frame=309
encode_put_frame ret=0
encode_get_packet ret=0 handle=0xaead1930 expected=0xaead1930
vendor packet: mpi_buf_id=177 len=17796 buf_size=1495040 offset=953088 data_num=1 flag=0x00000000 pts=309
valloc packet buffer: mpi_buf_id=177 dma_buf_fd=11 size=0
H264 first bytes: 00 00 00 01 41 e0 01 20 02 46 0f c4 5b b9 4d c8
encode_release_packet ret=0
MP4 frame 310/1500: sequence=314 pts=12360000 us key=0 nv12=4478976 h264=17796 acquire=12.995 ms encode=26.802 ms mux=0.232 ms
start encode NV12 with RV1106 vendor packet ABI, frame=310
encode_put_frame ret=0
encode_get_packet ret=0 handle=0xaead1930 expected=0xaead1930
vendor packet: mpi_buf_id=177 len=17084 buf_size=1495040 offset=971008 data_num=1 flag=0x00000000 pts=310
valloc packet buffer: mpi_buf_id=177 dma_buf_fd=11 size=0
H264 first bytes: 00 00 00 01 41 e0 01 40 02 86 0f c6 54 56 c7 33
encode_release_packet ret=0
MP4 frame 311/1500: sequence=315 pts=12400000 us key=0 nv12=4478976 h264=17084 acquire=12.485 ms encode=26.208 ms mux=0.230 ms
start encode NV12 with RV1106 vendor packet ABI, frame=311
encode_put_frame ret=0
encode_get_packet ret=0 handle=0xaead1930 expected=0xaead1930
vendor packet: mpi_buf_id=177 len=17420 buf_size=1495040 offset=988160 data_num=1 flag=0x00000000 pts=311
valloc packet buffer: mpi_buf_id=177 dma_buf_fd=11 size=0
H264 first bytes: 00 00 00 01 41 e0 01 60 02 c6 0f c2 14 61 c2 4e
encode_release_packet ret=0
MP4 frame 312/1500: sequence=316 pts=12440000 us key=0 nv12=4478976 h264=17420 acquire=13.076 ms encode=26.899 ms mux=0.225 ms
start encode NV12 with RV1106 vendor packet ABI, frame=312
encode_put_frame ret=0
encode_get_packet ret=0 handle=0xaead1930 expected=0xaead1930
vendor packet: mpi_buf_id=177 len=17331 buf_size=1495040 offset=1005696 data_num=1 flag=0x00000000 pts=312
valloc packet buffer: mpi_buf_id=177 dma_buf_fd=11 size=0
H264 first bytes: 00 00 00 01 41 e0 01 80 03 06 0f cf 31 c7 5a d2
encode_release_packet ret=0
MP4 frame 313/1500: sequence=317 pts=12480000 us key=0 nv12=4478976 h264=17331 acquire=12.382 ms encode=26.303 ms mux=0.231 ms
start encode NV12 with RV1106 vendor packet ABI, frame=313
encode_put_frame ret=0
encode_get_packet ret=0 handle=0xaead1930 expected=0xaead1930
vendor packet: mpi_buf_id=177 len=18178 buf_size=1495040 offset=1023104 data_num=1 flag=0x00000000 pts=313
valloc packet buffer: mpi_buf_id=177 dma_buf_fd=11 size=0
H264 first bytes: 00 00 00 01 41 e0 01 a0 03 46 04 f1 15 04 31 85
encode_release_packet ret=0
MP4 frame 314/1500: sequence=318 pts=12520000 us key=0 nv12=4478976 h264=18178 acquire=12.978 ms encode=26.831 ms mux=0.235 ms
start encode NV12 with RV1106 vendor packet ABI, frame=314
encode_put_frame ret=0
encode_get_packet ret=0 handle=0xaead1930 expected=0xaead1930
vendor packet: mpi_buf_id=177 len=17161 buf_size=1495040 offset=1041408 data_num=1 flag=0x00000000 pts=314
valloc packet buffer: mpi_buf_id=177 dma_buf_fd=11 size=0
H264 first bytes: 00 00 00 01 41 e0 01 c0 03 86 04 f1 bc 61 10 cb
encode_release_packet ret=0
MP4 frame 315/1500: sequence=319 pts=12560000 us key=0 nv12=4478976 h264=17161 acquire=12.457 ms encode=26.260 ms mux=0.230 ms
start encode NV12 with RV1106 vendor packet ABI, frame=315
encode_put_frame ret=0
encode_get_packet ret=0 handle=0xaead1930 expected=0xaead1930
vendor packet: mpi_buf_id=177 len=18121 buf_size=1495040 offset=1058688 data_num=1 flag=0x00000000 pts=315
valloc packet buffer: mpi_buf_id=177 dma_buf_fd=11 size=0
H264 first bytes: 00 00 00 01 41 e0 01 e0 03 c6 04 f1 5c 10 09 a5
encode_release_packet ret=0
MP4 frame 316/1500: sequence=320 pts=12600000 us key=0 nv12=4478976 h264=18121 acquire=13.009 ms encode=26.840 ms mux=0.238 ms
start encode NV12 with RV1106 vendor packet ABI, frame=316
encode_put_frame ret=0
encode_get_packet ret=0 handle=0xaead1930 expected=0xaead1930
vendor packet: mpi_buf_id=177 len=18676 buf_size=1495040 offset=1076864 data_num=1 flag=0x00000000 pts=316
valloc packet buffer: mpi_buf_id=177 dma_buf_fd=11 size=0
H264 first bytes: 00 00 00 01 41 e0 02 00 04 06 04 f1 5a 04 02 75
encode_release_packet ret=0
MP4 frame 317/1500: sequence=321 pts=12640000 us key=0 nv12=4478976 h264=18676 acquire=12.439 ms encode=26.226 ms mux=1.127 ms
start encode NV12 with RV1106 vendor packet ABI, frame=317
encode_put_frame ret=0
encode_get_packet ret=0 handle=0xaead1930 expected=0xaead1930
vendor packet: mpi_buf_id=177 len=17285 buf_size=1495040 offset=1095552 data_num=1 flag=0x00000000 pts=317
valloc packet buffer: mpi_buf_id=177 dma_buf_fd=11 size=0
H264 first bytes: 00 00 00 01 41 e0 02 20 04 46 04 f3 5a 05 44 28
encode_release_packet ret=0
MP4 frame 318/1500: sequence=322 pts=12680000 us key=0 nv12=4478976 h264=17285 acquire=12.068 ms encode=26.862 ms mux=0.230 ms
start encode NV12 with RV1106 vendor packet ABI, frame=318
encode_put_frame ret=0
encode_get_packet ret=0 handle=0xaead1930 expected=0xaead1930
vendor packet: mpi_buf_id=177 len=18532 buf_size=1495040 offset=1112960 data_num=1 flag=0x00000000 pts=318
valloc packet buffer: mpi_buf_id=177 dma_buf_fd=11 size=0
H264 first bytes: 00 00 00 01 41 e0 02 40 04 86 04 f3 53 18 4b fd
encode_release_packet ret=0
MP4 frame 319/1500: sequence=323 pts=12720000 us key=0 nv12=4478976 h264=18532 acquire=12.408 ms encode=26.262 ms mux=0.244 ms
start encode NV12 with RV1106 vendor packet ABI, frame=319
encode_put_frame ret=0
encode_get_packet ret=0 handle=0xaead1930 expected=0xaead1930
vendor packet: mpi_buf_id=177 len=17448 buf_size=1495040 offset=1131520 data_num=1 flag=0x00000000 pts=319
valloc packet buffer: mpi_buf_id=177 dma_buf_fd=11 size=0
H264 first bytes: 00 00 00 01 41 e0 02 60 04 c6 04 f3 5c 30 4c 5d
encode_release_packet ret=0
MP4 frame 320/1500: sequence=324 pts=12760000 us key=0 nv12=4478976 h264=17448 acquire=12.998 ms encode=26.810 ms mux=0.232 ms
start encode NV12 with RV1106 vendor packet ABI, frame=320
encode_put_frame ret=0
encode_get_packet ret=0 handle=0xaead1930 expected=0xaead1930
vendor packet: mpi_buf_id=177 len=33177 buf_size=1495040 offset=1149056 data_num=1 flag=0x00000000 pts=320
valloc packet buffer: mpi_buf_id=177 dma_buf_fd=11 size=0
H264 first bytes: 00 00 00 01 41 e0 02 80 05 06 05 fd b1 82 6a cb
encode_release_packet ret=0
MP4 frame 321/1500: sequence=325 pts=12800000 us key=0 nv12=4478976 h264=33177 acquire=12.474 ms encode=26.229 ms mux=0.425 ms
start encode NV12 with RV1106 vendor packet ABI, frame=321
encode_put_frame ret=0
encode_get_packet ret=0 handle=0xaead1930 expected=0xaead1930
vendor packet: mpi_buf_id=177 len=18178 buf_size=1495040 offset=1182336 data_num=1 flag=0x00000000 pts=321
valloc packet buffer: mpi_buf_id=177 dma_buf_fd=11 size=0
H264 first bytes: 00 00 00 01 41 e0 02 a0 05 46 04 f3 d1 c7 56 35
encode_release_packet ret=0
MP4 frame 322/1500: sequence=326 pts=12840000 us key=0 nv12=4478976 h264=18178 acquire=12.856 ms encode=26.890 ms mux=0.235 ms
start encode NV12 with RV1106 vendor packet ABI, frame=322
encode_put_frame ret=0
encode_get_packet ret=0 handle=0xaead1930 expected=0xaead1930
vendor packet: mpi_buf_id=177 len=18230 buf_size=1495040 offset=1200640 data_num=1 flag=0x00000000 pts=322
valloc packet buffer: mpi_buf_id=177 dma_buf_fd=11 size=0
H264 first bytes: 00 00 00 01 41 e0 02 c0 05 86 04 f3 cf 1d 62 3b
encode_release_packet ret=0
MP4 frame 323/1500: sequence=327 pts=12880000 us key=0 nv12=4478976 h264=18230 acquire=12.379 ms encode=26.204 ms mux=0.234 ms
start encode NV12 with RV1106 vendor packet ABI, frame=323
encode_put_frame ret=0
encode_get_packet ret=0 handle=0xaead1930 expected=0xaead1930
vendor packet: mpi_buf_id=177 len=18940 buf_size=1495040 offset=1218944 data_num=1 flag=0x00000000 pts=323
valloc packet buffer: mpi_buf_id=177 dma_buf_fd=11 size=0
H264 first bytes: 00 00 00 01 41 e0 02 e0 05 c6 04 f3 d4 3b 19 42
encode_release_packet ret=0
MP4 frame 324/1500: sequence=328 pts=12920000 us key=0 nv12=4478976 h264=18940 acquire=13.069 ms encode=26.892 ms mux=0.243 ms
start encode NV12 with RV1106 vendor packet ABI, frame=324
encode_put_frame ret=0
encode_get_packet ret=0 handle=0xaead1930 expected=0xaead1930
vendor packet: mpi_buf_id=177 len=19435 buf_size=1495040 offset=1237888 data_num=1 flag=0x00000000 pts=324
valloc packet buffer: mpi_buf_id=177 dma_buf_fd=11 size=0
H264 first bytes: 00 00 00 01 41 e0 03 00 06 06 04 fe 82 82 4d 1f
encode_release_packet ret=0
MP4 frame 325/1500: sequence=329 pts=12960000 us key=0 nv12=4478976 h264=19435 acquire=12.376 ms encode=26.389 ms mux=0.252 ms
start encode NV12 with RV1106 vendor packet ABI, frame=325
encode_put_frame ret=0
encode_get_packet ret=0 handle=0xaead1930 expected=0xaead1930
vendor packet: mpi_buf_id=177 len=295870 buf_size=1495040 offset=1257344 data_num=1 flag=0x00000010 pts=325
valloc packet buffer: mpi_buf_id=177 dma_buf_fd=11 size=0
H264 first bytes: 00 00 00 01 65 b8 00 00 e0 00 00 7f 0a 44 80 39
encode_release_packet ret=0
MP4 frame 326/1500: sequence=330 pts=13000000 us key=1 nv12=4478976 h264=295870 acquire=12.868 ms encode=27.416 ms mux=5.490 ms
start encode NV12 with RV1106 vendor packet ABI, frame=326
encode_put_frame ret=0
encode_get_packet ret=0 handle=0xaead1930 expected=0xaead1930
vendor packet: mpi_buf_id=177 len=14520 buf_size=1495040 offset=58240 data_num=1 flag=0x00000000 pts=326
valloc packet buffer: mpi_buf_id=177 dma_buf_fd=11 size=0
H264 first bytes: 00 00 00 01 41 e0 00 20 00 46 1f 13 a9 e8 c3 04
encode_release_packet ret=0
MP4 frame 327/1500: sequence=331 pts=13040000 us key=0 nv12=4478976 h264=14520 acquire=6.472 ms encode=26.219 ms mux=0.192 ms
start encode NV12 with RV1106 vendor packet ABI, frame=327
encode_put_frame ret=0
encode_get_packet ret=0 handle=0xaead1930 expected=0xaead1930
vendor packet: mpi_buf_id=177 len=14039 buf_size=1495040 offset=72832 data_num=1 flag=0x00000000 pts=327
valloc packet buffer: mpi_buf_id=177 dma_buf_fd=11 size=0
H264 first bytes: 00 00 00 01 41 e0 00 40 00 86 1f 54 2e 32 95 47
encode_release_packet ret=0
MP4 frame 328/1500: sequence=332 pts=13080000 us key=0 nv12=4478976 h264=14039 acquire=13.083 ms encode=26.840 ms mux=0.185 ms
start encode NV12 with RV1106 vendor packet ABI, frame=328
encode_put_frame ret=0
encode_get_packet ret=0 handle=0xaead1930 expected=0xaead1930
vendor packet: mpi_buf_id=177 len=13391 buf_size=1495040 offset=86912 data_num=1 flag=0x00000000 pts=328
valloc packet buffer: mpi_buf_id=177 dma_buf_fd=11 size=0
H264 first bytes: 00 00 00 01 41 e0 00 60 00 c6 1f 73 9a ed 7b 7a
encode_release_packet ret=0
MP4 frame 329/1500: sequence=333 pts=13120000 us key=0 nv12=4478976 h264=13391 acquire=12.481 ms encode=26.170 ms mux=0.183 ms
start encode NV12 with RV1106 vendor packet ABI, frame=329
encode_put_frame ret=0
encode_get_packet ret=0 handle=0xaead1930 expected=0xaead1930
vendor packet: mpi_buf_id=177 len=13727 buf_size=1495040 offset=100352 data_num=1 flag=0x00000000 pts=329
valloc packet buffer: mpi_buf_id=177 dma_buf_fd=11 size=0
H264 first bytes: 00 00 00 01 41 e0 00 80 01 06 1f d3 8a 93 2c 74
encode_release_packet ret=0
MP4 frame 330/1500: sequence=334 pts=13160000 us key=0 nv12=4478976 h264=13727 acquire=13.155 ms encode=26.864 ms mux=0.182 ms
start encode NV12 with RV1106 vendor packet ABI, frame=330
encode_put_frame ret=0
encode_get_packet ret=0 handle=0xaead1930 expected=0xaead1930
vendor packet: mpi_buf_id=177 len=13312 buf_size=1495040 offset=114176 data_num=1 flag=0x00000000 pts=330
valloc packet buffer: mpi_buf_id=177 dma_buf_fd=11 size=0
H264 first bytes: 00 00 00 01 41 e0 00 a0 01 46 1f 73 e2 78 a2 f3
encode_release_packet ret=0
MP4 frame 331/1500: sequence=335 pts=13200000 us key=0 nv12=4478976 h264=13312 acquire=12.455 ms encode=26.260 ms mux=0.181 ms
start encode NV12 with RV1106 vendor packet ABI, frame=331
encode_put_frame ret=0
encode_get_packet ret=0 handle=0xaead1930 expected=0xaead1930
vendor packet: mpi_buf_id=177 len=13095 buf_size=1495040 offset=127488 data_num=1 flag=0x00000000 pts=331
valloc packet buffer: mpi_buf_id=177 dma_buf_fd=11 size=0
H264 first bytes: 00 00 00 01 41 e0 00 c0 01 86 1f 05 14 b8 59 8c
encode_release_packet ret=0
MP4 frame 332/1500: sequence=336 pts=13240000 us key=0 nv12=4478976 h264=13095 acquire=13.077 ms encode=26.819 ms mux=0.179 ms
start encode NV12 with RV1106 vendor packet ABI, frame=332
encode_put_frame ret=0
encode_get_packet ret=0 handle=0xaead1930 expected=0xaead1930
vendor packet: mpi_buf_id=177 len=11683 buf_size=1495040 offset=140672 data_num=1 flag=0x00000000 pts=332
valloc packet buffer: mpi_buf_id=177 dma_buf_fd=11 size=0
H264 first bytes: 00 00 00 01 41 e0 00 e0 01 c6 3c 33 9c 14 16 cb
encode_release_packet ret=0
MP4 frame 333/1500: sequence=337 pts=13280000 us key=0 nv12=4478976 h264=11683 acquire=12.515 ms encode=26.398 ms mux=0.169 ms
start encode NV12 with RV1106 vendor packet ABI, frame=333
encode_put_frame ret=0
encode_get_packet ret=0 handle=0xaead1930 expected=0xaead1930
vendor packet: mpi_buf_id=177 len=10731 buf_size=1495040 offset=152448 data_num=1 flag=0x00000000 pts=333
valloc packet buffer: mpi_buf_id=177 dma_buf_fd=11 size=0
H264 first bytes: 00 00 00 01 41 e0 01 00 02 06 3c fb 83 cb 53 5b
encode_release_packet ret=0
MP4 frame 334/1500: sequence=338 pts=13320000 us key=0 nv12=4478976 h264=10731 acquire=12.942 ms encode=26.917 ms mux=0.155 ms
start encode NV12 with RV1106 vendor packet ABI, frame=334
encode_put_frame ret=0
encode_get_packet ret=0 handle=0xaead1930 expected=0xaead1930
vendor packet: mpi_buf_id=177 len=10665 buf_size=1495040 offset=163200 data_num=1 flag=0x00000000 pts=334
valloc packet buffer: mpi_buf_id=177 dma_buf_fd=11 size=0
H264 first bytes: 00 00 00 01 41 e0 01 20 02 46 3c 33 1b 14 5e 7d
encode_release_packet ret=0
MP4 frame 335/1500: sequence=339 pts=13360000 us key=0 nv12=4478976 h264=10665 acquire=12.434 ms encode=26.297 ms mux=0.158 ms
start encode NV12 with RV1106 vendor packet ABI, frame=335
encode_put_frame ret=0
encode_get_packet ret=0 handle=0xaead1930 expected=0xaead1930
vendor packet: mpi_buf_id=177 len=10087 buf_size=1495040 offset=173952 data_num=1 flag=0x00000000 pts=335
valloc packet buffer: mpi_buf_id=177 dma_buf_fd=11 size=0
H264 first bytes: 00 00 00 01 41 e0 01 40 02 86 3c 1d db 96 73 c3
encode_release_packet ret=0
MP4 frame 336/1500: sequence=340 pts=13400000 us key=0 nv12=4478976 h264=10087 acquire=13.056 ms encode=26.881 ms mux=0.152 ms
start encode NV12 with RV1106 vendor packet ABI, frame=336
encode_put_frame ret=0
encode_get_packet ret=0 handle=0xaead1930 expected=0xaead1930
vendor packet: mpi_buf_id=177 len=10540 buf_size=1495040 offset=184064 data_num=1 flag=0x00000000 pts=336
valloc packet buffer: mpi_buf_id=177 dma_buf_fd=11 size=0
H264 first bytes: 00 00 00 01 41 e0 01 60 02 c6 3c 1a d8 c2 09 ed
encode_release_packet ret=0
MP4 frame 337/1500: sequence=341 pts=13440000 us key=0 nv12=4478976 h264=10540 acquire=12.486 ms encode=26.247 ms mux=0.153 ms
start encode NV12 with RV1106 vendor packet ABI, frame=337
encode_put_frame ret=0
encode_get_packet ret=0 handle=0xaead1930 expected=0xaead1930
vendor packet: mpi_buf_id=177 len=9514 buf_size=1495040 offset=194688 data_num=1 flag=0x00000000 pts=337
valloc packet buffer: mpi_buf_id=177 dma_buf_fd=11 size=0
H264 first bytes: 00 00 00 01 41 e0 01 80 03 06 3c f3 60 8e b0 96
encode_release_packet ret=0
MP4 frame 338/1500: sequence=342 pts=13480000 us key=0 nv12=4478976 h264=9514 acquire=13.111 ms encode=26.856 ms mux=0.146 ms
start encode NV12 with RV1106 vendor packet ABI, frame=338
encode_put_frame ret=0
encode_get_packet ret=0 handle=0xaead1930 expected=0xaead1930
vendor packet: mpi_buf_id=177 len=10161 buf_size=1495040 offset=204288 data_num=1 flag=0x00000000 pts=338
valloc packet buffer: mpi_buf_id=177 dma_buf_fd=11 size=0
H264 first bytes: 00 00 00 01 41 e0 01 a0 03 46 3c 2f 63 c4 16 7f
encode_release_packet ret=0
MP4 frame 339/1500: sequence=343 pts=13520000 us key=0 nv12=4478976 h264=10161 acquire=12.510 ms encode=26.200 ms mux=0.150 ms
start encode NV12 with RV1106 vendor packet ABI, frame=339
encode_put_frame ret=0
encode_get_packet ret=0 handle=0xaead1930 expected=0xaead1930
vendor packet: mpi_buf_id=177 len=9357 buf_size=1495040 offset=214528 data_num=1 flag=0x00000000 pts=339
valloc packet buffer: mpi_buf_id=177 dma_buf_fd=11 size=0
H264 first bytes: 00 00 00 01 41 e0 01 c0 03 86 3c db e7 50 77 6a
encode_release_packet ret=0
MP4 frame 340/1500: sequence=344 pts=13560000 us key=0 nv12=4478976 h264=9357 acquire=13.162 ms encode=26.835 ms mux=0.147 ms
start encode NV12 with RV1106 vendor packet ABI, frame=340
encode_put_frame ret=0
encode_get_packet ret=0 handle=0xaead1930 expected=0xaead1930
vendor packet: mpi_buf_id=177 len=9484 buf_size=1495040 offset=224000 data_num=1 flag=0x00000000 pts=340
valloc packet buffer: mpi_buf_id=177 dma_buf_fd=11 size=0
H264 first bytes: 00 00 00 01 41 e0 01 e0 03 c6 3c 1e 6e 10 b7 2d
encode_release_packet ret=0
MP4 frame 341/1500: sequence=345 pts=13600000 us key=0 nv12=4478976 h264=9484 acquire=12.526 ms encode=26.220 ms mux=0.142 ms
start encode NV12 with RV1106 vendor packet ABI, frame=341
encode_put_frame ret=0
encode_get_packet ret=0 handle=0xaead1930 expected=0xaead1930
vendor packet: mpi_buf_id=177 len=10771 buf_size=1495040 offset=233600 data_num=1 flag=0x00000000 pts=341
valloc packet buffer: mpi_buf_id=177 dma_buf_fd=11 size=0
H264 first bytes: 00 00 00 01 41 e0 02 00 04 06 1f 59 22 b9 ae ef
encode_release_packet ret=0
MP4 frame 342/1500: sequence=346 pts=13640000 us key=0 nv12=4478976 h264=10771 acquire=13.156 ms encode=26.786 ms mux=0.164 ms
start encode NV12 with RV1106 vendor packet ABI, frame=342
encode_put_frame ret=0
encode_get_packet ret=0 handle=0xaead1930 expected=0xaead1930
vendor packet: mpi_buf_id=177 len=10624 buf_size=1495040 offset=244480 data_num=1 flag=0x00000000 pts=342
valloc packet buffer: mpi_buf_id=177 dma_buf_fd=11 size=0
H264 first bytes: 00 00 00 01 41 e0 02 20 04 46 1f 09 59 c7 89 b5
encode_release_packet ret=0
MP4 frame 343/1500: sequence=347 pts=13680000 us key=0 nv12=4478976 h264=10624 acquire=12.553 ms encode=26.275 ms mux=0.155 ms
start encode NV12 with RV1106 vendor packet ABI, frame=343
encode_put_frame ret=0
encode_get_packet ret=0 handle=0xaead1930 expected=0xaead1930
vendor packet: mpi_buf_id=177 len=10724 buf_size=1495040 offset=255104 data_num=1 flag=0x00000000 pts=343
valloc packet buffer: mpi_buf_id=177 dma_buf_fd=11 size=0
H264 first bytes: 00 00 00 01 41 e0 02 40 04 86 1f 14 5f e6 be 0a
encode_release_packet ret=0
MP4 frame 344/1500: sequence=348 pts=13720000 us key=0 nv12=4478976 h264=10724 acquire=13.085 ms encode=26.841 ms mux=0.154 ms
start encode NV12 with RV1106 vendor packet ABI, frame=344
encode_put_frame ret=0
encode_get_packet ret=0 handle=0xaead1930 expected=0xaead1930
vendor packet: mpi_buf_id=177 len=11125 buf_size=1495040 offset=265856 data_num=1 flag=0x00000000 pts=344
valloc packet buffer: mpi_buf_id=177 dma_buf_fd=11 size=0
H264 first bytes: 00 00 00 01 41 e0 02 60 04 c6 1f 17 78 7a 65 c6
encode_release_packet ret=0
MP4 frame 345/1500: sequence=349 pts=13760000 us key=0 nv12=4478976 h264=11125 acquire=12.519 ms encode=26.216 ms mux=0.164 ms
start encode NV12 with RV1106 vendor packet ABI, frame=345
encode_put_frame ret=0
encode_get_packet ret=0 handle=0xaead1930 expected=0xaead1930
vendor packet: mpi_buf_id=177 len=11593 buf_size=1495040 offset=276992 data_num=1 flag=0x00000000 pts=345
valloc packet buffer: mpi_buf_id=177 dma_buf_fd=11 size=0
H264 first bytes: 00 00 00 01 41 e0 02 80 05 06 1f e2 a2 a8 d0 75
encode_release_packet ret=0
MP4 frame 346/1500: sequence=350 pts=13800000 us key=0 nv12=4478976 h264=11593 acquire=13.133 ms encode=26.889 ms mux=0.167 ms
start encode NV12 with RV1106 vendor packet ABI, frame=346
encode_put_frame ret=0
encode_get_packet ret=0 handle=0xaead1930 expected=0xaead1930
vendor packet: mpi_buf_id=177 len=11316 buf_size=1495040 offset=288640 data_num=1 flag=0x00000000 pts=346
valloc packet buffer: mpi_buf_id=177 dma_buf_fd=11 size=0
H264 first bytes: 00 00 00 01 41 e0 02 a0 05 46 1f 0a e3 c2 42 50
encode_release_packet ret=0
MP4 frame 347/1500: sequence=351 pts=13840000 us key=0 nv12=4478976 h264=11316 acquire=12.446 ms encode=26.232 ms mux=0.157 ms
start encode NV12 with RV1106 vendor packet ABI, frame=347
encode_put_frame ret=0
encode_get_packet ret=0 handle=0xaead1930 expected=0xaead1930
vendor packet: mpi_buf_id=177 len=11042 buf_size=1495040 offset=300032 data_num=1 flag=0x00000000 pts=347
valloc packet buffer: mpi_buf_id=177 dma_buf_fd=11 size=0
H264 first bytes: 00 00 00 01 41 e0 02 c0 05 86 1f e7 9a 8e 4b bb
encode_release_packet ret=0
MP4 frame 348/1500: sequence=352 pts=13880000 us key=0 nv12=4478976 h264=11042 acquire=13.127 ms encode=26.887 ms mux=0.155 ms
start encode NV12 with RV1106 vendor packet ABI, frame=348
encode_put_frame ret=0
encode_get_packet ret=0 handle=0xaead1930 expected=0xaead1930
vendor packet: mpi_buf_id=177 len=11150 buf_size=1495040 offset=311168 data_num=1 flag=0x00000000 pts=348
valloc packet buffer: mpi_buf_id=177 dma_buf_fd=11 size=0
H264 first bytes: 00 00 00 01 41 e0 02 e0 05 c6 1f 02 5c 44 78 9d
encode_release_packet ret=0
MP4 frame 349/1500: sequence=353 pts=13920000 us key=0 nv12=4478976 h264=11150 acquire=12.359 ms encode=26.265 ms mux=0.909 ms
start encode NV12 with RV1106 vendor packet ABI, frame=349
encode_put_frame ret=0
encode_get_packet ret=0 handle=0xaead1930 expected=0xaead1930
vendor packet: mpi_buf_id=177 len=11508 buf_size=1495040 offset=322432 data_num=1 flag=0x00000000 pts=349
valloc packet buffer: mpi_buf_id=177 dma_buf_fd=11 size=0
H264 first bytes: 00 00 00 01 41 e0 03 00 06 06 1f 03 0d 1e 59 49
encode_release_packet ret=0
MP4 frame 350/1500: sequence=354 pts=13960000 us key=0 nv12=4478976 h264=11508 acquire=12.338 ms encode=26.858 ms mux=0.164 ms
start encode NV12 with RV1106 vendor packet ABI, frame=350
encode_put_frame ret=0
encode_get_packet ret=0 handle=0xaead1930 expected=0xaead1930
vendor packet: mpi_buf_id=177 len=233135 buf_size=1495040 offset=333952 data_num=1 flag=0x00000010 pts=350
valloc packet buffer: mpi_buf_id=177 dma_buf_fd=11 size=0
H264 first bytes: 00 00 00 01 65 b8 00 00 f0 00 00 5f 0a 44 82 6a
encode_release_packet ret=0
MP4 frame 351/1500: sequence=355 pts=14000000 us key=1 nv12=4478976 h264=233135 acquire=12.475 ms encode=26.338 ms mux=3.779 ms
start encode NV12 with RV1106 vendor packet ABI, frame=351
encode_put_frame ret=0
encode_get_packet ret=0 handle=0xaead1930 expected=0xaead1930
vendor packet: mpi_buf_id=177 len=10421 buf_size=1495040 offset=567168 data_num=1 flag=0x00000000 pts=351
valloc packet buffer: mpi_buf_id=177 dma_buf_fd=11 size=0
H264 first bytes: 00 00 00 01 41 e0 00 20 00 46 1f 19 9c c5 96 0c
encode_release_packet ret=0
MP4 frame 352/1500: sequence=356 pts=14040000 us key=0 nv12=4478976 h264=10421 acquire=9.383 ms encode=26.910 ms mux=0.153 ms
start encode NV12 with RV1106 vendor packet ABI, frame=352
encode_put_frame ret=0
encode_get_packet ret=0 handle=0xaead1930 expected=0xaead1930
vendor packet: mpi_buf_id=177 len=10091 buf_size=1495040 offset=577664 data_num=1 flag=0x00000000 pts=352
valloc packet buffer: mpi_buf_id=177 dma_buf_fd=11 size=0
H264 first bytes: 00 00 00 01 41 e0 00 40 00 86 3c f7 8b 95 82 51
encode_release_packet ret=0
MP4 frame 353/1500: sequence=357 pts=14080000 us key=0 nv12=4478976 h264=10091 acquire=12.436 ms encode=26.197 ms mux=0.147 ms
start encode NV12 with RV1106 vendor packet ABI, frame=353
encode_put_frame ret=0
encode_get_packet ret=0 handle=0xaead1930 expected=0xaead1930
vendor packet: mpi_buf_id=177 len=10297 buf_size=1495040 offset=587776 data_num=1 flag=0x00000000 pts=353
valloc packet buffer: mpi_buf_id=177 dma_buf_fd=11 size=0
H264 first bytes: 00 00 00 01 41 e0 00 60 00 c6 3c 1d ce a7 94 95
encode_release_packet ret=0
MP4 frame 354/1500: sequence=358 pts=14120000 us key=0 nv12=4478976 h264=10297 acquire=13.169 ms encode=26.792 ms mux=0.150 ms
start encode NV12 with RV1106 vendor packet ABI, frame=354
encode_put_frame ret=0
encode_get_packet ret=0 handle=0xaead1930 expected=0xaead1930
vendor packet: mpi_buf_id=177 len=9586 buf_size=1495040 offset=598144 data_num=1 flag=0x00000000 pts=354
valloc packet buffer: mpi_buf_id=177 dma_buf_fd=11 size=0
H264 first bytes: 00 00 00 01 41 e0 00 80 01 06 3c 7d 0e 21 6f 83
encode_release_packet ret=0
MP4 frame 355/1500: sequence=359 pts=14160000 us key=0 nv12=4478976 h264=9586 acquire=12.559 ms encode=26.264 ms mux=0.139 ms
start encode NV12 with RV1106 vendor packet ABI, frame=355
encode_put_frame ret=0
encode_get_packet ret=0 handle=0xaead1930 expected=0xaead1930
vendor packet: mpi_buf_id=177 len=9942 buf_size=1495040 offset=607744 data_num=1 flag=0x00000000 pts=355
valloc packet buffer: mpi_buf_id=177 dma_buf_fd=11 size=0
H264 first bytes: 00 00 00 01 41 e0 00 a0 01 46 3c 31 31 ca 5a 2a
encode_release_packet ret=0
MP4 frame 356/1500: sequence=360 pts=14200000 us key=0 nv12=4478976 h264=9942 acquire=13.113 ms encode=26.997 ms mux=0.149 ms
start encode NV12 with RV1106 vendor packet ABI, frame=356
encode_put_frame ret=0
encode_get_packet ret=0 handle=0xaead1930 expected=0xaead1930
vendor packet: mpi_buf_id=177 len=4745 buf_size=1495040 offset=617728 data_num=1 flag=0x00000000 pts=356
valloc packet buffer: mpi_buf_id=177 dma_buf_fd=11 size=0
H264 first bytes: 00 00 00 01 41 e0 00 c0 01 86 17 08 d0 a2 89 4b
encode_release_packet ret=0
MP4 frame 357/1500: sequence=361 pts=14240000 us key=0 nv12=4478976 h264=4745 acquire=12.362 ms encode=26.289 ms mux=0.102 ms
start encode NV12 with RV1106 vendor packet ABI, frame=357
encode_put_frame ret=0
encode_get_packet ret=0 handle=0xaead1930 expected=0xaead1930
vendor packet: mpi_buf_id=177 len=8783 buf_size=1495040 offset=622592 data_num=1 flag=0x00000000 pts=357
valloc packet buffer: mpi_buf_id=177 dma_buf_fd=11 size=0
H264 first bytes: 00 00 00 01 41 e0 00 e0 01 c6 3c fa 77 32 2c 16
encode_release_packet ret=0
MP4 frame 358/1500: sequence=362 pts=14280000 us key=0 nv12=4478976 h264=8783 acquire=13.131 ms encode=26.818 ms mux=0.134 ms
start encode NV12 with RV1106 vendor packet ABI, frame=358
encode_put_frame ret=0
encode_get_packet ret=0 handle=0xaead1930 expected=0xaead1930
vendor packet: mpi_buf_id=177 len=8403 buf_size=1495040 offset=631424 data_num=1 flag=0x00000000 pts=358
valloc packet buffer: mpi_buf_id=177 dma_buf_fd=11 size=0
H264 first bytes: 00 00 00 01 41 e0 01 00 02 06 3f b9 6d 18 96 f0
encode_release_packet ret=0
MP4 frame 359/1500: sequence=363 pts=14320000 us key=0 nv12=4478976 h264=8403 acquire=12.548 ms encode=26.253 ms mux=0.135 ms
start encode NV12 with RV1106 vendor packet ABI, frame=359
encode_put_frame ret=0
encode_get_packet ret=0 handle=0xaead1930 expected=0xaead1930
vendor packet: mpi_buf_id=177 len=4055 buf_size=1495040 offset=639872 data_num=1 flag=0x00000000 pts=359
valloc packet buffer: mpi_buf_id=177 dma_buf_fd=11 size=0
H264 first bytes: 00 00 00 01 41 e0 01 20 02 46 17 09 56 08 f2 44
encode_release_packet ret=0
MP4 frame 360/1500: sequence=364 pts=14360000 us key=0 nv12=4478976 h264=4055 acquire=13.126 ms encode=26.803 ms mux=0.088 ms
start encode NV12 with RV1106 vendor packet ABI, frame=360
encode_put_frame ret=0
encode_get_packet ret=0 handle=0xaead1930 expected=0xaead1930
vendor packet: mpi_buf_id=177 len=7677 buf_size=1495040 offset=643968 data_num=1 flag=0x00000000 pts=360
valloc packet buffer: mpi_buf_id=177 dma_buf_fd=11 size=0
H264 first bytes: 00 00 00 01 41 e0 01 40 02 86 3c 1d 65 9f 70 55
encode_release_packet ret=0
MP4 frame 361/1500: sequence=365 pts=14400000 us key=0 nv12=4478976 h264=7677 acquire=12.618 ms encode=26.240 ms mux=0.124 ms
start encode NV12 with RV1106 vendor packet ABI, frame=361
encode_put_frame ret=0
encode_get_packet ret=0 handle=0xaead1930 expected=0xaead1930
vendor packet: mpi_buf_id=177 len=7186 buf_size=1495040 offset=651648 data_num=1 flag=0x00000000 pts=361
valloc packet buffer: mpi_buf_id=177 dma_buf_fd=11 size=0
H264 first bytes: 00 00 00 01 41 e0 01 60 02 c6 3c 4e be 71 2c 34
encode_release_packet ret=0
MP4 frame 362/1500: sequence=366 pts=14440000 us key=0 nv12=4478976 h264=7186 acquire=13.143 ms encode=26.800 ms mux=0.125 ms
start encode NV12 with RV1106 vendor packet ABI, frame=362
encode_put_frame ret=0
encode_get_packet ret=0 handle=0xaead1930 expected=0xaead1930
vendor packet: mpi_buf_id=177 len=7824 buf_size=1495040 offset=658944 data_num=1 flag=0x00000000 pts=362
valloc packet buffer: mpi_buf_id=177 dma_buf_fd=11 size=0
H264 first bytes: 00 00 00 01 41 e0 01 80 03 06 3c 31 9e 19 b5 0a
encode_release_packet ret=0
MP4 frame 363/1500: sequence=367 pts=14480000 us key=0 nv12=4478976 h264=7824 acquire=12.601 ms encode=26.210 ms mux=0.125 ms
start encode NV12 with RV1106 vendor packet ABI, frame=363
encode_put_frame ret=0
encode_get_packet ret=0 handle=0xaead1930 expected=0xaead1930
vendor packet: mpi_buf_id=177 len=7295 buf_size=1495040 offset=666880 data_num=1 flag=0x00000000 pts=363
valloc packet buffer: mpi_buf_id=177 dma_buf_fd=11 size=0
H264 first bytes: 00 00 00 01 41 e0 01 a0 03 46 3c 66 68 2a c9 04
encode_release_packet ret=0
MP4 frame 364/1500: sequence=368 pts=14520000 us key=0 nv12=4478976 h264=7295 acquire=13.176 ms encode=26.978 ms mux=0.120 ms
start encode NV12 with RV1106 vendor packet ABI, frame=364
encode_put_frame ret=0
encode_get_packet ret=0 handle=0xaead1930 expected=0xaead1930
vendor packet: mpi_buf_id=177 len=7638 buf_size=1495040 offset=674176 data_num=1 flag=0x00000000 pts=364
valloc packet buffer: mpi_buf_id=177 dma_buf_fd=11 size=0
H264 first bytes: 00 00 00 01 41 e0 01 c0 03 86 3c 0a 53 61 49 4d
encode_release_packet ret=0
MP4 frame 365/1500: sequence=369 pts=14560000 us key=0 nv12=4478976 h264=7638 acquire=12.414 ms encode=26.248 ms mux=0.127 ms
start encode NV12 with RV1106 vendor packet ABI, frame=365
encode_put_frame ret=0
encode_get_packet ret=0 handle=0xaead1930 expected=0xaead1930
vendor packet: mpi_buf_id=177 len=2982 buf_size=1495040 offset=681856 data_num=1 flag=0x00000000 pts=365
valloc packet buffer: mpi_buf_id=177 dma_buf_fd=11 size=0
H264 first bytes: 00 00 00 01 41 e0 01 e0 03 c6 17 02 0e 68 5e 94
encode_release_packet ret=0
MP4 frame 366/1500: sequence=370 pts=14600000 us key=0 nv12=4478976 h264=2982 acquire=13.141 ms encode=26.825 ms mux=0.077 ms
start encode NV12 with RV1106 vendor packet ABI, frame=366
encode_put_frame ret=0
encode_get_packet ret=0 handle=0xaead1930 expected=0xaead1930
vendor packet: mpi_buf_id=177 len=7257 buf_size=1495040 offset=684928 data_num=1 flag=0x00000000 pts=366
valloc packet buffer: mpi_buf_id=177 dma_buf_fd=11 size=0
H264 first bytes: 00 00 00 01 41 e0 02 00 04 06 3c 39 58 cb c1 0c
encode_release_packet ret=0
MP4 frame 367/1500: sequence=371 pts=14640000 us key=0 nv12=4478976 h264=7257 acquire=12.598 ms encode=26.274 ms mux=0.119 ms
start encode NV12 with RV1106 vendor packet ABI, frame=367
encode_put_frame ret=0
encode_get_packet ret=0 handle=0xaead1930 expected=0xaead1930
vendor packet: mpi_buf_id=177 len=7263 buf_size=1495040 offset=692224 data_num=1 flag=0x00000000 pts=367
valloc packet buffer: mpi_buf_id=177 dma_buf_fd=11 size=0
H264 first bytes: 00 00 00 01 41 e0 02 20 04 46 3c 05 3c ea 18 c6
encode_release_packet ret=0
MP4 frame 368/1500: sequence=372 pts=14680000 us key=0 nv12=4478976 h264=7263 acquire=13.122 ms encode=26.903 ms mux=0.121 ms
start encode NV12 with RV1106 vendor packet ABI, frame=368
encode_put_frame ret=0
encode_get_packet ret=0 handle=0xaead1930 expected=0xaead1930
vendor packet: mpi_buf_id=177 len=7071 buf_size=1495040 offset=699520 data_num=1 flag=0x00000000 pts=368
valloc packet buffer: mpi_buf_id=177 dma_buf_fd=11 size=0
H264 first bytes: 00 00 00 01 41 e0 02 40 04 86 3c 1b 51 e1 bd c4
encode_release_packet ret=0
MP4 frame 369/1500: sequence=373 pts=14720000 us key=0 nv12=4478976 h264=7071 acquire=12.499 ms encode=26.224 ms mux=0.116 ms
start encode NV12 with RV1106 vendor packet ABI, frame=369
encode_put_frame ret=0
encode_get_packet ret=0 handle=0xaead1930 expected=0xaead1930
vendor packet: mpi_buf_id=177 len=7107 buf_size=1495040 offset=706688 data_num=1 flag=0x00000000 pts=369
valloc packet buffer: mpi_buf_id=177 dma_buf_fd=11 size=0
H264 first bytes: 00 00 00 01 41 e0 02 60 04 c6 3c 31 3e 15 b7 73
encode_release_packet ret=0
MP4 frame 370/1500: sequence=374 pts=14760000 us key=0 nv12=4478976 h264=7107 acquire=13.169 ms encode=26.924 ms mux=0.125 ms
start encode NV12 with RV1106 vendor packet ABI, frame=370
encode_put_frame ret=0
encode_get_packet ret=0 handle=0xaead1930 expected=0xaead1930
vendor packet: mpi_buf_id=177 len=7023 buf_size=1495040 offset=713856 data_num=1 flag=0x00000000 pts=370
valloc packet buffer: mpi_buf_id=177 dma_buf_fd=11 size=0
H264 first bytes: 00 00 00 01 41 e0 02 80 05 06 3c 17 cc 78 23 9f
encode_release_packet ret=0
MP4 frame 371/1500: sequence=375 pts=14800000 us key=0 nv12=4478976 h264=7023 acquire=12.460 ms encode=26.282 ms mux=0.115 ms
start encode NV12 with RV1106 vendor packet ABI, frame=371
encode_put_frame ret=0
encode_get_packet ret=0 handle=0xaead1930 expected=0xaead1930
vendor packet: mpi_buf_id=177 len=7645 buf_size=1495040 offset=720896 data_num=1 flag=0x00000000 pts=371
valloc packet buffer: mpi_buf_id=177 dma_buf_fd=11 size=0
H264 first bytes: 00 00 00 01 41 e0 02 a0 05 46 3c 2b 43 c6 09 eb
encode_release_packet ret=0
MP4 frame 372/1500: sequence=376 pts=14840000 us key=0 nv12=4478976 h264=7645 acquire=13.113 ms encode=26.994 ms mux=0.128 ms
start encode NV12 with RV1106 vendor packet ABI, frame=372
encode_put_frame ret=0
encode_get_packet ret=0 handle=0xaead1930 expected=0xaead1930
vendor packet: mpi_buf_id=177 len=7149 buf_size=1495040 offset=728576 data_num=1 flag=0x00000000 pts=372
valloc packet buffer: mpi_buf_id=177 dma_buf_fd=11 size=0
H264 first bytes: 00 00 00 01 41 e0 02 c0 05 86 3c 5e 48 9a 70 2e
encode_release_packet ret=0
MP4 frame 373/1500: sequence=377 pts=14880000 us key=0 nv12=4478976 h264=7149 acquire=12.385 ms encode=26.243 ms mux=0.119 ms
start encode NV12 with RV1106 vendor packet ABI, frame=373
encode_put_frame ret=0
encode_get_packet ret=0 handle=0xaead1930 expected=0xaead1930
vendor packet: mpi_buf_id=177 len=7575 buf_size=1495040 offset=735744 data_num=1 flag=0x00000000 pts=373
valloc packet buffer: mpi_buf_id=177 dma_buf_fd=11 size=0
H264 first bytes: 00 00 00 01 41 e0 02 e0 05 c6 3c d3 a8 19 a7 24
encode_release_packet ret=0
MP4 frame 374/1500: sequence=378 pts=14920000 us key=0 nv12=4478976 h264=7575 acquire=13.153 ms encode=26.856 ms mux=0.122 ms
start encode NV12 with RV1106 vendor packet ABI, frame=374
encode_put_frame ret=0
encode_get_packet ret=0 handle=0xaead1930 expected=0xaead1930
vendor packet: mpi_buf_id=177 len=6948 buf_size=1495040 offset=743424 data_num=1 flag=0x00000000 pts=374
valloc packet buffer: mpi_buf_id=177 dma_buf_fd=11 size=0
H264 first bytes: 00 00 00 01 41 e0 03 00 06 06 3c 2b 09 85 86 09
encode_release_packet ret=0
MP4 frame 375/1500: sequence=379 pts=14960000 us key=0 nv12=4478976 h264=6948 acquire=12.542 ms encode=26.217 ms mux=0.118 ms
start encode NV12 with RV1106 vendor packet ABI, frame=375
encode_put_frame ret=0
encode_get_packet ret=0 handle=0xaead1930 expected=0xaead1930
vendor packet: mpi_buf_id=177 len=187350 buf_size=1495040 offset=750464 data_num=1 flag=0x00000010 pts=375
valloc packet buffer: mpi_buf_id=177 dma_buf_fd=11 size=0
H264 first bytes: 00 00 00 01 65 b8 00 00 40 00 00 3f 0a 44 84 50
encode_release_packet ret=0
MP4 frame 376/1500: sequence=380 pts=15000000 us key=1 nv12=4478976 h264=187350 acquire=13.180 ms encode=26.767 ms mux=3.631 ms
start encode NV12 with RV1106 vendor packet ABI, frame=376
encode_put_frame ret=0
encode_get_packet ret=0 handle=0xaead1930 expected=0xaead1930
vendor packet: mpi_buf_id=177 len=3500 buf_size=1495040 offset=937856 data_num=1 flag=0x00000000 pts=376
valloc packet buffer: mpi_buf_id=177 dma_buf_fd=11 size=0
H264 first bytes: 00 00 00 01 41 e0 00 20 00 46 09 c1 5c ce 09 b3
encode_release_packet ret=0
MP4 frame 377/1500: sequence=381 pts=15040000 us key=0 nv12=4478976 h264=3500 acquire=9.097 ms encode=26.261 ms mux=0.083 ms
start encode NV12 with RV1106 vendor packet ABI, frame=377
encode_put_frame ret=0
encode_get_packet ret=0 handle=0xaead1930 expected=0xaead1930
vendor packet: mpi_buf_id=177 len=6617 buf_size=1495040 offset=941440 data_num=1 flag=0x00000000 pts=377
valloc packet buffer: mpi_buf_id=177 dma_buf_fd=11 size=0
H264 first bytes: 00 00 00 01 41 e0 00 40 00 86 17 11 a8 8a 0b c1
encode_release_packet ret=0
MP4 frame 378/1500: sequence=382 pts=15080000 us key=0 nv12=4478976 h264=6617 acquire=13.164 ms encode=26.863 ms mux=0.115 ms
start encode NV12 with RV1106 vendor packet ABI, frame=378
encode_put_frame ret=0
encode_get_packet ret=0 handle=0xaead1930 expected=0xaead1930
vendor packet: mpi_buf_id=177 len=5858 buf_size=1495040 offset=948096 data_num=1 flag=0x00000000 pts=378
valloc packet buffer: mpi_buf_id=177 dma_buf_fd=11 size=0
H264 first bytes: 00 00 00 01 41 e0 00 60 00 c6 17 0f 6a 3e cd 0d
encode_release_packet ret=0
MP4 frame 379/1500: sequence=383 pts=15120000 us key=0 nv12=4478976 h264=5858 acquire=12.539 ms encode=26.420 ms mux=0.107 ms
start encode NV12 with RV1106 vendor packet ABI, frame=379
encode_put_frame ret=0
encode_get_packet ret=0 handle=0xaead1930 expected=0xaead1930
vendor packet: mpi_buf_id=177 len=2024 buf_size=1495040 offset=953984 data_num=1 flag=0x00000000 pts=379
valloc packet buffer: mpi_buf_id=177 dma_buf_fd=11 size=0
H264 first bytes: 00 00 00 01 41 e0 00 80 01 06 09 c2 33 b8 18 f7
encode_release_packet ret=0
MP4 frame 380/1500: sequence=384 pts=15160000 us key=0 nv12=4478976 h264=2024 acquire=12.885 ms encode=26.893 ms mux=0.068 ms
start encode NV12 with RV1106 vendor packet ABI, frame=380
encode_put_frame ret=0
encode_get_packet ret=0 handle=0xaead1930 expected=0xaead1930
vendor packet: mpi_buf_id=177 len=2134 buf_size=1495040 offset=956032 data_num=1 flag=0x00000000 pts=380
valloc packet buffer: mpi_buf_id=177 dma_buf_fd=11 size=0
H264 first bytes: 00 00 00 01 41 e0 00 a0 01 46 09 c2 f5 81 7a f0
encode_release_packet ret=0
MP4 frame 381/1500: sequence=385 pts=15200000 us key=0 nv12=4478976 h264=2134 acquire=12.542 ms encode=26.281 ms mux=0.070 ms
start encode NV12 with RV1106 vendor packet ABI, frame=381
encode_put_frame ret=0
encode_get_packet ret=0 handle=0xaead1930 expected=0xaead1930
vendor packet: mpi_buf_id=177 len=4435 buf_size=1495040 offset=958208 data_num=1 flag=0x00000000 pts=381
valloc packet buffer: mpi_buf_id=177 dma_buf_fd=11 size=0
H264 first bytes: 00 00 00 01 41 e0 00 c0 01 86 17 03 d5 e0 52 d4
encode_release_packet ret=0
MP4 frame 382/1500: sequence=386 pts=15240000 us key=0 nv12=4478976 h264=4435 acquire=13.165 ms encode=26.867 ms mux=0.095 ms
start encode NV12 with RV1106 vendor packet ABI, frame=382
encode_put_frame ret=0
encode_get_packet ret=0 handle=0xaead1930 expected=0xaead1930
vendor packet: mpi_buf_id=177 len=1572 buf_size=1495040 offset=962688 data_num=1 flag=0x00000000 pts=382
valloc packet buffer: mpi_buf_id=177 dma_buf_fd=11 size=0
H264 first bytes: 00 00 00 01 41 e0 00 e0 01 c6 09 c0 c3 9a 05 89
encode_release_packet ret=0
MP4 frame 383/1500: sequence=387 pts=15280000 us key=0 nv12=4478976 h264=1572 acquire=12.558 ms encode=26.221 ms mux=0.065 ms
start encode NV12 with RV1106 vendor packet ABI, frame=383
encode_put_frame ret=0
encode_get_packet ret=0 handle=0xaead1930 expected=0xaead1930
vendor packet: mpi_buf_id=177 len=3598 buf_size=1495040 offset=964352 data_num=1 flag=0x00000000 pts=383
valloc packet buffer: mpi_buf_id=177 dma_buf_fd=11 size=0
H264 first bytes: 00 00 00 01 41 e0 01 00 02 06 17 08 4d 8a ac 96
encode_release_packet ret=0
MP4 frame 384/1500: sequence=388 pts=15320000 us key=0 nv12=4478976 h264=3598 acquire=13.232 ms encode=26.843 ms mux=0.086 ms
start encode NV12 with RV1106 vendor packet ABI, frame=384
encode_put_frame ret=0
encode_get_packet ret=0 handle=0xaead1930 expected=0xaead1930
vendor packet: mpi_buf_id=177 len=3350 buf_size=1495040 offset=968064 data_num=1 flag=0x00000000 pts=384
valloc packet buffer: mpi_buf_id=177 dma_buf_fd=11 size=0
H264 first bytes: 00 00 00 01 41 e0 01 20 02 46 17 1f 1d 65 5e 26
encode_release_packet ret=0
MP4 frame 385/1500: sequence=389 pts=15360000 us key=0 nv12=4478976 h264=3350 acquire=12.581 ms encode=26.247 ms mux=0.081 ms
start encode NV12 with RV1106 vendor packet ABI, frame=385
encode_put_frame ret=0
encode_get_packet ret=0 handle=0xaead1930 expected=0xaead1930
vendor packet: mpi_buf_id=177 len=3291 buf_size=1495040 offset=971520 data_num=1 flag=0x00000000 pts=385
valloc packet buffer: mpi_buf_id=177 dma_buf_fd=11 size=0
H264 first bytes: 00 00 00 01 41 e0 01 40 02 86 17 13 9a 3b 34 1d
encode_release_packet ret=0
MP4 frame 386/1500: sequence=390 pts=15400000 us key=0 nv12=4478976 h264=3291 acquire=13.186 ms encode=26.866 ms mux=0.082 ms
start encode NV12 with RV1106 vendor packet ABI, frame=386
encode_put_frame ret=0
encode_get_packet ret=0 handle=0xaead1930 expected=0xaead1930
vendor packet: mpi_buf_id=177 len=5812 buf_size=1495040 offset=974848 data_num=1 flag=0x00000000 pts=386
valloc packet buffer: mpi_buf_id=177 dma_buf_fd=11 size=0
H264 first bytes: 00 00 00 01 41 e0 01 60 02 c6 3c 4c ee 08 e5 c3
encode_release_packet ret=0
MP4 frame 387/1500: sequence=391 pts=15440000 us key=0 nv12=4478976 h264=5812 acquire=12.569 ms encode=26.345 ms mux=0.108 ms
start encode NV12 with RV1106 vendor packet ABI, frame=387
encode_put_frame ret=0
encode_get_packet ret=0 handle=0xaead1930 expected=0xaead1930
vendor packet: mpi_buf_id=177 len=5875 buf_size=1495040 offset=980736 data_num=1 flag=0x00000000 pts=387
valloc packet buffer: mpi_buf_id=177 dma_buf_fd=11 size=0
H264 first bytes: 00 00 00 01 41 e0 01 80 03 06 3c 0a f3 9e 0a b1
encode_release_packet ret=0
MP4 frame 388/1500: sequence=392 pts=15480000 us key=0 nv12=4478976 h264=5875 acquire=13.061 ms encode=26.861 ms mux=0.103 ms
start encode NV12 with RV1106 vendor packet ABI, frame=388
encode_put_frame ret=0
encode_get_packet ret=0 handle=0xaead1930 expected=0xaead1930
vendor packet: mpi_buf_id=177 len=6371 buf_size=1495040 offset=986624 data_num=1 flag=0x00000000 pts=388
valloc packet buffer: mpi_buf_id=177 dma_buf_fd=11 size=0
H264 first bytes: 00 00 00 01 41 e0 01 a0 03 46 3c 1f 4c e5 b3 4d
encode_release_packet ret=0
MP4 frame 389/1500: sequence=393 pts=15520000 us key=0 nv12=4478976 h264=6371 acquire=12.540 ms encode=26.220 ms mux=0.113 ms
start encode NV12 with RV1106 vendor packet ABI, frame=389
encode_put_frame ret=0
encode_get_packet ret=0 handle=0xaead1930 expected=0xaead1930
vendor packet: mpi_buf_id=177 len=6886 buf_size=1495040 offset=993024 data_num=1 flag=0x00000000 pts=389
valloc packet buffer: mpi_buf_id=177 dma_buf_fd=11 size=0
H264 first bytes: 00 00 00 01 41 e0 01 c0 03 86 3c 31 1f 16 56 2b
encode_release_packet ret=0
MP4 frame 390/1500: sequence=394 pts=15560000 us key=0 nv12=4478976 h264=6886 acquire=13.184 ms encode=26.915 ms mux=0.118 ms
start encode NV12 with RV1106 vendor packet ABI, frame=390
encode_put_frame ret=0
encode_get_packet ret=0 handle=0xaead1930 expected=0xaead1930
vendor packet: mpi_buf_id=177 len=6771 buf_size=1495040 offset=999936 data_num=1 flag=0x00000000 pts=390
valloc packet buffer: mpi_buf_id=177 dma_buf_fd=11 size=0
H264 first bytes: 00 00 00 01 41 e0 01 e0 03 c6 3c 31 58 56 75 04
encode_release_packet ret=0
MP4 frame 391/1500: sequence=395 pts=15600000 us key=0 nv12=4478976 h264=6771 acquire=12.477 ms encode=26.270 ms mux=0.115 ms
start encode NV12 with RV1106 vendor packet ABI, frame=391
encode_put_frame ret=0
encode_get_packet ret=0 handle=0xaead1930 expected=0xaead1930
vendor packet: mpi_buf_id=177 len=7466 buf_size=1495040 offset=1006720 data_num=1 flag=0x00000000 pts=391
valloc packet buffer: mpi_buf_id=177 dma_buf_fd=11 size=0
H264 first bytes: 00 00 00 01 41 e0 02 00 04 06 3c 25 29 82 02 4f
encode_release_packet ret=0
MP4 frame 392/1500: sequence=396 pts=15640000 us key=0 nv12=4478976 h264=7466 acquire=13.129 ms encode=26.824 ms mux=0.118 ms
start encode NV12 with RV1106 vendor packet ABI, frame=392
encode_put_frame ret=0
encode_get_packet ret=0 handle=0xaead1930 expected=0xaead1930
vendor packet: mpi_buf_id=177 len=7414 buf_size=1495040 offset=1014272 data_num=1 flag=0x00000000 pts=392
valloc packet buffer: mpi_buf_id=177 dma_buf_fd=11 size=0
H264 first bytes: 00 00 00 01 41 e0 02 20 04 46 3c 25 c6 09 1b 5b
encode_release_packet ret=0
MP4 frame 393/1500: sequence=397 pts=15680000 us key=0 nv12=4478976 h264=7414 acquire=12.575 ms encode=26.208 ms mux=0.141 ms
start encode NV12 with RV1106 vendor packet ABI, frame=393
encode_put_frame ret=0
encode_get_packet ret=0 handle=0xaead1930 expected=0xaead1930
vendor packet: mpi_buf_id=177 len=9030 buf_size=1495040 offset=1021696 data_num=1 flag=0x00000000 pts=393
valloc packet buffer: mpi_buf_id=177 dma_buf_fd=11 size=0
H264 first bytes: 00 00 00 01 41 e0 02 40 04 86 1f 0a 4c 71 82 6a
encode_release_packet ret=0
MP4 frame 394/1500: sequence=398 pts=15720000 us key=0 nv12=4478976 h264=9030 acquire=13.155 ms encode=26.873 ms mux=0.138 ms
start encode NV12 with RV1106 vendor packet ABI, frame=394
encode_put_frame ret=0
encode_get_packet ret=0 handle=0xaead1930 expected=0xaead1930
vendor packet: mpi_buf_id=177 len=9458 buf_size=1495040 offset=1030784 data_num=1 flag=0x00000000 pts=394
valloc packet buffer: mpi_buf_id=177 dma_buf_fd=11 size=0
H264 first bytes: 00 00 00 01 41 e0 02 60 04 c6 1f 17 21 26 94 83
encode_release_packet ret=0
MP4 frame 395/1500: sequence=399 pts=15760000 us key=0 nv12=4478976 h264=9458 acquire=12.508 ms encode=26.385 ms mux=0.143 ms
start encode NV12 with RV1106 vendor packet ABI, frame=395
encode_put_frame ret=0
encode_get_packet ret=0 handle=0xaead1930 expected=0xaead1930
vendor packet: mpi_buf_id=177 len=9804 buf_size=1495040 offset=1040256 data_num=1 flag=0x00000000 pts=395
valloc packet buffer: mpi_buf_id=177 dma_buf_fd=11 size=0
H264 first bytes: 00 00 00 01 41 e0 02 80 05 06 1f 02 34 e7 30 95
encode_release_packet ret=0
MP4 frame 396/1500: sequence=400 pts=15800000 us key=0 nv12=4478976 h264=9804 acquire=12.980 ms encode=26.849 ms mux=0.145 ms
start encode NV12 with RV1106 vendor packet ABI, frame=396
encode_put_frame ret=0
encode_get_packet ret=0 handle=0xaead1930 expected=0xaead1930
vendor packet: mpi_buf_id=177 len=10621 buf_size=1495040 offset=1050112 data_num=1 flag=0x00000000 pts=396
valloc packet buffer: mpi_buf_id=177 dma_buf_fd=11 size=0
H264 first bytes: 00 00 00 01 41 e0 02 a0 05 46 0b cf 09 98 55 de
encode_release_packet ret=0
MP4 frame 397/1500: sequence=401 pts=15840000 us key=0 nv12=4478976 h264=10621 acquire=12.511 ms encode=26.240 ms mux=0.156 ms
start encode NV12 with RV1106 vendor packet ABI, frame=397
encode_put_frame ret=0
encode_get_packet ret=0 handle=0xaead1930 expected=0xaead1930
vendor packet: mpi_buf_id=177 len=11041 buf_size=1495040 offset=1060736 data_num=1 flag=0x00000000 pts=397
valloc packet buffer: mpi_buf_id=177 dma_buf_fd=11 size=0
H264 first bytes: 00 00 00 01 41 e0 02 c0 05 86 0b c2 10 84 60 9e
encode_release_packet ret=0
MP4 frame 398/1500: sequence=402 pts=15880000 us key=0 nv12=4478976 h264=11041 acquire=13.109 ms encode=26.873 ms mux=0.153 ms
start encode NV12 with RV1106 vendor packet ABI, frame=398
encode_put_frame ret=0
encode_get_packet ret=0 handle=0xaead1930 expected=0xaead1930
vendor packet: mpi_buf_id=177 len=10787 buf_size=1495040 offset=1071872 data_num=1 flag=0x00000000 pts=398
valloc packet buffer: mpi_buf_id=177 dma_buf_fd=11 size=0
H264 first bytes: 00 00 00 01 41 e0 02 e0 05 c6 0f cf 69 e2 f4 8b
encode_release_packet ret=0
MP4 frame 399/1500: sequence=403 pts=15920000 us key=0 nv12=4478976 h264=10787 acquire=12.497 ms encode=26.243 ms mux=0.156 ms
start encode NV12 with RV1106 vendor packet ABI, frame=399
encode_put_frame ret=0
encode_get_packet ret=0 handle=0xaead1930 expected=0xaead1930
vendor packet: mpi_buf_id=177 len=11699 buf_size=1495040 offset=1082752 data_num=1 flag=0x00000000 pts=399
valloc packet buffer: mpi_buf_id=177 dma_buf_fd=11 size=0
H264 first bytes: 00 00 00 01 41 e0 03 00 06 06 0f c5 ee b6 14 21
encode_release_packet ret=0
MP4 frame 400/1500: sequence=404 pts=15960000 us key=0 nv12=4478976 h264=11699 acquire=13.117 ms encode=26.827 ms mux=0.164 ms
start encode NV12 with RV1106 vendor packet ABI, frame=400
encode_put_frame ret=0
encode_get_packet ret=0 handle=0xaead1930 expected=0xaead1930
vendor packet: mpi_buf_id=177 len=228255 buf_size=1495040 offset=1094528 data_num=1 flag=0x00000010 pts=400
valloc packet buffer: mpi_buf_id=177 dma_buf_fd=11 size=0
H264 first bytes: 00 00 00 01 65 b8 00 04 00 00 13 c2 91 21 20 40
encode_release_packet ret=0
MP4 frame 401/1500: sequence=405 pts=16000000 us key=1 nv12=4478976 h264=228255 acquire=12.516 ms encode=26.283 ms mux=4.069 ms
start encode NV12 with RV1106 vendor packet ABI, frame=401
encode_put_frame ret=0
encode_get_packet ret=0 handle=0xaead1930 expected=0xaead1930
vendor packet: mpi_buf_id=177 len=14489 buf_size=1495040 offset=1322880 data_num=1 flag=0x00000000 pts=401
valloc packet buffer: mpi_buf_id=177 dma_buf_fd=11 size=0
H264 first bytes: 00 00 00 01 41 e0 00 20 00 46 0f cf b1 d3 c2 bd
encode_release_packet ret=0
MP4 frame 402/1500: sequence=406 pts=16040000 us key=0 nv12=4478976 h264=14489 acquire=9.158 ms encode=26.814 ms mux=0.197 ms
start encode NV12 with RV1106 vendor packet ABI, frame=402
encode_put_frame ret=0
encode_get_packet ret=0 handle=0xaead1930 expected=0xaead1930
vendor packet: mpi_buf_id=177 len=12378 buf_size=1495040 offset=1337472 data_num=1 flag=0x00000000 pts=402
valloc packet buffer: mpi_buf_id=177 dma_buf_fd=11 size=0
H264 first bytes: 00 00 00 01 41 e0 00 40 00 86 0b c2 76 86 09 79
encode_release_packet ret=0
MP4 frame 403/1500: sequence=407 pts=16080000 us key=0 nv12=4478976 h264=12378 acquire=12.488 ms encode=26.339 ms mux=0.174 ms
start encode NV12 with RV1106 vendor packet ABI, frame=403
encode_put_frame ret=0
encode_get_packet ret=0 handle=0xaead1930 expected=0xaead1930
vendor packet: mpi_buf_id=177 len=12742 buf_size=1495040 offset=1349888 data_num=1 flag=0x00000000 pts=403
valloc packet buffer: mpi_buf_id=177 dma_buf_fd=11 size=0
H264 first bytes: 00 00 00 01 41 e0 00 60 00 c6 0b c2 56 60 80 92
encode_release_packet ret=0
MP4 frame 404/1500: sequence=408 pts=16120000 us key=0 nv12=4478976 h264=12742 acquire=12.995 ms encode=26.872 ms mux=0.179 ms
start encode NV12 with RV1106 vendor packet ABI, frame=404
encode_put_frame ret=0
encode_get_packet ret=0 handle=0xaead1930 expected=0xaead1930
vendor packet: mpi_buf_id=177 len=12304 buf_size=1495040 offset=1362688 data_num=1 flag=0x00000000 pts=404
valloc packet buffer: mpi_buf_id=177 dma_buf_fd=11 size=0
H264 first bytes: 00 00 00 01 41 e0 00 80 01 06 0b c9 3a 8f 8f 43
encode_release_packet ret=0
MP4 frame 405/1500: sequence=409 pts=16160000 us key=0 nv12=4478976 h264=12304 acquire=12.459 ms encode=26.243 ms mux=0.169 ms
start encode NV12 with RV1106 vendor packet ABI, frame=405
encode_put_frame ret=0
encode_get_packet ret=0 handle=0xaead1930 expected=0xaead1930
vendor packet: mpi_buf_id=177 len=12871 buf_size=1495040 offset=1375104 data_num=1 flag=0x00000000 pts=405
valloc packet buffer: mpi_buf_id=177 dma_buf_fd=11 size=0
H264 first bytes: 00 00 00 01 41 e0 00 a0 01 46 0b c2 73 c2 22 4b
encode_release_packet ret=0
MP4 frame 406/1500: sequence=410 pts=16200000 us key=0 nv12=4478976 h264=12871 acquire=13.101 ms encode=26.851 ms mux=0.179 ms
start encode NV12 with RV1106 vendor packet ABI, frame=406
encode_put_frame ret=0
encode_get_packet ret=0 handle=0xaead1930 expected=0xaead1930
vendor packet: mpi_buf_id=177 len=13269 buf_size=1495040 offset=1388032 data_num=1 flag=0x00000000 pts=406
valloc packet buffer: mpi_buf_id=177 dma_buf_fd=11 size=0
H264 first bytes: 00 00 00 01 41 e0 00 c0 01 86 0b cf 34 25 d3 bf
encode_release_packet ret=0
MP4 frame 407/1500: sequence=411 pts=16240000 us key=0 nv12=4478976 h264=13269 acquire=12.481 ms encode=26.244 ms mux=0.181 ms
start encode NV12 with RV1106 vendor packet ABI, frame=407
encode_put_frame ret=0
encode_get_packet ret=0 handle=0xaead1930 expected=0xaead1930
vendor packet: mpi_buf_id=177 len=12694 buf_size=1495040 offset=1401344 data_num=1 flag=0x00000000 pts=407
valloc packet buffer: mpi_buf_id=177 dma_buf_fd=11 size=0
H264 first bytes: 00 00 00 01 41 e0 00 e0 01 c6 0b c6 54 15 17 7c
encode_release_packet ret=0
MP4 frame 408/1500: sequence=412 pts=16280000 us key=0 nv12=4478976 h264=12694 acquire=13.084 ms encode=26.790 ms mux=0.184 ms
start encode NV12 with RV1106 vendor packet ABI, frame=408
encode_put_frame ret=0
encode_get_packet ret=0 handle=0xaead1930 expected=0xaead1930
vendor packet: mpi_buf_id=177 len=13194 buf_size=1495040 offset=1414144 data_num=1 flag=0x00000000 pts=408
valloc packet buffer: mpi_buf_id=177 dma_buf_fd=11 size=0
H264 first bytes: 00 00 00 01 41 e0 01 00 02 06 0b c2 b6 86 09 1f
encode_release_packet ret=0
MP4 frame 409/1500: sequence=413 pts=16320000 us key=0 nv12=4478976 h264=13194 acquire=12.539 ms encode=26.229 ms mux=0.183 ms
start encode NV12 with RV1106 vendor packet ABI, frame=409
encode_put_frame ret=0
encode_get_packet ret=0 handle=0xaead1930 expected=0xaead1930
vendor packet: mpi_buf_id=177 len=12912 buf_size=1495040 offset=1427456 data_num=1 flag=0x00000000 pts=409
valloc packet buffer: mpi_buf_id=177 dma_buf_fd=11 size=0
H264 first bytes: 00 00 00 01 41 e0 01 20 02 46 0b c4 f5 30 73 53
encode_release_packet ret=0
MP4 frame 410/1500: sequence=414 pts=16360000 us key=0 nv12=4478976 h264=12912 acquire=13.102 ms encode=26.856 ms mux=0.175 ms
start encode NV12 with RV1106 vendor packet ABI, frame=410
encode_put_frame ret=0
encode_get_packet ret=0 handle=0xaead1930 expected=0xaead1930
vendor packet: mpi_buf_id=177 len=12828 buf_size=1495040 offset=1440384 data_num=1 flag=0x00000000 pts=410
valloc packet buffer: mpi_buf_id=177 dma_buf_fd=11 size=0
H264 first bytes: 00 00 00 01 41 e0 01 40 02 86 0b cf 3d ec 5b 2f
encode_release_packet ret=0
MP4 frame 411/1500: sequence=415 pts=16400000 us key=0 nv12=4478976 h264=12828 acquire=12.380 ms encode=26.241 ms mux=0.175 ms
start encode NV12 with RV1106 vendor packet ABI, frame=411
encode_put_frame ret=0
encode_get_packet ret=0 handle=0xaead1930 expected=0xaead1930
vendor packet: mpi_buf_id=177 len=12772 buf_size=1495040 offset=1453312 data_num=1 flag=0x00000000 pts=411
valloc packet buffer: mpi_buf_id=177 dma_buf_fd=11 size=0
H264 first bytes: 00 00 00 01 41 e0 01 60 02 c6 0b c4 eb e1 91 24
encode_release_packet ret=0
MP4 frame 412/1500: sequence=416 pts=16440000 us key=0 nv12=4478976 h264=12772 acquire=13.089 ms encode=26.993 ms mux=0.176 ms
start encode NV12 with RV1106 vendor packet ABI, frame=412
encode_put_frame ret=0
encode_get_packet ret=0 handle=0xaead1930 expected=0xaead1930
vendor packet: mpi_buf_id=177 len=12835 buf_size=1495040 offset=1466112 data_num=1 flag=0x00000000 pts=412
valloc packet buffer: mpi_buf_id=177 dma_buf_fd=11 size=0
H264 first bytes: 00 00 00 01 41 e0 01 80 03 06 0b c7 dc 71 56 b4
encode_release_packet ret=0
MP4 frame 413/1500: sequence=417 pts=16480000 us key=0 nv12=4478976 h264=12835 acquire=12.337 ms encode=26.216 ms mux=0.175 ms
start encode NV12 with RV1106 vendor packet ABI, frame=413
encode_put_frame ret=0
encode_get_packet ret=0 handle=0xaead1930 expected=0xaead1930
vendor packet: mpi_buf_id=177 len=12794 buf_size=1495040 offset=1479040 data_num=1 flag=0x00000000 pts=413
valloc packet buffer: mpi_buf_id=177 dma_buf_fd=11 size=0
H264 first bytes: 00 00 00 01 41 e0 01 a0 03 46 0b c2 52 10 78 9e
encode_release_packet ret=0
MP4 frame 414/1500: sequence=418 pts=16520000 us key=0 nv12=4478976 h264=12794 acquire=13.126 ms encode=26.850 ms mux=0.179 ms
start encode NV12 with RV1106 vendor packet ABI, frame=414
encode_put_frame ret=0
encode_get_packet ret=0 handle=0xaead1930 expected=0xaead1930
vendor packet: mpi_buf_id=177 len=13224 buf_size=1495040 offset=1491840 data_num=1 flag=0x00000000 pts=414
valloc packet buffer: mpi_buf_id=177 dma_buf_fd=11 size=0
H264 first bytes: 00 00 00 01 41 e0 01 c0 03 86 0b c5 4f 05 42 5f
encode_release_packet ret=0
MP4 frame 415/1500: sequence=419 pts=16560000 us key=0 nv12=4478976 h264=13224 acquire=12.474 ms encode=26.236 ms mux=0.183 ms
start encode NV12 with RV1106 vendor packet ABI, frame=415
encode_put_frame ret=0
encode_get_packet ret=0 handle=0xaead1930 expected=0xaead1930
vendor packet: mpi_buf_id=177 len=12527 buf_size=1495040 offset=10112 data_num=1 flag=0x00000000 pts=415
valloc packet buffer: mpi_buf_id=177 dma_buf_fd=11 size=0
H264 first bytes: 00 00 00 01 41 e0 01 e0 03 c6 0f f4 c2 82 72 65
encode_release_packet ret=0
MP4 frame 416/1500: sequence=420 pts=16600000 us key=0 nv12=4478976 h264=12527 acquire=13.092 ms encode=26.813 ms mux=0.171 ms
start encode NV12 with RV1106 vendor packet ABI, frame=416
encode_put_frame ret=0
encode_get_packet ret=0 handle=0xaead1930 expected=0xaead1930
vendor packet: mpi_buf_id=177 len=12873 buf_size=1495040 offset=22656 data_num=1 flag=0x00000000 pts=416
valloc packet buffer: mpi_buf_id=177 dma_buf_fd=11 size=0
H264 first bytes: 00 00 00 01 41 e0 02 00 04 06 0f c4 da 56 e7 61
encode_release_packet ret=0
MP4 frame 417/1500: sequence=421 pts=16640000 us key=0 nv12=4478976 h264=12873 acquire=12.518 ms encode=26.160 ms mux=0.179 ms
start encode NV12 with RV1106 vendor packet ABI, frame=417
encode_put_frame ret=0
encode_get_packet ret=0 handle=0xaead1930 expected=0xaead1930
vendor packet: mpi_buf_id=177 len=12366 buf_size=1495040 offset=35584 data_num=1 flag=0x00000000 pts=417
valloc packet buffer: mpi_buf_id=177 dma_buf_fd=11 size=0
H264 first bytes: 00 00 00 01 41 e0 02 20 04 46 0f cd 23 64 b2 f1
encode_release_packet ret=0
MP4 frame 418/1500: sequence=422 pts=16680000 us key=0 nv12=4478976 h264=12366 acquire=13.174 ms encode=26.986 ms mux=0.181 ms
start encode NV12 with RV1106 vendor packet ABI, frame=418
encode_put_frame ret=0
encode_get_packet ret=0 handle=0xaead1930 expected=0xaead1930
vendor packet: mpi_buf_id=177 len=13077 buf_size=1495040 offset=48000 data_num=1 flag=0x00000000 pts=418
valloc packet buffer: mpi_buf_id=177 dma_buf_fd=11 size=0
H264 first bytes: 00 00 00 01 41 e0 02 40 04 86 0f c4 4d 15 af 7c
encode_release_packet ret=0
MP4 frame 419/1500: sequence=423 pts=16720000 us key=0 nv12=4478976 h264=13077 acquire=12.344 ms encode=26.198 ms mux=0.179 ms
start encode NV12 with RV1106 vendor packet ABI, frame=419
encode_put_frame ret=0
encode_get_packet ret=0 handle=0xaead1930 expected=0xaead1930
vendor packet: mpi_buf_id=177 len=12809 buf_size=1495040 offset=61184 data_num=1 flag=0x00000000 pts=419
valloc packet buffer: mpi_buf_id=177 dma_buf_fd=11 size=0
H264 first bytes: 00 00 00 01 41 e0 02 60 04 c6 0f c5 cf 04 3a ec
encode_release_packet ret=0
MP4 frame 420/1500: sequence=424 pts=16760000 us key=0 nv12=4478976 h264=12809 acquire=13.130 ms encode=26.855 ms mux=0.172 ms
start encode NV12 with RV1106 vendor packet ABI, frame=420
encode_put_frame ret=0
encode_get_packet ret=0 handle=0xaead1930 expected=0xaead1930
vendor packet: mpi_buf_id=177 len=15855 buf_size=1495040 offset=74112 data_num=1 flag=0x00000000 pts=420
valloc packet buffer: mpi_buf_id=177 dma_buf_fd=11 size=0
H264 first bytes: 00 00 00 01 41 e0 02 80 05 06 04 f3 f0 53 2a f5
encode_release_packet ret=0
MP4 frame 421/1500: sequence=425 pts=16800000 us key=0 nv12=4478976 h264=15855 acquire=12.480 ms encode=26.309 ms mux=0.212 ms
start encode NV12 with RV1106 vendor packet ABI, frame=421
encode_put_frame ret=0
encode_get_packet ret=0 handle=0xaead1930 expected=0xaead1930
vendor packet: mpi_buf_id=177 len=12595 buf_size=1495040 offset=89984 data_num=1 flag=0x00000000 pts=421
valloc packet buffer: mpi_buf_id=177 dma_buf_fd=11 size=0
H264 first bytes: 00 00 00 01 41 e0 02 a0 05 46 0f cf 6c 74 a9 20
encode_release_packet ret=0
MP4 frame 422/1500: sequence=426 pts=16840000 us key=0 nv12=4478976 h264=12595 acquire=12.999 ms encode=26.823 ms mux=0.988 ms
start encode NV12 with RV1106 vendor packet ABI, frame=422
encode_put_frame ret=0
encode_get_packet ret=0 handle=0xaead1930 expected=0xaead1930
vendor packet: mpi_buf_id=177 len=16124 buf_size=1495040 offset=102656 data_num=1 flag=0x00000000 pts=422
valloc packet buffer: mpi_buf_id=177 dma_buf_fd=11 size=0
H264 first bytes: 00 00 00 01 41 e0 02 c0 05 86 04 f0 84 84 0a 09
encode_release_packet ret=0
MP4 frame 423/1500: sequence=427 pts=16880000 us key=0 nv12=4478976 h264=16124 acquire=11.693 ms encode=26.295 ms mux=0.212 ms
start encode NV12 with RV1106 vendor packet ABI, frame=423
encode_put_frame ret=0
encode_get_packet ret=0 handle=0xaead1930 expected=0xaead1930
vendor packet: mpi_buf_id=177 len=13606 buf_size=1495040 offset=118784 data_num=1 flag=0x00000000 pts=423
valloc packet buffer: mpi_buf_id=177 dma_buf_fd=11 size=0
H264 first bytes: 00 00 00 01 41 e0 02 e0 05 c6 0f c2 11 47 0a 09
encode_release_packet ret=0
MP4 frame 424/1500: sequence=428 pts=16920000 us key=0 nv12=4478976 h264=13606 acquire=13.001 ms encode=26.887 ms mux=0.185 ms
start encode NV12 with RV1106 vendor packet ABI, frame=424
encode_put_frame ret=0
encode_get_packet ret=0 handle=0xaead1930 expected=0xaead1930
vendor packet: mpi_buf_id=177 len=15562 buf_size=1495040 offset=132480 data_num=1 flag=0x00000000 pts=424
valloc packet buffer: mpi_buf_id=177 dma_buf_fd=11 size=0
H264 first bytes: 00 00 00 01 41 e0 03 00 06 06 04 f1 11 70 43 7f
encode_release_packet ret=0
MP4 frame 425/1500: sequence=429 pts=16960000 us key=0 nv12=4478976 h264=15562 acquire=12.435 ms encode=26.159 ms mux=0.680 ms
start encode NV12 with RV1106 vendor packet ABI, frame=425
encode_put_frame ret=0
encode_get_packet ret=0 handle=0xaead1930 expected=0xaead1930
vendor packet: mpi_buf_id=177 len=234537 buf_size=1495040 offset=148096 data_num=1 flag=0x00000010 pts=425
valloc packet buffer: mpi_buf_id=177 dma_buf_fd=11 size=0
H264 first bytes: 00 00 00 01 65 b8 00 02 00 00 06 f0 a4 48 11 68
encode_release_packet ret=0
MP4 frame 426/1500: sequence=430 pts=17000000 us key=1 nv12=4478976 h264=234537 acquire=14.136 ms encode=27.089 ms mux=4.000 ms
start encode NV12 with RV1106 vendor packet ABI, frame=426
encode_put_frame ret=0
encode_get_packet ret=0 handle=0xaead1930 expected=0xaead1930
vendor packet: mpi_buf_id=177 len=25504 buf_size=1495040 offset=382720 data_num=1 flag=0x00000000 pts=426
valloc packet buffer: mpi_buf_id=177 dma_buf_fd=11 size=0
H264 first bytes: 00 00 00 01 41 e0 00 20 00 46 04 fc c6 0a 09 a5
encode_release_packet ret=0
MP4 frame 427/1500: sequence=431 pts=17040000 us key=0 nv12=4478976 h264=25504 acquire=6.933 ms encode=26.240 ms mux=0.317 ms
start encode NV12 with RV1106 vendor packet ABI, frame=427
encode_put_frame ret=0
encode_get_packet ret=0 handle=0xaead1930 expected=0xaead1930
vendor packet: mpi_buf_id=177 len=13176 buf_size=1495040 offset=408320 data_num=1 flag=0x00000000 pts=427
valloc packet buffer: mpi_buf_id=177 dma_buf_fd=11 size=0
H264 first bytes: 00 00 00 01 41 e0 00 40 00 86 0f dc ff 35 d4 45
encode_release_packet ret=0
MP4 frame 428/1500: sequence=432 pts=17080000 us key=0 nv12=4478976 h264=13176 acquire=12.945 ms encode=26.836 ms mux=0.178 ms
start encode NV12 with RV1106 vendor packet ABI, frame=428
encode_put_frame ret=0
encode_get_packet ret=0 handle=0xaead1930 expected=0xaead1930
vendor packet: mpi_buf_id=177 len=14254 buf_size=1495040 offset=421504 data_num=1 flag=0x00000000 pts=428
valloc packet buffer: mpi_buf_id=177 dma_buf_fd=11 size=0
H264 first bytes: 00 00 00 01 41 e0 00 60 00 c6 0f c6 6c 16 16 1d
encode_release_packet ret=0
MP4 frame 429/1500: sequence=433 pts=17120000 us key=0 nv12=4478976 h264=14254 acquire=12.500 ms encode=26.174 ms mux=0.201 ms
start encode NV12 with RV1106 vendor packet ABI, frame=429
encode_put_frame ret=0
encode_get_packet ret=0 handle=0xaead1930 expected=0xaead1930
vendor packet: mpi_buf_id=177 len=14836 buf_size=1495040 offset=435840 data_num=1 flag=0x00000000 pts=429
valloc packet buffer: mpi_buf_id=177 dma_buf_fd=11 size=0
H264 first bytes: 00 00 00 01 41 e0 00 80 01 06 0f c5 64 0d 89 7e
encode_release_packet ret=0
MP4 frame 430/1500: sequence=434 pts=17160000 us key=0 nv12=4478976 h264=14836 acquire=13.137 ms encode=26.903 ms mux=0.205 ms
start encode NV12 with RV1106 vendor packet ABI, frame=430
encode_put_frame ret=0
encode_get_packet ret=0 handle=0xaead1930 expected=0xaead1930
vendor packet: mpi_buf_id=177 len=13443 buf_size=1495040 offset=450688 data_num=1 flag=0x00000000 pts=430
valloc packet buffer: mpi_buf_id=177 dma_buf_fd=11 size=0
H264 first bytes: 00 00 00 01 41 e0 00 a0 01 46 0f c7 cc 82 85 37
encode_release_packet ret=0
MP4 frame 431/1500: sequence=435 pts=17200000 us key=0 nv12=4478976 h264=13443 acquire=12.400 ms encode=26.188 ms mux=0.181 ms
start encode NV12 with RV1106 vendor packet ABI, frame=431
encode_put_frame ret=0
encode_get_packet ret=0 handle=0xaead1930 expected=0xaead1930
vendor packet: mpi_buf_id=177 len=13788 buf_size=1495040 offset=464256 data_num=1 flag=0x00000000 pts=431
valloc packet buffer: mpi_buf_id=177 dma_buf_fd=11 size=0
H264 first bytes: 00 00 00 01 41 e0 00 c0 01 86 0f dc e6 92 e3 a3
encode_release_packet ret=0
MP4 frame 432/1500: sequence=436 pts=17240000 us key=0 nv12=4478976 h264=13788 acquire=13.146 ms encode=26.825 ms mux=0.195 ms
start encode NV12 with RV1106 vendor packet ABI, frame=432
encode_put_frame ret=0
encode_get_packet ret=0 handle=0xaead1930 expected=0xaead1930
vendor packet: mpi_buf_id=177 len=13136 buf_size=1495040 offset=478080 data_num=1 flag=0x00000000 pts=432
valloc packet buffer: mpi_buf_id=177 dma_buf_fd=11 size=0
H264 first bytes: 00 00 00 01 41 e0 00 e0 01 c6 0f c2 10 b4 60 96
encode_release_packet ret=0
MP4 frame 433/1500: sequence=437 pts=17280000 us key=0 nv12=4478976 h264=13136 acquire=12.490 ms encode=26.219 ms mux=0.186 ms
start encode NV12 with RV1106 vendor packet ABI, frame=433
encode_put_frame ret=0
encode_get_packet ret=0 handle=0xaead1930 expected=0xaead1930
vendor packet: mpi_buf_id=177 len=12942 buf_size=1495040 offset=491264 data_num=1 flag=0x00000000 pts=433
valloc packet buffer: mpi_buf_id=177 dma_buf_fd=11 size=0
H264 first bytes: 00 00 00 01 41 e0 01 00 02 06 0f c4 4d 75 e4 d8
encode_release_packet ret=0
MP4 frame 434/1500: sequence=438 pts=17320000 us key=0 nv12=4478976 h264=12942 acquire=13.094 ms encode=27.007 ms mux=0.182 ms
start encode NV12 with RV1106 vendor packet ABI, frame=434
encode_put_frame ret=0
encode_get_packet ret=0 handle=0xaead1930 expected=0xaead1930
vendor packet: mpi_buf_id=177 len=12461 buf_size=1495040 offset=504320 data_num=1 flag=0x00000000 pts=434
valloc packet buffer: mpi_buf_id=177 dma_buf_fd=11 size=0
H264 first bytes: 00 00 00 01 41 e0 01 20 02 46 0f c2 36 51 82 6d
encode_release_packet ret=0
MP4 frame 435/1500: sequence=439 pts=17360000 us key=0 nv12=4478976 h264=12461 acquire=12.331 ms encode=26.224 ms mux=0.173 ms
start encode NV12 with RV1106 vendor packet ABI, frame=435
encode_put_frame ret=0
encode_get_packet ret=0 handle=0xaead1930 expected=0xaead1930
vendor packet: mpi_buf_id=177 len=12599 buf_size=1495040 offset=516864 data_num=1 flag=0x00000000 pts=435
valloc packet buffer: mpi_buf_id=177 dma_buf_fd=11 size=0
H264 first bytes: 00 00 00 01 41 e0 01 40 02 86 0f c2 13 b1 82 6b
encode_release_packet ret=0
MP4 frame 436/1500: sequence=440 pts=17400000 us key=0 nv12=4478976 h264=12599 acquire=13.106 ms encode=26.851 ms mux=0.183 ms
start encode NV12 with RV1106 vendor packet ABI, frame=436
encode_put_frame ret=0
encode_get_packet ret=0 handle=0xaead1930 expected=0xaead1930
vendor packet: mpi_buf_id=177 len=12288 buf_size=1495040 offset=529536 data_num=1 flag=0x00000000 pts=436
valloc packet buffer: mpi_buf_id=177 dma_buf_fd=11 size=0
H264 first bytes: 00 00 00 01 41 e0 01 60 02 c6 0f cb a9 3a b1 c4
encode_release_packet ret=0
MP4 frame 437/1500: sequence=441 pts=17440000 us key=0 nv12=4478976 h264=12288 acquire=12.490 ms encode=26.191 ms mux=0.173 ms
start encode NV12 with RV1106 vendor packet ABI, frame=437
encode_put_frame ret=0
encode_get_packet ret=0 handle=0xaead1930 expected=0xaead1930
vendor packet: mpi_buf_id=177 len=12229 buf_size=1495040 offset=541824 data_num=1 flag=0x00000000 pts=437
valloc packet buffer: mpi_buf_id=177 dma_buf_fd=11 size=0
H264 first bytes: 00 00 00 01 41 e0 01 80 03 06 0f cf b1 d4 cb ad
encode_release_packet ret=0
MP4 frame 438/1500: sequence=442 pts=17480000 us key=0 nv12=4478976 h264=12229 acquire=13.147 ms encode=26.803 ms mux=0.170 ms
start encode NV12 with RV1106 vendor packet ABI, frame=438
encode_put_frame ret=0
encode_get_packet ret=0 handle=0xaead1930 expected=0xaead1930
vendor packet: mpi_buf_id=177 len=12183 buf_size=1495040 offset=554112 data_num=1 flag=0x00000000 pts=438
valloc packet buffer: mpi_buf_id=177 dma_buf_fd=11 size=0
H264 first bytes: 00 00 00 01 41 e0 01 a0 03 46 0f c6 54 2e 59 94
encode_release_packet ret=0
MP4 frame 439/1500: sequence=443 pts=17520000 us key=0 nv12=4478976 h264=12183 acquire=12.540 ms encode=26.190 ms mux=0.173 ms
start encode NV12 with RV1106 vendor packet ABI, frame=439
encode_put_frame ret=0
encode_get_packet ret=0 handle=0xaead1930 expected=0xaead1930
vendor packet: mpi_buf_id=177 len=12190 buf_size=1495040 offset=566400 data_num=1 flag=0x00000000 pts=439
valloc packet buffer: mpi_buf_id=177 dma_buf_fd=11 size=0
H264 first bytes: 00 00 00 01 41 e0 01 c0 03 86 0f c9 39 a7 bf a0
encode_release_packet ret=0
MP4 frame 440/1500: sequence=444 pts=17560000 us key=0 nv12=4478976 h264=12190 acquire=13.135 ms encode=26.842 ms mux=0.170 ms
start encode NV12 with RV1106 vendor packet ABI, frame=440
encode_put_frame ret=0
encode_get_packet ret=0 handle=0xaead1930 expected=0xaead1930
vendor packet: mpi_buf_id=177 len=12040 buf_size=1495040 offset=578688 data_num=1 flag=0x00000000 pts=440
valloc packet buffer: mpi_buf_id=177 dma_buf_fd=11 size=0
H264 first bytes: 00 00 00 01 41 e0 01 e0 03 c6 0f cf 24 44 f2 a2
encode_release_packet ret=0
MP4 frame 441/1500: sequence=445 pts=17600000 us key=0 nv12=4478976 h264=12040 acquire=12.507 ms encode=26.237 ms mux=0.170 ms
start encode NV12 with RV1106 vendor packet ABI, frame=441
encode_put_frame ret=0
encode_get_packet ret=0 handle=0xaead1930 expected=0xaead1930
vendor packet: mpi_buf_id=177 len=12252 buf_size=1495040 offset=590848 data_num=1 flag=0x00000000 pts=441
valloc packet buffer: mpi_buf_id=177 dma_buf_fd=11 size=0
H264 first bytes: 00 00 00 01 41 e0 02 00 04 06 0f cf 4c 74 3e a6
encode_release_packet ret=0
MP4 frame 442/1500: sequence=446 pts=17640000 us key=0 nv12=4478976 h264=12252 acquire=13.106 ms encode=26.994 ms mux=0.176 ms
start encode NV12 with RV1106 vendor packet ABI, frame=442
encode_put_frame ret=0
encode_get_packet ret=0 handle=0xaead1930 expected=0xaead1930
vendor packet: mpi_buf_id=177 len=12305 buf_size=1495040 offset=603136 data_num=1 flag=0x00000000 pts=442
valloc packet buffer: mpi_buf_id=177 dma_buf_fd=11 size=0
H264 first bytes: 00 00 00 01 41 e0 02 20 04 46 0f c6 52 0b 96 f6
encode_release_packet ret=0
MP4 frame 443/1500: sequence=447 pts=17680000 us key=0 nv12=4478976 h264=12305 acquire=12.334 ms encode=26.250 ms mux=0.175 ms
start encode NV12 with RV1106 vendor packet ABI, frame=443
encode_put_frame ret=0
encode_get_packet ret=0 handle=0xaead1930 expected=0xaead1930
vendor packet: mpi_buf_id=177 len=11976 buf_size=1495040 offset=615552 data_num=1 flag=0x00000000 pts=443
valloc packet buffer: mpi_buf_id=177 dma_buf_fd=11 size=0
H264 first bytes: 00 00 00 01 41 e0 02 40 04 86 0f c5 70 c8 94 bf
encode_release_packet ret=0
MP4 frame 444/1500: sequence=448 pts=17720000 us key=0 nv12=4478976 h264=11976 acquire=13.088 ms encode=26.797 ms mux=0.169 ms
start encode NV12 with RV1106 vendor packet ABI, frame=444
encode_put_frame ret=0
encode_get_packet ret=0 handle=0xaead1930 expected=0xaead1930
vendor packet: mpi_buf_id=177 len=11991 buf_size=1495040 offset=627584 data_num=1 flag=0x00000000 pts=444
valloc packet buffer: mpi_buf_id=177 dma_buf_fd=11 size=0
H264 first bytes: 00 00 00 01 41 e0 02 60 04 c6 0f c5 70 5e 24 99
encode_release_packet ret=0
MP4 frame 445/1500: sequence=449 pts=17760000 us key=0 nv12=4478976 h264=11991 acquire=12.543 ms encode=26.262 ms mux=0.170 ms
start encode NV12 with RV1106 vendor packet ABI, frame=445
encode_put_frame ret=0
encode_get_packet ret=0 handle=0xaead1930 expected=0xaead1930
vendor packet: mpi_buf_id=177 len=11951 buf_size=1495040 offset=639616 data_num=1 flag=0x00000000 pts=445
valloc packet buffer: mpi_buf_id=177 dma_buf_fd=11 size=0
H264 first bytes: 00 00 00 01 41 e0 02 80 05 06 0f c6 67 1e 5b f3
encode_release_packet ret=0
MP4 frame 446/1500: sequence=450 pts=17800000 us key=0 nv12=4478976 h264=11951 acquire=13.071 ms encode=26.845 ms mux=1.061 ms
start encode NV12 with RV1106 vendor packet ABI, frame=446
encode_put_frame ret=0
encode_get_packet ret=0 handle=0xaead1930 expected=0xaead1930
vendor packet: mpi_buf_id=177 len=11474 buf_size=1495040 offset=651648 data_num=1 flag=0x00000000 pts=446
valloc packet buffer: mpi_buf_id=177 dma_buf_fd=11 size=0
H264 first bytes: 00 00 00 01 41 e0 02 a0 05 46 0f c6 59 85 16 b4
encode_release_packet ret=0
MP4 frame 447/1500: sequence=451 pts=17840000 us key=0 nv12=4478976 h264=11474 acquire=11.603 ms encode=26.192 ms mux=0.166 ms
start encode NV12 with RV1106 vendor packet ABI, frame=447
encode_put_frame ret=0
encode_get_packet ret=0 handle=0xaead1930 expected=0xaead1930
vendor packet: mpi_buf_id=177 len=11764 buf_size=1495040 offset=663168 data_num=1 flag=0x00000000 pts=447
valloc packet buffer: mpi_buf_id=177 dma_buf_fd=11 size=0
H264 first bytes: 00 00 00 01 41 e0 02 c0 05 86 0f c5 ee 58 e6 30
encode_release_packet ret=0
MP4 frame 448/1500: sequence=452 pts=17880000 us key=0 nv12=4478976 h264=11764 acquire=13.141 ms encode=26.838 ms mux=0.171 ms
start encode NV12 with RV1106 vendor packet ABI, frame=448
encode_put_frame ret=0
encode_get_packet ret=0 handle=0xaead1930 expected=0xaead1930
vendor packet: mpi_buf_id=177 len=11510 buf_size=1495040 offset=674944 data_num=1 flag=0x00000000 pts=448
valloc packet buffer: mpi_buf_id=177 dma_buf_fd=11 size=0
H264 first bytes: 00 00 00 01 41 e0 02 e0 05 c6 0f c6 64 04 e5 95
encode_release_packet ret=0
MP4 frame 449/1500: sequence=453 pts=17920000 us key=0 nv12=4478976 h264=11510 acquire=12.507 ms encode=26.194 ms mux=0.163 ms
start encode NV12 with RV1106 vendor packet ABI, frame=449
encode_put_frame ret=0
encode_get_packet ret=0 handle=0xaead1930 expected=0xaead1930
vendor packet: mpi_buf_id=177 len=11714 buf_size=1495040 offset=686464 data_num=1 flag=0x00000000 pts=449
valloc packet buffer: mpi_buf_id=177 dma_buf_fd=11 size=0
H264 first bytes: 00 00 00 01 41 e0 03 00 06 06 0f f6 82 22 7a 1b
encode_release_packet ret=0
MP4 frame 450/1500: sequence=454 pts=17960000 us key=0 nv12=4478976 h264=11714 acquire=13.042 ms encode=26.787 ms mux=0.167 ms
start encode NV12 with RV1106 vendor packet ABI, frame=450
encode_put_frame ret=0
encode_get_packet ret=0 handle=0xaead1930 expected=0xaead1930
vendor packet: mpi_buf_id=177 len=249316 buf_size=1495040 offset=698240 data_num=1 flag=0x00000010 pts=450
valloc packet buffer: mpi_buf_id=177 dma_buf_fd=11 size=0
H264 first bytes: 00 00 00 01 65 b8 00 03 00 00 06 f0 a4 48 21 24
encode_release_packet ret=0
MP4 frame 451/1500: sequence=455 pts=18000000 us key=1 nv12=4478976 h264=249316 acquire=12.554 ms encode=26.274 ms mux=4.181 ms
start encode NV12 with RV1106 vendor packet ABI, frame=451
encode_put_frame ret=0
encode_get_packet ret=0 handle=0xaead1930 expected=0xaead1930
vendor packet: mpi_buf_id=177 len=14822 buf_size=1495040 offset=947584 data_num=1 flag=0x00000000 pts=451
valloc packet buffer: mpi_buf_id=177 dma_buf_fd=11 size=0
H264 first bytes: 00 00 00 01 41 e0 00 20 00 46 0f cf 48 2b 71 f5
encode_release_packet ret=0
MP4 frame 452/1500: sequence=456 pts=18040000 us key=0 nv12=4478976 h264=14822 acquire=9.047 ms encode=26.830 ms mux=0.202 ms
start encode NV12 with RV1106 vendor packet ABI, frame=452
encode_put_frame ret=0
encode_get_packet ret=0 handle=0xaead1930 expected=0xaead1930
vendor packet: mpi_buf_id=177 len=13124 buf_size=1495040 offset=962432 data_num=1 flag=0x00000000 pts=452
valloc packet buffer: mpi_buf_id=177 dma_buf_fd=11 size=0
H264 first bytes: 00 00 00 01 41 e0 00 40 00 86 0f f0 f4 40 9e 65
encode_release_packet ret=0
MP4 frame 453/1500: sequence=457 pts=18080000 us key=0 nv12=4478976 h264=13124 acquire=12.474 ms encode=26.192 ms mux=0.180 ms
start encode NV12 with RV1106 vendor packet ABI, frame=453
encode_put_frame ret=0
encode_get_packet ret=0 handle=0xaead1930 expected=0xaead1930
vendor packet: mpi_buf_id=177 len=12349 buf_size=1495040 offset=975616 data_num=1 flag=0x00000000 pts=453
valloc packet buffer: mpi_buf_id=177 dma_buf_fd=11 size=0
H264 first bytes: 00 00 00 01 41 e0 00 60 00 c6 0f c7 e1 91 c5 91
encode_release_packet ret=0
MP4 frame 454/1500: sequence=458 pts=18120000 us key=0 nv12=4478976 h264=12349 acquire=13.141 ms encode=26.868 ms mux=0.174 ms
start encode NV12 with RV1106 vendor packet ABI, frame=454
encode_put_frame ret=0
encode_get_packet ret=0 handle=0xaead1930 expected=0xaead1930
vendor packet: mpi_buf_id=177 len=13304 buf_size=1495040 offset=988032 data_num=1 flag=0x00000000 pts=454
valloc packet buffer: mpi_buf_id=177 dma_buf_fd=11 size=0
H264 first bytes: 00 00 00 01 41 e0 00 80 01 06 0f ce 5f f1 7c 92
encode_release_packet ret=0
MP4 frame 455/1500: sequence=459 pts=18160000 us key=0 nv12=4478976 h264=13304 acquire=12.465 ms encode=26.248 ms mux=0.184 ms
start encode NV12 with RV1106 vendor packet ABI, frame=455
encode_put_frame ret=0
encode_get_packet ret=0 handle=0xaead1930 expected=0xaead1930
vendor packet: mpi_buf_id=177 len=12595 buf_size=1495040 offset=1001344 data_num=1 flag=0x00000000 pts=455
valloc packet buffer: mpi_buf_id=177 dma_buf_fd=11 size=0
H264 first bytes: 00 00 00 01 41 e0 00 a0 01 46 0b cf 71 d1 ee e0
encode_release_packet ret=0
MP4 frame 456/1500: sequence=460 pts=18200000 us key=0 nv12=4478976 h264=12595 acquire=13.083 ms encode=26.837 ms mux=0.177 ms
start encode NV12 with RV1106 vendor packet ABI, frame=456
encode_put_frame ret=0
encode_get_packet ret=0 handle=0xaead1930 expected=0xaead1930
vendor packet: mpi_buf_id=177 len=12127 buf_size=1495040 offset=1014016 data_num=1 flag=0x00000000 pts=456
valloc packet buffer: mpi_buf_id=177 dma_buf_fd=11 size=0
H264 first bytes: 00 00 00 01 41 e0 00 c0 01 86 0b cd 4e f3 cf 41
encode_release_packet ret=0
MP4 frame 457/1500: sequence=461 pts=18240000 us key=0 nv12=4478976 h264=12127 acquire=12.481 ms encode=26.345 ms mux=0.170 ms
start encode NV12 with RV1106 vendor packet ABI, frame=457
encode_put_frame ret=0
encode_get_packet ret=0 handle=0xaead1930 expected=0xaead1930
vendor packet: mpi_buf_id=177 len=11895 buf_size=1495040 offset=1026176 data_num=1 flag=0x00000000 pts=457
valloc packet buffer: mpi_buf_id=177 dma_buf_fd=11 size=0
H264 first bytes: 00 00 00 01 41 e0 00 e0 01 c6 0b cd 78 ac 40 c1
encode_release_packet ret=0
MP4 frame 458/1500: sequence=462 pts=18280000 us key=0 nv12=4478976 h264=11895 acquire=13.009 ms encode=26.799 ms mux=0.171 ms
start encode NV12 with RV1106 vendor packet ABI, frame=458
encode_put_frame ret=0
encode_get_packet ret=0 handle=0xaead1930 expected=0xaead1930
vendor packet: mpi_buf_id=177 len=11769 buf_size=1495040 offset=1038080 data_num=1 flag=0x00000000 pts=458
valloc packet buffer: mpi_buf_id=177 dma_buf_fd=11 size=0
H264 first bytes: 00 00 00 01 41 e0 01 00 02 06 0b cf 9c 44 ef d3
encode_release_packet ret=0
MP4 frame 459/1500: sequence=463 pts=18320000 us key=0 nv12=4478976 h264=11769 acquire=12.544 ms encode=26.241 ms mux=0.167 ms
start encode NV12 with RV1106 vendor packet ABI, frame=459
encode_put_frame ret=0
encode_get_packet ret=0 handle=0xaead1930 expected=0xaead1930
vendor packet: mpi_buf_id=177 len=12105 buf_size=1495040 offset=1049856 data_num=1 flag=0x00000000 pts=459
valloc packet buffer: mpi_buf_id=177 dma_buf_fd=11 size=0
H264 first bytes: 00 00 00 01 41 e0 01 20 02 46 0b c2 13 0c 18 24
encode_release_packet ret=0
MP4 frame 460/1500: sequence=464 pts=18360000 us key=0 nv12=4478976 h264=12105 acquire=13.107 ms encode=26.908 ms mux=0.169 ms
start encode NV12 with RV1106 vendor packet ABI, frame=460
encode_put_frame ret=0
encode_get_packet ret=0 handle=0xaead1930 expected=0xaead1930
vendor packet: mpi_buf_id=177 len=11573 buf_size=1495040 offset=1062016 data_num=1 flag=0x00000000 pts=460
valloc packet buffer: mpi_buf_id=177 dma_buf_fd=11 size=0
H264 first bytes: 00 00 00 01 41 e0 01 40 02 86 0b c5 5a 04 22 57
encode_release_packet ret=0
MP4 frame 461/1500: sequence=465 pts=18400000 us key=0 nv12=4478976 h264=11573 acquire=12.437 ms encode=26.225 ms mux=0.175 ms
start encode NV12 with RV1106 vendor packet ABI, frame=461
encode_put_frame ret=0
encode_get_packet ret=0 handle=0xaead1930 expected=0xaead1930
vendor packet: mpi_buf_id=177 len=11422 buf_size=1495040 offset=1073664 data_num=1 flag=0x00000000 pts=461
valloc packet buffer: mpi_buf_id=177 dma_buf_fd=11 size=0
H264 first bytes: 00 00 00 01 41 e0 01 60 02 c6 0b c5 70 4c 25 fb
encode_release_packet ret=0
MP4 frame 462/1500: sequence=466 pts=18440000 us key=0 nv12=4478976 h264=11422 acquire=13.110 ms encode=26.855 ms mux=0.170 ms
start encode NV12 with RV1106 vendor packet ABI, frame=462
encode_put_frame ret=0
encode_get_packet ret=0 handle=0xaead1930 expected=0xaead1930
vendor packet: mpi_buf_id=177 len=11433 buf_size=1495040 offset=1085184 data_num=1 flag=0x00000000 pts=462
valloc packet buffer: mpi_buf_id=177 dma_buf_fd=11 size=0
H264 first bytes: 00 00 00 01 41 e0 01 80 03 06 0b cf 99 ec 09 9d
encode_release_packet ret=0
MP4 frame 463/1500: sequence=467 pts=18480000 us key=0 nv12=4478976 h264=11433 acquire=12.492 ms encode=26.548 ms mux=0.163 ms
start encode NV12 with RV1106 vendor packet ABI, frame=463
encode_put_frame ret=0
encode_get_packet ret=0 handle=0xaead1930 expected=0xaead1930
vendor packet: mpi_buf_id=177 len=11330 buf_size=1495040 offset=1096704 data_num=1 flag=0x00000000 pts=463
valloc packet buffer: mpi_buf_id=177 dma_buf_fd=11 size=0
H264 first bytes: 00 00 00 01 41 e0 01 a0 03 46 0b c4 5b 9e a2 04
encode_release_packet ret=0
MP4 frame 464/1500: sequence=468 pts=18520000 us key=0 nv12=4478976 h264=11330 acquire=12.795 ms encode=26.816 ms mux=0.165 ms
start encode NV12 with RV1106 vendor packet ABI, frame=464
encode_put_frame ret=0
encode_get_packet ret=0 handle=0xaead1930 expected=0xaead1930
vendor packet: mpi_buf_id=177 len=11412 buf_size=1495040 offset=1108096 data_num=1 flag=0x00000000 pts=464
valloc packet buffer: mpi_buf_id=177 dma_buf_fd=11 size=0
H264 first bytes: 00 00 00 01 41 e0 01 c0 03 86 0b c5 64 04 42 76
encode_release_packet ret=0
MP4 frame 465/1500: sequence=469 pts=18560000 us key=0 nv12=4478976 h264=11412 acquire=12.539 ms encode=26.348 ms mux=0.165 ms
start encode NV12 with RV1106 vendor packet ABI, frame=465
encode_put_frame ret=0
encode_get_packet ret=0 handle=0xaead1930 expected=0xaead1930
vendor packet: mpi_buf_id=177 len=11392 buf_size=1495040 offset=1119616 data_num=1 flag=0x00000000 pts=465
valloc packet buffer: mpi_buf_id=177 dma_buf_fd=11 size=0
H264 first bytes: 00 00 00 01 41 e0 01 e0 03 c6 0b c2 33 46 09 43
encode_release_packet ret=0
MP4 frame 466/1500: sequence=470 pts=18600000 us key=0 nv12=4478976 h264=11392 acquire=12.999 ms encode=26.882 ms mux=0.157 ms
start encode NV12 with RV1106 vendor packet ABI, frame=466
encode_put_frame ret=0
encode_get_packet ret=0 handle=0xaead1930 expected=0xaead1930
vendor packet: mpi_buf_id=177 len=11344 buf_size=1495040 offset=1131008 data_num=1 flag=0x00000000 pts=466
valloc packet buffer: mpi_buf_id=177 dma_buf_fd=11 size=0
H264 first bytes: 00 00 00 01 41 e0 02 00 04 06 0b c2 39 c2 82 47
encode_release_packet ret=0
MP4 frame 467/1500: sequence=471 pts=18640000 us key=0 nv12=4478976 h264=11344 acquire=12.464 ms encode=26.571 ms mux=0.167 ms
start encode NV12 with RV1106 vendor packet ABI, frame=467
encode_put_frame ret=0
encode_get_packet ret=0 handle=0xaead1930 expected=0xaead1930
vendor packet: mpi_buf_id=177 len=11126 buf_size=1495040 offset=1142400 data_num=1 flag=0x00000000 pts=467
valloc packet buffer: mpi_buf_id=177 dma_buf_fd=11 size=0
H264 first bytes: 00 00 00 01 41 e0 02 20 04 46 1f 0a ce 14 18 25
encode_release_packet ret=0
MP4 frame 468/1500: sequence=472 pts=18680000 us key=0 nv12=4478976 h264=11126 acquire=12.780 ms encode=26.834 ms mux=0.167 ms
start encode NV12 with RV1106 vendor packet ABI, frame=468
encode_put_frame ret=0
encode_get_packet ret=0 handle=0xaead1930 expected=0xaead1930
vendor packet: mpi_buf_id=177 len=11119 buf_size=1495040 offset=1153536 data_num=1 flag=0x00000000 pts=468
valloc packet buffer: mpi_buf_id=177 dma_buf_fd=11 size=0
H264 first bytes: 00 00 00 01 41 e0 02 40 04 86 1f 05 52 0d 10 26
encode_release_packet ret=0
MP4 frame 469/1500: sequence=473 pts=18720000 us key=0 nv12=4478976 h264=11119 acquire=12.516 ms encode=26.241 ms mux=0.156 ms
start encode NV12 with RV1106 vendor packet ABI, frame=469
encode_put_frame ret=0
encode_get_packet ret=0 handle=0xaead1930 expected=0xaead1930
vendor packet: mpi_buf_id=177 len=10567 buf_size=1495040 offset=1164672 data_num=1 flag=0x00000000 pts=469
valloc packet buffer: mpi_buf_id=177 dma_buf_fd=11 size=0
H264 first bytes: 00 00 00 01 41 e0 02 60 04 c6 1f 08 e6 1c 25 78
encode_release_packet ret=0
MP4 frame 470/1500: sequence=474 pts=18760000 us key=0 nv12=4478976 h264=10567 acquire=13.115 ms encode=26.807 ms mux=0.160 ms
start encode NV12 with RV1106 vendor packet ABI, frame=470
encode_put_frame ret=0
encode_get_packet ret=0 handle=0xaead1930 expected=0xaead1930
vendor packet: mpi_buf_id=177 len=10985 buf_size=1495040 offset=1175296 data_num=1 flag=0x00000000 pts=470
valloc packet buffer: mpi_buf_id=177 dma_buf_fd=11 size=0
H264 first bytes: 00 00 00 01 41 e0 02 80 05 06 1f 08 e7 18 27 b9
encode_release_packet ret=0
MP4 frame 471/1500: sequence=475 pts=18800000 us key=0 nv12=4478976 h264=10985 acquire=12.548 ms encode=26.201 ms mux=0.155 ms
start encode NV12 with RV1106 vendor packet ABI, frame=471
encode_put_frame ret=0
encode_get_packet ret=0 handle=0xaead1930 expected=0xaead1930
vendor packet: mpi_buf_id=177 len=11179 buf_size=1495040 offset=1186304 data_num=1 flag=0x00000000 pts=471
valloc packet buffer: mpi_buf_id=177 dma_buf_fd=11 size=0
H264 first bytes: 00 00 00 01 41 e0 02 a0 05 46 1f 3d 9d f7 81 fa
encode_release_packet ret=0
MP4 frame 472/1500: sequence=476 pts=18840000 us key=0 nv12=4478976 h264=11179 acquire=13.152 ms encode=26.918 ms mux=0.159 ms
start encode NV12 with RV1106 vendor packet ABI, frame=472
encode_put_frame ret=0
encode_get_packet ret=0 handle=0xaead1930 expected=0xaead1930
vendor packet: mpi_buf_id=177 len=10411 buf_size=1495040 offset=1197568 data_num=1 flag=0x00000000 pts=472
valloc packet buffer: mpi_buf_id=177 dma_buf_fd=11 size=0
H264 first bytes: 00 00 00 01 41 e0 02 c0 05 86 1f 02 ad 38 13 66
encode_release_packet ret=0
MP4 frame 473/1500: sequence=477 pts=18880000 us key=0 nv12=4478976 h264=10411 acquire=12.436 ms encode=26.314 ms mux=0.152 ms
start encode NV12 with RV1106 vendor packet ABI, frame=473
encode_put_frame ret=0
encode_get_packet ret=0 handle=0xaead1930 expected=0xaead1930
vendor packet: mpi_buf_id=177 len=10497 buf_size=1495040 offset=1208064 data_num=1 flag=0x00000000 pts=473
valloc packet buffer: mpi_buf_id=177 dma_buf_fd=11 size=0
H264 first bytes: 00 00 00 01 41 e0 02 e0 05 c6 1f 1d 4f 84 43 81
encode_release_packet ret=0
MP4 frame 474/1500: sequence=478 pts=18920000 us key=0 nv12=4478976 h264=10497 acquire=13.047 ms encode=26.843 ms mux=1.051 ms
start encode NV12 with RV1106 vendor packet ABI, frame=474
encode_put_frame ret=0
encode_get_packet ret=0 handle=0xaead1930 expected=0xaead1930
vendor packet: mpi_buf_id=177 len=10922 buf_size=1495040 offset=1218688 data_num=1 flag=0x00000000 pts=474
valloc packet buffer: mpi_buf_id=177 dma_buf_fd=11 size=0
H264 first bytes: 00 00 00 01 41 e0 03 00 06 06 1f 08 63 45 89 de
encode_release_packet ret=0
MP4 frame 475/1500: sequence=479 pts=18960000 us key=0 nv12=4478976 h264=10922 acquire=11.610 ms encode=26.288 ms mux=0.154 ms
start encode NV12 with RV1106 vendor packet ABI, frame=475
encode_put_frame ret=0
encode_get_packet ret=0 handle=0xaead1930 expected=0xaead1930
vendor packet: mpi_buf_id=177 len=234579 buf_size=1495040 offset=1229696 data_num=1 flag=0x00000010 pts=475
valloc packet buffer: mpi_buf_id=177 dma_buf_fd=11 size=0
H264 first bytes: 00 00 00 01 65 b8 00 01 00 00 03 01 7c 29 12 12
encode_release_packet ret=0
MP4 frame 476/1500: sequence=480 pts=19000000 us key=1 nv12=4478976 h264=234579 acquire=13.056 ms encode=26.881 ms mux=3.986 ms
start encode NV12 with RV1106 vendor packet ABI, frame=476
encode_put_frame ret=0
encode_get_packet ret=0 handle=0xaead1930 expected=0xaead1930
vendor packet: mpi_buf_id=177 len=10417 buf_size=1495040 offset=1464320 data_num=1 flag=0x00000000 pts=476
valloc packet buffer: mpi_buf_id=177 dma_buf_fd=11 size=0
H264 first bytes: 00 00 00 01 41 e0 00 20 00 46 3c 65 18 26 57 fd
encode_release_packet ret=0
MP4 frame 477/1500: sequence=481 pts=19040000 us key=0 nv12=4478976 h264=10417 acquire=8.647 ms encode=26.243 ms mux=0.149 ms
start encode NV12 with RV1106 vendor packet ABI, frame=477
encode_put_frame ret=0
encode_get_packet ret=0 handle=0xaead1930 expected=0xaead1930
vendor packet: mpi_buf_id=177 len=10415 buf_size=1495040 offset=1474816 data_num=1 flag=0x00000000 pts=477
valloc packet buffer: mpi_buf_id=177 dma_buf_fd=11 size=0
H264 first bytes: 00 00 00 01 41 e0 00 40 00 86 3c 15 c2 48 c2 6c
encode_release_packet ret=0
MP4 frame 478/1500: sequence=482 pts=19080000 us key=0 nv12=4478976 h264=10415 acquire=13.098 ms encode=26.904 ms mux=0.152 ms
start encode NV12 with RV1106 vendor packet ABI, frame=478
encode_put_frame ret=0
encode_get_packet ret=0 handle=0xaead1930 expected=0xaead1930
vendor packet: mpi_buf_id=177 len=10516 buf_size=1495040 offset=1485312 data_num=1 flag=0x00000000 pts=478
valloc packet buffer: mpi_buf_id=177 dma_buf_fd=11 size=0
H264 first bytes: 00 00 00 01 41 e0 00 60 00 c6 3c 27 48 22 24 ec
encode_release_packet ret=0
MP4 frame 479/1500: sequence=483 pts=19120000 us key=0 nv12=4478976 h264=10516 acquire=12.461 ms encode=26.199 ms mux=0.174 ms
start encode NV12 with RV1106 vendor packet ABI, frame=479
encode_put_frame ret=0
encode_get_packet ret=0 handle=0xaead1930 expected=0xaead1930
vendor packet: mpi_buf_id=177 len=10273 buf_size=1495040 offset=896 data_num=1 flag=0x00000000 pts=479
valloc packet buffer: mpi_buf_id=177 dma_buf_fd=11 size=0
H264 first bytes: 00 00 00 01 41 e0 00 80 01 06 3d 4b 85 6b 08 d6
encode_release_packet ret=0
MP4 frame 480/1500: sequence=484 pts=19160000 us key=0 nv12=4478976 h264=10273 acquire=13.141 ms encode=26.891 ms mux=0.155 ms
start encode NV12 with RV1106 vendor packet ABI, frame=480
encode_put_frame ret=0
encode_get_packet ret=0 handle=0xaead1930 expected=0xaead1930
vendor packet: mpi_buf_id=177 len=9895 buf_size=1495040 offset=11264 data_num=1 flag=0x00000000 pts=480
valloc packet buffer: mpi_buf_id=177 dma_buf_fd=11 size=0
H264 first bytes: 00 00 00 01 41 e0 00 a0 01 46 3c 7d 1e e6 42 c4
encode_release_packet ret=0
MP4 frame 481/1500: sequence=485 pts=19200000 us key=0 nv12=4478976 h264=9895 acquire=12.348 ms encode=26.260 ms mux=0.143 ms
start encode NV12 with RV1106 vendor packet ABI, frame=481
encode_put_frame ret=0
encode_get_packet ret=0 handle=0xaead1930 expected=0xaead1930
vendor packet: mpi_buf_id=177 len=10055 buf_size=1495040 offset=21248 data_num=1 flag=0x00000000 pts=481
valloc packet buffer: mpi_buf_id=177 dma_buf_fd=11 size=0
H264 first bytes: 00 00 00 01 41 e0 00 c0 01 86 3c 37 6a 0a 25 c4
encode_release_packet ret=0
MP4 frame 482/1500: sequence=486 pts=19240000 us key=0 nv12=4478976 h264=10055 acquire=13.108 ms encode=26.840 ms mux=0.151 ms
start encode NV12 with RV1106 vendor packet ABI, frame=482
encode_put_frame ret=0
encode_get_packet ret=0 handle=0xaead1930 expected=0xaead1930
vendor packet: mpi_buf_id=177 len=4417 buf_size=1495040 offset=31360 data_num=1 flag=0x00000000 pts=482
valloc packet buffer: mpi_buf_id=177 dma_buf_fd=11 size=0
H264 first bytes: 00 00 00 01 41 e0 00 e0 01 c6 17 05 39 a2 66 c9
encode_release_packet ret=0
MP4 frame 483/1500: sequence=487 pts=19280000 us key=0 nv12=4478976 h264=4417 acquire=12.518 ms encode=26.273 ms mux=0.093 ms
start encode NV12 with RV1106 vendor packet ABI, frame=483
encode_put_frame ret=0
encode_get_packet ret=0 handle=0xaead1930 expected=0xaead1930
vendor packet: mpi_buf_id=177 len=9269 buf_size=1495040 offset=35840 data_num=1 flag=0x00000000 pts=483
valloc packet buffer: mpi_buf_id=177 dma_buf_fd=11 size=0
H264 first bytes: 00 00 00 01 41 e0 01 00 02 06 3c 21 41 21 c2 53
encode_release_packet ret=0
MP4 frame 484/1500: sequence=488 pts=19320000 us key=0 nv12=4478976 h264=9269 acquire=13.155 ms encode=26.869 ms mux=0.142 ms
start encode NV12 with RV1106 vendor packet ABI, frame=484
encode_put_frame ret=0
encode_get_packet ret=0 handle=0xaead1930 expected=0xaead1930
vendor packet: mpi_buf_id=177 len=9143 buf_size=1495040 offset=45184 data_num=1 flag=0x00000000 pts=484
valloc packet buffer: mpi_buf_id=177 dma_buf_fd=11 size=0
H264 first bytes: 00 00 00 01 41 e0 01 20 02 46 3c 39 3e ab 1b 9a
encode_release_packet ret=0
MP4 frame 485/1500: sequence=489 pts=19360000 us key=0 nv12=4478976 h264=9143 acquire=12.496 ms encode=26.186 ms mux=0.148 ms
start encode NV12 with RV1106 vendor packet ABI, frame=485
encode_put_frame ret=0
encode_get_packet ret=0 handle=0xaead1930 expected=0xaead1930
vendor packet: mpi_buf_id=177 len=4001 buf_size=1495040 offset=54400 data_num=1 flag=0x00000000 pts=485
valloc packet buffer: mpi_buf_id=177 dma_buf_fd=11 size=0
H264 first bytes: 00 00 00 01 41 e0 01 40 02 86 17 0b 43 cc 60 9b
encode_release_packet ret=0
MP4 frame 486/1500: sequence=490 pts=19400000 us key=0 nv12=4478976 h264=4001 acquire=13.182 ms encode=26.838 ms mux=0.091 ms
start encode NV12 with RV1106 vendor packet ABI, frame=486
encode_put_frame ret=0
encode_get_packet ret=0 handle=0xaead1930 expected=0xaead1930
vendor packet: mpi_buf_id=177 len=3223 buf_size=1495040 offset=58496 data_num=1 flag=0x00000000 pts=486
valloc packet buffer: mpi_buf_id=177 dma_buf_fd=11 size=0
H264 first bytes: 00 00 00 01 41 e0 01 60 02 c6 17 59 a1 48 7e 51
encode_release_packet ret=0
MP4 frame 487/1500: sequence=491 pts=19440000 us key=0 nv12=4478976 h264=3223 acquire=12.586 ms encode=26.234 ms mux=0.085 ms
start encode NV12 with RV1106 vendor packet ABI, frame=487
encode_put_frame ret=0
encode_get_packet ret=0 handle=0xaead1930 expected=0xaead1930
vendor packet: mpi_buf_id=177 len=7485 buf_size=1495040 offset=61824 data_num=1 flag=0x00000000 pts=487
valloc packet buffer: mpi_buf_id=177 dma_buf_fd=11 size=0
H264 first bytes: 00 00 00 01 41 e0 01 80 03 06 3c 16 d1 fa 94 4d
encode_release_packet ret=0
MP4 frame 488/1500: sequence=492 pts=19480000 us key=0 nv12=4478976 h264=7485 acquire=13.193 ms encode=26.942 ms mux=0.124 ms
start encode NV12 with RV1106 vendor packet ABI, frame=488
encode_put_frame ret=0
encode_get_packet ret=0 handle=0xaead1930 expected=0xaead1930
vendor packet: mpi_buf_id=177 len=7481 buf_size=1495040 offset=69376 data_num=1 flag=0x00000000 pts=488
valloc packet buffer: mpi_buf_id=177 dma_buf_fd=11 size=0
H264 first bytes: 00 00 00 01 41 e0 01 a0 03 46 3c fb 81 4b 34 08
encode_release_packet ret=0
MP4 frame 489/1500: sequence=493 pts=19520000 us key=0 nv12=4478976 h264=7481 acquire=12.445 ms encode=26.321 ms mux=0.126 ms
start encode NV12 with RV1106 vendor packet ABI, frame=489
encode_put_frame ret=0
encode_get_packet ret=0 handle=0xaead1930 expected=0xaead1930
vendor packet: mpi_buf_id=177 len=7263 buf_size=1495040 offset=76928 data_num=1 flag=0x00000000 pts=489
valloc packet buffer: mpi_buf_id=177 dma_buf_fd=11 size=0
H264 first bytes: 00 00 00 01 41 e0 01 c0 03 86 3c 4c d8 23 a3 c1
encode_release_packet ret=0
MP4 frame 490/1500: sequence=494 pts=19560000 us key=0 nv12=4478976 h264=7263 acquire=13.081 ms encode=26.862 ms mux=0.122 ms
start encode NV12 with RV1106 vendor packet ABI, frame=490
encode_put_frame ret=0
encode_get_packet ret=0 handle=0xaead1930 expected=0xaead1930
vendor packet: mpi_buf_id=177 len=6934 buf_size=1495040 offset=84224 data_num=1 flag=0x00000000 pts=490
valloc packet buffer: mpi_buf_id=177 dma_buf_fd=11 size=0
H264 first bytes: 00 00 00 01 41 e0 01 e0 03 c6 3c 23 c4 09 32 eb
encode_release_packet ret=0
MP4 frame 491/1500: sequence=495 pts=19600000 us key=0 nv12=4478976 h264=6934 acquire=12.522 ms encode=26.178 ms mux=0.118 ms
start encode NV12 with RV1106 vendor packet ABI, frame=491
encode_put_frame ret=0
encode_get_packet ret=0 handle=0xaead1930 expected=0xaead1930
vendor packet: mpi_buf_id=177 len=7734 buf_size=1495040 offset=91264 data_num=1 flag=0x00000000 pts=491
valloc packet buffer: mpi_buf_id=177 dma_buf_fd=11 size=0
H264 first bytes: 00 00 00 01 41 e0 02 00 04 06 3c 3f 58 fa c2 d9
encode_release_packet ret=0
MP4 frame 492/1500: sequence=496 pts=19640000 us key=0 nv12=4478976 h264=7734 acquire=13.215 ms encode=26.847 ms mux=0.123 ms
start encode NV12 with RV1106 vendor packet ABI, frame=492
encode_put_frame ret=0
encode_get_packet ret=0 handle=0xaead1930 expected=0xaead1930
vendor packet: mpi_buf_id=177 len=7639 buf_size=1495040 offset=99072 data_num=1 flag=0x00000000 pts=492
valloc packet buffer: mpi_buf_id=177 dma_buf_fd=11 size=0
H264 first bytes: 00 00 00 01 41 e0 02 20 04 46 3c 14 d9 e0 9e 2a
encode_release_packet ret=0
MP4 frame 493/1500: sequence=497 pts=19680000 us key=0 nv12=4478976 h264=7639 acquire=12.553 ms encode=26.233 ms mux=0.124 ms
start encode NV12 with RV1106 vendor packet ABI, frame=493
encode_put_frame ret=0
encode_get_packet ret=0 handle=0xaead1930 expected=0xaead1930
vendor packet: mpi_buf_id=177 len=7616 buf_size=1495040 offset=106752 data_num=1 flag=0x00000000 pts=493
valloc packet buffer: mpi_buf_id=177 dma_buf_fd=11 size=0
H264 first bytes: 00 00 00 01 41 e0 02 40 04 86 3c 08 b3 e1 18 9c
encode_release_packet ret=0
MP4 frame 494/1500: sequence=498 pts=19720000 us key=0 nv12=4478976 h264=7616 acquire=13.146 ms encode=26.844 ms mux=0.125 ms
start encode NV12 with RV1106 vendor packet ABI, frame=494
encode_put_frame ret=0
encode_get_packet ret=0 handle=0xaead1930 expected=0xaead1930
vendor packet: mpi_buf_id=177 len=8072 buf_size=1495040 offset=114432 data_num=1 flag=0x00000000 pts=494
valloc packet buffer: mpi_buf_id=177 dma_buf_fd=11 size=0
H264 first bytes: 00 00 00 01 41 e0 02 60 04 c6 3c 7d 06 d8 96 31
encode_release_packet ret=0
MP4 frame 495/1500: sequence=499 pts=19760000 us key=0 nv12=4478976 h264=8072 acquire=12.546 ms encode=26.293 ms mux=0.127 ms
start encode NV12 with RV1106 vendor packet ABI, frame=495
encode_put_frame ret=0
encode_get_packet ret=0 handle=0xaead1930 expected=0xaead1930
vendor packet: mpi_buf_id=177 len=8188 buf_size=1495040 offset=122624 data_num=1 flag=0x00000000 pts=495
valloc packet buffer: mpi_buf_id=177 dma_buf_fd=11 size=0
H264 first bytes: 00 00 00 01 41 e0 02 80 05 06 3c 21 38 78 20 27
encode_release_packet ret=0
MP4 frame 496/1500: sequence=500 pts=19800000 us key=0 nv12=4478976 h264=8188 acquire=13.089 ms encode=26.941 ms mux=0.129 ms
start encode NV12 with RV1106 vendor packet ABI, frame=496
encode_put_frame ret=0
encode_get_packet ret=0 handle=0xaead1930 expected=0xaead1930
vendor packet: mpi_buf_id=177 len=7917 buf_size=1495040 offset=130816 data_num=1 flag=0x00000000 pts=496
valloc packet buffer: mpi_buf_id=177 dma_buf_fd=11 size=0
H264 first bytes: 00 00 00 01 41 e0 02 a0 05 46 3c 15 4c a0 28 b1
encode_release_packet ret=0
MP4 frame 497/1500: sequence=501 pts=19840000 us key=0 nv12=4478976 h264=7917 acquire=12.447 ms encode=26.215 ms mux=0.126 ms
start encode NV12 with RV1106 vendor packet ABI, frame=497
encode_put_frame ret=0
encode_get_packet ret=0 handle=0xaead1930 expected=0xaead1930
vendor packet: mpi_buf_id=177 len=9653 buf_size=1495040 offset=138752 data_num=1 flag=0x00000000 pts=497
valloc packet buffer: mpi_buf_id=177 dma_buf_fd=11 size=0
H264 first bytes: 00 00 00 01 41 e0 02 c0 05 86 1f 06 59 a0 4d b3
encode_release_packet ret=0
MP4 frame 498/1500: sequence=502 pts=19880000 us key=0 nv12=4478976 h264=9653 acquire=13.173 ms encode=26.820 ms mux=0.144 ms
start encode NV12 with RV1106 vendor packet ABI, frame=498
encode_put_frame ret=0
encode_get_packet ret=0 handle=0xaead1930 expected=0xaead1930
vendor packet: mpi_buf_id=177 len=9689 buf_size=1495040 offset=148480 data_num=1 flag=0x00000000 pts=498
valloc packet buffer: mpi_buf_id=177 dma_buf_fd=11 size=0
H264 first bytes: 00 00 00 01 41 e0 02 e0 05 c6 1f 07 b1 9a b5 06
encode_release_packet ret=0
MP4 frame 499/1500: sequence=503 pts=19920000 us key=0 nv12=4478976 h264=9689 acquire=12.537 ms encode=26.263 ms mux=0.141 ms
start encode NV12 with RV1106 vendor packet ABI, frame=499
encode_put_frame ret=0
encode_get_packet ret=0 handle=0xaead1930 expected=0xaead1930
vendor packet: mpi_buf_id=177 len=10525 buf_size=1495040 offset=158208 data_num=1 flag=0x00000000 pts=499
valloc packet buffer: mpi_buf_id=177 dma_buf_fd=11 size=0
H264 first bytes: 00 00 00 01 41 e0 03 00 06 06 1f 19 94 c5 62 0e
encode_release_packet ret=0
MP4 frame 500/1500: sequence=504 pts=19960000 us key=0 nv12=4478976 h264=10525 acquire=13.109 ms encode=26.929 ms mux=0.159 ms
start encode NV12 with RV1106 vendor packet ABI, frame=500
encode_put_frame ret=0
encode_get_packet ret=0 handle=0xaead1930 expected=0xaead1930
vendor packet: mpi_buf_id=177 len=188702 buf_size=1495040 offset=168832 data_num=1 flag=0x00000010 pts=500
valloc packet buffer: mpi_buf_id=177 dma_buf_fd=11 size=0
H264 first bytes: 00 00 00 01 65 b8 00 01 40 00 03 f0 a4 48 14 c0
encode_release_packet ret=0
MP4 frame 501/1500: sequence=505 pts=20000000 us key=1 nv12=4478976 h264=188702 acquire=12.426 ms encode=26.169 ms mux=3.524 ms
start encode NV12 with RV1106 vendor packet ABI, frame=501
encode_put_frame ret=0
encode_get_packet ret=0 handle=0xaead1930 expected=0xaead1930
vendor packet: mpi_buf_id=177 len=10620 buf_size=1495040 offset=357632 data_num=1 flag=0x00000000 pts=501
valloc packet buffer: mpi_buf_id=177 dma_buf_fd=11 size=0
H264 first bytes: 00 00 00 01 41 e0 00 20 00 46 0b cf 1c 71 16 b8
encode_release_packet ret=0
MP4 frame 502/1500: sequence=506 pts=20040000 us key=0 nv12=4478976 h264=10620 acquire=9.827 ms encode=26.881 ms mux=0.153 ms
start encode NV12 with RV1106 vendor packet ABI, frame=502
encode_put_frame ret=0
encode_get_packet ret=0 handle=0xaead1930 expected=0xaead1930
vendor packet: mpi_buf_id=177 len=11013 buf_size=1495040 offset=368256 data_num=1 flag=0x00000000 pts=502
valloc packet buffer: mpi_buf_id=177 dma_buf_fd=11 size=0
H264 first bytes: 00 00 00 01 41 e0 00 40 00 86 0b cf 31 44 4e f9
encode_release_packet ret=0
MP4 frame 503/1500: sequence=507 pts=20080000 us key=0 nv12=4478976 h264=11013 acquire=12.461 ms encode=26.196 ms mux=0.167 ms
start encode NV12 with RV1106 vendor packet ABI, frame=503
encode_put_frame ret=0
encode_get_packet ret=0 handle=0xaead1930 expected=0xaead1930
vendor packet: mpi_buf_id=177 len=11645 buf_size=1495040 offset=379392 data_num=1 flag=0x00000000 pts=503
valloc packet buffer: mpi_buf_id=177 dma_buf_fd=11 size=0
H264 first bytes: 00 00 00 01 41 e0 00 60 00 c6 0b cf 3c 13 7b 6c
encode_release_packet ret=0
MP4 frame 504/1500: sequence=508 pts=20120000 us key=0 nv12=4478976 h264=11645 acquire=13.149 ms encode=27.018 ms mux=0.167 ms
start encode NV12 with RV1106 vendor packet ABI, frame=504
encode_put_frame ret=0
encode_get_packet ret=0 handle=0xaead1930 expected=0xaead1930
vendor packet: mpi_buf_id=177 len=12067 buf_size=1495040 offset=391040 data_num=1 flag=0x00000000 pts=504
valloc packet buffer: mpi_buf_id=177 dma_buf_fd=11 size=0
H264 first bytes: 00 00 00 01 41 e0 00 80 01 06 0b cb 59 f3 18 a3
encode_release_packet ret=0
MP4 frame 505/1500: sequence=509 pts=20160000 us key=0 nv12=4478976 h264=12067 acquire=12.325 ms encode=26.286 ms mux=0.169 ms
start encode NV12 with RV1106 vendor packet ABI, frame=505
encode_put_frame ret=0
encode_get_packet ret=0 handle=0xaead1930 expected=0xaead1930
vendor packet: mpi_buf_id=177 len=11736 buf_size=1495040 offset=403200 data_num=1 flag=0x00000000 pts=505
valloc packet buffer: mpi_buf_id=177 dma_buf_fd=11 size=0
H264 first bytes: 00 00 00 01 41 e0 00 a0 01 46 1f 0d 4c 70 81 52
encode_release_packet ret=0
MP4 frame 506/1500: sequence=510 pts=20200000 us key=0 nv12=4478976 h264=11736 acquire=13.055 ms encode=26.892 ms mux=0.166 ms
start encode NV12 with RV1106 vendor packet ABI, frame=506
encode_put_frame ret=0
encode_get_packet ret=0 handle=0xaead1930 expected=0xaead1930
vendor packet: mpi_buf_id=177 len=11714 buf_size=1495040 offset=414976 data_num=1 flag=0x00000000 pts=506
valloc packet buffer: mpi_buf_id=177 dma_buf_fd=11 size=0
H264 first bytes: 00 00 00 01 41 e0 00 c0 01 86 1f 19 66 14 5b 17
encode_release_packet ret=0
MP4 frame 507/1500: sequence=511 pts=20240000 us key=0 nv12=4478976 h264=11714 acquire=12.460 ms encode=26.234 ms mux=0.170 ms
start encode NV12 with RV1106 vendor packet ABI, frame=507
encode_put_frame ret=0
encode_get_packet ret=0 handle=0xaead1930 expected=0xaead1930
vendor packet: mpi_buf_id=177 len=11640 buf_size=1495040 offset=426752 data_num=1 flag=0x00000000 pts=507
valloc packet buffer: mpi_buf_id=177 dma_buf_fd=11 size=0
H264 first bytes: 00 00 00 01 41 e0 00 e0 01 c6 1f 08 59 c2 62 73
encode_release_packet ret=0
MP4 frame 508/1500: sequence=512 pts=20280000 us key=0 nv12=4478976 h264=11640 acquire=13.101 ms encode=26.845 ms mux=0.167 ms
start encode NV12 with RV1106 vendor packet ABI, frame=508
encode_put_frame ret=0
encode_get_packet ret=0 handle=0xaead1930 expected=0xaead1930
vendor packet: mpi_buf_id=177 len=12024 buf_size=1495040 offset=438400 data_num=1 flag=0x00000000 pts=508
valloc packet buffer: mpi_buf_id=177 dma_buf_fd=11 size=0
H264 first bytes: 00 00 00 01 41 e0 01 00 02 06 0b c3 f5 82 1a 1c
encode_release_packet ret=0
MP4 frame 509/1500: sequence=513 pts=20320000 us key=0 nv12=4478976 h264=12024 acquire=12.502 ms encode=26.243 ms mux=0.171 ms
start encode NV12 with RV1106 vendor packet ABI, frame=509
encode_put_frame ret=0
encode_get_packet ret=0 handle=0xaead1930 expected=0xaead1930
vendor packet: mpi_buf_id=177 len=12361 buf_size=1495040 offset=450432 data_num=1 flag=0x00000000 pts=509
valloc packet buffer: mpi_buf_id=177 dma_buf_fd=11 size=0
H264 first bytes: 00 00 00 01 41 e0 01 20 02 46 0b c2 34 71 82 4f
encode_release_packet ret=0
MP4 frame 510/1500: sequence=514 pts=20360000 us key=0 nv12=4478976 h264=12361 acquire=13.101 ms encode=26.797 ms mux=0.178 ms
start encode NV12 with RV1106 vendor packet ABI, frame=510
encode_put_frame ret=0
encode_get_packet ret=0 handle=0xaead1930 expected=0xaead1930
vendor packet: mpi_buf_id=177 len=12274 buf_size=1495040 offset=462848 data_num=1 flag=0x00000000 pts=510
valloc packet buffer: mpi_buf_id=177 dma_buf_fd=11 size=0
H264 first bytes: 00 00 00 01 41 e0 01 40 02 86 0b c3 51 cc 61 74
encode_release_packet ret=0
MP4 frame 511/1500: sequence=515 pts=20400000 us key=0 nv12=4478976 h264=12274 acquire=12.543 ms encode=26.307 ms mux=0.171 ms
start encode NV12 with RV1106 vendor packet ABI, frame=511
encode_put_frame ret=0
encode_get_packet ret=0 handle=0xaead1930 expected=0xaead1930
vendor packet: mpi_buf_id=177 len=12362 buf_size=1495040 offset=475136 data_num=1 flag=0x00000000 pts=511
valloc packet buffer: mpi_buf_id=177 dma_buf_fd=11 size=0
H264 first bytes: 00 00 00 01 41 e0 01 60 02 c6 0b c2 5c 28 24 f8
encode_release_packet ret=0
MP4 frame 512/1500: sequence=516 pts=20440000 us key=0 nv12=4478976 h264=12362 acquire=12.907 ms encode=26.851 ms mux=0.176 ms
start encode NV12 with RV1106 vendor packet ABI, frame=512
encode_put_frame ret=0
encode_get_packet ret=0 handle=0xaead1930 expected=0xaead1930
vendor packet: mpi_buf_id=177 len=12769 buf_size=1495040 offset=487552 data_num=1 flag=0x00000000 pts=512
valloc packet buffer: mpi_buf_id=177 dma_buf_fd=11 size=0
H264 first bytes: 00 00 00 01 41 e0 01 80 03 06 0b c2 b4 82 82 5a
encode_release_packet ret=0
MP4 frame 513/1500: sequence=517 pts=20480000 us key=0 nv12=4478976 h264=12769 acquire=12.488 ms encode=26.210 ms mux=0.178 ms
start encode NV12 with RV1106 vendor packet ABI, frame=513
encode_put_frame ret=0
encode_get_packet ret=0 handle=0xaead1930 expected=0xaead1930
vendor packet: mpi_buf_id=177 len=12890 buf_size=1495040 offset=500352 data_num=1 flag=0x00000000 pts=513
valloc packet buffer: mpi_buf_id=177 dma_buf_fd=11 size=0
H264 first bytes: 00 00 00 01 41 e0 01 a0 03 46 0b c6 71 45 dd b8
encode_release_packet ret=0
MP4 frame 514/1500: sequence=518 pts=20520000 us key=0 nv12=4478976 h264=12890 acquire=13.116 ms encode=26.830 ms mux=0.178 ms
start encode NV12 with RV1106 vendor packet ABI, frame=514
encode_put_frame ret=0
encode_get_packet ret=0 handle=0xaead1930 expected=0xaead1930
vendor packet: mpi_buf_id=177 len=12149 buf_size=1495040 offset=513280 data_num=1 flag=0x00000000 pts=514
valloc packet buffer: mpi_buf_id=177 dma_buf_fd=11 size=0
H264 first bytes: 00 00 00 01 41 e0 01 c0 03 86 0b c6 67 14 5e 9c
encode_release_packet ret=0
MP4 frame 515/1500: sequence=519 pts=20560000 us key=0 nv12=4478976 h264=12149 acquire=12.499 ms encode=26.170 ms mux=0.171 ms
start encode NV12 with RV1106 vendor packet ABI, frame=515
encode_put_frame ret=0
encode_get_packet ret=0 handle=0xaead1930 expected=0xaead1930
vendor packet: mpi_buf_id=177 len=12389 buf_size=1495040 offset=525440 data_num=1 flag=0x00000000 pts=515
valloc packet buffer: mpi_buf_id=177 dma_buf_fd=11 size=0
H264 first bytes: 00 00 00 01 41 e0 01 e0 03 c6 0b c2 93 9c 28 27
encode_release_packet ret=0
MP4 frame 516/1500: sequence=520 pts=20600000 us key=0 nv12=4478976 h264=12389 acquire=13.174 ms encode=26.852 ms mux=0.171 ms
start encode NV12 with RV1106 vendor packet ABI, frame=516
encode_put_frame ret=0
encode_get_packet ret=0 handle=0xaead1930 expected=0xaead1930
vendor packet: mpi_buf_id=177 len=12513 buf_size=1495040 offset=537856 data_num=1 flag=0x00000000 pts=516
valloc packet buffer: mpi_buf_id=177 dma_buf_fd=11 size=0
H264 first bytes: 00 00 00 01 41 e0 02 00 04 06 0b c6 52 0b 96 76
encode_release_packet ret=0
MP4 frame 517/1500: sequence=521 pts=20640000 us key=0 nv12=4478976 h264=12513 acquire=12.495 ms encode=26.284 ms mux=0.176 ms
start encode NV12 with RV1106 vendor packet ABI, frame=517
encode_put_frame ret=0
encode_get_packet ret=0 handle=0xaead1930 expected=0xaead1930
vendor packet: mpi_buf_id=177 len=12531 buf_size=1495040 offset=550400 data_num=1 flag=0x00000000 pts=517
valloc packet buffer: mpi_buf_id=177 dma_buf_fd=11 size=0
H264 first bytes: 00 00 00 01 41 e0 02 20 04 46 0b c0 9b 1a 82 02
encode_release_packet ret=0
MP4 frame 518/1500: sequence=522 pts=20680000 us key=0 nv12=4478976 h264=12531 acquire=13.038 ms encode=26.850 ms mux=0.173 ms
start encode NV12 with RV1106 vendor packet ABI, frame=518
encode_put_frame ret=0
encode_get_packet ret=0 handle=0xaead1930 expected=0xaead1930
vendor packet: mpi_buf_id=177 len=12208 buf_size=1495040 offset=562944 data_num=1 flag=0x00000000 pts=518
valloc packet buffer: mpi_buf_id=177 dma_buf_fd=11 size=0
H264 first bytes: 00 00 00 01 41 e0 02 40 04 86 0b c2 d5 18 24 91
encode_release_packet ret=0
MP4 frame 519/1500: sequence=523 pts=20720000 us key=0 nv12=4478976 h264=12208 acquire=12.496 ms encode=26.351 ms mux=0.176 ms
start encode NV12 with RV1106 vendor packet ABI, frame=519
encode_put_frame ret=0
encode_get_packet ret=0 handle=0xaead1930 expected=0xaead1930
vendor packet: mpi_buf_id=177 len=12893 buf_size=1495040 offset=575232 data_num=1 flag=0x00000000 pts=519
valloc packet buffer: mpi_buf_id=177 dma_buf_fd=11 size=0
H264 first bytes: 00 00 00 01 41 e0 02 60 04 c6 0b c2 9a 05 82 5e
encode_release_packet ret=0
MP4 frame 520/1500: sequence=524 pts=20760000 us key=0 nv12=4478976 h264=12893 acquire=12.980 ms encode=26.857 ms mux=0.176 ms
start encode NV12 with RV1106 vendor packet ABI, frame=520
encode_put_frame ret=0
encode_get_packet ret=0 handle=0xaead1930 expected=0xaead1930
vendor packet: mpi_buf_id=177 len=12693 buf_size=1495040 offset=588160 data_num=1 flag=0x00000000 pts=520
valloc packet buffer: mpi_buf_id=177 dma_buf_fd=11 size=0
H264 first bytes: 00 00 00 01 41 e0 02 80 05 06 0b d5 39 ed c4 c5
encode_release_packet ret=0
MP4 frame 521/1500: sequence=525 pts=20800000 us key=0 nv12=4478976 h264=12693 acquire=12.471 ms encode=26.193 ms mux=0.178 ms
start encode NV12 with RV1106 vendor packet ABI, frame=521
encode_put_frame ret=0
encode_get_packet ret=0 handle=0xaead1930 expected=0xaead1930
vendor packet: mpi_buf_id=177 len=12605 buf_size=1495040 offset=600960 data_num=1 flag=0x00000000 pts=521
valloc packet buffer: mpi_buf_id=177 dma_buf_fd=11 size=0
H264 first bytes: 00 00 00 01 41 e0 02 a0 05 46 0b cf 58 cb 30 e1
encode_release_packet ret=0
MP4 frame 522/1500: sequence=526 pts=20840000 us key=0 nv12=4478976 h264=12605 acquire=13.151 ms encode=26.940 ms mux=0.172 ms
start encode NV12 with RV1106 vendor packet ABI, frame=522
encode_put_frame ret=0
encode_get_packet ret=0 handle=0xaead1930 expected=0xaead1930
vendor packet: mpi_buf_id=177 len=12942 buf_size=1495040 offset=613632 data_num=1 flag=0x00000000 pts=522
valloc packet buffer: mpi_buf_id=177 dma_buf_fd=11 size=0
H264 first bytes: 00 00 00 01 41 e0 02 c0 05 86 0b c2 a5 f3 a3 36
encode_release_packet ret=0
MP4 frame 523/1500: sequence=527 pts=20880000 us key=0 nv12=4478976 h264=12942 acquire=12.398 ms encode=26.220 ms mux=1.068 ms
start encode NV12 with RV1106 vendor packet ABI, frame=523
encode_put_frame ret=0
encode_get_packet ret=0 handle=0xaead1930 expected=0xaead1930
vendor packet: mpi_buf_id=177 len=12691 buf_size=1495040 offset=626688 data_num=1 flag=0x00000000 pts=523
valloc packet buffer: mpi_buf_id=177 dma_buf_fd=11 size=0
H264 first bytes: 00 00 00 01 41 e0 02 e0 05 c6 0f c6 66 04 e5 a1
encode_release_packet ret=0
MP4 frame 524/1500: sequence=528 pts=20920000 us key=0 nv12=4478976 h264=12691 acquire=12.217 ms encode=26.868 ms mux=0.172 ms
start encode NV12 with RV1106 vendor packet ABI, frame=524
encode_put_frame ret=0
encode_get_packet ret=0 handle=0xaead1930 expected=0xaead1930
vendor packet: mpi_buf_id=177 len=13238 buf_size=1495040 offset=639488 data_num=1 flag=0x00000000 pts=524
valloc packet buffer: mpi_buf_id=177 dma_buf_fd=11 size=0
H264 first bytes: 00 00 00 01 41 e0 03 00 06 06 0f c2 12 0c 18 24
encode_release_packet ret=0
MP4 frame 525/1500: sequence=529 pts=20960000 us key=0 nv12=4478976 h264=13238 acquire=12.460 ms encode=26.268 ms mux=0.184 ms
start encode NV12 with RV1106 vendor packet ABI, frame=525
encode_put_frame ret=0
encode_get_packet ret=0 handle=0xaead1930 expected=0xaead1930
vendor packet: mpi_buf_id=177 len=188753 buf_size=1495040 offset=652800 data_num=1 flag=0x00000010 pts=525
valloc packet buffer: mpi_buf_id=177 dma_buf_fd=11 size=0
H264 first bytes: 00 00 00 01 65 b8 00 01 80 00 01 3c 29 12 10 40
encode_release_packet ret=0
MP4 frame 526/1500: sequence=530 pts=21000000 us key=1 nv12=4478976 h264=188753 acquire=13.063 ms encode=26.820 ms mux=3.125 ms
start encode NV12 with RV1106 vendor packet ABI, frame=526
encode_put_frame ret=0
encode_get_packet ret=0 handle=0xaead1930 expected=0xaead1930
vendor packet: mpi_buf_id=177 len=13127 buf_size=1495040 offset=841600 data_num=1 flag=0x00000000 pts=526
valloc packet buffer: mpi_buf_id=177 dma_buf_fd=11 size=0
H264 first bytes: 00 00 00 01 41 e0 00 20 00 46 0f cf 66 05 36 07
encode_release_packet ret=0
MP4 frame 527/1500: sequence=531 pts=21040000 us key=0 nv12=4478976 h264=13127 acquire=9.555 ms encode=26.273 ms mux=0.186 ms
start encode NV12 with RV1106 vendor packet ABI, frame=527
encode_put_frame ret=0
encode_get_packet ret=0 handle=0xaead1930 expected=0xaead1930
vendor packet: mpi_buf_id=177 len=21391 buf_size=1495040 offset=854784 data_num=1 flag=0x00000000 pts=527
valloc packet buffer: mpi_buf_id=177 dma_buf_fd=11 size=0
H264 first bytes: 00 00 00 01 41 e0 00 40 00 86 04 fc b0 54 25 89
encode_release_packet ret=0
MP4 frame 528/1500: sequence=532 pts=21080000 us key=0 nv12=4478976 h264=21391 acquire=13.040 ms encode=26.851 ms mux=0.270 ms
start encode NV12 with RV1106 vendor packet ABI, frame=528
encode_put_frame ret=0
encode_get_packet ret=0 handle=0xaead1930 expected=0xaead1930
vendor packet: mpi_buf_id=177 len=13564 buf_size=1495040 offset=876288 data_num=1 flag=0x00000000 pts=528
valloc packet buffer: mpi_buf_id=177 dma_buf_fd=11 size=0
H264 first bytes: 00 00 00 01 41 e0 00 60 00 c6 0b c2 14 c6 09 1e
encode_release_packet ret=0
MP4 frame 529/1500: sequence=533 pts=21120000 us key=0 nv12=4478976 h264=13564 acquire=12.394 ms encode=26.232 ms mux=0.183 ms
start encode NV12 with RV1106 vendor packet ABI, frame=529
encode_put_frame ret=0
encode_get_packet ret=0 handle=0xaead1930 expected=0xaead1930
vendor packet: mpi_buf_id=177 len=13878 buf_size=1495040 offset=889856 data_num=1 flag=0x00000000 pts=529
valloc packet buffer: mpi_buf_id=177 dma_buf_fd=11 size=0
H264 first bytes: 00 00 00 01 41 e0 00 80 01 06 0b c5 4e 69 f3 05
encode_release_packet ret=0
MP4 frame 530/1500: sequence=534 pts=21160000 us key=0 nv12=4478976 h264=13878 acquire=13.101 ms encode=26.780 ms mux=0.189 ms
start encode NV12 with RV1106 vendor packet ABI, frame=530
encode_put_frame ret=0
encode_get_packet ret=0 handle=0xaead1930 expected=0xaead1930
vendor packet: mpi_buf_id=177 len=13813 buf_size=1495040 offset=903808 data_num=1 flag=0x00000000 pts=530
valloc packet buffer: mpi_buf_id=177 dma_buf_fd=11 size=0
H264 first bytes: 00 00 00 01 41 e0 00 a0 01 46 0b cb 58 e9 8e 14
encode_release_packet ret=0
MP4 frame 531/1500: sequence=535 pts=21200000 us key=0 nv12=4478976 h264=13813 acquire=12.538 ms encode=26.203 ms mux=0.193 ms
start encode NV12 with RV1106 vendor packet ABI, frame=531
encode_put_frame ret=0
encode_get_packet ret=0 handle=0xaead1930 expected=0xaead1930
vendor packet: mpi_buf_id=177 len=14002 buf_size=1495040 offset=917632 data_num=1 flag=0x00000000 pts=531
valloc packet buffer: mpi_buf_id=177 dma_buf_fd=11 size=0
H264 first bytes: 00 00 00 01 41 e0 00 c0 01 86 0b c2 13 18 78 96
encode_release_packet ret=0
MP4 frame 532/1500: sequence=536 pts=21240000 us key=0 nv12=4478976 h264=14002 acquire=13.120 ms encode=26.832 ms mux=0.198 ms
start encode NV12 with RV1106 vendor packet ABI, frame=532
encode_put_frame ret=0
encode_get_packet ret=0 handle=0xaead1930 expected=0xaead1930
vendor packet: mpi_buf_id=177 len=14389 buf_size=1495040 offset=931712 data_num=1 flag=0x00000000 pts=532
valloc packet buffer: mpi_buf_id=177 dma_buf_fd=11 size=0
H264 first bytes: 00 00 00 01 41 e0 00 e0 01 c6 0b c2 14 c4 89 21
encode_release_packet ret=0
MP4 frame 533/1500: sequence=537 pts=21280000 us key=0 nv12=4478976 h264=14389 acquire=12.473 ms encode=26.346 ms mux=0.201 ms
start encode NV12 with RV1106 vendor packet ABI, frame=533
encode_put_frame ret=0
encode_get_packet ret=0 handle=0xaead1930 expected=0xaead1930
vendor packet: mpi_buf_id=177 len=13714 buf_size=1495040 offset=946176 data_num=1 flag=0x00000000 pts=533
valloc packet buffer: mpi_buf_id=177 dma_buf_fd=11 size=0
H264 first bytes: 00 00 00 01 41 e0 01 00 02 06 0b c9 39 a2 38 a2
encode_release_packet ret=0
MP4 frame 534/1500: sequence=538 pts=21320000 us key=0 nv12=4478976 h264=13714 acquire=12.969 ms encode=26.871 ms mux=0.197 ms
start encode NV12 with RV1106 vendor packet ABI, frame=534
encode_put_frame ret=0
encode_get_packet ret=0 handle=0xaead1930 expected=0xaead1930
vendor packet: mpi_buf_id=177 len=13274 buf_size=1495040 offset=960000 data_num=1 flag=0x00000000 pts=534
valloc packet buffer: mpi_buf_id=177 dma_buf_fd=11 size=0
H264 first bytes: 00 00 00 01 41 e0 01 20 02 46 0b c2 31 8c 60 9a
encode_release_packet ret=0
MP4 frame 535/1500: sequence=539 pts=21360000 us key=0 nv12=4478976 h264=13274 acquire=12.449 ms encode=26.323 ms mux=0.178 ms
start encode NV12 with RV1106 vendor packet ABI, frame=535
encode_put_frame ret=0
encode_get_packet ret=0 handle=0xaead1930 expected=0xaead1930
vendor packet: mpi_buf_id=177 len=13796 buf_size=1495040 offset=973312 data_num=1 flag=0x00000000 pts=535
valloc packet buffer: mpi_buf_id=177 dma_buf_fd=11 size=0
H264 first bytes: 00 00 00 01 41 e0 01 40 02 86 0b c2 b2 46 09 ec
encode_release_packet ret=0
MP4 frame 536/1500: sequence=540 pts=21400000 us key=0 nv12=4478976 h264=13796 acquire=13.008 ms encode=26.856 ms mux=0.187 ms
start encode NV12 with RV1106 vendor packet ABI, frame=536
encode_put_frame ret=0
encode_get_packet ret=0 handle=0xaead1930 expected=0xaead1930
vendor packet: mpi_buf_id=177 len=13201 buf_size=1495040 offset=987136 data_num=1 flag=0x00000000 pts=536
valloc packet buffer: mpi_buf_id=177 dma_buf_fd=11 size=0
H264 first bytes: 00 00 00 01 41 e0 01 60 02 c6 0b c2 14 2c 20 26
encode_release_packet ret=0
MP4 frame 537/1500: sequence=541 pts=21440000 us key=0 nv12=4478976 h264=13201 acquire=12.472 ms encode=26.210 ms mux=0.186 ms
start encode NV12 with RV1106 vendor packet ABI, frame=537
encode_put_frame ret=0
encode_get_packet ret=0 handle=0xaead1930 expected=0xaead1930
vendor packet: mpi_buf_id=177 len=13965 buf_size=1495040 offset=1000448 data_num=1 flag=0x00000000 pts=537
valloc packet buffer: mpi_buf_id=177 dma_buf_fd=11 size=0
H264 first bytes: 00 00 00 01 41 e0 01 80 03 06 0b c6 68 79 5f cd
encode_release_packet ret=0
MP4 frame 538/1500: sequence=542 pts=21480000 us key=0 nv12=4478976 h264=13965 acquire=13.111 ms encode=27.196 ms mux=0.191 ms
start encode NV12 with RV1106 vendor packet ABI, frame=538
encode_put_frame ret=0
encode_get_packet ret=0 handle=0xaead1930 expected=0xaead1930
vendor packet: mpi_buf_id=177 len=13718 buf_size=1495040 offset=1014528 data_num=1 flag=0x00000000 pts=538
valloc packet buffer: mpi_buf_id=177 dma_buf_fd=11 size=0
H264 first bytes: 00 00 00 01 41 e0 01 a0 03 46 0b c5 70 c8 97 7d
encode_release_packet ret=0
MP4 frame 539/1500: sequence=543 pts=21520000 us key=0 nv12=4478976 h264=13718 acquire=12.122 ms encode=26.167 ms mux=0.190 ms
start encode NV12 with RV1106 vendor packet ABI, frame=539
encode_put_frame ret=0
encode_get_packet ret=0 handle=0xaead1930 expected=0xaead1930
vendor packet: mpi_buf_id=177 len=13558 buf_size=1495040 offset=1028352 data_num=1 flag=0x00000000 pts=539
valloc packet buffer: mpi_buf_id=177 dma_buf_fd=11 size=0
H264 first bytes: 00 00 00 01 41 e0 01 c0 03 86 0b c2 11 a4 1c 26
encode_release_packet ret=0
MP4 frame 540/1500: sequence=544 pts=21560000 us key=0 nv12=4478976 h264=13558 acquire=13.165 ms encode=26.887 ms mux=0.186 ms
start encode NV12 with RV1106 vendor packet ABI, frame=540
encode_put_frame ret=0
encode_get_packet ret=0 handle=0xaead1930 expected=0xaead1930
vendor packet: mpi_buf_id=177 len=13819 buf_size=1495040 offset=1041920 data_num=1 flag=0x00000000 pts=540
valloc packet buffer: mpi_buf_id=177 dma_buf_fd=11 size=0
H264 first bytes: 00 00 00 01 41 e0 01 e0 03 c6 0b c6 71 45 8e d2
encode_release_packet ret=0
MP4 frame 541/1500: sequence=545 pts=21600000 us key=0 nv12=4478976 h264=13819 acquire=12.429 ms encode=26.242 ms mux=0.191 ms
start encode NV12 with RV1106 vendor packet ABI, frame=541
encode_put_frame ret=0
encode_get_packet ret=0 handle=0xaead1930 expected=0xaead1930
vendor packet: mpi_buf_id=177 len=13290 buf_size=1495040 offset=1055744 data_num=1 flag=0x00000000 pts=541
valloc packet buffer: mpi_buf_id=177 dma_buf_fd=11 size=0
H264 first bytes: 00 00 00 01 41 e0 02 00 04 06 0b c2 94 86 09 26
encode_release_packet ret=0
MP4 frame 542/1500: sequence=546 pts=21640000 us key=0 nv12=4478976 h264=13290 acquire=13.077 ms encode=26.900 ms mux=0.188 ms
start encode NV12 with RV1106 vendor packet ABI, frame=542
encode_put_frame ret=0
encode_get_packet ret=0 handle=0xaead1930 expected=0xaead1930
vendor packet: mpi_buf_id=177 len=13161 buf_size=1495040 offset=1069056 data_num=1 flag=0x00000000 pts=542
valloc packet buffer: mpi_buf_id=177 dma_buf_fd=11 size=0
H264 first bytes: 00 00 00 01 41 e0 02 20 04 46 0b c2 13 31 82 67
encode_release_packet ret=0
MP4 frame 543/1500: sequence=547 pts=21680000 us key=0 nv12=4478976 h264=13161 acquire=12.322 ms encode=26.202 ms mux=0.182 ms
start encode NV12 with RV1106 vendor packet ABI, frame=543
encode_put_frame ret=0
encode_get_packet ret=0 handle=0xaead1930 expected=0xaead1930
vendor packet: mpi_buf_id=177 len=12946 buf_size=1495040 offset=1082240 data_num=1 flag=0x00000000 pts=543
valloc packet buffer: mpi_buf_id=177 dma_buf_fd=11 size=0
H264 first bytes: 00 00 00 01 41 e0 02 40 04 86 0f c4 4d a2 ff da
encode_release_packet ret=0
MP4 frame 544/1500: sequence=548 pts=21720000 us key=0 nv12=4478976 h264=12946 acquire=13.122 ms encode=26.871 ms mux=0.182 ms
start encode NV12 with RV1106 vendor packet ABI, frame=544
encode_put_frame ret=0
encode_get_packet ret=0 handle=0xaead1930 expected=0xaead1930
vendor packet: mpi_buf_id=177 len=13037 buf_size=1495040 offset=1095296 data_num=1 flag=0x00000000 pts=544
valloc packet buffer: mpi_buf_id=177 dma_buf_fd=11 size=0
H264 first bytes: 00 00 00 01 41 e0 02 60 04 c6 0f c2 13 18 15 89
encode_release_packet ret=0
MP4 frame 545/1500: sequence=549 pts=21760000 us key=0 nv12=4478976 h264=13037 acquire=12.457 ms encode=26.210 ms mux=1.061 ms
start encode NV12 with RV1106 vendor packet ABI, frame=545
encode_put_frame ret=0
encode_get_packet ret=0 handle=0xaead1930 expected=0xaead1930
vendor packet: mpi_buf_id=177 len=12943 buf_size=1495040 offset=1108352 data_num=1 flag=0x00000000 pts=545
valloc packet buffer: mpi_buf_id=177 dma_buf_fd=11 size=0
H264 first bytes: 00 00 00 01 41 e0 02 80 05 06 0f c4 cc e2 22 98
encode_release_packet ret=0
MP4 frame 546/1500: sequence=550 pts=21800000 us key=0 nv12=4478976 h264=12943 acquire=12.244 ms encode=26.873 ms mux=0.181 ms
start encode NV12 with RV1106 vendor packet ABI, frame=546
encode_put_frame ret=0
encode_get_packet ret=0 handle=0xaead1930 expected=0xaead1930
vendor packet: mpi_buf_id=177 len=13194 buf_size=1495040 offset=1121408 data_num=1 flag=0x00000000 pts=546
valloc packet buffer: mpi_buf_id=177 dma_buf_fd=11 size=0
H264 first bytes: 00 00 00 01 41 e0 02 a0 05 46 0f f2 20 42 26 7d
encode_release_packet ret=0
MP4 frame 547/1500: sequence=551 pts=21840000 us key=0 nv12=4478976 h264=13194 acquire=12.439 ms encode=26.230 ms mux=0.175 ms
start encode NV12 with RV1106 vendor packet ABI, frame=547
encode_put_frame ret=0
encode_get_packet ret=0 handle=0xaead1930 expected=0xaead1930
vendor packet: mpi_buf_id=177 len=13222 buf_size=1495040 offset=1134720 data_num=1 flag=0x00000000 pts=547
valloc packet buffer: mpi_buf_id=177 dma_buf_fd=11 size=0
H264 first bytes: 00 00 00 01 41 e0 02 c0 05 86 0f c6 17 f7 3e 71
encode_release_packet ret=0
MP4 frame 548/1500: sequence=552 pts=21880000 us key=0 nv12=4478976 h264=13222 acquire=13.107 ms encode=26.829 ms mux=0.180 ms
start encode NV12 with RV1106 vendor packet ABI, frame=548
encode_put_frame ret=0
encode_get_packet ret=0 handle=0xaead1930 expected=0xaead1930
vendor packet: mpi_buf_id=177 len=13309 buf_size=1495040 offset=1148032 data_num=1 flag=0x00000000 pts=548
valloc packet buffer: mpi_buf_id=177 dma_buf_fd=11 size=0
H264 first bytes: 00 00 00 01 41 e0 02 e0 05 c6 0f cf 47 89 2f 8a
encode_release_packet ret=0
MP4 frame 549/1500: sequence=553 pts=21920000 us key=0 nv12=4478976 h264=13309 acquire=12.509 ms encode=26.193 ms mux=0.180 ms
start encode NV12 with RV1106 vendor packet ABI, frame=549
encode_put_frame ret=0
encode_get_packet ret=0 handle=0xaead1930 expected=0xaead1930
vendor packet: mpi_buf_id=177 len=13367 buf_size=1495040 offset=1161344 data_num=1 flag=0x00000000 pts=549
valloc packet buffer: mpi_buf_id=177 dma_buf_fd=11 size=0
H264 first bytes: 00 00 00 01 41 e0 03 00 06 06 0f c2 12 90 28 25
encode_release_packet ret=0
MP4 frame 550/1500: sequence=554 pts=21960000 us key=0 nv12=4478976 h264=13367 acquire=13.135 ms encode=26.979 ms mux=0.186 ms
start encode NV12 with RV1106 vendor packet ABI, frame=550
encode_put_frame ret=0
encode_get_packet ret=0 handle=0xaead1930 expected=0xaead1930
vendor packet: mpi_buf_id=177 len=200474 buf_size=1495040 offset=1174784 data_num=1 flag=0x00000010 pts=550
valloc packet buffer: mpi_buf_id=177 dma_buf_fd=11 size=0
H264 first bytes: 00 00 00 01 65 b8 00 01 c0 00 01 7c 29 12 0c 80
encode_release_packet ret=0
MP4 frame 551/1500: sequence=555 pts=22000000 us key=1 nv12=4478976 h264=200474 acquire=12.339 ms encode=26.204 ms mux=3.526 ms
start encode NV12 with RV1106 vendor packet ABI, frame=551
encode_put_frame ret=0
encode_get_packet ret=0 handle=0xaead1930 expected=0xaead1930
vendor packet: mpi_buf_id=177 len=21873 buf_size=1495040 offset=1375360 data_num=1 flag=0x00000000 pts=551
valloc packet buffer: mpi_buf_id=177 dma_buf_fd=11 size=0
H264 first bytes: 00 00 00 01 41 e0 00 20 00 46 04 f3 97 cf 19 74
encode_release_packet ret=0
MP4 frame 552/1500: sequence=556 pts=22040000 us key=0 nv12=4478976 h264=21873 acquire=9.808 ms encode=26.836 ms mux=0.275 ms
start encode NV12 with RV1106 vendor packet ABI, frame=552
encode_put_frame ret=0
encode_get_packet ret=0 handle=0xaead1930 expected=0xaead1930
vendor packet: mpi_buf_id=177 len=14211 buf_size=1495040 offset=1397248 data_num=1 flag=0x00000000 pts=552
valloc packet buffer: mpi_buf_id=177 dma_buf_fd=11 size=0
H264 first bytes: 00 00 00 01 41 e0 00 40 00 86 0f cb b9 b1 01 92
encode_release_packet ret=0
MP4 frame 553/1500: sequence=557 pts=22080000 us key=0 nv12=4478976 h264=14211 acquire=12.353 ms encode=26.242 ms mux=0.197 ms
start encode NV12 with RV1106 vendor packet ABI, frame=553
encode_put_frame ret=0
encode_get_packet ret=0 handle=0xaead1930 expected=0xaead1930
vendor packet: mpi_buf_id=177 len=14521 buf_size=1495040 offset=1411584 data_num=1 flag=0x00000000 pts=553
valloc packet buffer: mpi_buf_id=177 dma_buf_fd=11 size=0
H264 first bytes: 00 00 00 01 41 e0 00 60 00 c6 0f c9 31 e8 be eb
encode_release_packet ret=0
MP4 frame 554/1500: sequence=558 pts=22120000 us key=0 nv12=4478976 h264=14521 acquire=13.078 ms encode=26.799 ms mux=0.194 ms
start encode NV12 with RV1106 vendor packet ABI, frame=554
encode_put_frame ret=0
encode_get_packet ret=0 handle=0xaead1930 expected=0xaead1930
vendor packet: mpi_buf_id=177 len=14613 buf_size=1495040 offset=1426176 data_num=1 flag=0x00000000 pts=554
valloc packet buffer: mpi_buf_id=177 dma_buf_fd=11 size=0
H264 first bytes: 00 00 00 01 41 e0 00 80 01 06 0f cb a9 f4 0b 0b
encode_release_packet ret=0
MP4 frame 555/1500: sequence=559 pts=22160000 us key=0 nv12=4478976 h264=14613 acquire=12.525 ms encode=26.300 ms mux=0.202 ms
start encode NV12 with RV1106 vendor packet ABI, frame=555
encode_put_frame ret=0
encode_get_packet ret=0 handle=0xaead1930 expected=0xaead1930
vendor packet: mpi_buf_id=177 len=14071 buf_size=1495040 offset=1440896 data_num=1 flag=0x00000000 pts=555
valloc packet buffer: mpi_buf_id=177 dma_buf_fd=11 size=0
H264 first bytes: 00 00 00 01 41 e0 00 a0 01 46 0f c5 52 0e 89 77
encode_release_packet ret=0
MP4 frame 556/1500: sequence=560 pts=22200000 us key=0 nv12=4478976 h264=14071 acquire=12.997 ms encode=26.810 ms mux=0.190 ms
start encode NV12 with RV1106 vendor packet ABI, frame=556
encode_put_frame ret=0
encode_get_packet ret=0 handle=0xaead1930 expected=0xaead1930
vendor packet: mpi_buf_id=177 len=13986 buf_size=1495040 offset=1454976 data_num=1 flag=0x00000000 pts=556
valloc packet buffer: mpi_buf_id=177 dma_buf_fd=11 size=0
H264 first bytes: 00 00 00 01 41 e0 00 c0 01 86 0f c6 54 51 5d bb
encode_release_packet ret=0
MP4 frame 557/1500: sequence=561 pts=22240000 us key=0 nv12=4478976 h264=13986 acquire=12.521 ms encode=26.217 ms mux=0.193 ms
start encode NV12 with RV1106 vendor packet ABI, frame=557
encode_put_frame ret=0
encode_get_packet ret=0 handle=0xaead1930 expected=0xaead1930
vendor packet: mpi_buf_id=177 len=13707 buf_size=1495040 offset=1469056 data_num=1 flag=0x00000000 pts=557
valloc packet buffer: mpi_buf_id=177 dma_buf_fd=11 size=0
H264 first bytes: 00 00 00 01 41 e0 00 e0 01 c6 0f c6 70 4e 5e 1d
encode_release_packet ret=0
MP4 frame 558/1500: sequence=562 pts=22280000 us key=0 nv12=4478976 h264=13707 acquire=13.097 ms encode=26.960 ms mux=0.193 ms
start encode NV12 with RV1106 vendor packet ABI, frame=558
encode_put_frame ret=0
encode_get_packet ret=0 handle=0xaead1930 expected=0xaead1930
vendor packet: mpi_buf_id=177 len=13739 buf_size=1495040 offset=1482880 data_num=1 flag=0x00000000 pts=558
valloc packet buffer: mpi_buf_id=177 dma_buf_fd=11 size=0
H264 first bytes: 00 00 00 01 41 e0 01 00 02 06 0f f4 81 08 95 d8
encode_release_packet ret=0
MP4 frame 559/1500: sequence=563 pts=22320000 us key=0 nv12=4478976 h264=13739 acquire=12.360 ms encode=26.183 ms mux=0.186 ms
start encode NV12 with RV1106 vendor packet ABI, frame=559
encode_put_frame ret=0
encode_get_packet ret=0 handle=0xaead1930 expected=0xaead1930
vendor packet: mpi_buf_id=177 len=13655 buf_size=1495040 offset=1664 data_num=1 flag=0x00000000 pts=559
valloc packet buffer: mpi_buf_id=177 dma_buf_fd=11 size=0
H264 first bytes: 00 00 00 01 41 e0 01 20 02 46 0f d4 c6 89 ce cb
encode_release_packet ret=0
MP4 frame 560/1500: sequence=564 pts=22360000 us key=0 nv12=4478976 h264=13655 acquire=13.138 ms encode=26.844 ms mux=0.184 ms
start encode NV12 with RV1106 vendor packet ABI, frame=560
encode_put_frame ret=0
encode_get_packet ret=0 handle=0xaead1930 expected=0xaead1930
vendor packet: mpi_buf_id=177 len=13372 buf_size=1495040 offset=15360 data_num=1 flag=0x00000000 pts=560
valloc packet buffer: mpi_buf_id=177 dma_buf_fd=11 size=0
H264 first bytes: 00 00 00 01 41 e0 01 40 02 86 0f c5 70 c8 97 ee
encode_release_packet ret=0
MP4 frame 561/1500: sequence=565 pts=22400000 us key=0 nv12=4478976 h264=13372 acquire=12.483 ms encode=26.172 ms mux=0.187 ms
start encode NV12 with RV1106 vendor packet ABI, frame=561
encode_put_frame ret=0
encode_get_packet ret=0 handle=0xaead1930 expected=0xaead1930
vendor packet: mpi_buf_id=177 len=12723 buf_size=1495040 offset=28800 data_num=1 flag=0x00000000 pts=561
valloc packet buffer: mpi_buf_id=177 dma_buf_fd=11 size=0
H264 first bytes: 00 00 00 01 41 e0 01 60 02 c6 0b c2 59 87 89 3a
encode_release_packet ret=0
MP4 frame 562/1500: sequence=566 pts=22440000 us key=0 nv12=4478976 h264=12723 acquire=13.150 ms encode=26.833 ms mux=0.175 ms
start encode NV12 with RV1106 vendor packet ABI, frame=562
encode_put_frame ret=0
encode_get_packet ret=0 handle=0xaead1930 expected=0xaead1930
vendor packet: mpi_buf_id=177 len=13509 buf_size=1495040 offset=41600 data_num=1 flag=0x00000000 pts=562
valloc packet buffer: mpi_buf_id=177 dma_buf_fd=11 size=0
H264 first bytes: 00 00 00 01 41 e0 01 80 03 06 0b cf 3b 11 d8 d1
encode_release_packet ret=0
MP4 frame 563/1500: sequence=567 pts=22480000 us key=0 nv12=4478976 h264=13509 acquire=12.508 ms encode=26.219 ms mux=0.185 ms
start encode NV12 with RV1106 vendor packet ABI, frame=563
encode_put_frame ret=0
encode_get_packet ret=0 handle=0xaead1930 expected=0xaead1930
vendor packet: mpi_buf_id=177 len=12620 buf_size=1495040 offset=55168 data_num=1 flag=0x00000000 pts=563
valloc packet buffer: mpi_buf_id=177 dma_buf_fd=11 size=0
H264 first bytes: 00 00 00 01 41 e0 01 a0 03 46 0b c2 b2 8c 18 26
encode_release_packet ret=0
MP4 frame 564/1500: sequence=568 pts=22520000 us key=0 nv12=4478976 h264=12620 acquire=13.112 ms encode=26.793 ms mux=0.195 ms
start encode NV12 with RV1106 vendor packet ABI, frame=564
encode_put_frame ret=0
encode_get_packet ret=0 handle=0xaead1930 expected=0xaead1930
vendor packet: mpi_buf_id=177 len=13184 buf_size=1495040 offset=67840 data_num=1 flag=0x00000000 pts=564
valloc packet buffer: mpi_buf_id=177 dma_buf_fd=11 size=0
H264 first bytes: 00 00 00 01 41 e0 01 c0 03 86 0b c2 76 82 02 45
encode_release_packet ret=0
MP4 frame 565/1500: sequence=569 pts=22560000 us key=0 nv12=4478976 h264=13184 acquire=12.522 ms encode=26.254 ms mux=0.182 ms
start encode NV12 with RV1106 vendor packet ABI, frame=565
encode_put_frame ret=0
encode_get_packet ret=0 handle=0xaead1930 expected=0xaead1930
vendor packet: mpi_buf_id=177 len=13378 buf_size=1495040 offset=81024 data_num=1 flag=0x00000000 pts=565
valloc packet buffer: mpi_buf_id=177 dma_buf_fd=11 size=0
H264 first bytes: 00 00 00 01 41 e0 01 e0 03 c6 0b c2 53 46 09 6c
encode_release_packet ret=0
MP4 frame 566/1500: sequence=570 pts=22600000 us key=0 nv12=4478976 h264=13378 acquire=13.062 ms encode=27.020 ms mux=0.182 ms
start encode NV12 with RV1106 vendor packet ABI, frame=566
encode_put_frame ret=0
encode_get_packet ret=0 handle=0xaead1930 expected=0xaead1930
vendor packet: mpi_buf_id=177 len=12556 buf_size=1495040 offset=94464 data_num=1 flag=0x00000000 pts=566
valloc packet buffer: mpi_buf_id=177 dma_buf_fd=11 size=0
H264 first bytes: 00 00 00 01 41 e0 02 00 04 06 0b cf 48 45 fd 3d
encode_release_packet ret=0
MP4 frame 567/1500: sequence=571 pts=22640000 us key=0 nv12=4478976 h264=12556 acquire=12.319 ms encode=26.274 ms mux=0.174 ms
start encode NV12 with RV1106 vendor packet ABI, frame=567
encode_put_frame ret=0
encode_get_packet ret=0 handle=0xaead1930 expected=0xaead1930
vendor packet: mpi_buf_id=177 len=13575 buf_size=1495040 offset=107136 data_num=1 flag=0x00000000 pts=567
valloc packet buffer: mpi_buf_id=177 dma_buf_fd=11 size=0
H264 first bytes: 00 00 00 01 41 e0 02 20 04 46 0b c6 59 85 17 bb
encode_release_packet ret=0
MP4 frame 568/1500: sequence=572 pts=22680000 us key=0 nv12=4478976 h264=13575 acquire=13.058 ms encode=26.879 ms mux=0.185 ms
start encode NV12 with RV1106 vendor packet ABI, frame=568
encode_put_frame ret=0
encode_get_packet ret=0 handle=0xaead1930 expected=0xaead1930
vendor packet: mpi_buf_id=177 len=13193 buf_size=1495040 offset=120832 data_num=1 flag=0x00000000 pts=568
valloc packet buffer: mpi_buf_id=177 dma_buf_fd=11 size=0
H264 first bytes: 00 00 00 01 41 e0 02 40 04 86 0b dc ff 53 e6 9f
encode_release_packet ret=0
MP4 frame 569/1500: sequence=573 pts=22720000 us key=0 nv12=4478976 h264=13193 acquire=12.455 ms encode=26.214 ms mux=0.187 ms
start encode NV12 with RV1106 vendor packet ABI, frame=569
encode_put_frame ret=0
encode_get_packet ret=0 handle=0xaead1930 expected=0xaead1930
vendor packet: mpi_buf_id=177 len=13912 buf_size=1495040 offset=134144 data_num=1 flag=0x00000000 pts=569
valloc packet buffer: mpi_buf_id=177 dma_buf_fd=11 size=0
H264 first bytes: 00 00 00 01 41 e0 02 60 04 c6 0b c2 59 42 82 5b
encode_release_packet ret=0
MP4 frame 570/1500: sequence=574 pts=22760000 us key=0 nv12=4478976 h264=13912 acquire=13.106 ms encode=26.844 ms mux=1.056 ms
start encode NV12 with RV1106 vendor packet ABI, frame=570
encode_put_frame ret=0
encode_get_packet ret=0 handle=0xaead1930 expected=0xaead1930
vendor packet: mpi_buf_id=177 len=13288 buf_size=1495040 offset=148096 data_num=1 flag=0x00000000 pts=570
valloc packet buffer: mpi_buf_id=177 dma_buf_fd=11 size=0
H264 first bytes: 00 00 00 01 41 e0 02 80 05 06 0b c2 45 f3 f8 c5
encode_release_packet ret=0
MP4 frame 571/1500: sequence=575 pts=22800000 us key=0 nv12=4478976 h264=13288 acquire=11.608 ms encode=26.239 ms mux=0.191 ms
start encode NV12 with RV1106 vendor packet ABI, frame=571
encode_put_frame ret=0
encode_get_packet ret=0 handle=0xaead1930 expected=0xaead1930
vendor packet: mpi_buf_id=177 len=13850 buf_size=1495040 offset=161408 data_num=1 flag=0x00000000 pts=571
valloc packet buffer: mpi_buf_id=177 dma_buf_fd=11 size=0
H264 first bytes: 00 00 00 01 41 e0 02 a0 05 46 0b cf 31 c4 55 3e
encode_release_packet ret=0
MP4 frame 572/1500: sequence=576 pts=22840000 us key=0 nv12=4478976 h264=13850 acquire=13.067 ms encode=26.823 ms mux=0.191 ms
start encode NV12 with RV1106 vendor packet ABI, frame=572
encode_put_frame ret=0
encode_get_packet ret=0 handle=0xaead1930 expected=0xaead1930
vendor packet: mpi_buf_id=177 len=13435 buf_size=1495040 offset=175360 data_num=1 flag=0x00000000 pts=572
valloc packet buffer: mpi_buf_id=177 dma_buf_fd=11 size=0
H264 first bytes: 00 00 00 01 41 e0 02 c0 05 86 0b c0 89 31 82 22
encode_release_packet ret=0
MP4 frame 573/1500: sequence=577 pts=22880000 us key=0 nv12=4478976 h264=13435 acquire=12.498 ms encode=26.213 ms mux=0.185 ms
start encode NV12 with RV1106 vendor packet ABI, frame=573
encode_put_frame ret=0
encode_get_packet ret=0 handle=0xaead1930 expected=0xaead1930
vendor packet: mpi_buf_id=177 len=13237 buf_size=1495040 offset=188800 data_num=1 flag=0x00000000 pts=573
valloc packet buffer: mpi_buf_id=177 dma_buf_fd=11 size=0
H264 first bytes: 00 00 00 01 41 e0 02 e0 05 c6 0b c6 71 45 9d 21
encode_release_packet ret=0
MP4 frame 574/1500: sequence=578 pts=22920000 us key=0 nv12=4478976 h264=13237 acquire=12.994 ms encode=26.927 ms mux=0.185 ms
start encode NV12 with RV1106 vendor packet ABI, frame=574
encode_put_frame ret=0
encode_get_packet ret=0 handle=0xaead1930 expected=0xaead1930
vendor packet: mpi_buf_id=177 len=13282 buf_size=1495040 offset=202112 data_num=1 flag=0x00000000 pts=574
valloc packet buffer: mpi_buf_id=177 dma_buf_fd=11 size=0
H264 first bytes: 00 00 00 01 41 e0 03 00 06 06 0b c6 54 db dc fc
encode_release_packet ret=0
MP4 frame 575/1500: sequence=579 pts=22960000 us key=0 nv12=4478976 h264=13282 acquire=12.395 ms encode=26.219 ms mux=0.186 ms
start encode NV12 with RV1106 vendor packet ABI, frame=575
encode_put_frame ret=0
encode_get_packet ret=0 handle=0xaead1930 expected=0xaead1930
vendor packet: mpi_buf_id=177 len=202460 buf_size=1495040 offset=215424 data_num=1 flag=0x00000010 pts=575
valloc packet buffer: mpi_buf_id=177 dma_buf_fd=11 size=0
H264 first bytes: 00 00 00 01 65 b8 00 00 80 00 00 5f 0a 44 82 02
encode_release_packet ret=0
MP4 frame 576/1500: sequence=580 pts=23000000 us key=1 nv12=4478976 h264=202460 acquire=13.116 ms encode=26.789 ms mux=3.609 ms
start encode NV12 with RV1106 vendor packet ABI, frame=576
encode_put_frame ret=0
encode_get_packet ret=0 handle=0xaead1930 expected=0xaead1930
vendor packet: mpi_buf_id=177 len=14348 buf_size=1495040 offset=417920 data_num=1 flag=0x00000000 pts=576
valloc packet buffer: mpi_buf_id=177 dma_buf_fd=11 size=0
H264 first bytes: 00 00 00 01 41 e0 00 20 00 46 0f c5 70 d0 9d 71
encode_release_packet ret=0
MP4 frame 577/1500: sequence=581 pts=23040000 us key=0 nv12=4478976 h264=14348 acquire=9.099 ms encode=26.264 ms mux=0.191 ms
start encode NV12 with RV1106 vendor packet ABI, frame=577
encode_put_frame ret=0
encode_get_packet ret=0 handle=0xaead1930 expected=0xaead1930
vendor packet: mpi_buf_id=177 len=12404 buf_size=1495040 offset=432384 data_num=1 flag=0x00000000 pts=577
valloc packet buffer: mpi_buf_id=177 dma_buf_fd=11 size=0
H264 first bytes: 00 00 00 01 41 e0 00 40 00 86 0b c5 de a8 c3 08
encode_release_packet ret=0
MP4 frame 578/1500: sequence=582 pts=23080000 us key=0 nv12=4478976 h264=12404 acquire=13.043 ms encode=26.815 ms mux=0.171 ms
start encode NV12 with RV1106 vendor packet ABI, frame=578
encode_put_frame ret=0
encode_get_packet ret=0 handle=0xaead1930 expected=0xaead1930
vendor packet: mpi_buf_id=177 len=13325 buf_size=1495040 offset=444800 data_num=1 flag=0x00000000 pts=578
valloc packet buffer: mpi_buf_id=177 dma_buf_fd=11 size=0
H264 first bytes: 00 00 00 01 41 e0 00 60 00 c6 0b cd 69 91 bd a3
encode_release_packet ret=0
MP4 frame 579/1500: sequence=583 pts=23120000 us key=0 nv12=4478976 h264=13325 acquire=12.526 ms encode=26.229 ms mux=0.183 ms
start encode NV12 with RV1106 vendor packet ABI, frame=579
encode_put_frame ret=0
encode_get_packet ret=0 handle=0xaead1930 expected=0xaead1930
vendor packet: mpi_buf_id=177 len=13224 buf_size=1495040 offset=458240 data_num=1 flag=0x00000000 pts=579
valloc packet buffer: mpi_buf_id=177 dma_buf_fd=11 size=0
H264 first bytes: 00 00 00 01 41 e0 00 80 01 06 1f 56 a1 1b 6c 4c
encode_release_packet ret=0
MP4 frame 580/1500: sequence=584 pts=23160000 us key=0 nv12=4478976 h264=13224 acquire=13.098 ms encode=26.883 ms mux=0.185 ms
start encode NV12 with RV1106 vendor packet ABI, frame=580
encode_put_frame ret=0
encode_get_packet ret=0 handle=0xaead1930 expected=0xaead1930
vendor packet: mpi_buf_id=177 len=12797 buf_size=1495040 offset=471552 data_num=1 flag=0x00000000 pts=580
valloc packet buffer: mpi_buf_id=177 dma_buf_fd=11 size=0
H264 first bytes: 00 00 00 01 41 e0 00 a0 01 46 1f 0a 4e 86 09 ab
encode_release_packet ret=0
MP4 frame 581/1500: sequence=585 pts=23200000 us key=0 nv12=4478976 h264=12797 acquire=12.446 ms encode=26.419 ms mux=0.179 ms
start encode NV12 with RV1106 vendor packet ABI, frame=581
encode_put_frame ret=0
encode_get_packet ret=0 handle=0xaead1930 expected=0xaead1930
vendor packet: mpi_buf_id=177 len=12933 buf_size=1495040 offset=484352 data_num=1 flag=0x00000000 pts=581
valloc packet buffer: mpi_buf_id=177 dma_buf_fd=11 size=0
H264 first bytes: 00 00 00 01 41 e0 00 c0 01 86 1f 0d 5b 82 4e 20
encode_release_packet ret=0
MP4 frame 582/1500: sequence=586 pts=23240000 us key=0 nv12=4478976 h264=12933 acquire=12.921 ms encode=26.828 ms mux=0.184 ms
start encode NV12 with RV1106 vendor packet ABI, frame=582
encode_put_frame ret=0
encode_get_packet ret=0 handle=0xaead1930 expected=0xaead1930
vendor packet: mpi_buf_id=177 len=12700 buf_size=1495040 offset=497408 data_num=1 flag=0x00000000 pts=582
valloc packet buffer: mpi_buf_id=177 dma_buf_fd=11 size=0
H264 first bytes: 00 00 00 01 41 e0 00 e0 01 c6 1f 0a ca 70 88 9b
encode_release_packet ret=0
MP4 frame 583/1500: sequence=587 pts=23280000 us key=0 nv12=4478976 h264=12700 acquire=12.491 ms encode=26.226 ms mux=0.175 ms
start encode NV12 with RV1106 vendor packet ABI, frame=583
encode_put_frame ret=0
encode_get_packet ret=0 handle=0xaead1930 expected=0xaead1930
vendor packet: mpi_buf_id=177 len=12518 buf_size=1495040 offset=510208 data_num=1 flag=0x00000000 pts=583
valloc packet buffer: mpi_buf_id=177 dma_buf_fd=11 size=0
H264 first bytes: 00 00 00 01 41 e0 01 00 02 06 1f 0b 5b 18 27 4e
encode_release_packet ret=0
MP4 frame 584/1500: sequence=588 pts=23320000 us key=0 nv12=4478976 h264=12518 acquire=13.116 ms encode=26.837 ms mux=0.177 ms
start encode NV12 with RV1106 vendor packet ABI, frame=584
encode_put_frame ret=0
encode_get_packet ret=0 handle=0xaead1930 expected=0xaead1930
vendor packet: mpi_buf_id=177 len=12691 buf_size=1495040 offset=522752 data_num=1 flag=0x00000000 pts=584
valloc packet buffer: mpi_buf_id=177 dma_buf_fd=11 size=0
H264 first bytes: 00 00 00 01 41 e0 01 20 02 46 1f 09 4a 51 82 7b
encode_release_packet ret=0
MP4 frame 585/1500: sequence=589 pts=23360000 us key=0 nv12=4478976 h264=12691 acquire=12.503 ms encode=26.224 ms mux=0.179 ms
start encode NV12 with RV1106 vendor packet ABI, frame=585
encode_put_frame ret=0
encode_get_packet ret=0 handle=0xaead1930 expected=0xaead1930
vendor packet: mpi_buf_id=177 len=12426 buf_size=1495040 offset=535552 data_num=1 flag=0x00000000 pts=585
valloc packet buffer: mpi_buf_id=177 dma_buf_fd=11 size=0
H264 first bytes: 00 00 00 01 41 e0 01 40 02 86 1f 09 47 42 02 76
encode_release_packet ret=0
MP4 frame 586/1500: sequence=590 pts=23400000 us key=0 nv12=4478976 h264=12426 acquire=13.107 ms encode=26.871 ms mux=0.170 ms
start encode NV12 with RV1106 vendor packet ABI, frame=586
encode_put_frame ret=0
encode_get_packet ret=0 handle=0xaead1930 expected=0xaead1930
vendor packet: mpi_buf_id=177 len=12217 buf_size=1495040 offset=548096 data_num=1 flag=0x00000000 pts=586
valloc packet buffer: mpi_buf_id=177 dma_buf_fd=11 size=0
H264 first bytes: 00 00 00 01 41 e0 01 60 02 c6 1f 15 c3 02 7b ef
encode_release_packet ret=0
MP4 frame 587/1500: sequence=591 pts=23440000 us key=0 nv12=4478976 h264=12217 acquire=12.467 ms encode=26.230 ms mux=0.168 ms
start encode NV12 with RV1106 vendor packet ABI, frame=587
encode_put_frame ret=0
encode_get_packet ret=0 handle=0xaead1930 expected=0xaead1930
vendor packet: mpi_buf_id=177 len=11588 buf_size=1495040 offset=560384 data_num=1 flag=0x00000000 pts=587
valloc packet buffer: mpi_buf_id=177 dma_buf_fd=11 size=0
H264 first bytes: 00 00 00 01 41 e0 01 80 03 06 1f 08 58 48 60 9e
encode_release_packet ret=0
MP4 frame 588/1500: sequence=592 pts=23480000 us key=0 nv12=4478976 h264=11588 acquire=13.118 ms encode=26.879 ms mux=0.161 ms
start encode NV12 with RV1106 vendor packet ABI, frame=588
encode_put_frame ret=0
encode_get_packet ret=0 handle=0xaead1930 expected=0xaead1930
vendor packet: mpi_buf_id=177 len=11712 buf_size=1495040 offset=572032 data_num=1 flag=0x00000000 pts=588
valloc packet buffer: mpi_buf_id=177 dma_buf_fd=11 size=0
H264 first bytes: 00 00 00 01 41 e0 01 a0 03 46 1f 08 4c c6 09 5f
encode_release_packet ret=0
MP4 frame 589/1500: sequence=593 pts=23520000 us key=0 nv12=4478976 h264=11712 acquire=12.472 ms encode=26.344 ms mux=0.167 ms
start encode NV12 with RV1106 vendor packet ABI, frame=589
encode_put_frame ret=0
encode_get_packet ret=0 handle=0xaead1930 expected=0xaead1930
vendor packet: mpi_buf_id=177 len=12117 buf_size=1495040 offset=583808 data_num=1 flag=0x00000000 pts=589
valloc packet buffer: mpi_buf_id=177 dma_buf_fd=11 size=0
H264 first bytes: 00 00 00 01 41 e0 01 c0 03 86 1f 06 19 21 f8 c8
encode_release_packet ret=0
MP4 frame 590/1500: sequence=594 pts=23560000 us key=0 nv12=4478976 h264=12117 acquire=12.990 ms encode=26.816 ms mux=0.173 ms
start encode NV12 with RV1106 vendor packet ABI, frame=590
encode_put_frame ret=0
encode_get_packet ret=0 handle=0xaead1930 expected=0xaead1930
vendor packet: mpi_buf_id=177 len=9314 buf_size=1495040 offset=595968 data_num=1 flag=0x00000000 pts=590
valloc packet buffer: mpi_buf_id=177 dma_buf_fd=11 size=0
H264 first bytes: 00 00 00 01 41 e0 01 e0 03 c6 3c 75 61 e9 4b 05
encode_release_packet ret=0
MP4 frame 591/1500: sequence=595 pts=23600000 us key=0 nv12=4478976 h264=9314 acquire=12.525 ms encode=26.173 ms mux=0.141 ms
start encode NV12 with RV1106 vendor packet ABI, frame=591
encode_put_frame ret=0
encode_get_packet ret=0 handle=0xaead1930 expected=0xaead1930
vendor packet: mpi_buf_id=177 len=11889 buf_size=1495040 offset=605312 data_num=1 flag=0x00000000 pts=591
valloc packet buffer: mpi_buf_id=177 dma_buf_fd=11 size=0
H264 first bytes: 00 00 00 01 41 e0 02 00 04 06 1f 15 31 50 9d 56
encode_release_packet ret=0
MP4 frame 592/1500: sequence=596 pts=23640000 us key=0 nv12=4478976 h264=11889 acquire=13.197 ms encode=26.905 ms mux=0.170 ms
start encode NV12 with RV1106 vendor packet ABI, frame=592
encode_put_frame ret=0
encode_get_packet ret=0 handle=0xaead1930 expected=0xaead1930
vendor packet: mpi_buf_id=177 len=11719 buf_size=1495040 offset=617216 data_num=1 flag=0x00000000 pts=592
valloc packet buffer: mpi_buf_id=177 dma_buf_fd=11 size=0
H264 first bytes: 00 00 00 01 41 e0 02 20 04 46 1f 01 25 9a 5d a6
encode_release_packet ret=0
MP4 frame 593/1500: sequence=597 pts=23680000 us key=0 nv12=4478976 h264=11719 acquire=12.431 ms encode=26.227 ms mux=0.166 ms
start encode NV12 with RV1106 vendor packet ABI, frame=593
encode_put_frame ret=0
encode_get_packet ret=0 handle=0xaead1930 expected=0xaead1930
vendor packet: mpi_buf_id=177 len=11549 buf_size=1495040 offset=628992 data_num=1 flag=0x00000000 pts=593
valloc packet buffer: mpi_buf_id=177 dma_buf_fd=11 size=0
H264 first bytes: 00 00 00 01 41 e0 02 40 04 86 1f 25 a8 8c c6 2f
encode_release_packet ret=0
MP4 frame 594/1500: sequence=598 pts=23720000 us key=0 nv12=4478976 h264=11549 acquire=13.124 ms encode=26.835 ms mux=0.168 ms
start encode NV12 with RV1106 vendor packet ABI, frame=594
encode_put_frame ret=0
encode_get_packet ret=0 handle=0xaead1930 expected=0xaead1930
vendor packet: mpi_buf_id=177 len=11472 buf_size=1495040 offset=640640 data_num=1 flag=0x00000000 pts=594
valloc packet buffer: mpi_buf_id=177 dma_buf_fd=11 size=0
H264 first bytes: 00 00 00 01 41 e0 02 60 04 c6 1f 08 c8 60 88 9b
encode_release_packet ret=0
MP4 frame 595/1500: sequence=599 pts=23760000 us key=0 nv12=4478976 h264=11472 acquire=12.509 ms encode=26.213 ms mux=0.171 ms
start encode NV12 with RV1106 vendor packet ABI, frame=595
encode_put_frame ret=0
encode_get_packet ret=0 handle=0xaead1930 expected=0xaead1930
vendor packet: mpi_buf_id=177 len=11715 buf_size=1495040 offset=652160 data_num=1 flag=0x00000000 pts=595
valloc packet buffer: mpi_buf_id=177 dma_buf_fd=11 size=0
H264 first bytes: 00 00 00 01 41 e0 02 80 05 06 1f 0a 17 f3 6b 18
encode_release_packet ret=0
MP4 frame 596/1500: sequence=600 pts=23800000 us key=0 nv12=4478976 h264=11715 acquire=13.128 ms encode=26.776 ms mux=0.163 ms
start encode NV12 with RV1106 vendor packet ABI, frame=596
encode_put_frame ret=0
encode_get_packet ret=0 handle=0xaead1930 expected=0xaead1930
vendor packet: mpi_buf_id=177 len=11547 buf_size=1495040 offset=663936 data_num=1 flag=0x00000000 pts=596
valloc packet buffer: mpi_buf_id=177 dma_buf_fd=11 size=0
H264 first bytes: 00 00 00 01 41 e0 02 a0 05 46 1f 09 4c 71 c2 77
encode_release_packet ret=0
MP4 frame 597/1500: sequence=601 pts=23840000 us key=0 nv12=4478976 h264=11547 acquire=12.572 ms encode=26.351 ms mux=0.167 ms
start encode NV12 with RV1106 vendor packet ABI, frame=597
encode_put_frame ret=0
encode_get_packet ret=0 handle=0xaead1930 expected=0xaead1930
vendor packet: mpi_buf_id=177 len=12007 buf_size=1495040 offset=675584 data_num=1 flag=0x00000000 pts=597
valloc packet buffer: mpi_buf_id=177 dma_buf_fd=11 size=0
H264 first bytes: 00 00 00 01 41 e0 02 c0 05 86 1f 1f 9e 2a 91 8b
encode_release_packet ret=0
MP4 frame 598/1500: sequence=602 pts=23880000 us key=0 nv12=4478976 h264=12007 acquire=12.995 ms encode=26.828 ms mux=0.954 ms
start encode NV12 with RV1106 vendor packet ABI, frame=598
encode_put_frame ret=0
encode_get_packet ret=0 handle=0xaead1930 expected=0xaead1930
vendor packet: mpi_buf_id=177 len=11989 buf_size=1495040 offset=687616 data_num=1 flag=0x00000000 pts=598
valloc packet buffer: mpi_buf_id=177 dma_buf_fd=11 size=0
H264 first bytes: 00 00 00 01 41 e0 02 e0 05 c6 1f 02 2d 61 0a 70
encode_release_packet ret=0
MP4 frame 599/1500: sequence=603 pts=23920000 us key=0 nv12=4478976 h264=11989 acquire=11.718 ms encode=26.338 ms mux=0.169 ms
start encode NV12 with RV1106 vendor packet ABI, frame=599
encode_put_frame ret=0
encode_get_packet ret=0 handle=0xaead1930 expected=0xaead1930
vendor packet: mpi_buf_id=177 len=11290 buf_size=1495040 offset=699648 data_num=1 flag=0x00000000 pts=599
valloc packet buffer: mpi_buf_id=177 dma_buf_fd=11 size=0
H264 first bytes: 00 00 00 01 41 e0 03 00 06 06 1f 19 a3 16 1c 48
encode_release_packet ret=0
MP4 frame 600/1500: sequence=604 pts=23960000 us key=0 nv12=4478976 h264=11290 acquire=12.997 ms encode=26.792 ms mux=0.166 ms
start encode NV12 with RV1106 vendor packet ABI, frame=600
encode_put_frame ret=0
encode_get_packet ret=0 handle=0xaead1930 expected=0xaead1930
vendor packet: mpi_buf_id=177 len=189171 buf_size=1495040 offset=711040 data_num=1 flag=0x00000010 pts=600
valloc packet buffer: mpi_buf_id=177 dma_buf_fd=11 size=0
H264 first bytes: 00 00 00 01 65 b8 00 00 90 00 00 4f 0a 44 82 90
encode_release_packet ret=0
MP4 frame 601/1500: sequence=605 pts=24000000 us key=1 nv12=4478976 h264=189171 acquire=12.549 ms encode=26.177 ms mux=3.103 ms
start encode NV12 with RV1106 vendor packet ABI, frame=601
encode_put_frame ret=0
encode_get_packet ret=0 handle=0xaead1930 expected=0xaead1930
vendor packet: mpi_buf_id=177 len=12529 buf_size=1495040 offset=900224 data_num=1 flag=0x00000000 pts=601
valloc packet buffer: mpi_buf_id=177 dma_buf_fd=11 size=0
H264 first bytes: 00 00 00 01 41 e0 00 20 00 46 1f 13 4a ac d1 73
encode_release_packet ret=0
MP4 frame 602/1500: sequence=606 pts=24040000 us key=0 nv12=4478976 h264=12529 acquire=10.224 ms encode=26.798 ms mux=0.177 ms
start encode NV12 with RV1106 vendor packet ABI, frame=602
encode_put_frame ret=0
encode_get_packet ret=0 handle=0xaead1930 expected=0xaead1930
vendor packet: mpi_buf_id=177 len=12654 buf_size=1495040 offset=912768 data_num=1 flag=0x00000000 pts=602
valloc packet buffer: mpi_buf_id=177 dma_buf_fd=11 size=0
H264 first bytes: 00 00 00 01 41 e0 00 40 00 86 1f 08 42 2c 60 9b
encode_release_packet ret=0
MP4 frame 603/1500: sequence=607 pts=24080000 us key=0 nv12=4478976 h264=12654 acquire=12.525 ms encode=26.241 ms mux=0.181 ms
start encode NV12 with RV1106 vendor packet ABI, frame=603
encode_put_frame ret=0
encode_get_packet ret=0 handle=0xaead1930 expected=0xaead1930
vendor packet: mpi_buf_id=177 len=12962 buf_size=1495040 offset=925440 data_num=1 flag=0x00000000 pts=603
valloc packet buffer: mpi_buf_id=177 dma_buf_fd=11 size=0
H264 first bytes: 00 00 00 01 41 e0 00 60 00 c6 1f 17 46 96 83 8c
encode_release_packet ret=0
MP4 frame 604/1500: sequence=608 pts=24120000 us key=0 nv12=4478976 h264=12962 acquire=13.083 ms encode=26.868 ms mux=0.175 ms
start encode NV12 with RV1106 vendor packet ABI, frame=604
encode_put_frame ret=0
encode_get_packet ret=0 handle=0xaead1930 expected=0xaead1930
vendor packet: mpi_buf_id=177 len=12494 buf_size=1495040 offset=938496 data_num=1 flag=0x00000000 pts=604
valloc packet buffer: mpi_buf_id=177 dma_buf_fd=11 size=0
H264 first bytes: 00 00 00 01 41 e0 00 80 01 06 1f 1f 68 71 5b ee
encode_release_packet ret=0
MP4 frame 605/1500: sequence=609 pts=24160000 us key=0 nv12=4478976 h264=12494 acquire=12.350 ms encode=26.239 ms mux=0.179 ms
start encode NV12 with RV1106 vendor packet ABI, frame=605
encode_put_frame ret=0
encode_get_packet ret=0 handle=0xaead1930 expected=0xaead1930
vendor packet: mpi_buf_id=177 len=12330 buf_size=1495040 offset=951040 data_num=1 flag=0x00000000 pts=605
valloc packet buffer: mpi_buf_id=177 dma_buf_fd=11 size=0
H264 first bytes: 00 00 00 01 41 e0 00 a0 01 46 1f 05 33 9c 22 25
encode_release_packet ret=0
MP4 frame 606/1500: sequence=610 pts=24200000 us key=0 nv12=4478976 h264=12330 acquire=13.094 ms encode=26.797 ms mux=0.173 ms
start encode NV12 with RV1106 vendor packet ABI, frame=606
encode_put_frame ret=0
encode_get_packet ret=0 handle=0xaead1930 expected=0xaead1930
vendor packet: mpi_buf_id=177 len=12016 buf_size=1495040 offset=963456 data_num=1 flag=0x00000000 pts=606
valloc packet buffer: mpi_buf_id=177 dma_buf_fd=11 size=0
H264 first bytes: 00 00 00 01 41 e0 00 c0 01 86 1f 08 cc 82 02 73
encode_release_packet ret=0
MP4 frame 607/1500: sequence=611 pts=24240000 us key=0 nv12=4478976 h264=12016 acquire=12.538 ms encode=26.250 ms mux=0.169 ms
start encode NV12 with RV1106 vendor packet ABI, frame=607
encode_put_frame ret=0
encode_get_packet ret=0 handle=0xaead1930 expected=0xaead1930
vendor packet: mpi_buf_id=177 len=12116 buf_size=1495040 offset=975488 data_num=1 flag=0x00000000 pts=607
valloc packet buffer: mpi_buf_id=177 dma_buf_fd=11 size=0
H264 first bytes: 00 00 00 01 41 e0 00 e0 01 c6 1f 34 e6 b9 ea e8
encode_release_packet ret=0
MP4 frame 608/1500: sequence=612 pts=24280000 us key=0 nv12=4478976 h264=12116 acquire=13.083 ms encode=26.806 ms mux=0.174 ms
start encode NV12 with RV1106 vendor packet ABI, frame=608
encode_put_frame ret=0
encode_get_packet ret=0 handle=0xaead1930 expected=0xaead1930
vendor packet: mpi_buf_id=177 len=12481 buf_size=1495040 offset=987648 data_num=1 flag=0x00000000 pts=608
valloc packet buffer: mpi_buf_id=177 dma_buf_fd=11 size=0
H264 first bytes: 00 00 00 01 41 e0 01 00 02 06 1f 0c c3 47 21 6f
encode_release_packet ret=0
MP4 frame 609/1500: sequence=613 pts=24320000 us key=0 nv12=4478976 h264=12481 acquire=12.536 ms encode=26.315 ms mux=0.183 ms
start encode NV12 with RV1106 vendor packet ABI, frame=609
encode_put_frame ret=0
encode_get_packet ret=0 handle=0xaead1930 expected=0xaead1930
vendor packet: mpi_buf_id=177 len=12964 buf_size=1495040 offset=1000192 data_num=1 flag=0x00000000 pts=609
valloc packet buffer: mpi_buf_id=177 dma_buf_fd=11 size=0
H264 first bytes: 00 00 00 01 41 e0 01 20 02 46 1f 26 a3 a5 1a 3c
encode_release_packet ret=0
MP4 frame 610/1500: sequence=614 pts=24360000 us key=0 nv12=4478976 h264=12964 acquire=13.010 ms encode=26.935 ms mux=0.176 ms
start encode NV12 with RV1106 vendor packet ABI, frame=610
encode_put_frame ret=0
encode_get_packet ret=0 handle=0xaead1930 expected=0xaead1930
vendor packet: mpi_buf_id=177 len=12077 buf_size=1495040 offset=1013248 data_num=1 flag=0x00000000 pts=610
valloc packet buffer: mpi_buf_id=177 dma_buf_fd=11 size=0
H264 first bytes: 00 00 00 01 41 e0 01 40 02 86 1f 15 98 e2 57 e8
encode_release_packet ret=0
MP4 frame 611/1500: sequence=615 pts=24400000 us key=0 nv12=4478976 h264=12077 acquire=12.397 ms encode=26.240 ms mux=0.168 ms
start encode NV12 with RV1106 vendor packet ABI, frame=611
encode_put_frame ret=0
encode_get_packet ret=0 handle=0xaead1930 expected=0xaead1930
vendor packet: mpi_buf_id=177 len=12595 buf_size=1495040 offset=1025408 data_num=1 flag=0x00000000 pts=611
valloc packet buffer: mpi_buf_id=177 dma_buf_fd=11 size=0
H264 first bytes: 00 00 00 01 41 e0 01 60 02 c6 1f 35 1d 92 8b 1b
encode_release_packet ret=0
MP4 frame 612/1500: sequence=616 pts=24440000 us key=0 nv12=4478976 h264=12595 acquire=13.100 ms encode=26.945 ms mux=0.177 ms
start encode NV12 with RV1106 vendor packet ABI, frame=612
encode_put_frame ret=0
encode_get_packet ret=0 handle=0xaead1930 expected=0xaead1930
vendor packet: mpi_buf_id=177 len=12599 buf_size=1495040 offset=1038080 data_num=1 flag=0x00000000 pts=612
valloc packet buffer: mpi_buf_id=177 dma_buf_fd=11 size=0
H264 first bytes: 00 00 00 01 41 e0 01 80 03 06 1f 0f ee 10 a3 cf
encode_release_packet ret=0
MP4 frame 613/1500: sequence=617 pts=24480000 us key=0 nv12=4478976 h264=12599 acquire=12.383 ms encode=26.265 ms mux=0.169 ms
start encode NV12 with RV1106 vendor packet ABI, frame=613
encode_put_frame ret=0
encode_get_packet ret=0 handle=0xaead1930 expected=0xaead1930
vendor packet: mpi_buf_id=177 len=12811 buf_size=1495040 offset=1050752 data_num=1 flag=0x00000000 pts=613
valloc packet buffer: mpi_buf_id=177 dma_buf_fd=11 size=0
H264 first bytes: 00 00 00 01 41 e0 01 a0 03 46 1f 05 15 2d ef 04
encode_release_packet ret=0
MP4 frame 614/1500: sequence=618 pts=24520000 us key=0 nv12=4478976 h264=12811 acquire=13.082 ms encode=26.841 ms mux=0.182 ms
start encode NV12 with RV1106 vendor packet ABI, frame=614
encode_put_frame ret=0
encode_get_packet ret=0 handle=0xaead1930 expected=0xaead1930
vendor packet: mpi_buf_id=177 len=12647 buf_size=1495040 offset=1063680 data_num=1 flag=0x00000000 pts=614
valloc packet buffer: mpi_buf_id=177 dma_buf_fd=11 size=0
H264 first bytes: 00 00 00 01 41 e0 01 c0 03 86 1f 09 4c 61 82 67
encode_release_packet ret=0
MP4 frame 615/1500: sequence=619 pts=24560000 us key=0 nv12=4478976 h264=12647 acquire=12.493 ms encode=26.297 ms mux=0.175 ms
start encode NV12 with RV1106 vendor packet ABI, frame=615
encode_put_frame ret=0
encode_get_packet ret=0 handle=0xaead1930 expected=0xaead1930
vendor packet: mpi_buf_id=177 len=12406 buf_size=1495040 offset=1076352 data_num=1 flag=0x00000000 pts=615
valloc packet buffer: mpi_buf_id=177 dma_buf_fd=11 size=0
H264 first bytes: 00 00 00 01 41 e0 01 e0 03 c6 1f 24 c7 86 a9 c1
encode_release_packet ret=0
MP4 frame 616/1500: sequence=620 pts=24600000 us key=0 nv12=4478976 h264=12406 acquire=13.040 ms encode=26.897 ms mux=0.175 ms
start encode NV12 with RV1106 vendor packet ABI, frame=616
encode_put_frame ret=0
encode_get_packet ret=0 handle=0xaead1930 expected=0xaead1930
vendor packet: mpi_buf_id=177 len=12396 buf_size=1495040 offset=1088768 data_num=1 flag=0x00000000 pts=616
valloc packet buffer: mpi_buf_id=177 dma_buf_fd=11 size=0
H264 first bytes: 00 00 00 01 41 e0 02 00 04 06 1f 08 c7 1c 58 9b
encode_release_packet ret=0
MP4 frame 617/1500: sequence=621 pts=24640000 us key=0 nv12=4478976 h264=12396 acquire=12.429 ms encode=26.246 ms mux=0.171 ms
start encode NV12 with RV1106 vendor packet ABI, frame=617
encode_put_frame ret=0
encode_get_packet ret=0 handle=0xaead1930 expected=0xaead1930
vendor packet: mpi_buf_id=177 len=12575 buf_size=1495040 offset=1101184 data_num=1 flag=0x00000000 pts=617
valloc packet buffer: mpi_buf_id=177 dma_buf_fd=11 size=0
H264 first bytes: 00 00 00 01 41 e0 02 20 04 46 1f 3f 78 c1 b7 58
encode_release_packet ret=0
MP4 frame 618/1500: sequence=622 pts=24680000 us key=0 nv12=4478976 h264=12575 acquire=13.103 ms encode=26.855 ms mux=0.174 ms
start encode NV12 with RV1106 vendor packet ABI, frame=618
encode_put_frame ret=0
encode_get_packet ret=0 handle=0xaead1930 expected=0xaead1930
vendor packet: mpi_buf_id=177 len=11841 buf_size=1495040 offset=1113856 data_num=1 flag=0x00000000 pts=618
valloc packet buffer: mpi_buf_id=177 dma_buf_fd=11 size=0
H264 first bytes: 00 00 00 01 41 e0 02 40 04 86 1f 0f d6 3e 94 0e
encode_release_packet ret=0
MP4 frame 619/1500: sequence=623 pts=24720000 us key=0 nv12=4478976 h264=11841 acquire=12.480 ms encode=26.251 ms mux=0.163 ms
start encode NV12 with RV1106 vendor packet ABI, frame=619
encode_put_frame ret=0
encode_get_packet ret=0 handle=0xaead1930 expected=0xaead1930
vendor packet: mpi_buf_id=177 len=12387 buf_size=1495040 offset=1125760 data_num=1 flag=0x00000000 pts=619
valloc packet buffer: mpi_buf_id=177 dma_buf_fd=11 size=0
H264 first bytes: 00 00 00 01 41 e0 02 60 04 c6 1f 0a d8 91 82 73
encode_release_packet ret=0
MP4 frame 620/1500: sequence=624 pts=24760000 us key=0 nv12=4478976 h264=12387 acquire=13.090 ms encode=26.939 ms mux=0.173 ms
start encode NV12 with RV1106 vendor packet ABI, frame=620
encode_put_frame ret=0
encode_get_packet ret=0 handle=0xaead1930 expected=0xaead1930
vendor packet: mpi_buf_id=177 len=12158 buf_size=1495040 offset=1138176 data_num=1 flag=0x00000000 pts=620
valloc packet buffer: mpi_buf_id=177 dma_buf_fd=11 size=0
H264 first bytes: 00 00 00 01 41 e0 02 80 05 06 1f 0d c7 b1 65 de
encode_release_packet ret=0
MP4 frame 621/1500: sequence=625 pts=24800000 us key=0 nv12=4478976 h264=12158 acquire=12.400 ms encode=26.304 ms mux=0.171 ms
start encode NV12 with RV1106 vendor packet ABI, frame=621
encode_put_frame ret=0
encode_get_packet ret=0 handle=0xaead1930 expected=0xaead1930
vendor packet: mpi_buf_id=177 len=12090 buf_size=1495040 offset=1150336 data_num=1 flag=0x00000000 pts=621
valloc packet buffer: mpi_buf_id=177 dma_buf_fd=11 size=0
H264 first bytes: 00 00 00 01 41 e0 02 a0 05 46 1f 0b ce 30 59 7b
encode_release_packet ret=0
MP4 frame 622/1500: sequence=626 pts=24840000 us key=0 nv12=4478976 h264=12090 acquire=13.025 ms encode=26.885 ms mux=0.175 ms
start encode NV12 with RV1106 vendor packet ABI, frame=622
encode_put_frame ret=0
encode_get_packet ret=0 handle=0xaead1930 expected=0xaead1930
vendor packet: mpi_buf_id=177 len=12165 buf_size=1495040 offset=1162496 data_num=1 flag=0x00000000 pts=622
valloc packet buffer: mpi_buf_id=177 dma_buf_fd=11 size=0
H264 first bytes: 00 00 00 01 41 e0 02 c0 05 86 0b cf 4c 12 ce cd
encode_release_packet ret=0
MP4 frame 623/1500: sequence=627 pts=24880000 us key=0 nv12=4478976 h264=12165 acquire=12.459 ms encode=26.215 ms mux=1.048 ms
start encode NV12 with RV1106 vendor packet ABI, frame=623
encode_put_frame ret=0
encode_get_packet ret=0 handle=0xaead1930 expected=0xaead1930
vendor packet: mpi_buf_id=177 len=12493 buf_size=1495040 offset=1174784 data_num=1 flag=0x00000000 pts=623
valloc packet buffer: mpi_buf_id=177 dma_buf_fd=11 size=0
H264 first bytes: 00 00 00 01 41 e0 02 e0 05 c6 0b cd 16 28 28 4e
encode_release_packet ret=0
MP4 frame 624/1500: sequence=628 pts=24920000 us key=0 nv12=4478976 h264=12493 acquire=12.241 ms encode=26.828 ms mux=0.175 ms
start encode NV12 with RV1106 vendor packet ABI, frame=624
encode_put_frame ret=0
encode_get_packet ret=0 handle=0xaead1930 expected=0xaead1930
vendor packet: mpi_buf_id=177 len=12454 buf_size=1495040 offset=1187328 data_num=1 flag=0x00000000 pts=624
valloc packet buffer: mpi_buf_id=177 dma_buf_fd=11 size=0
H264 first bytes: 00 00 00 01 41 e0 03 00 06 06 0b c1 3d 60 52 c6
encode_release_packet ret=0
MP4 frame 625/1500: sequence=629 pts=24960000 us key=0 nv12=4478976 h264=12454 acquire=12.500 ms encode=26.255 ms mux=0.181 ms
start encode NV12 with RV1106 vendor packet ABI, frame=625
encode_put_frame ret=0
encode_get_packet ret=0 handle=0xaead1930 expected=0xaead1930
vendor packet: mpi_buf_id=177 len=188986 buf_size=1495040 offset=1199872 data_num=1 flag=0x00000010 pts=625
valloc packet buffer: mpi_buf_id=177 dma_buf_fd=11 size=0
H264 first bytes: 00 00 00 01 65 b8 00 00 a0 00 00 4f 0a 44 82 d0
encode_release_packet ret=0
MP4 frame 626/1500: sequence=630 pts=25000000 us key=1 nv12=4478976 h264=188986 acquire=13.078 ms encode=26.740 ms mux=3.141 ms
start encode NV12 with RV1106 vendor packet ABI, frame=626
encode_put_frame ret=0
encode_get_packet ret=0 handle=0xaead1930 expected=0xaead1930
vendor packet: mpi_buf_id=177 len=13057 buf_size=1495040 offset=1388928 data_num=1 flag=0x00000000 pts=626
valloc packet buffer: mpi_buf_id=177 dma_buf_fd=11 size=0
H264 first bytes: 00 00 00 01 41 e0 00 20 00 46 0b c5 e2 a6 ce 30
encode_release_packet ret=0
MP4 frame 627/1500: sequence=631 pts=25040000 us key=0 nv12=4478976 h264=13057 acquire=9.630 ms encode=26.276 ms mux=0.180 ms
start encode NV12 with RV1106 vendor packet ABI, frame=627
encode_put_frame ret=0
encode_get_packet ret=0 handle=0xaead1930 expected=0xaead1930
vendor packet: mpi_buf_id=177 len=12962 buf_size=1495040 offset=1402112 data_num=1 flag=0x00000000 pts=627
valloc packet buffer: mpi_buf_id=177 dma_buf_fd=11 size=0
H264 first bytes: 00 00 00 01 41 e0 00 40 00 86 0b c5 68 40 9d 75
encode_release_packet ret=0
MP4 frame 628/1500: sequence=632 pts=25080000 us key=0 nv12=4478976 h264=12962 acquire=13.039 ms encode=26.892 ms mux=0.177 ms
start encode NV12 with RV1106 vendor packet ABI, frame=628
encode_put_frame ret=0
encode_get_packet ret=0 handle=0xaead1930 expected=0xaead1930
vendor packet: mpi_buf_id=177 len=13306 buf_size=1495040 offset=1415168 data_num=1 flag=0x00000000 pts=628
valloc packet buffer: mpi_buf_id=177 dma_buf_fd=11 size=0
H264 first bytes: 00 00 00 01 41 e0 00 60 00 c6 0b cf c1 2c 7c d8
encode_release_packet ret=0
MP4 frame 629/1500: sequence=633 pts=25120000 us key=0 nv12=4478976 h264=13306 acquire=12.444 ms encode=26.196 ms mux=0.178 ms
start encode NV12 with RV1106 vendor packet ABI, frame=629
encode_put_frame ret=0
encode_get_packet ret=0 handle=0xaead1930 expected=0xaead1930
vendor packet: mpi_buf_id=177 len=13145 buf_size=1495040 offset=1428480 data_num=1 flag=0x00000000 pts=629
valloc packet buffer: mpi_buf_id=177 dma_buf_fd=11 size=0
H264 first bytes: 00 00 00 01 41 e0 00 80 01 06 0b d5 a9 69 8e e5
encode_release_packet ret=0
MP4 frame 630/1500: sequence=634 pts=25160000 us key=0 nv12=4478976 h264=13145 acquire=13.132 ms encode=26.849 ms mux=0.180 ms
start encode NV12 with RV1106 vendor packet ABI, frame=630
encode_put_frame ret=0
encode_get_packet ret=0 handle=0xaead1930 expected=0xaead1930
vendor packet: mpi_buf_id=177 len=13595 buf_size=1495040 offset=1441664 data_num=1 flag=0x00000000 pts=630
valloc packet buffer: mpi_buf_id=177 dma_buf_fd=11 size=0
H264 first bytes: 00 00 00 01 41 e0 00 a0 01 46 0b c4 ea 26 8a 30
encode_release_packet ret=0
MP4 frame 631/1500: sequence=635 pts=25200000 us key=0 nv12=4478976 h264=13595 acquire=12.480 ms encode=26.229 ms mux=0.191 ms
start encode NV12 with RV1106 vendor packet ABI, frame=631
encode_put_frame ret=0
encode_get_packet ret=0 handle=0xaead1930 expected=0xaead1930
vendor packet: mpi_buf_id=177 len=13737 buf_size=1495040 offset=1455360 data_num=1 flag=0x00000000 pts=631
valloc packet buffer: mpi_buf_id=177 dma_buf_fd=11 size=0
H264 first bytes: 00 00 00 01 41 e0 00 c0 01 86 0b c5 cf 9a 73 8c
encode_release_packet ret=0
MP4 frame 632/1500: sequence=636 pts=25240000 us key=0 nv12=4478976 h264=13737 acquire=13.088 ms encode=26.883 ms mux=0.198 ms
start encode NV12 with RV1106 vendor packet ABI, frame=632
encode_put_frame ret=0
encode_get_packet ret=0 handle=0xaead1930 expected=0xaead1930
vendor packet: mpi_buf_id=177 len=13429 buf_size=1495040 offset=1469184 data_num=1 flag=0x00000000 pts=632
valloc packet buffer: mpi_buf_id=177 dma_buf_fd=11 size=0
H264 first bytes: 00 00 00 01 41 e0 00 e0 01 c6 0b c6 71 e5 df 1e
encode_release_packet ret=0
MP4 frame 633/1500: sequence=637 pts=25280000 us key=0 nv12=4478976 h264=13429 acquire=12.431 ms encode=26.222 ms mux=0.176 ms
start encode NV12 with RV1106 vendor packet ABI, frame=633
encode_put_frame ret=0
encode_get_packet ret=0 handle=0xaead1930 expected=0xaead1930
vendor packet: mpi_buf_id=177 len=13398 buf_size=1495040 offset=1482624 data_num=1 flag=0x00000000 pts=633
valloc packet buffer: mpi_buf_id=177 dma_buf_fd=11 size=0
H264 first bytes: 00 00 00 01 41 e0 01 00 02 06 0b c2 33 31 82 50
encode_release_packet ret=0
MP4 frame 634/1500: sequence=638 pts=25320000 us key=0 nv12=4478976 h264=13398 acquire=13.108 ms encode=26.835 ms mux=0.183 ms
start encode NV12 with RV1106 vendor packet ABI, frame=634
encode_put_frame ret=0
encode_get_packet ret=0 handle=0xaead1930 expected=0xaead1930
vendor packet: mpi_buf_id=177 len=13018 buf_size=1495040 offset=1024 data_num=1 flag=0x00000000 pts=634
valloc packet buffer: mpi_buf_id=177 dma_buf_fd=11 size=0
H264 first bytes: 00 00 00 01 41 e0 01 20 02 46 0b c5 4c a3 2c e1
encode_release_packet ret=0
MP4 frame 635/1500: sequence=639 pts=25360000 us key=0 nv12=4478976 h264=13018 acquire=12.497 ms encode=26.229 ms mux=0.180 ms
start encode NV12 with RV1106 vendor packet ABI, frame=635
encode_put_frame ret=0
encode_get_packet ret=0 handle=0xaead1930 expected=0xaead1930
vendor packet: mpi_buf_id=177 len=13188 buf_size=1495040 offset=14080 data_num=1 flag=0x00000000 pts=635
valloc packet buffer: mpi_buf_id=177 dma_buf_fd=11 size=0
H264 first bytes: 00 00 00 01 41 e0 01 40 02 86 0b c6 5b 16 5d f0
encode_release_packet ret=0
MP4 frame 636/1500: sequence=640 pts=25400000 us key=0 nv12=4478976 h264=13188 acquire=12.991 ms encode=26.863 ms mux=0.186 ms
start encode NV12 with RV1106 vendor packet ABI, frame=636
encode_put_frame ret=0
encode_get_packet ret=0 handle=0xaead1930 expected=0xaead1930
vendor packet: mpi_buf_id=177 len=13373 buf_size=1495040 offset=27392 data_num=1 flag=0x00000000 pts=636
valloc packet buffer: mpi_buf_id=177 dma_buf_fd=11 size=0
H264 first bytes: 00 00 00 01 41 e0 01 60 02 c6 0b c4 6e b2 82 d1
encode_release_packet ret=0
MP4 frame 637/1500: sequence=641 pts=25440000 us key=0 nv12=4478976 h264=13373 acquire=12.455 ms encode=26.198 ms mux=0.185 ms
start encode NV12 with RV1106 vendor packet ABI, frame=637
encode_put_frame ret=0
encode_get_packet ret=0 handle=0xaead1930 expected=0xaead1930
vendor packet: mpi_buf_id=177 len=13480 buf_size=1495040 offset=40832 data_num=1 flag=0x00000000 pts=637
valloc packet buffer: mpi_buf_id=177 dma_buf_fd=11 size=0
H264 first bytes: 00 00 00 01 41 e0 01 80 03 06 0b dc e6 93 88 f2
encode_release_packet ret=0
MP4 frame 638/1500: sequence=642 pts=25480000 us key=0 nv12=4478976 h264=13480 acquire=13.129 ms encode=26.880 ms mux=0.189 ms
start encode NV12 with RV1106 vendor packet ABI, frame=638
encode_put_frame ret=0
encode_get_packet ret=0 handle=0xaead1930 expected=0xaead1930
vendor packet: mpi_buf_id=177 len=12891 buf_size=1495040 offset=54400 data_num=1 flag=0x00000000 pts=638
valloc packet buffer: mpi_buf_id=177 dma_buf_fd=11 size=0
H264 first bytes: 00 00 00 01 41 e0 01 a0 03 46 0b cf 4c 90 c3 a8
encode_release_packet ret=0
MP4 frame 639/1500: sequence=643 pts=25520000 us key=0 nv12=4478976 h264=12891 acquire=12.444 ms encode=26.242 ms mux=0.180 ms
start encode NV12 with RV1106 vendor packet ABI, frame=639
encode_put_frame ret=0
encode_get_packet ret=0 handle=0xaead1930 expected=0xaead1930
vendor packet: mpi_buf_id=177 len=12986 buf_size=1495040 offset=67328 data_num=1 flag=0x00000000 pts=639
valloc packet buffer: mpi_buf_id=177 dma_buf_fd=11 size=0
H264 first bytes: 00 00 00 01 41 e0 01 c0 03 86 0b c2 14 87 09 92
encode_release_packet ret=0
MP4 frame 640/1500: sequence=644 pts=25560000 us key=0 nv12=4478976 h264=12986 acquire=13.088 ms encode=26.830 ms mux=0.179 ms
start encode NV12 with RV1106 vendor packet ABI, frame=640
encode_put_frame ret=0
encode_get_packet ret=0 handle=0xaead1930 expected=0xaead1930
vendor packet: mpi_buf_id=177 len=13348 buf_size=1495040 offset=80384 data_num=1 flag=0x00000000 pts=640
valloc packet buffer: mpi_buf_id=177 dma_buf_fd=11 size=0
H264 first bytes: 00 00 00 01 41 e0 01 e0 03 c6 0b c2 b5 18 24 98
encode_release_packet ret=0
MP4 frame 641/1500: sequence=645 pts=25600000 us key=0 nv12=4478976 h264=13348 acquire=12.491 ms encode=26.170 ms mux=0.189 ms
start encode NV12 with RV1106 vendor packet ABI, frame=641
encode_put_frame ret=0
encode_get_packet ret=0 handle=0xaead1930 expected=0xaead1930
vendor packet: mpi_buf_id=177 len=13444 buf_size=1495040 offset=93824 data_num=1 flag=0x00000000 pts=641
valloc packet buffer: mpi_buf_id=177 dma_buf_fd=11 size=0
H264 first bytes: 00 00 00 01 41 e0 02 00 04 06 0b f6 a2 65 a1 29
encode_release_packet ret=0
MP4 frame 642/1500: sequence=646 pts=25640000 us key=0 nv12=4478976 h264=13444 acquire=13.160 ms encode=26.837 ms mux=0.182 ms
start encode NV12 with RV1106 vendor packet ABI, frame=642
encode_put_frame ret=0
encode_get_packet ret=0 handle=0xaead1930 expected=0xaead1930
vendor packet: mpi_buf_id=177 len=13593 buf_size=1495040 offset=107392 data_num=1 flag=0x00000000 pts=642
valloc packet buffer: mpi_buf_id=177 dma_buf_fd=11 size=0
H264 first bytes: 00 00 00 01 41 e0 02 20 04 46 0b c6 71 e5 ed da
encode_release_packet ret=0
MP4 frame 643/1500: sequence=647 pts=25680000 us key=0 nv12=4478976 h264=13593 acquire=12.487 ms encode=26.506 ms mux=0.184 ms
start encode NV12 with RV1106 vendor packet ABI, frame=643
encode_put_frame ret=0
encode_get_packet ret=0 handle=0xaead1930 expected=0xaead1930
vendor packet: mpi_buf_id=177 len=13305 buf_size=1495040 offset=121088 data_num=1 flag=0x00000000 pts=643
valloc packet buffer: mpi_buf_id=177 dma_buf_fd=11 size=0
H264 first bytes: 00 00 00 01 41 e0 02 40 04 86 0b de a1 09 a3 04
encode_release_packet ret=0
MP4 frame 644/1500: sequence=648 pts=25720000 us key=0 nv12=4478976 h264=13305 acquire=12.824 ms encode=26.870 ms mux=0.190 ms
start encode NV12 with RV1106 vendor packet ABI, frame=644
encode_put_frame ret=0
encode_get_packet ret=0 handle=0xaead1930 expected=0xaead1930
vendor packet: mpi_buf_id=177 len=13625 buf_size=1495040 offset=134400 data_num=1 flag=0x00000000 pts=644
valloc packet buffer: mpi_buf_id=177 dma_buf_fd=11 size=0
H264 first bytes: 00 00 00 01 41 e0 02 60 04 c6 0b d6 e3 ed 0c 12
encode_release_packet ret=0
MP4 frame 645/1500: sequence=649 pts=25760000 us key=0 nv12=4478976 h264=13625 acquire=12.448 ms encode=26.197 ms mux=0.183 ms
start encode NV12 with RV1106 vendor packet ABI, frame=645
encode_put_frame ret=0
encode_get_packet ret=0 handle=0xaead1930 expected=0xaead1930
vendor packet: mpi_buf_id=177 len=13752 buf_size=1495040 offset=148096 data_num=1 flag=0x00000000 pts=645
valloc packet buffer: mpi_buf_id=177 dma_buf_fd=11 size=0
H264 first bytes: 00 00 00 01 41 e0 02 80 05 06 0b c6 68 51 57 6e
encode_release_packet ret=0
MP4 frame 646/1500: sequence=650 pts=25800000 us key=0 nv12=4478976 h264=13752 acquire=13.130 ms encode=26.885 ms mux=0.980 ms
start encode NV12 with RV1106 vendor packet ABI, frame=646
encode_put_frame ret=0
encode_get_packet ret=0 handle=0xaead1930 expected=0xaead1930
vendor packet: mpi_buf_id=177 len=13062 buf_size=1495040 offset=161920 data_num=1 flag=0x00000000 pts=646
valloc packet buffer: mpi_buf_id=177 dma_buf_fd=11 size=0
H264 first bytes: 00 00 00 01 41 e0 02 a0 05 46 0b c2 33 9c 60 96
encode_release_packet ret=0
MP4 frame 647/1500: sequence=651 pts=25840000 us key=0 nv12=4478976 h264=13062 acquire=11.644 ms encode=26.207 ms mux=0.180 ms
start encode NV12 with RV1106 vendor packet ABI, frame=647
encode_put_frame ret=0
encode_get_packet ret=0 handle=0xaead1930 expected=0xaead1930
vendor packet: mpi_buf_id=177 len=13956 buf_size=1495040 offset=175104 data_num=1 flag=0x00000000 pts=647
valloc packet buffer: mpi_buf_id=177 dma_buf_fd=11 size=0
H264 first bytes: 00 00 00 01 41 e0 02 c0 05 86 0b f4 70 46 27 5f
encode_release_packet ret=0
MP4 frame 648/1500: sequence=652 pts=25880000 us key=0 nv12=4478976 h264=13956 acquire=13.116 ms encode=26.799 ms mux=0.192 ms
start encode NV12 with RV1106 vendor packet ABI, frame=648
encode_put_frame ret=0
encode_get_packet ret=0 handle=0xaead1930 expected=0xaead1930
vendor packet: mpi_buf_id=177 len=14230 buf_size=1495040 offset=189184 data_num=1 flag=0x00000000 pts=648
valloc packet buffer: mpi_buf_id=177 dma_buf_fd=11 size=0
H264 first bytes: 00 00 00 01 41 e0 02 e0 05 c6 0b dd 67 c4 44 d1
encode_release_packet ret=0
MP4 frame 649/1500: sequence=653 pts=25920000 us key=0 nv12=4478976 h264=14230 acquire=12.522 ms encode=26.259 ms mux=0.213 ms
start encode NV12 with RV1106 vendor packet ABI, frame=649
encode_put_frame ret=0
encode_get_packet ret=0 handle=0xaead1930 expected=0xaead1930
vendor packet: mpi_buf_id=177 len=12983 buf_size=1495040 offset=203520 data_num=1 flag=0x00000000 pts=649
valloc packet buffer: mpi_buf_id=177 dma_buf_fd=11 size=0
H264 first bytes: 00 00 00 01 41 e0 03 00 06 06 0b c9 5f cb 89 0b
encode_release_packet ret=0
MP4 frame 650/1500: sequence=654 pts=25960000 us key=0 nv12=4478976 h264=12983 acquire=13.033 ms encode=26.831 ms mux=0.179 ms
start encode NV12 with RV1106 vendor packet ABI, frame=650
encode_put_frame ret=0
encode_get_packet ret=0 handle=0xaead1930 expected=0xaead1930
vendor packet: mpi_buf_id=177 len=189809 buf_size=1495040 offset=216576 data_num=1 flag=0x00000010 pts=650
valloc packet buffer: mpi_buf_id=177 dma_buf_fd=11 size=0
H264 first bytes: 00 00 00 01 65 b8 00 00 b0 00 00 4f 0a 44 84 01
encode_release_packet ret=0
MP4 frame 651/1500: sequence=655 pts=26000000 us key=1 nv12=4478976 h264=189809 acquire=12.506 ms encode=26.311 ms mux=3.259 ms
start encode NV12 with RV1106 vendor packet ABI, frame=651
encode_put_frame ret=0
encode_get_packet ret=0 handle=0xaead1930 expected=0xaead1930
vendor packet: mpi_buf_id=177 len=12550 buf_size=1495040 offset=406400 data_num=1 flag=0x00000000 pts=651
valloc packet buffer: mpi_buf_id=177 dma_buf_fd=11 size=0
H264 first bytes: 00 00 00 01 41 e0 00 20 00 46 0b cb 66 8b a6 30
encode_release_packet ret=0
MP4 frame 652/1500: sequence=656 pts=26040000 us key=0 nv12=4478976 h264=12550 acquire=9.940 ms encode=26.928 ms mux=0.178 ms
start encode NV12 with RV1106 vendor packet ABI, frame=652
encode_put_frame ret=0
encode_get_packet ret=0 handle=0xaead1930 expected=0xaead1930
vendor packet: mpi_buf_id=177 len=13164 buf_size=1495040 offset=419072 data_num=1 flag=0x00000000 pts=652
valloc packet buffer: mpi_buf_id=177 dma_buf_fd=11 size=0
H264 first bytes: 00 00 00 01 41 e0 00 40 00 86 0b cb 78 db 43 04
encode_release_packet ret=0
MP4 frame 653/1500: sequence=657 pts=26080000 us key=0 nv12=4478976 h264=13164 acquire=12.378 ms encode=26.164 ms mux=0.179 ms
start encode NV12 with RV1106 vendor packet ABI, frame=653
encode_put_frame ret=0
encode_get_packet ret=0 handle=0xaead1930 expected=0xaead1930
vendor packet: mpi_buf_id=177 len=13511 buf_size=1495040 offset=432256 data_num=1 flag=0x00000000 pts=653
valloc packet buffer: mpi_buf_id=177 dma_buf_fd=11 size=0
H264 first bytes: 00 00 00 01 41 e0 00 60 00 c6 0b d4 e7 8e a6 30
encode_release_packet ret=0
MP4 frame 654/1500: sequence=658 pts=26120000 us key=0 nv12=4478976 h264=13511 acquire=13.173 ms encode=26.922 ms mux=0.184 ms
start encode NV12 with RV1106 vendor packet ABI, frame=654
encode_put_frame ret=0
encode_get_packet ret=0 handle=0xaead1930 expected=0xaead1930
vendor packet: mpi_buf_id=177 len=14019 buf_size=1495040 offset=445824 data_num=1 flag=0x00000000 pts=654
valloc packet buffer: mpi_buf_id=177 dma_buf_fd=11 size=0
H264 first bytes: 00 00 00 01 41 e0 00 80 01 06 0b c2 f5 18 25 15
encode_release_packet ret=0
MP4 frame 655/1500: sequence=659 pts=26160000 us key=0 nv12=4478976 h264=14019 acquire=12.407 ms encode=26.538 ms mux=0.190 ms
start encode NV12 with RV1106 vendor packet ABI, frame=655
encode_put_frame ret=0
encode_get_packet ret=0 handle=0xaead1930 expected=0xaead1930
vendor packet: mpi_buf_id=177 len=13258 buf_size=1495040 offset=459904 data_num=1 flag=0x00000000 pts=655
valloc packet buffer: mpi_buf_id=177 dma_buf_fd=11 size=0
H264 first bytes: 00 00 00 01 41 e0 00 a0 01 46 0b cd 09 8e 05 84
encode_release_packet ret=0
MP4 frame 656/1500: sequence=660 pts=26200000 us key=0 nv12=4478976 h264=13258 acquire=12.785 ms encode=26.803 ms mux=0.187 ms
start encode NV12 with RV1106 vendor packet ABI, frame=656
encode_put_frame ret=0
encode_get_packet ret=0 handle=0xaead1930 expected=0xaead1930
vendor packet: mpi_buf_id=177 len=13363 buf_size=1495040 offset=473216 data_num=1 flag=0x00000000 pts=656
valloc packet buffer: mpi_buf_id=177 dma_buf_fd=11 size=0
H264 first bytes: 00 00 00 01 41 e0 00 c0 01 86 0b c6 71 e5 7f cc
encode_release_packet ret=0
MP4 frame 657/1500: sequence=661 pts=26240000 us key=0 nv12=4478976 h264=13363 acquire=12.524 ms encode=26.279 ms mux=0.182 ms
start encode NV12 with RV1106 vendor packet ABI, frame=657
encode_put_frame ret=0
encode_get_packet ret=0 handle=0xaead1930 expected=0xaead1930
vendor packet: mpi_buf_id=177 len=13484 buf_size=1495040 offset=486656 data_num=1 flag=0x00000000 pts=657
valloc packet buffer: mpi_buf_id=177 dma_buf_fd=11 size=0
H264 first bytes: 00 00 00 01 41 e0 00 e0 01 c6 0b c6 71 45 e3 67
encode_release_packet ret=0
MP4 frame 658/1500: sequence=662 pts=26280000 us key=0 nv12=4478976 h264=13484 acquire=13.044 ms encode=26.846 ms mux=0.190 ms
start encode NV12 with RV1106 vendor packet ABI, frame=658
encode_put_frame ret=0
encode_get_packet ret=0 handle=0xaead1930 expected=0xaead1930
vendor packet: mpi_buf_id=177 len=13770 buf_size=1495040 offset=500224 data_num=1 flag=0x00000000 pts=658
valloc packet buffer: mpi_buf_id=177 dma_buf_fd=11 size=0
H264 first bytes: 00 00 00 01 41 e0 01 00 02 06 0b c2 f6 86 14 ac
encode_release_packet ret=0
MP4 frame 659/1500: sequence=663 pts=26320000 us key=0 nv12=4478976 h264=13770 acquire=12.479 ms encode=26.295 ms mux=0.183 ms
start encode NV12 with RV1106 vendor packet ABI, frame=659
encode_put_frame ret=0
encode_get_packet ret=0 handle=0xaead1930 expected=0xaead1930
vendor packet: mpi_buf_id=177 len=14045 buf_size=1495040 offset=514048 data_num=1 flag=0x00000000 pts=659
valloc packet buffer: mpi_buf_id=177 dma_buf_fd=11 size=0
H264 first bytes: 00 00 00 01 41 e0 01 20 02 46 0b c7 d2 18 24 71
encode_release_packet ret=0
MP4 frame 660/1500: sequence=664 pts=26360000 us key=0 nv12=4478976 h264=14045 acquire=13.040 ms encode=26.919 ms mux=0.196 ms
start encode NV12 with RV1106 vendor packet ABI, frame=660
encode_put_frame ret=0
encode_get_packet ret=0 handle=0xaead1930 expected=0xaead1930
vendor packet: mpi_buf_id=177 len=13105 buf_size=1495040 offset=528128 data_num=1 flag=0x00000000 pts=660
valloc packet buffer: mpi_buf_id=177 dma_buf_fd=11 size=0
H264 first bytes: 00 00 00 01 41 e0 01 40 02 86 1f 0f 6e 22 be b9
encode_release_packet ret=0
MP4 frame 661/1500: sequence=665 pts=26400000 us key=0 nv12=4478976 h264=13105 acquire=12.398 ms encode=26.239 ms mux=0.181 ms
start encode NV12 with RV1106 vendor packet ABI, frame=661
encode_put_frame ret=0
encode_get_packet ret=0 handle=0xaead1930 expected=0xaead1930
vendor packet: mpi_buf_id=177 len=13252 buf_size=1495040 offset=541312 data_num=1 flag=0x00000000 pts=661
valloc packet buffer: mpi_buf_id=177 dma_buf_fd=11 size=0
H264 first bytes: 00 00 00 01 41 e0 01 60 02 c6 1f 0d c7 a0 81 72
encode_release_packet ret=0
MP4 frame 662/1500: sequence=666 pts=26440000 us key=0 nv12=4478976 h264=13252 acquire=13.086 ms encode=26.802 ms mux=0.181 ms
start encode NV12 with RV1106 vendor packet ABI, frame=662
encode_put_frame ret=0
encode_get_packet ret=0 handle=0xaead1930 expected=0xaead1930
vendor packet: mpi_buf_id=177 len=13277 buf_size=1495040 offset=554624 data_num=1 flag=0x00000000 pts=662
valloc packet buffer: mpi_buf_id=177 dma_buf_fd=11 size=0
H264 first bytes: 00 00 00 01 41 e0 01 80 03 06 1f 73 61 18 7c 30
encode_release_packet ret=0
MP4 frame 663/1500: sequence=667 pts=26480000 us key=0 nv12=4478976 h264=13277 acquire=12.528 ms encode=26.200 ms mux=0.185 ms
start encode NV12 with RV1106 vendor packet ABI, frame=663
encode_put_frame ret=0
encode_get_packet ret=0 handle=0xaead1930 expected=0xaead1930
vendor packet: mpi_buf_id=177 len=13597 buf_size=1495040 offset=567936 data_num=1 flag=0x00000000 pts=663
valloc packet buffer: mpi_buf_id=177 dma_buf_fd=11 size=0
H264 first bytes: 00 00 00 01 41 e0 01 a0 03 46 1f 13 a8 52 7c 10
encode_release_packet ret=0
MP4 frame 664/1500: sequence=668 pts=26520000 us key=0 nv12=4478976 h264=13597 acquire=13.123 ms encode=26.845 ms mux=0.186 ms
start encode NV12 with RV1106 vendor packet ABI, frame=664
encode_put_frame ret=0
encode_get_packet ret=0 handle=0xaead1930 expected=0xaead1930
vendor packet: mpi_buf_id=177 len=13022 buf_size=1495040 offset=581632 data_num=1 flag=0x00000000 pts=664
valloc packet buffer: mpi_buf_id=177 dma_buf_fd=11 size=0
H264 first bytes: 00 00 00 01 41 e0 01 c0 03 86 1f 11 0f 8c 93 98
encode_release_packet ret=0
MP4 frame 665/1500: sequence=669 pts=26560000 us key=0 nv12=4478976 h264=13022 acquire=12.477 ms encode=26.298 ms mux=0.175 ms
start encode NV12 with RV1106 vendor packet ABI, frame=665
encode_put_frame ret=0
encode_get_packet ret=0 handle=0xaead1930 expected=0xaead1930
vendor packet: mpi_buf_id=177 len=13160 buf_size=1495040 offset=594688 data_num=1 flag=0x00000000 pts=665
valloc packet buffer: mpi_buf_id=177 dma_buf_fd=11 size=0
H264 first bytes: 00 00 00 01 41 e0 01 e0 03 c6 1f 24 5f 90 fc 85
encode_release_packet ret=0
MP4 frame 666/1500: sequence=670 pts=26600000 us key=0 nv12=4478976 h264=13160 acquire=13.044 ms encode=26.841 ms mux=0.179 ms
start encode NV12 with RV1106 vendor packet ABI, frame=666
encode_put_frame ret=0
encode_get_packet ret=0 handle=0xaead1930 expected=0xaead1930
vendor packet: mpi_buf_id=177 len=13500 buf_size=1495040 offset=607872 data_num=1 flag=0x00000000 pts=666
valloc packet buffer: mpi_buf_id=177 dma_buf_fd=11 size=0
H264 first bytes: 00 00 00 01 41 e0 02 00 04 06 1f 70 c8 63 82 20
encode_release_packet ret=0
MP4 frame 667/1500: sequence=671 pts=26640000 us key=0 nv12=4478976 h264=13500 acquire=12.369 ms encode=26.264 ms mux=0.188 ms
start encode NV12 with RV1106 vendor packet ABI, frame=667
encode_put_frame ret=0
encode_get_packet ret=0 handle=0xaead1930 expected=0xaead1930
vendor packet: mpi_buf_id=177 len=13184 buf_size=1495040 offset=621440 data_num=1 flag=0x00000000 pts=667
valloc packet buffer: mpi_buf_id=177 dma_buf_fd=11 size=0
H264 first bytes: 00 00 00 01 41 e0 02 20 04 46 1f 29 7f 17 79 f9
encode_release_packet ret=0
MP4 frame 668/1500: sequence=672 pts=26680000 us key=0 nv12=4478976 h264=13184 acquire=13.064 ms encode=26.847 ms mux=0.182 ms
start encode NV12 with RV1106 vendor packet ABI, frame=668
encode_put_frame ret=0
encode_get_packet ret=0 handle=0xaead1930 expected=0xaead1930
vendor packet: mpi_buf_id=177 len=13173 buf_size=1495040 offset=634624 data_num=1 flag=0x00000000 pts=668
valloc packet buffer: mpi_buf_id=177 dma_buf_fd=11 size=0
H264 first bytes: 00 00 00 01 41 e0 02 40 04 86 0b c9 63 c1 46 bf
encode_release_packet ret=0
MP4 frame 669/1500: sequence=673 pts=26720000 us key=0 nv12=4478976 h264=13173 acquire=12.487 ms encode=26.221 ms mux=0.179 ms
start encode NV12 with RV1106 vendor packet ABI, frame=669
encode_put_frame ret=0
encode_get_packet ret=0 handle=0xaead1930 expected=0xaead1930
vendor packet: mpi_buf_id=177 len=13589 buf_size=1495040 offset=647808 data_num=1 flag=0x00000000 pts=669
valloc packet buffer: mpi_buf_id=177 dma_buf_fd=11 size=0
H264 first bytes: 00 00 00 01 41 e0 02 60 04 c6 0b c2 7c 60 93 e4
encode_release_packet ret=0
MP4 frame 670/1500: sequence=674 pts=26760000 us key=0 nv12=4478976 h264=13589 acquire=13.102 ms encode=26.858 ms mux=0.188 ms
start encode NV12 with RV1106 vendor packet ABI, frame=670
encode_put_frame ret=0
encode_get_packet ret=0 handle=0xaead1930 expected=0xaead1930
vendor packet: mpi_buf_id=177 len=12862 buf_size=1495040 offset=661504 data_num=1 flag=0x00000000 pts=670
valloc packet buffer: mpi_buf_id=177 dma_buf_fd=11 size=0
H264 first bytes: 00 00 00 01 41 e0 02 80 05 06 0b f9 a6 b4 0a 6d
encode_release_packet ret=0
MP4 frame 671/1500: sequence=675 pts=26800000 us key=0 nv12=4478976 h264=12862 acquire=12.475 ms encode=26.187 ms mux=1.005 ms
start encode NV12 with RV1106 vendor packet ABI, frame=671
encode_put_frame ret=0
encode_get_packet ret=0 handle=0xaead1930 expected=0xaead1930
vendor packet: mpi_buf_id=177 len=13484 buf_size=1495040 offset=674432 data_num=1 flag=0x00000000 pts=671
valloc packet buffer: mpi_buf_id=177 dma_buf_fd=11 size=0
H264 first bytes: 00 00 00 01 41 e0 02 a0 05 46 0b cb b9 ec c6 97
encode_release_packet ret=0
MP4 frame 672/1500: sequence=676 pts=26840000 us key=0 nv12=4478976 h264=13484 acquire=12.324 ms encode=26.910 ms mux=0.184 ms
start encode NV12 with RV1106 vendor packet ABI, frame=672
encode_put_frame ret=0
encode_get_packet ret=0 handle=0xaead1930 expected=0xaead1930
vendor packet: mpi_buf_id=177 len=13527 buf_size=1495040 offset=688000 data_num=1 flag=0x00000000 pts=672
valloc packet buffer: mpi_buf_id=177 dma_buf_fd=11 size=0
H264 first bytes: 00 00 00 01 41 e0 02 c0 05 86 0b c2 12 06 82 02
encode_release_packet ret=0
MP4 frame 673/1500: sequence=677 pts=26880000 us key=0 nv12=4478976 h264=13527 acquire=12.393 ms encode=26.226 ms mux=0.185 ms
start encode NV12 with RV1106 vendor packet ABI, frame=673
encode_put_frame ret=0
encode_get_packet ret=0 handle=0xaead1930 expected=0xaead1930
vendor packet: mpi_buf_id=177 len=13527 buf_size=1495040 offset=701568 data_num=1 flag=0x00000000 pts=673
valloc packet buffer: mpi_buf_id=177 dma_buf_fd=11 size=0
H264 first bytes: 00 00 00 01 41 e0 02 e0 05 c6 0b d4 ee 27 3a 2b
encode_release_packet ret=0
MP4 frame 674/1500: sequence=678 pts=26920000 us key=0 nv12=4478976 h264=13527 acquire=13.101 ms encode=26.949 ms mux=0.186 ms
start encode NV12 with RV1106 vendor packet ABI, frame=674
encode_put_frame ret=0
encode_get_packet ret=0 handle=0xaead1930 expected=0xaead1930
vendor packet: mpi_buf_id=177 len=13209 buf_size=1495040 offset=715136 data_num=1 flag=0x00000000 pts=674
valloc packet buffer: mpi_buf_id=177 dma_buf_fd=11 size=0
H264 first bytes: 00 00 00 01 41 e0 03 00 06 06 0b cf 71 9b 43 89
encode_release_packet ret=0
MP4 frame 675/1500: sequence=679 pts=26960000 us key=0 nv12=4478976 h264=13209 acquire=12.379 ms encode=26.239 ms mux=0.182 ms
start encode NV12 with RV1106 vendor packet ABI, frame=675
encode_put_frame ret=0
encode_get_packet ret=0 handle=0xaead1930 expected=0xaead1930
vendor packet: mpi_buf_id=177 len=189472 buf_size=1495040 offset=728448 data_num=1 flag=0x00000010 pts=675
valloc packet buffer: mpi_buf_id=177 dma_buf_fd=11 size=0
H264 first bytes: 00 00 00 01 65 b8 00 00 c0 00 00 4f 0a 44 84 84
encode_release_packet ret=0
MP4 frame 676/1500: sequence=680 pts=27000000 us key=1 nv12=4478976 h264=189472 acquire=13.082 ms encode=26.837 ms mux=3.124 ms
start encode NV12 with RV1106 vendor packet ABI, frame=676
encode_put_frame ret=0
encode_get_packet ret=0 handle=0xaead1930 expected=0xaead1930
vendor packet: mpi_buf_id=177 len=13117 buf_size=1495040 offset=918016 data_num=1 flag=0x00000000 pts=676
valloc packet buffer: mpi_buf_id=177 dma_buf_fd=11 size=0
H264 first bytes: 00 00 00 01 41 e0 00 20 00 46 0b d5 62 35 5b 15
encode_release_packet ret=0
MP4 frame 677/1500: sequence=681 pts=27040000 us key=0 nv12=4478976 h264=13117 acquire=9.543 ms encode=27.645 ms mux=0.180 ms
start encode NV12 with RV1106 vendor packet ABI, frame=677
encode_put_frame ret=0
encode_get_packet ret=0 handle=0xaead1930 expected=0xaead1930
vendor packet: mpi_buf_id=177 len=13209 buf_size=1495040 offset=931200 data_num=1 flag=0x00000000 pts=677
valloc packet buffer: mpi_buf_id=177 dma_buf_fd=11 size=0
H264 first bytes: 00 00 00 01 41 e0 00 40 00 86 0b d6 78 da 8c 12
encode_release_packet ret=0
MP4 frame 678/1500: sequence=682 pts=27080000 us key=0 nv12=4478976 h264=13209 acquire=11.693 ms encode=26.828 ms mux=0.183 ms
start encode NV12 with RV1106 vendor packet ABI, frame=678
encode_put_frame ret=0
encode_get_packet ret=0 handle=0xaead1930 expected=0xaead1930
vendor packet: mpi_buf_id=177 len=13021 buf_size=1495040 offset=944512 data_num=1 flag=0x00000000 pts=678
valloc packet buffer: mpi_buf_id=177 dma_buf_fd=11 size=0
H264 first bytes: 00 00 00 01 41 e0 00 60 00 c6 0b c2 34 c6 09 1c
encode_release_packet ret=0
MP4 frame 679/1500: sequence=683 pts=27120000 us key=0 nv12=4478976 h264=13021 acquire=12.477 ms encode=26.281 ms mux=0.176 ms
start encode NV12 with RV1106 vendor packet ABI, frame=679
encode_put_frame ret=0
encode_get_packet ret=0 handle=0xaead1930 expected=0xaead1930
vendor packet: mpi_buf_id=177 len=14779 buf_size=1495040 offset=957568 data_num=1 flag=0x00000000 pts=679
valloc packet buffer: mpi_buf_id=177 dma_buf_fd=11 size=0
H264 first bytes: 00 00 00 01 41 e0 00 80 01 06 0b c9 9a e8 c1 49
encode_release_packet ret=0
MP4 frame 680/1500: sequence=684 pts=27160000 us key=0 nv12=4478976 h264=14779 acquire=13.058 ms encode=26.826 ms mux=0.200 ms
start encode NV12 with RV1106 vendor packet ABI, frame=680
encode_put_frame ret=0
encode_get_packet ret=0 handle=0xaead1930 expected=0xaead1930
vendor packet: mpi_buf_id=177 len=14005 buf_size=1495040 offset=972416 data_num=1 flag=0x00000000 pts=680
valloc packet buffer: mpi_buf_id=177 dma_buf_fd=11 size=0
H264 first bytes: 00 00 00 01 41 e0 00 a0 01 46 0b dc da d7 53 0a
encode_release_packet ret=0
MP4 frame 681/1500: sequence=685 pts=27200000 us key=0 nv12=4478976 h264=14005 acquire=12.485 ms encode=26.180 ms mux=0.197 ms
start encode NV12 with RV1106 vendor packet ABI, frame=681
encode_put_frame ret=0
encode_get_packet ret=0 handle=0xaead1930 expected=0xaead1930
vendor packet: mpi_buf_id=177 len=13550 buf_size=1495040 offset=986496 data_num=1 flag=0x00000000 pts=681
valloc packet buffer: mpi_buf_id=177 dma_buf_fd=11 size=0
H264 first bytes: 00 00 00 01 41 e0 00 c0 01 86 0b cf 50 a7 ae f9
encode_release_packet ret=0
MP4 frame 682/1500: sequence=686 pts=27240000 us key=0 nv12=4478976 h264=13550 acquire=13.136 ms encode=26.970 ms mux=0.188 ms
start encode NV12 with RV1106 vendor packet ABI, frame=682
encode_put_frame ret=0
encode_get_packet ret=0 handle=0xaead1930 expected=0xaead1930
vendor packet: mpi_buf_id=177 len=13340 buf_size=1495040 offset=1000064 data_num=1 flag=0x00000000 pts=682
valloc packet buffer: mpi_buf_id=177 dma_buf_fd=11 size=0
H264 first bytes: 00 00 00 01 41 e0 00 e0 01 c6 0b cd 6f ca 32 ad
encode_release_packet ret=0
MP4 frame 683/1500: sequence=687 pts=27280000 us key=0 nv12=4478976 h264=13340 acquire=12.355 ms encode=26.159 ms mux=0.185 ms
start encode NV12 with RV1106 vendor packet ABI, frame=683
encode_put_frame ret=0
encode_get_packet ret=0 handle=0xaead1930 expected=0xaead1930
vendor packet: mpi_buf_id=177 len=13126 buf_size=1495040 offset=1013504 data_num=1 flag=0x00000000 pts=683
valloc packet buffer: mpi_buf_id=177 dma_buf_fd=11 size=0
H264 first bytes: 00 00 00 01 41 e0 01 00 02 06 0b cb 6e ad 84 73
encode_release_packet ret=0
MP4 frame 684/1500: sequence=688 pts=27320000 us key=0 nv12=4478976 h264=13126 acquire=13.162 ms encode=26.836 ms mux=0.186 ms
start encode NV12 with RV1106 vendor packet ABI, frame=684
encode_put_frame ret=0
encode_get_packet ret=0 handle=0xaead1930 expected=0xaead1930
vendor packet: mpi_buf_id=177 len=14141 buf_size=1495040 offset=1026688 data_num=1 flag=0x00000000 pts=684
valloc packet buffer: mpi_buf_id=177 dma_buf_fd=11 size=0
H264 first bytes: 00 00 00 01 41 e0 01 20 02 46 0b c9 96 48 9b 2c
encode_release_packet ret=0
MP4 frame 685/1500: sequence=689 pts=27360000 us key=0 nv12=4478976 h264=14141 acquire=12.497 ms encode=26.170 ms mux=0.192 ms
start encode NV12 with RV1106 vendor packet ABI, frame=685
encode_put_frame ret=0
encode_get_packet ret=0 handle=0xaead1930 expected=0xaead1930
vendor packet: mpi_buf_id=177 len=13765 buf_size=1495040 offset=1040896 data_num=1 flag=0x00000000 pts=685
valloc packet buffer: mpi_buf_id=177 dma_buf_fd=11 size=0
H264 first bytes: 00 00 00 01 41 e0 01 40 02 86 0b d4 29 84 2c e3
encode_release_packet ret=0
MP4 frame 686/1500: sequence=690 pts=27400000 us key=0 nv12=4478976 h264=13765 acquire=13.142 ms encode=26.907 ms mux=0.189 ms
start encode NV12 with RV1106 vendor packet ABI, frame=686
encode_put_frame ret=0
encode_get_packet ret=0 handle=0xaead1930 expected=0xaead1930
vendor packet: mpi_buf_id=177 len=13295 buf_size=1495040 offset=1054720 data_num=1 flag=0x00000000 pts=686
valloc packet buffer: mpi_buf_id=177 dma_buf_fd=11 size=0
H264 first bytes: 00 00 00 01 41 e0 01 60 02 c6 0b d5 28 e8 e1 63
encode_release_packet ret=0
MP4 frame 687/1500: sequence=691 pts=27440000 us key=0 nv12=4478976 h264=13295 acquire=12.415 ms encode=26.290 ms mux=0.180 ms
start encode NV12 with RV1106 vendor packet ABI, frame=687
encode_put_frame ret=0
encode_get_packet ret=0 handle=0xaead1930 expected=0xaead1930
vendor packet: mpi_buf_id=177 len=13220 buf_size=1495040 offset=1068032 data_num=1 flag=0x00000000 pts=687
valloc packet buffer: mpi_buf_id=177 dma_buf_fd=11 size=0
H264 first bytes: 00 00 00 01 41 e0 01 80 03 06 0b c7 e1 81 82 4a
encode_release_packet ret=0
MP4 frame 688/1500: sequence=692 pts=27480000 us key=0 nv12=4478976 h264=13220 acquire=13.033 ms encode=26.929 ms mux=0.184 ms
start encode NV12 with RV1106 vendor packet ABI, frame=688
encode_put_frame ret=0
encode_get_packet ret=0 handle=0xaead1930 expected=0xaead1930
vendor packet: mpi_buf_id=177 len=13314 buf_size=1495040 offset=1081344 data_num=1 flag=0x00000000 pts=688
valloc packet buffer: mpi_buf_id=177 dma_buf_fd=11 size=0
H264 first bytes: 00 00 00 01 41 e0 01 a0 03 46 0b cf 68 77 8a db
encode_release_packet ret=0
MP4 frame 689/1500: sequence=693 pts=27520000 us key=0 nv12=4478976 h264=13314 acquire=12.403 ms encode=26.193 ms mux=0.186 ms
start encode NV12 with RV1106 vendor packet ABI, frame=689
encode_put_frame ret=0
encode_get_packet ret=0 handle=0xaead1930 expected=0xaead1930
vendor packet: mpi_buf_id=177 len=12875 buf_size=1495040 offset=1094784 data_num=1 flag=0x00000000 pts=689
valloc packet buffer: mpi_buf_id=177 dma_buf_fd=11 size=0
H264 first bytes: 00 00 00 01 41 e0 01 c0 03 86 0b c2 70 ec 22 25
encode_release_packet ret=0
MP4 frame 690/1500: sequence=694 pts=27560000 us key=0 nv12=4478976 h264=12875 acquire=13.136 ms encode=26.851 ms mux=0.177 ms
start encode NV12 with RV1106 vendor packet ABI, frame=690
encode_put_frame ret=0
encode_get_packet ret=0 handle=0xaead1930 expected=0xaead1930
vendor packet: mpi_buf_id=177 len=12999 buf_size=1495040 offset=1107712 data_num=1 flag=0x00000000 pts=690
valloc packet buffer: mpi_buf_id=177 dma_buf_fd=11 size=0
H264 first bytes: 00 00 00 01 41 e0 01 e0 03 c6 1f 1f 43 85 97 5c
encode_release_packet ret=0
MP4 frame 691/1500: sequence=695 pts=27600000 us key=0 nv12=4478976 h264=12999 acquire=12.480 ms encode=26.267 ms mux=0.177 ms
start encode NV12 with RV1106 vendor packet ABI, frame=691
encode_put_frame ret=0
encode_get_packet ret=0 handle=0xaead1930 expected=0xaead1930
vendor packet: mpi_buf_id=177 len=12274 buf_size=1495040 offset=1120768 data_num=1 flag=0x00000000 pts=691
valloc packet buffer: mpi_buf_id=177 dma_buf_fd=11 size=0
H264 first bytes: 00 00 00 01 41 e0 02 00 04 06 1f 1f 6e 48 e4 11
encode_release_packet ret=0
MP4 frame 692/1500: sequence=696 pts=27640000 us key=0 nv12=4478976 h264=12274 acquire=13.058 ms encode=26.832 ms mux=0.175 ms
start encode NV12 with RV1106 vendor packet ABI, frame=692
encode_put_frame ret=0
encode_get_packet ret=0 handle=0xaead1930 expected=0xaead1930
vendor packet: mpi_buf_id=177 len=12759 buf_size=1495040 offset=1133056 data_num=1 flag=0x00000000 pts=692
valloc packet buffer: mpi_buf_id=177 dma_buf_fd=11 size=0
H264 first bytes: 00 00 00 01 41 e0 02 20 04 46 1f 08 d9 c7 09 7d
encode_release_packet ret=0
MP4 frame 693/1500: sequence=697 pts=27680000 us key=0 nv12=4478976 h264=12759 acquire=12.517 ms encode=26.262 ms mux=0.176 ms
start encode NV12 with RV1106 vendor packet ABI, frame=693
encode_put_frame ret=0
encode_get_packet ret=0 handle=0xaead1930 expected=0xaead1930
vendor packet: mpi_buf_id=177 len=12098 buf_size=1495040 offset=1145856 data_num=1 flag=0x00000000 pts=693
valloc packet buffer: mpi_buf_id=177 dma_buf_fd=11 size=0
H264 first bytes: 00 00 00 01 41 e0 02 40 04 86 1f 02 b6 68 12 a7
encode_release_packet ret=0
MP4 frame 694/1500: sequence=698 pts=27720000 us key=0 nv12=4478976 h264=12098 acquire=13.069 ms encode=26.911 ms mux=0.173 ms
start encode NV12 with RV1106 vendor packet ABI, frame=694
encode_put_frame ret=0
encode_get_packet ret=0 handle=0xaead1930 expected=0xaead1930
vendor packet: mpi_buf_id=177 len=13101 buf_size=1495040 offset=1158016 data_num=1 flag=0x00000000 pts=694
valloc packet buffer: mpi_buf_id=177 dma_buf_fd=11 size=0
H264 first bytes: 00 00 00 01 41 e0 02 60 04 c6 1f 0a d9 c7 89 ba
encode_release_packet ret=0
MP4 frame 695/1500: sequence=699 pts=27760000 us key=0 nv12=4478976 h264=13101 acquire=12.437 ms encode=26.239 ms mux=0.177 ms
start encode NV12 with RV1106 vendor packet ABI, frame=695
encode_put_frame ret=0
encode_get_packet ret=0 handle=0xaead1930 expected=0xaead1930
vendor packet: mpi_buf_id=177 len=12127 buf_size=1495040 offset=1171200 data_num=1 flag=0x00000000 pts=695
valloc packet buffer: mpi_buf_id=177 dma_buf_fd=11 size=0
H264 first bytes: 00 00 00 01 41 e0 02 80 05 06 1f 0a 58 e1 82 59
encode_release_packet ret=0
MP4 frame 696/1500: sequence=700 pts=27800000 us key=0 nv12=4478976 h264=12127 acquire=13.093 ms encode=26.806 ms mux=0.955 ms
start encode NV12 with RV1106 vendor packet ABI, frame=696
encode_put_frame ret=0
encode_get_packet ret=0 handle=0xaead1930 expected=0xaead1930
vendor packet: mpi_buf_id=177 len=12878 buf_size=1495040 offset=1183360 data_num=1 flag=0x00000000 pts=696
valloc packet buffer: mpi_buf_id=177 dma_buf_fd=11 size=0
H264 first bytes: 00 00 00 01 41 e0 02 a0 05 46 1f 02 6c f8 14 a7
encode_release_packet ret=0
MP4 frame 697/1500: sequence=701 pts=27840000 us key=0 nv12=4478976 h264=12878 acquire=11.756 ms encode=26.289 ms mux=0.181 ms
start encode NV12 with RV1106 vendor packet ABI, frame=697
encode_put_frame ret=0
encode_get_packet ret=0 handle=0xaead1930 expected=0xaead1930
vendor packet: mpi_buf_id=177 len=11846 buf_size=1495040 offset=1196288 data_num=1 flag=0x00000000 pts=697
valloc packet buffer: mpi_buf_id=177 dma_buf_fd=11 size=0
H264 first bytes: 00 00 00 01 41 e0 02 c0 05 86 1f 11 d9 73 ff 50
encode_release_packet ret=0
MP4 frame 698/1500: sequence=702 pts=27880000 us key=0 nv12=4478976 h264=11846 acquire=12.907 ms encode=26.899 ms mux=0.167 ms
start encode NV12 with RV1106 vendor packet ABI, frame=698
encode_put_frame ret=0
encode_get_packet ret=0 handle=0xaead1930 expected=0xaead1930
vendor packet: mpi_buf_id=177 len=11930 buf_size=1495040 offset=1208192 data_num=1 flag=0x00000000 pts=698
valloc packet buffer: mpi_buf_id=177 dma_buf_fd=11 size=0
H264 first bytes: 00 00 00 01 41 e0 02 e0 05 c6 1f 02 74 e6 1c 25
encode_release_packet ret=0
MP4 frame 699/1500: sequence=703 pts=27920000 us key=0 nv12=4478976 h264=11930 acquire=12.447 ms encode=26.241 ms mux=0.167 ms
start encode NV12 with RV1106 vendor packet ABI, frame=699
encode_put_frame ret=0
encode_get_packet ret=0 handle=0xaead1930 expected=0xaead1930
vendor packet: mpi_buf_id=177 len=12213 buf_size=1495040 offset=1220224 data_num=1 flag=0x00000000 pts=699
valloc packet buffer: mpi_buf_id=177 dma_buf_fd=11 size=0
H264 first bytes: 00 00 00 01 41 e0 03 00 06 06 1f 0a 44 31 e2 69
encode_release_packet ret=0
MP4 frame 700/1500: sequence=704 pts=27960000 us key=0 nv12=4478976 h264=12213 acquire=13.108 ms encode=26.892 ms mux=0.174 ms
start encode NV12 with RV1106 vendor packet ABI, frame=700
encode_put_frame ret=0
encode_get_packet ret=0 handle=0xaead1930 expected=0xaead1930
vendor packet: mpi_buf_id=177 len=189470 buf_size=1495040 offset=1232512 data_num=1 flag=0x00000010 pts=700
valloc packet buffer: mpi_buf_id=177 dma_buf_fd=11 size=0
H264 first bytes: 00 00 00 01 65 b8 00 00 d0 00 00 4f 0a 44 82 6a
encode_release_packet ret=0
MP4 frame 701/1500: sequence=705 pts=28000000 us key=1 nv12=4478976 h264=189470 acquire=12.444 ms encode=26.130 ms mux=3.070 ms
start encode NV12 with RV1106 vendor packet ABI, frame=701
encode_put_frame ret=0
encode_get_packet ret=0 handle=0xaead1930 expected=0xaead1930
vendor packet: mpi_buf_id=177 len=12629 buf_size=1495040 offset=1422080 data_num=1 flag=0x00000000 pts=701
valloc packet buffer: mpi_buf_id=177 dma_buf_fd=11 size=0
H264 first bytes: 00 00 00 01 41 e0 00 20 00 46 1f 35 6f 5e 24 11
encode_release_packet ret=0
MP4 frame 702/1500: sequence=706 pts=28040000 us key=0 nv12=4478976 h264=12629 acquire=10.308 ms encode=26.805 ms mux=0.176 ms
start encode NV12 with RV1106 vendor packet ABI, frame=702
encode_put_frame ret=0
encode_get_packet ret=0 handle=0xaead1930 expected=0xaead1930
vendor packet: mpi_buf_id=177 len=12514 buf_size=1495040 offset=1434752 data_num=1 flag=0x00000000 pts=702
valloc packet buffer: mpi_buf_id=177 dma_buf_fd=11 size=0
H264 first bytes: 00 00 00 01 41 e0 00 40 00 86 1f 09 4c 61 82 74
encode_release_packet ret=0
MP4 frame 703/1500: sequence=707 pts=28080000 us key=0 nv12=4478976 h264=12514 acquire=12.505 ms encode=26.184 ms mux=0.174 ms
start encode NV12 with RV1106 vendor packet ABI, frame=703
encode_put_frame ret=0
encode_get_packet ret=0 handle=0xaead1930 expected=0xaead1930
vendor packet: mpi_buf_id=177 len=12882 buf_size=1495040 offset=1447296 data_num=1 flag=0x00000000 pts=703
valloc packet buffer: mpi_buf_id=177 dma_buf_fd=11 size=0
H264 first bytes: 00 00 00 01 41 e0 00 60 00 c6 1f 08 59 82 62 6f
encode_release_packet ret=0
MP4 frame 704/1500: sequence=708 pts=28120000 us key=0 nv12=4478976 h264=12882 acquire=13.156 ms encode=26.838 ms mux=0.184 ms
start encode NV12 with RV1106 vendor packet ABI, frame=704
encode_put_frame ret=0
encode_get_packet ret=0 handle=0xaead1930 expected=0xaead1930
vendor packet: mpi_buf_id=177 len=12676 buf_size=1495040 offset=1460224 data_num=1 flag=0x00000000 pts=704
valloc packet buffer: mpi_buf_id=177 dma_buf_fd=11 size=0
H264 first bytes: 00 00 00 01 41 e0 00 80 01 06 1f 15 a8 89 8e 24
encode_release_packet ret=0
MP4 frame 705/1500: sequence=709 pts=28160000 us key=0 nv12=4478976 h264=12676 acquire=12.493 ms encode=26.444 ms mux=0.181 ms
start encode NV12 with RV1106 vendor packet ABI, frame=705
encode_put_frame ret=0
encode_get_packet ret=0 handle=0xaead1930 expected=0xaead1930
vendor packet: mpi_buf_id=177 len=13334 buf_size=1495040 offset=1473024 data_num=1 flag=0x00000000 pts=705
valloc packet buffer: mpi_buf_id=177 dma_buf_fd=11 size=0
H264 first bytes: 00 00 00 01 41 e0 00 a0 01 46 1f 08 cf 14 27 ad
encode_release_packet ret=0
MP4 frame 706/1500: sequence=710 pts=28200000 us key=0 nv12=4478976 h264=13334 acquire=12.890 ms encode=26.798 ms mux=0.183 ms
start encode NV12 with RV1106 vendor packet ABI, frame=706
encode_put_frame ret=0
encode_get_packet ret=0 handle=0xaead1930 expected=0xaead1930
vendor packet: mpi_buf_id=177 len=12759 buf_size=1495040 offset=1486464 data_num=1 flag=0x00000000 pts=706
valloc packet buffer: mpi_buf_id=177 dma_buf_fd=11 size=0
H264 first bytes: 00 00 00 01 41 e0 00 c0 01 86 1f 3d c7 4f 93 ed
encode_release_packet ret=0
MP4 frame 707/1500: sequence=711 pts=28240000 us key=0 nv12=4478976 h264=12759 acquire=12.529 ms encode=26.262 ms mux=0.177 ms
start encode NV12 with RV1106 vendor packet ABI, frame=707
encode_put_frame ret=0
encode_get_packet ret=0 handle=0xaead1930 expected=0xaead1930
vendor packet: mpi_buf_id=177 len=12864 buf_size=1495040 offset=4224 data_num=1 flag=0x00000000 pts=707
valloc packet buffer: mpi_buf_id=177 dma_buf_fd=11 size=0
H264 first bytes: 00 00 00 01 41 e0 00 e0 01 c6 1f 03 06 68 46 6c
encode_release_packet ret=0
MP4 frame 708/1500: sequence=712 pts=28280000 us key=0 nv12=4478976 h264=12864 acquire=13.066 ms encode=26.816 ms mux=0.184 ms
start encode NV12 with RV1106 vendor packet ABI, frame=708
encode_put_frame ret=0
encode_get_packet ret=0 handle=0xaead1930 expected=0xaead1930
vendor packet: mpi_buf_id=177 len=12743 buf_size=1495040 offset=17152 data_num=1 flag=0x00000000 pts=708
valloc packet buffer: mpi_buf_id=177 dma_buf_fd=11 size=0
H264 first bytes: 00 00 00 01 41 e0 01 00 02 06 1f de 3f 1a 12 12
encode_release_packet ret=0
MP4 frame 709/1500: sequence=713 pts=28320000 us key=0 nv12=4478976 h264=12743 acquire=12.511 ms encode=26.326 ms mux=0.176 ms
start encode NV12 with RV1106 vendor packet ABI, frame=709
encode_put_frame ret=0
encode_get_packet ret=0 handle=0xaead1930 expected=0xaead1930
vendor packet: mpi_buf_id=177 len=12667 buf_size=1495040 offset=29952 data_num=1 flag=0x00000000 pts=709
valloc packet buffer: mpi_buf_id=177 dma_buf_fd=11 size=0
H264 first bytes: 00 00 00 01 41 e0 01 20 02 46 1f 05 f3 0f 09 89
encode_release_packet ret=0
MP4 frame 710/1500: sequence=714 pts=28360000 us key=0 nv12=4478976 h264=12667 acquire=13.002 ms encode=26.880 ms mux=0.176 ms
start encode NV12 with RV1106 vendor packet ABI, frame=710
encode_put_frame ret=0
encode_get_packet ret=0 handle=0xaead1930 expected=0xaead1930
vendor packet: mpi_buf_id=177 len=12698 buf_size=1495040 offset=42624 data_num=1 flag=0x00000000 pts=710
valloc packet buffer: mpi_buf_id=177 dma_buf_fd=11 size=0
H264 first bytes: 00 00 00 01 41 e0 01 40 02 86 1f 17 3a 45 eb ad
encode_release_packet ret=0
MP4 frame 711/1500: sequence=715 pts=28400000 us key=0 nv12=4478976 h264=12698 acquire=12.473 ms encode=26.245 ms mux=0.181 ms
start encode NV12 with RV1106 vendor packet ABI, frame=711
encode_put_frame ret=0
encode_get_packet ret=0 handle=0xaead1930 expected=0xaead1930
vendor packet: mpi_buf_id=177 len=12309 buf_size=1495040 offset=55424 data_num=1 flag=0x00000000 pts=711
valloc packet buffer: mpi_buf_id=177 dma_buf_fd=11 size=0
H264 first bytes: 00 00 00 01 41 e0 01 60 02 c6 1f 06 98 88 14 e6
encode_release_packet ret=0
MP4 frame 712/1500: sequence=716 pts=28440000 us key=0 nv12=4478976 h264=12309 acquire=13.079 ms encode=26.883 ms mux=0.174 ms
start encode NV12 with RV1106 vendor packet ABI, frame=712
encode_put_frame ret=0
encode_get_packet ret=0 handle=0xaead1930 expected=0xaead1930
vendor packet: mpi_buf_id=177 len=12790 buf_size=1495040 offset=67840 data_num=1 flag=0x00000000 pts=712
valloc packet buffer: mpi_buf_id=177 dma_buf_fd=11 size=0
H264 first bytes: 00 00 00 01 41 e0 01 80 03 06 1f 17 11 45 70 14
encode_release_packet ret=0
MP4 frame 713/1500: sequence=717 pts=28480000 us key=0 nv12=4478976 h264=12790 acquire=12.459 ms encode=26.363 ms mux=0.182 ms
start encode NV12 with RV1106 vendor packet ABI, frame=713
encode_put_frame ret=0
encode_get_packet ret=0 handle=0xaead1930 expected=0xaead1930
vendor packet: mpi_buf_id=177 len=12183 buf_size=1495040 offset=80640 data_num=1 flag=0x00000000 pts=713
valloc packet buffer: mpi_buf_id=177 dma_buf_fd=11 size=0
H264 first bytes: 00 00 00 01 41 e0 01 a0 03 46 1f 05 71 4c 78 9b
encode_release_packet ret=0
MP4 frame 714/1500: sequence=718 pts=28520000 us key=0 nv12=4478976 h264=12183 acquire=12.972 ms encode=26.813 ms mux=0.176 ms
start encode NV12 with RV1106 vendor packet ABI, frame=714
encode_put_frame ret=0
encode_get_packet ret=0 handle=0xaead1930 expected=0xaead1930
vendor packet: mpi_buf_id=177 len=12500 buf_size=1495040 offset=92928 data_num=1 flag=0x00000000 pts=714
valloc packet buffer: mpi_buf_id=177 dma_buf_fd=11 size=0
H264 first bytes: 00 00 00 01 41 e0 01 c0 03 86 1f 13 17 8f b3 82
encode_release_packet ret=0
MP4 frame 715/1500: sequence=719 pts=28560000 us key=0 nv12=4478976 h264=12500 acquire=12.518 ms encode=26.279 ms mux=0.169 ms
start encode NV12 with RV1106 vendor packet ABI, frame=715
encode_put_frame ret=0
encode_get_packet ret=0 handle=0xaead1930 expected=0xaead1930
vendor packet: mpi_buf_id=177 len=12234 buf_size=1495040 offset=105472 data_num=1 flag=0x00000000 pts=715
valloc packet buffer: mpi_buf_id=177 dma_buf_fd=11 size=0
H264 first bytes: 00 00 00 01 41 e0 01 e0 03 c6 1f 3c e6 09 6b 4b
encode_release_packet ret=0
MP4 frame 716/1500: sequence=720 pts=28600000 us key=0 nv12=4478976 h264=12234 acquire=13.058 ms encode=26.856 ms mux=0.166 ms
start encode NV12 with RV1106 vendor packet ABI, frame=716
encode_put_frame ret=0
encode_get_packet ret=0 handle=0xaead1930 expected=0xaead1930
vendor packet: mpi_buf_id=177 len=12583 buf_size=1495040 offset=117760 data_num=1 flag=0x00000000 pts=716
valloc packet buffer: mpi_buf_id=177 dma_buf_fd=11 size=0
H264 first bytes: 00 00 00 01 41 e0 02 00 04 06 1f 0a d8 b1 e2 76
encode_release_packet ret=0
MP4 frame 717/1500: sequence=721 pts=28640000 us key=0 nv12=4478976 h264=12583 acquire=12.494 ms encode=26.205 ms mux=0.175 ms
start encode NV12 with RV1106 vendor packet ABI, frame=717
encode_put_frame ret=0
encode_get_packet ret=0 handle=0xaead1930 expected=0xaead1930
vendor packet: mpi_buf_id=177 len=12982 buf_size=1495040 offset=130432 data_num=1 flag=0x00000000 pts=717
valloc packet buffer: mpi_buf_id=177 dma_buf_fd=11 size=0
H264 first bytes: 00 00 00 01 41 e0 02 20 04 46 1f 17 3a 9a 66 10
encode_release_packet ret=0
MP4 frame 718/1500: sequence=722 pts=28680000 us key=0 nv12=4478976 h264=12982 acquire=13.122 ms encode=26.887 ms mux=0.173 ms
start encode NV12 with RV1106 vendor packet ABI, frame=718
encode_put_frame ret=0
encode_get_packet ret=0 handle=0xaead1930 expected=0xaead1930
vendor packet: mpi_buf_id=177 len=12169 buf_size=1495040 offset=143488 data_num=1 flag=0x00000000 pts=718
valloc packet buffer: mpi_buf_id=177 dma_buf_fd=11 size=0
H264 first bytes: 00 00 00 01 41 e0 02 40 04 86 1f 05 d3 e1 ea 3c
encode_release_packet ret=0
MP4 frame 719/1500: sequence=723 pts=28720000 us key=0 nv12=4478976 h264=12169 acquire=12.457 ms encode=26.236 ms mux=0.166 ms
start encode NV12 with RV1106 vendor packet ABI, frame=719
encode_put_frame ret=0
encode_get_packet ret=0 handle=0xaead1930 expected=0xaead1930
vendor packet: mpi_buf_id=177 len=12129 buf_size=1495040 offset=155776 data_num=1 flag=0x00000000 pts=719
valloc packet buffer: mpi_buf_id=177 dma_buf_fd=11 size=0
H264 first bytes: 00 00 00 01 41 e0 02 60 04 c6 1f 02 6c 6e 05 38
encode_release_packet ret=0
MP4 frame 720/1500: sequence=724 pts=28760000 us key=0 nv12=4478976 h264=12129 acquire=13.112 ms encode=26.880 ms mux=0.178 ms
start encode NV12 with RV1106 vendor packet ABI, frame=720
encode_put_frame ret=0
encode_get_packet ret=0 handle=0xaead1930 expected=0xaead1930
vendor packet: mpi_buf_id=177 len=12547 buf_size=1495040 offset=167936 data_num=1 flag=0x00000000 pts=720
valloc packet buffer: mpi_buf_id=177 dma_buf_fd=11 size=0
H264 first bytes: 00 00 00 01 41 e0 02 80 05 06 1f 07 b3 61 ea 1f
encode_release_packet ret=0
MP4 frame 721/1500: sequence=725 pts=28800000 us key=0 nv12=4478976 h264=12547 acquire=12.454 ms encode=26.251 ms mux=0.176 ms
start encode NV12 with RV1106 vendor packet ABI, frame=721
encode_put_frame ret=0
encode_get_packet ret=0 handle=0xaead1930 expected=0xaead1930
vendor packet: mpi_buf_id=177 len=12780 buf_size=1495040 offset=180608 data_num=1 flag=0x00000000 pts=721
valloc packet buffer: mpi_buf_id=177 dma_buf_fd=11 size=0
H264 first bytes: 00 00 00 01 41 e0 02 a0 05 46 1f 03 14 f9 b5 1f
encode_release_packet ret=0
MP4 frame 722/1500: sequence=726 pts=28840000 us key=0 nv12=4478976 h264=12780 acquire=13.086 ms encode=26.779 ms mux=0.997 ms
start encode NV12 with RV1106 vendor packet ABI, frame=722
encode_put_frame ret=0
encode_get_packet ret=0 handle=0xaead1930 expected=0xaead1930
vendor packet: mpi_buf_id=177 len=13588 buf_size=1495040 offset=193408 data_num=1 flag=0x00000000 pts=722
valloc packet buffer: mpi_buf_id=177 dma_buf_fd=11 size=0
H264 first bytes: 00 00 00 01 41 e0 02 c0 05 86 0b c4 97 ff 99 5a
encode_release_packet ret=0
MP4 frame 723/1500: sequence=727 pts=28880000 us key=0 nv12=4478976 h264=13588 acquire=11.737 ms encode=26.224 ms mux=0.189 ms
start encode NV12 with RV1106 vendor packet ABI, frame=723
encode_put_frame ret=0
encode_get_packet ret=0 handle=0xaead1930 expected=0xaead1930
vendor packet: mpi_buf_id=177 len=12302 buf_size=1495040 offset=207104 data_num=1 flag=0x00000000 pts=723
valloc packet buffer: mpi_buf_id=177 dma_buf_fd=11 size=0
H264 first bytes: 00 00 00 01 41 e0 02 e0 05 c6 0b c0 87 66 81 22
encode_release_packet ret=0
MP4 frame 724/1500: sequence=728 pts=28920000 us key=0 nv12=4478976 h264=12302 acquire=13.080 ms encode=26.860 ms mux=0.177 ms
start encode NV12 with RV1106 vendor packet ABI, frame=724
encode_put_frame ret=0
encode_get_packet ret=0 handle=0xaead1930 expected=0xaead1930
vendor packet: mpi_buf_id=177 len=12968 buf_size=1495040 offset=219520 data_num=1 flag=0x00000000 pts=724
valloc packet buffer: mpi_buf_id=177 dma_buf_fd=11 size=0
H264 first bytes: 00 00 00 01 41 e0 03 00 06 06 0b c3 36 60 89 54
encode_release_packet ret=0
MP4 frame 725/1500: sequence=729 pts=28960000 us key=0 nv12=4478976 h264=12968 acquire=12.475 ms encode=26.234 ms mux=0.181 ms
start encode NV12 with RV1106 vendor packet ABI, frame=725
encode_put_frame ret=0
encode_get_packet ret=0 handle=0xaead1930 expected=0xaead1930
vendor packet: mpi_buf_id=177 len=189517 buf_size=1495040 offset=232576 data_num=1 flag=0x00000010 pts=725
valloc packet buffer: mpi_buf_id=177 dma_buf_fd=11 size=0
H264 first bytes: 00 00 00 01 65 b8 00 00 e0 00 00 4f 0a 44 84 04
encode_release_packet ret=0
MP4 frame 726/1500: sequence=730 pts=29000000 us key=1 nv12=4478976 h264=189517 acquire=13.102 ms encode=26.809 ms mux=3.073 ms
start encode NV12 with RV1106 vendor packet ABI, frame=726
encode_put_frame ret=0
encode_get_packet ret=0 handle=0xaead1930 expected=0xaead1930
vendor packet: mpi_buf_id=177 len=13285 buf_size=1495040 offset=422144 data_num=1 flag=0x00000000 pts=726
valloc packet buffer: mpi_buf_id=177 dma_buf_fd=11 size=0
H264 first bytes: 00 00 00 01 41 e0 00 20 00 46 0b c2 34 71 62 5b
encode_release_packet ret=0
MP4 frame 727/1500: sequence=731 pts=29040000 us key=0 nv12=4478976 h264=13285 acquire=9.625 ms encode=26.290 ms mux=0.182 ms
start encode NV12 with RV1106 vendor packet ABI, frame=727
encode_put_frame ret=0
encode_get_packet ret=0 handle=0xaead1930 expected=0xaead1930
vendor packet: mpi_buf_id=177 len=13230 buf_size=1495040 offset=435456 data_num=1 flag=0x00000000 pts=727
valloc packet buffer: mpi_buf_id=177 dma_buf_fd=11 size=0
H264 first bytes: 00 00 00 01 41 e0 00 40 00 86 0b c4 cd 9e 60 f8
encode_release_packet ret=0
MP4 frame 728/1500: sequence=732 pts=29080000 us key=0 nv12=4478976 h264=13230 acquire=13.017 ms encode=26.837 ms mux=0.183 ms
start encode NV12 with RV1106 vendor packet ABI, frame=728
encode_put_frame ret=0
encode_get_packet ret=0 handle=0xaead1930 expected=0xaead1930
vendor packet: mpi_buf_id=177 len=13581 buf_size=1495040 offset=448768 data_num=1 flag=0x00000000 pts=728
valloc packet buffer: mpi_buf_id=177 dma_buf_fd=11 size=0
H264 first bytes: 00 00 00 01 41 e0 00 60 00 c6 0b c2 52 18 60 91
encode_release_packet ret=0
MP4 frame 729/1500: sequence=733 pts=29120000 us key=0 nv12=4478976 h264=13581 acquire=12.379 ms encode=26.252 ms mux=0.184 ms
start encode NV12 with RV1106 vendor packet ABI, frame=729
encode_put_frame ret=0
encode_get_packet ret=0 handle=0xaead1930 expected=0xaead1930
vendor packet: mpi_buf_id=177 len=13148 buf_size=1495040 offset=462464 data_num=1 flag=0x00000000 pts=729
valloc packet buffer: mpi_buf_id=177 dma_buf_fd=11 size=0
H264 first bytes: 00 00 00 01 41 e0 00 80 01 06 1f 59 e1 6b 63 04
encode_release_packet ret=0
MP4 frame 730/1500: sequence=734 pts=29160000 us key=0 nv12=4478976 h264=13148 acquire=13.070 ms encode=26.881 ms mux=0.179 ms
start encode NV12 with RV1106 vendor packet ABI, frame=730
encode_put_frame ret=0
encode_get_packet ret=0 handle=0xaead1930 expected=0xaead1930
vendor packet: mpi_buf_id=177 len=13689 buf_size=1495040 offset=475648 data_num=1 flag=0x00000000 pts=730
valloc packet buffer: mpi_buf_id=177 dma_buf_fd=11 size=0
H264 first bytes: 00 00 00 01 41 e0 00 a0 01 46 1f 11 d9 43 69 21
encode_release_packet ret=0
MP4 frame 731/1500: sequence=735 pts=29200000 us key=0 nv12=4478976 h264=13689 acquire=12.444 ms encode=26.298 ms mux=0.185 ms
start encode NV12 with RV1106 vendor packet ABI, frame=731
encode_put_frame ret=0
encode_get_packet ret=0 handle=0xaead1930 expected=0xaead1930
vendor packet: mpi_buf_id=177 len=12679 buf_size=1495040 offset=489344 data_num=1 flag=0x00000000 pts=731
valloc packet buffer: mpi_buf_id=177 dma_buf_fd=11 size=0
H264 first bytes: 00 00 00 01 41 e0 00 c0 01 86 1f 0b c5 b0 80 9b
encode_release_packet ret=0
MP4 frame 732/1500: sequence=736 pts=29240000 us key=0 nv12=4478976 h264=12679 acquire=13.037 ms encode=26.868 ms mux=0.175 ms
start encode NV12 with RV1106 vendor packet ABI, frame=732
encode_put_frame ret=0
encode_get_packet ret=0 handle=0xaead1930 expected=0xaead1930
vendor packet: mpi_buf_id=177 len=13026 buf_size=1495040 offset=502144 data_num=1 flag=0x00000000 pts=732
valloc packet buffer: mpi_buf_id=177 dma_buf_fd=11 size=0
H264 first bytes: 00 00 00 01 41 e0 00 e0 01 c6 1f 08 cd 18 25 3a
encode_release_packet ret=0
MP4 frame 733/1500: sequence=737 pts=29280000 us key=0 nv12=4478976 h264=13026 acquire=12.469 ms encode=26.236 ms mux=0.186 ms
start encode NV12 with RV1106 vendor packet ABI, frame=733
encode_put_frame ret=0
encode_get_packet ret=0 handle=0xaead1930 expected=0xaead1930
vendor packet: mpi_buf_id=177 len=12226 buf_size=1495040 offset=515200 data_num=1 flag=0x00000000 pts=733
valloc packet buffer: mpi_buf_id=177 dma_buf_fd=11 size=0
H264 first bytes: 00 00 00 01 41 e0 01 00 02 06 1f 08 ce 41 82 66
encode_release_packet ret=0
MP4 frame 734/1500: sequence=738 pts=29320000 us key=0 nv12=4478976 h264=12226 acquire=13.093 ms encode=26.853 ms mux=0.172 ms
start encode NV12 with RV1106 vendor packet ABI, frame=734
encode_put_frame ret=0
encode_get_packet ret=0 handle=0xaead1930 expected=0xaead1930
vendor packet: mpi_buf_id=177 len=12584 buf_size=1495040 offset=527488 data_num=1 flag=0x00000000 pts=734
valloc packet buffer: mpi_buf_id=177 dma_buf_fd=11 size=0
H264 first bytes: 00 00 00 01 41 e0 01 20 02 46 1f 1f 46 0a 09 ec
encode_release_packet ret=0
MP4 frame 735/1500: sequence=739 pts=29360000 us key=0 nv12=4478976 h264=12584 acquire=12.477 ms encode=26.259 ms mux=0.205 ms
start encode NV12 with RV1106 vendor packet ABI, frame=735
encode_put_frame ret=0
encode_get_packet ret=0 handle=0xaead1930 expected=0xaead1930
vendor packet: mpi_buf_id=177 len=12542 buf_size=1495040 offset=540160 data_num=1 flag=0x00000000 pts=735
valloc packet buffer: mpi_buf_id=177 dma_buf_fd=11 size=0
H264 first bytes: 00 00 00 01 41 e0 01 40 02 86 1f 02 2c aa 0f 66
encode_release_packet ret=0
MP4 frame 736/1500: sequence=740 pts=29400000 us key=0 nv12=4478976 h264=12542 acquire=13.061 ms encode=27.014 ms mux=0.184 ms
start encode NV12 with RV1106 vendor packet ABI, frame=736
encode_put_frame ret=0
encode_get_packet ret=0 handle=0xaead1930 expected=0xaead1930
vendor packet: mpi_buf_id=177 len=12889 buf_size=1495040 offset=552704 data_num=1 flag=0x00000000 pts=736
valloc packet buffer: mpi_buf_id=177 dma_buf_fd=11 size=0
H264 first bytes: 00 00 00 01 41 e0 01 60 02 c6 1f 15 6a 06 9c b0
encode_release_packet ret=0
MP4 frame 737/1500: sequence=741 pts=29440000 us key=0 nv12=4478976 h264=12889 acquire=12.303 ms encode=26.216 ms mux=0.181 ms
start encode NV12 with RV1106 vendor packet ABI, frame=737
encode_put_frame ret=0
encode_get_packet ret=0 handle=0xaead1930 expected=0xaead1930
vendor packet: mpi_buf_id=177 len=12192 buf_size=1495040 offset=565632 data_num=1 flag=0x00000000 pts=737
valloc packet buffer: mpi_buf_id=177 dma_buf_fd=11 size=0
H264 first bytes: 00 00 00 01 41 e0 01 80 03 06 1f 54 e2 b8 27 f1
encode_release_packet ret=0
MP4 frame 738/1500: sequence=742 pts=29480000 us key=0 nv12=4478976 h264=12192 acquire=13.116 ms encode=26.822 ms mux=0.175 ms
start encode NV12 with RV1106 vendor packet ABI, frame=738
encode_put_frame ret=0
encode_get_packet ret=0 handle=0xaead1930 expected=0xaead1930
vendor packet: mpi_buf_id=177 len=11513 buf_size=1495040 offset=577920 data_num=1 flag=0x00000000 pts=738
valloc packet buffer: mpi_buf_id=177 dma_buf_fd=11 size=0
H264 first bytes: 00 00 00 01 41 e0 01 a0 03 46 1f 19 cd 37 83 b3
encode_release_packet ret=0
MP4 frame 739/1500: sequence=743 pts=29520000 us key=0 nv12=4478976 h264=11513 acquire=12.517 ms encode=26.263 ms mux=0.163 ms
start encode NV12 with RV1106 vendor packet ABI, frame=739
encode_put_frame ret=0
encode_get_packet ret=0 handle=0xaead1930 expected=0xaead1930
vendor packet: mpi_buf_id=177 len=13099 buf_size=1495040 offset=589440 data_num=1 flag=0x00000000 pts=739
valloc packet buffer: mpi_buf_id=177 dma_buf_fd=11 size=0
H264 first bytes: 00 00 00 01 41 e0 01 c0 03 86 0b dc b8 4e 8c 30
encode_release_packet ret=0
MP4 frame 740/1500: sequence=744 pts=29560000 us key=0 nv12=4478976 h264=13099 acquire=13.082 ms encode=26.826 ms mux=0.177 ms
start encode NV12 with RV1106 vendor packet ABI, frame=740
encode_put_frame ret=0
encode_get_packet ret=0 handle=0xaead1930 expected=0xaead1930
vendor packet: mpi_buf_id=177 len=13060 buf_size=1495040 offset=602624 data_num=1 flag=0x00000000 pts=740
valloc packet buffer: mpi_buf_id=177 dma_buf_fd=11 size=0
H264 first bytes: 00 00 00 01 41 e0 01 e0 03 c6 0b c6 64 15 b7 63
encode_release_packet ret=0
MP4 frame 741/1500: sequence=745 pts=29600000 us key=0 nv12=4478976 h264=13060 acquire=12.509 ms encode=26.224 ms mux=0.179 ms
start encode NV12 with RV1106 vendor packet ABI, frame=741
encode_put_frame ret=0
encode_get_packet ret=0 handle=0xaead1930 expected=0xaead1930
vendor packet: mpi_buf_id=177 len=12699 buf_size=1495040 offset=615808 data_num=1 flag=0x00000000 pts=741
valloc packet buffer: mpi_buf_id=177 dma_buf_fd=11 size=0
H264 first bytes: 00 00 00 01 41 e0 02 00 04 06 0b c2 11 86 08 89
encode_release_packet ret=0
MP4 frame 742/1500: sequence=746 pts=29640000 us key=0 nv12=4478976 h264=12699 acquire=13.110 ms encode=26.932 ms mux=0.178 ms
start encode NV12 with RV1106 vendor packet ABI, frame=742
encode_put_frame ret=0
encode_get_packet ret=0 handle=0xaead1930 expected=0xaead1930
vendor packet: mpi_buf_id=177 len=13083 buf_size=1495040 offset=628608 data_num=1 flag=0x00000000 pts=742
valloc packet buffer: mpi_buf_id=177 dma_buf_fd=11 size=0
H264 first bytes: 00 00 00 01 41 e0 02 20 04 46 0b cf 51 91 8b 30
encode_release_packet ret=0
MP4 frame 743/1500: sequence=747 pts=29680000 us key=0 nv12=4478976 h264=13083 acquire=12.397 ms encode=26.204 ms mux=0.173 ms
start encode NV12 with RV1106 vendor packet ABI, frame=743
encode_put_frame ret=0
encode_get_packet ret=0 handle=0xaead1930 expected=0xaead1930
vendor packet: mpi_buf_id=177 len=13079 buf_size=1495040 offset=641792 data_num=1 flag=0x00000000 pts=743
valloc packet buffer: mpi_buf_id=177 dma_buf_fd=11 size=0
H264 first bytes: 00 00 00 01 41 e0 02 40 04 86 0b c2 14 82 82 76
encode_release_packet ret=0
MP4 frame 744/1500: sequence=748 pts=29720000 us key=0 nv12=4478976 h264=13079 acquire=13.137 ms encode=26.961 ms mux=0.176 ms
start encode NV12 with RV1106 vendor packet ABI, frame=744
encode_put_frame ret=0
encode_get_packet ret=0 handle=0xaead1930 expected=0xaead1930
vendor packet: mpi_buf_id=177 len=13471 buf_size=1495040 offset=654976 data_num=1 flag=0x00000000 pts=744
valloc packet buffer: mpi_buf_id=177 dma_buf_fd=11 size=0
H264 first bytes: 00 00 00 01 41 e0 02 60 04 c6 0b c5 5b 9a 1a 63
encode_release_packet ret=0
MP4 frame 745/1500: sequence=749 pts=29760000 us key=0 nv12=4478976 h264=13471 acquire=12.369 ms encode=26.286 ms mux=0.189 ms
start encode NV12 with RV1106 vendor packet ABI, frame=745
encode_put_frame ret=0
encode_get_packet ret=0 handle=0xaead1930 expected=0xaead1930
vendor packet: mpi_buf_id=177 len=13482 buf_size=1495040 offset=668544 data_num=1 flag=0x00000000 pts=745
valloc packet buffer: mpi_buf_id=177 dma_buf_fd=11 size=0
H264 first bytes: 00 00 00 01 41 e0 02 80 05 06 0b c4 5b 92 a2 b5
encode_release_packet ret=0
MP4 frame 746/1500: sequence=750 pts=29800000 us key=0 nv12=4478976 h264=13482 acquire=13.035 ms encode=26.831 ms mux=0.187 ms
start encode NV12 with RV1106 vendor packet ABI, frame=746
encode_put_frame ret=0
encode_get_packet ret=0 handle=0xaead1930 expected=0xaead1930
vendor packet: mpi_buf_id=177 len=13127 buf_size=1495040 offset=682112 data_num=1 flag=0x00000000 pts=746
valloc packet buffer: mpi_buf_id=177 dma_buf_fd=11 size=0
H264 first bytes: 00 00 00 01 41 e0 02 a0 05 46 0b f3 a0 4a 24 f9
encode_release_packet ret=0
MP4 frame 747/1500: sequence=751 pts=29840000 us key=0 nv12=4478976 h264=13127 acquire=12.498 ms encode=26.199 ms mux=1.083 ms
start encode NV12 with RV1106 vendor packet ABI, frame=747
encode_put_frame ret=0
encode_get_packet ret=0 handle=0xaead1930 expected=0xaead1930
vendor packet: mpi_buf_id=177 len=13389 buf_size=1495040 offset=695296 data_num=1 flag=0x00000000 pts=747
valloc packet buffer: mpi_buf_id=177 dma_buf_fd=11 size=0
H264 first bytes: 00 00 00 01 41 e0 02 c0 05 86 0b cf 71 93 c7 e7
encode_release_packet ret=0
MP4 frame 748/1500: sequence=752 pts=29880000 us key=0 nv12=4478976 h264=13389 acquire=12.235 ms encode=26.889 ms mux=0.180 ms
start encode NV12 with RV1106 vendor packet ABI, frame=748
encode_put_frame ret=0
encode_get_packet ret=0 handle=0xaead1930 expected=0xaead1930
vendor packet: mpi_buf_id=177 len=14086 buf_size=1495040 offset=708736 data_num=1 flag=0x00000000 pts=748
valloc packet buffer: mpi_buf_id=177 dma_buf_fd=11 size=0
H264 first bytes: 00 00 00 01 41 e0 02 e0 05 c6 0b c6 71 5b 14 ea
encode_release_packet ret=0
MP4 frame 749/1500: sequence=753 pts=29920000 us key=0 nv12=4478976 h264=14086 acquire=12.422 ms encode=26.203 ms mux=0.193 ms
start encode NV12 with RV1106 vendor packet ABI, frame=749
encode_put_frame ret=0
encode_get_packet ret=0 handle=0xaead1930 expected=0xaead1930
vendor packet: mpi_buf_id=177 len=13271 buf_size=1495040 offset=722944 data_num=1 flag=0x00000000 pts=749
valloc packet buffer: mpi_buf_id=177 dma_buf_fd=11 size=0
H264 first bytes: 00 00 00 01 41 e0 03 00 06 06 0b cb b8 c9 8e 30
encode_release_packet ret=0
MP4 frame 750/1500: sequence=754 pts=29960000 us key=0 nv12=4478976 h264=13271 acquire=13.125 ms encode=26.878 ms mux=0.182 ms
start encode NV12 with RV1106 vendor packet ABI, frame=750
encode_put_frame ret=0
encode_get_packet ret=0 handle=0xaead1930 expected=0xaead1930
vendor packet: mpi_buf_id=177 len=189814 buf_size=1495040 offset=736256 data_num=1 flag=0x00000010 pts=750
valloc packet buffer: mpi_buf_id=177 dma_buf_fd=11 size=0
H264 first bytes: 00 00 00 01 65 b8 00 00 f0 00 00 4f 0a 44 82 0a
encode_release_packet ret=0
MP4 frame 751/1500: sequence=755 pts=30000000 us key=1 nv12=4478976 h264=189814 acquire=12.438 ms encode=26.200 ms mux=3.301 ms
start encode NV12 with RV1106 vendor packet ABI, frame=751
encode_put_frame ret=0
encode_get_packet ret=0 handle=0xaead1930 expected=0xaead1930
vendor packet: mpi_buf_id=177 len=13074 buf_size=1495040 offset=926080 data_num=1 flag=0x00000000 pts=751
valloc packet buffer: mpi_buf_id=177 dma_buf_fd=11 size=0
H264 first bytes: 00 00 00 01 41 e0 00 20 00 46 0b c7 c8 61 85 9a
encode_release_packet ret=0
MP4 frame 752/1500: sequence=756 pts=30040000 us key=0 nv12=4478976 h264=13074 acquire=10.010 ms encode=26.830 ms mux=0.181 ms
start encode NV12 with RV1106 vendor packet ABI, frame=752
encode_put_frame ret=0
encode_get_packet ret=0 handle=0xaead1930 expected=0xaead1930
vendor packet: mpi_buf_id=177 len=13294 buf_size=1495040 offset=939264 data_num=1 flag=0x00000000 pts=752
valloc packet buffer: mpi_buf_id=177 dma_buf_fd=11 size=0
H264 first bytes: 00 00 00 01 41 e0 00 40 00 86 0b cf 4c 75 ad ce
encode_release_packet ret=0
MP4 frame 753/1500: sequence=757 pts=30080000 us key=0 nv12=4478976 h264=13294 acquire=12.494 ms encode=26.285 ms mux=0.179 ms
start encode NV12 with RV1106 vendor packet ABI, frame=753
encode_put_frame ret=0
encode_get_packet ret=0 handle=0xaead1930 expected=0xaead1930
vendor packet: mpi_buf_id=177 len=13630 buf_size=1495040 offset=952576 data_num=1 flag=0x00000000 pts=753
valloc packet buffer: mpi_buf_id=177 dma_buf_fd=11 size=0
H264 first bytes: 00 00 00 01 41 e0 00 60 00 c6 0b c4 5b 0f 95 2f
encode_release_packet ret=0
MP4 frame 754/1500: sequence=758 pts=30120000 us key=0 nv12=4478976 h264=13630 acquire=13.049 ms encode=26.811 ms mux=0.185 ms
start encode NV12 with RV1106 vendor packet ABI, frame=754
encode_put_frame ret=0
encode_get_packet ret=0 handle=0xaead1930 expected=0xaead1930
vendor packet: mpi_buf_id=177 len=13550 buf_size=1495040 offset=966272 data_num=1 flag=0x00000000 pts=754
valloc packet buffer: mpi_buf_id=177 dma_buf_fd=11 size=0
H264 first bytes: 00 00 00 01 41 e0 00 80 01 06 0b cd 58 a9 90 50
encode_release_packet ret=0
MP4 frame 755/1500: sequence=759 pts=30160000 us key=0 nv12=4478976 h264=13550 acquire=12.510 ms encode=26.211 ms mux=0.185 ms
start encode NV12 with RV1106 vendor packet ABI, frame=755
encode_put_frame ret=0
encode_get_packet ret=0 handle=0xaead1930 expected=0xaead1930
vendor packet: mpi_buf_id=177 len=13558 buf_size=1495040 offset=979840 data_num=1 flag=0x00000000 pts=755
valloc packet buffer: mpi_buf_id=177 dma_buf_fd=11 size=0
H264 first bytes: 00 00 00 01 41 e0 00 a0 01 46 0b c2 34 41 82 72
encode_release_packet ret=0
MP4 frame 756/1500: sequence=760 pts=30200000 us key=0 nv12=4478976 h264=13558 acquire=13.116 ms encode=26.813 ms mux=0.187 ms
start encode NV12 with RV1106 vendor packet ABI, frame=756
encode_put_frame ret=0
encode_get_packet ret=0 handle=0xaead1930 expected=0xaead1930
vendor packet: mpi_buf_id=177 len=12983 buf_size=1495040 offset=993408 data_num=1 flag=0x00000000 pts=756
valloc packet buffer: mpi_buf_id=177 dma_buf_fd=11 size=0
H264 first bytes: 00 00 00 01 41 e0 00 c0 01 86 1f 15 39 a7 99 8b
encode_release_packet ret=0
MP4 frame 757/1500: sequence=761 pts=30240000 us key=0 nv12=4478976 h264=12983 acquire=12.518 ms encode=26.276 ms mux=0.183 ms
start encode NV12 with RV1106 vendor packet ABI, frame=757
encode_put_frame ret=0
encode_get_packet ret=0 handle=0xaead1930 expected=0xaead1930
vendor packet: mpi_buf_id=177 len=12865 buf_size=1495040 offset=1006464 data_num=1 flag=0x00000000 pts=757
valloc packet buffer: mpi_buf_id=177 dma_buf_fd=11 size=0
H264 first bytes: 00 00 00 01 41 e0 00 e0 01 c6 1f 1f 21 02 02 4c
encode_release_packet ret=0
MP4 frame 758/1500: sequence=762 pts=30280000 us key=0 nv12=4478976 h264=12865 acquire=13.049 ms encode=26.806 ms mux=0.175 ms
start encode NV12 with RV1106 vendor packet ABI, frame=758
encode_put_frame ret=0
encode_get_packet ret=0 handle=0xaead1930 expected=0xaead1930
vendor packet: mpi_buf_id=177 len=12903 buf_size=1495040 offset=1019392 data_num=1 flag=0x00000000 pts=758
valloc packet buffer: mpi_buf_id=177 dma_buf_fd=11 size=0
H264 first bytes: 00 00 00 01 41 e0 01 00 02 06 1f 0c 63 c6 09 3a
encode_release_packet ret=0
MP4 frame 759/1500: sequence=763 pts=30320000 us key=0 nv12=4478976 h264=12903 acquire=12.527 ms encode=26.256 ms mux=0.179 ms
start encode NV12 with RV1106 vendor packet ABI, frame=759
encode_put_frame ret=0
encode_get_packet ret=0 handle=0xaead1930 expected=0xaead1930
vendor packet: mpi_buf_id=177 len=12089 buf_size=1495040 offset=1032320 data_num=1 flag=0x00000000 pts=759
valloc packet buffer: mpi_buf_id=177 dma_buf_fd=11 size=0
H264 first bytes: 00 00 00 01 41 e0 01 20 02 46 1f 0e cc 52 13 a8
encode_release_packet ret=0
MP4 frame 760/1500: sequence=764 pts=30360000 us key=0 nv12=4478976 h264=12089 acquire=12.959 ms encode=26.894 ms mux=0.167 ms
start encode NV12 with RV1106 vendor packet ABI, frame=760
encode_put_frame ret=0
encode_get_packet ret=0 handle=0xaead1930 expected=0xaead1930
vendor packet: mpi_buf_id=177 len=12499 buf_size=1495040 offset=1044480 data_num=1 flag=0x00000000 pts=760
valloc packet buffer: mpi_buf_id=177 dma_buf_fd=11 size=0
H264 first bytes: 00 00 00 01 41 e0 01 40 02 86 1f 2d 67 ce 6b 1e
encode_release_packet ret=0
MP4 frame 761/1500: sequence=765 pts=30400000 us key=0 nv12=4478976 h264=12499 acquire=12.447 ms encode=26.243 ms mux=0.180 ms
start encode NV12 with RV1106 vendor packet ABI, frame=761
encode_put_frame ret=0
encode_get_packet ret=0 handle=0xaead1930 expected=0xaead1930
vendor packet: mpi_buf_id=177 len=12931 buf_size=1495040 offset=1057024 data_num=1 flag=0x00000000 pts=761
valloc packet buffer: mpi_buf_id=177 dma_buf_fd=11 size=0
H264 first bytes: 00 00 00 01 41 e0 01 60 02 c6 1f 02 94 c5 8e e3
encode_release_packet ret=0
MP4 frame 762/1500: sequence=766 pts=30440000 us key=0 nv12=4478976 h264=12931 acquire=13.087 ms encode=26.896 ms mux=0.177 ms
start encode NV12 with RV1106 vendor packet ABI, frame=762
encode_put_frame ret=0
encode_get_packet ret=0 handle=0xaead1930 expected=0xaead1930
vendor packet: mpi_buf_id=177 len=12584 buf_size=1495040 offset=1070080 data_num=1 flag=0x00000000 pts=762
valloc packet buffer: mpi_buf_id=177 dma_buf_fd=11 size=0
H264 first bytes: 00 00 00 01 41 e0 01 80 03 06 1f 04 d5 83 9e 30
encode_release_packet ret=0
MP4 frame 763/1500: sequence=767 pts=30480000 us key=0 nv12=4478976 h264=12584 acquire=12.439 ms encode=26.239 ms mux=0.176 ms
start encode NV12 with RV1106 vendor packet ABI, frame=763
encode_put_frame ret=0
encode_get_packet ret=0 handle=0xaead1930 expected=0xaead1930
vendor packet: mpi_buf_id=177 len=13136 buf_size=1495040 offset=1082752 data_num=1 flag=0x00000000 pts=763
valloc packet buffer: mpi_buf_id=177 dma_buf_fd=11 size=0
H264 first bytes: 00 00 00 01 41 e0 01 a0 03 46 1f 02 24 a5 04 22
encode_release_packet ret=0
MP4 frame 764/1500: sequence=768 pts=30520000 us key=0 nv12=4478976 h264=13136 acquire=13.095 ms encode=26.967 ms mux=0.182 ms
start encode NV12 with RV1106 vendor packet ABI, frame=764
encode_put_frame ret=0
encode_get_packet ret=0 handle=0xaead1930 expected=0xaead1930
vendor packet: mpi_buf_id=177 len=13141 buf_size=1495040 offset=1095936 data_num=1 flag=0x00000000 pts=764
valloc packet buffer: mpi_buf_id=177 dma_buf_fd=11 size=0
H264 first bytes: 00 00 00 01 41 e0 01 c0 03 86 1f 0e 4f 81 06 52
encode_release_packet ret=0
MP4 frame 765/1500: sequence=769 pts=30560000 us key=0 nv12=4478976 h264=13141 acquire=12.365 ms encode=26.164 ms mux=0.183 ms
start encode NV12 with RV1106 vendor packet ABI, frame=765
encode_put_frame ret=0
encode_get_packet ret=0 handle=0xaead1930 expected=0xaead1930
vendor packet: mpi_buf_id=177 len=12370 buf_size=1495040 offset=1109120 data_num=1 flag=0x00000000 pts=765
valloc packet buffer: mpi_buf_id=177 dma_buf_fd=11 size=0
H264 first bytes: 00 00 00 01 41 e0 01 e0 03 c6 1f 0b c5 c6 09 26
encode_release_packet ret=0
MP4 frame 766/1500: sequence=770 pts=30600000 us key=0 nv12=4478976 h264=12370 acquire=13.164 ms encode=26.794 ms mux=0.180 ms
start encode NV12 with RV1106 vendor packet ABI, frame=766
encode_put_frame ret=0
encode_get_packet ret=0 handle=0xaead1930 expected=0xaead1930
vendor packet: mpi_buf_id=177 len=13091 buf_size=1495040 offset=1121536 data_num=1 flag=0x00000000 pts=766
valloc packet buffer: mpi_buf_id=177 dma_buf_fd=11 size=0
H264 first bytes: 00 00 00 01 41 e0 02 00 04 06 0b c6 50 a0 8e b4
encode_release_packet ret=0
MP4 frame 767/1500: sequence=771 pts=30640000 us key=0 nv12=4478976 h264=13091 acquire=12.527 ms encode=26.397 ms mux=0.184 ms
start encode NV12 with RV1106 vendor packet ABI, frame=767
encode_put_frame ret=0
encode_get_packet ret=0 handle=0xaead1930 expected=0xaead1930
vendor packet: mpi_buf_id=177 len=13028 buf_size=1495040 offset=1134720 data_num=1 flag=0x00000000 pts=767
valloc packet buffer: mpi_buf_id=177 dma_buf_fd=11 size=0
H264 first bytes: 00 00 00 01 41 e0 02 20 04 46 0b cf 6c 55 b3 c5
encode_release_packet ret=0
MP4 frame 768/1500: sequence=772 pts=30680000 us key=0 nv12=4478976 h264=13028 acquire=12.939 ms encode=26.865 ms mux=0.179 ms
start encode NV12 with RV1106 vendor packet ABI, frame=768
encode_put_frame ret=0
encode_get_packet ret=0 handle=0xaead1930 expected=0xaead1930
vendor packet: mpi_buf_id=177 len=13041 buf_size=1495040 offset=1147776 data_num=1 flag=0x00000000 pts=768
valloc packet buffer: mpi_buf_id=177 dma_buf_fd=11 size=0
H264 first bytes: 00 00 00 01 41 e0 02 40 04 86 0b c7 d9 87 09 62
encode_release_packet ret=0
MP4 frame 769/1500: sequence=773 pts=30720000 us key=0 nv12=4478976 h264=13041 acquire=12.466 ms encode=26.226 ms mux=0.179 ms
start encode NV12 with RV1106 vendor packet ABI, frame=769
encode_put_frame ret=0
encode_get_packet ret=0 handle=0xaead1930 expected=0xaead1930
vendor packet: mpi_buf_id=177 len=13114 buf_size=1495040 offset=1160832 data_num=1 flag=0x00000000 pts=769
valloc packet buffer: mpi_buf_id=177 dma_buf_fd=11 size=0
H264 first bytes: 00 00 00 01 41 e0 02 60 04 c6 0b cf 51 d2 92 7e
encode_release_packet ret=0
MP4 frame 770/1500: sequence=774 pts=30760000 us key=0 nv12=4478976 h264=13114 acquire=13.100 ms encode=26.816 ms mux=0.184 ms
start encode NV12 with RV1106 vendor packet ABI, frame=770
encode_put_frame ret=0
encode_get_packet ret=0 handle=0xaead1930 expected=0xaead1930
vendor packet: mpi_buf_id=177 len=13372 buf_size=1495040 offset=1174016 data_num=1 flag=0x00000000 pts=770
valloc packet buffer: mpi_buf_id=177 dma_buf_fd=11 size=0
H264 first bytes: 00 00 00 01 41 e0 02 80 05 06 0b c6 70 49 c3 ca
encode_release_packet ret=0
MP4 frame 771/1500: sequence=775 pts=30800000 us key=0 nv12=4478976 h264=13372 acquire=12.509 ms encode=26.222 ms mux=0.178 ms
start encode NV12 with RV1106 vendor packet ABI, frame=771
encode_put_frame ret=0
encode_get_packet ret=0 handle=0xaead1930 expected=0xaead1930
vendor packet: mpi_buf_id=177 len=13357 buf_size=1495040 offset=1187456 data_num=1 flag=0x00000000 pts=771
valloc packet buffer: mpi_buf_id=177 dma_buf_fd=11 size=0
H264 first bytes: 00 00 00 01 41 e0 02 a0 05 46 0b c2 19 82 22 53
encode_release_packet ret=0
MP4 frame 772/1500: sequence=776 pts=30840000 us key=0 nv12=4478976 h264=13357 acquire=13.109 ms encode=26.886 ms mux=1.083 ms
start encode NV12 with RV1106 vendor packet ABI, frame=772
encode_put_frame ret=0
encode_get_packet ret=0 handle=0xaead1930 expected=0xaead1930
vendor packet: mpi_buf_id=177 len=13221 buf_size=1495040 offset=1200896 data_num=1 flag=0x00000000 pts=772
valloc packet buffer: mpi_buf_id=177 dma_buf_fd=11 size=0
H264 first bytes: 00 00 00 01 41 e0 02 c0 05 86 0b d6 32 3b 0b 8c
encode_release_packet ret=0
MP4 frame 773/1500: sequence=777 pts=30880000 us key=0 nv12=4478976 h264=13221 acquire=11.546 ms encode=26.219 ms mux=0.179 ms
start encode NV12 with RV1106 vendor packet ABI, frame=773
encode_put_frame ret=0
encode_get_packet ret=0 handle=0xaead1930 expected=0xaead1930
vendor packet: mpi_buf_id=177 len=13243 buf_size=1495040 offset=1214208 data_num=1 flag=0x00000000 pts=773
valloc packet buffer: mpi_buf_id=177 dma_buf_fd=11 size=0
H264 first bytes: 00 00 00 01 41 e0 02 e0 05 c6 0b c2 33 a0 88 94
encode_release_packet ret=0
MP4 frame 774/1500: sequence=778 pts=30920000 us key=0 nv12=4478976 h264=13243 acquire=13.104 ms encode=26.838 ms mux=0.185 ms
start encode NV12 with RV1106 vendor packet ABI, frame=774
encode_put_frame ret=0
encode_get_packet ret=0 handle=0xaead1930 expected=0xaead1930
vendor packet: mpi_buf_id=177 len=12714 buf_size=1495040 offset=1227520 data_num=1 flag=0x00000000 pts=774
valloc packet buffer: mpi_buf_id=177 dma_buf_fd=11 size=0
H264 first bytes: 00 00 00 01 41 e0 03 00 06 06 0b c4 76 57 19 c0
encode_release_packet ret=0
MP4 frame 775/1500: sequence=779 pts=30960000 us key=0 nv12=4478976 h264=12714 acquire=12.478 ms encode=26.429 ms mux=0.179 ms
start encode NV12 with RV1106 vendor packet ABI, frame=775
encode_put_frame ret=0
encode_get_packet ret=0 handle=0xaead1930 expected=0xaead1930
vendor packet: mpi_buf_id=177 len=188872 buf_size=1495040 offset=1240320 data_num=1 flag=0x00000010 pts=775
valloc packet buffer: mpi_buf_id=177 dma_buf_fd=11 size=0
H264 first bytes: 00 00 00 01 65 b8 00 00 40 00 00 13 c2 91 20 c8
encode_release_packet ret=0
MP4 frame 776/1500: sequence=780 pts=31000000 us key=1 nv12=4478976 h264=188872 acquire=12.907 ms encode=26.766 ms mux=3.158 ms
start encode NV12 with RV1106 vendor packet ABI, frame=776
encode_put_frame ret=0
encode_get_packet ret=0 handle=0xaead1930 expected=0xaead1930
vendor packet: mpi_buf_id=177 len=14119 buf_size=1495040 offset=1429248 data_num=1 flag=0x00000000 pts=776
valloc packet buffer: mpi_buf_id=177 dma_buf_fd=11 size=0
H264 first bytes: 00 00 00 01 41 e0 00 20 00 46 0f cf 51 d4 c1 2e
encode_release_packet ret=0
MP4 frame 777/1500: sequence=781 pts=31040000 us key=0 nv12=4478976 h264=14119 acquire=9.591 ms encode=26.186 ms mux=0.195 ms
start encode NV12 with RV1106 vendor packet ABI, frame=777
encode_put_frame ret=0
encode_get_packet ret=0 handle=0xaead1930 expected=0xaead1930
vendor packet: mpi_buf_id=177 len=13426 buf_size=1495040 offset=1443456 data_num=1 flag=0x00000000 pts=777
valloc packet buffer: mpi_buf_id=177 dma_buf_fd=11 size=0
H264 first bytes: 00 00 00 01 41 e0 00 40 00 86 1f 1d 9b 8c 28 f1
encode_release_packet ret=0
MP4 frame 778/1500: sequence=782 pts=31080000 us key=0 nv12=4478976 h264=13426 acquire=13.103 ms encode=26.885 ms mux=0.186 ms
start encode NV12 with RV1106 vendor packet ABI, frame=778
encode_put_frame ret=0
encode_get_packet ret=0 handle=0xaead1930 expected=0xaead1930
vendor packet: mpi_buf_id=177 len=13309 buf_size=1495040 offset=1456896 data_num=1 flag=0x00000000 pts=778
valloc packet buffer: mpi_buf_id=177 dma_buf_fd=11 size=0
H264 first bytes: 00 00 00 01 41 e0 00 60 00 c6 1f 08 c6 c2 02 65
encode_release_packet ret=0
MP4 frame 779/1500: sequence=783 pts=31120000 us key=0 nv12=4478976 h264=13309 acquire=12.444 ms encode=26.204 ms mux=0.187 ms
start encode NV12 with RV1106 vendor packet ABI, frame=779
encode_put_frame ret=0
encode_get_packet ret=0 handle=0xaead1930 expected=0xaead1930
vendor packet: mpi_buf_id=177 len=13019 buf_size=1495040 offset=1470208 data_num=1 flag=0x00000000 pts=779
valloc packet buffer: mpi_buf_id=177 dma_buf_fd=11 size=0
H264 first bytes: 00 00 00 01 41 e0 00 80 01 06 1f 09 65 08 09 c9
encode_release_packet ret=0
MP4 frame 780/1500: sequence=784 pts=31160000 us key=0 nv12=4478976 h264=13019 acquire=13.121 ms encode=26.810 ms mux=0.178 ms
start encode NV12 with RV1106 vendor packet ABI, frame=780
encode_put_frame ret=0
encode_get_packet ret=0 handle=0xaead1930 expected=0xaead1930
vendor packet: mpi_buf_id=177 len=13492 buf_size=1495040 offset=1483264 data_num=1 flag=0x00000000 pts=780
valloc packet buffer: mpi_buf_id=177 dma_buf_fd=11 size=0
H264 first bytes: 00 00 00 01 41 e0 00 a0 01 46 0b f4 68 6a 76 ca
encode_release_packet ret=0
MP4 frame 781/1500: sequence=785 pts=31200000 us key=0 nv12=4478976 h264=13492 acquire=12.515 ms encode=26.294 ms mux=0.184 ms
start encode NV12 with RV1106 vendor packet ABI, frame=781
encode_put_frame ret=0
encode_get_packet ret=0 handle=0xaead1930 expected=0xaead1930
vendor packet: mpi_buf_id=177 len=13290 buf_size=1495040 offset=1792 data_num=1 flag=0x00000000 pts=781
valloc packet buffer: mpi_buf_id=177 dma_buf_fd=11 size=0
H264 first bytes: 00 00 00 01 41 e0 00 c0 01 86 0b c2 b1 c2 c7 09
encode_release_packet ret=0
MP4 frame 782/1500: sequence=786 pts=31240000 us key=0 nv12=4478976 h264=13290 acquire=13.037 ms encode=26.791 ms mux=0.184 ms
start encode NV12 with RV1106 vendor packet ABI, frame=782
encode_put_frame ret=0
encode_get_packet ret=0 handle=0xaead1930 expected=0xaead1930
vendor packet: mpi_buf_id=177 len=12815 buf_size=1495040 offset=15104 data_num=1 flag=0x00000000 pts=782
valloc packet buffer: mpi_buf_id=177 dma_buf_fd=11 size=0
H264 first bytes: 00 00 00 01 41 e0 00 e0 01 c6 0b c4 47 a1 e5 49
encode_release_packet ret=0
MP4 frame 783/1500: sequence=787 pts=31280000 us key=0 nv12=4478976 h264=12815 acquire=12.538 ms encode=26.360 ms mux=0.184 ms
start encode NV12 with RV1106 vendor packet ABI, frame=783
encode_put_frame ret=0
encode_get_packet ret=0 handle=0xaead1930 expected=0xaead1930
vendor packet: mpi_buf_id=177 len=13131 buf_size=1495040 offset=28032 data_num=1 flag=0x00000000 pts=783
valloc packet buffer: mpi_buf_id=177 dma_buf_fd=11 size=0
H264 first bytes: 00 00 00 01 41 e0 01 00 02 06 0b c2 56 c6 09 ce
encode_release_packet ret=0
MP4 frame 784/1500: sequence=788 pts=31320000 us key=0 nv12=4478976 h264=13131 acquire=12.958 ms encode=26.880 ms mux=0.185 ms
start encode NV12 with RV1106 vendor packet ABI, frame=784
encode_put_frame ret=0
encode_get_packet ret=0 handle=0xaead1930 expected=0xaead1930
vendor packet: mpi_buf_id=177 len=13653 buf_size=1495040 offset=41216 data_num=1 flag=0x00000000 pts=784
valloc packet buffer: mpi_buf_id=177 dma_buf_fd=11 size=0
H264 first bytes: 00 00 00 01 41 e0 01 20 02 46 0b c7 e1 61 c2 57
encode_release_packet ret=0
MP4 frame 785/1500: sequence=789 pts=31360000 us key=0 nv12=4478976 h264=13653 acquire=12.452 ms encode=26.239 ms mux=0.185 ms
start encode NV12 with RV1106 vendor packet ABI, frame=785
encode_put_frame ret=0
encode_get_packet ret=0 handle=0xaead1930 expected=0xaead1930
vendor packet: mpi_buf_id=177 len=13328 buf_size=1495040 offset=54912 data_num=1 flag=0x00000000 pts=785
valloc packet buffer: mpi_buf_id=177 dma_buf_fd=11 size=0
H264 first bytes: 00 00 00 01 41 e0 01 40 02 86 0b dd 9e 27 9b 19
encode_release_packet ret=0
MP4 frame 786/1500: sequence=790 pts=31400000 us key=0 nv12=4478976 h264=13328 acquire=13.084 ms encode=26.881 ms mux=0.183 ms
start encode NV12 with RV1106 vendor packet ABI, frame=786
encode_put_frame ret=0
encode_get_packet ret=0 handle=0xaead1930 expected=0xaead1930
vendor packet: mpi_buf_id=177 len=13470 buf_size=1495040 offset=68352 data_num=1 flag=0x00000000 pts=786
valloc packet buffer: mpi_buf_id=177 dma_buf_fd=11 size=0
H264 first bytes: 00 00 00 01 41 e0 01 60 02 c6 0b c2 33 18 60 94
encode_release_packet ret=0
MP4 frame 787/1500: sequence=791 pts=31440000 us key=0 nv12=4478976 h264=13470 acquire=12.444 ms encode=26.275 ms mux=0.181 ms
start encode NV12 with RV1106 vendor packet ABI, frame=787
encode_put_frame ret=0
encode_get_packet ret=0 handle=0xaead1930 expected=0xaead1930
vendor packet: mpi_buf_id=177 len=13604 buf_size=1495040 offset=81920 data_num=1 flag=0x00000000 pts=787
valloc packet buffer: mpi_buf_id=177 dma_buf_fd=11 size=0
H264 first bytes: 00 00 00 01 41 e0 01 80 03 06 0b c5 69 95 ae 2a
encode_release_packet ret=0
MP4 frame 788/1500: sequence=792 pts=31480000 us key=0 nv12=4478976 h264=13604 acquire=13.062 ms encode=26.754 ms mux=0.181 ms
start encode NV12 with RV1106 vendor packet ABI, frame=788
encode_put_frame ret=0
encode_get_packet ret=0 handle=0xaead1930 expected=0xaead1930
vendor packet: mpi_buf_id=177 len=13662 buf_size=1495040 offset=95616 data_num=1 flag=0x00000000 pts=788
valloc packet buffer: mpi_buf_id=177 dma_buf_fd=11 size=0
H264 first bytes: 00 00 00 01 41 e0 01 a0 03 46 0b c5 ee 26 d8 44
encode_release_packet ret=0
MP4 frame 789/1500: sequence=793 pts=31520000 us key=0 nv12=4478976 h264=13662 acquire=12.575 ms encode=26.254 ms mux=0.191 ms
start encode NV12 with RV1106 vendor packet ABI, frame=789
encode_put_frame ret=0
encode_get_packet ret=0 handle=0xaead1930 expected=0xaead1930
vendor packet: mpi_buf_id=177 len=13268 buf_size=1495040 offset=109312 data_num=1 flag=0x00000000 pts=789
valloc packet buffer: mpi_buf_id=177 dma_buf_fd=11 size=0
H264 first bytes: 00 00 00 01 41 e0 01 c0 03 86 0b c5 e6 e8 a4 f4
encode_release_packet ret=0
MP4 frame 790/1500: sequence=794 pts=31560000 us key=0 nv12=4478976 h264=13268 acquire=13.078 ms encode=26.880 ms mux=0.188 ms
start encode NV12 with RV1106 vendor packet ABI, frame=790
encode_put_frame ret=0
encode_get_packet ret=0 handle=0xaead1930 expected=0xaead1930
vendor packet: mpi_buf_id=177 len=13406 buf_size=1495040 offset=122624 data_num=1 flag=0x00000000 pts=790
valloc packet buffer: mpi_buf_id=177 dma_buf_fd=11 size=0
H264 first bytes: 00 00 00 01 41 e0 01 e0 03 c6 0b cf 39 82 96 c8
encode_release_packet ret=0
MP4 frame 791/1500: sequence=795 pts=31600000 us key=0 nv12=4478976 h264=13406 acquire=12.332 ms encode=26.199 ms mux=0.184 ms
start encode NV12 with RV1106 vendor packet ABI, frame=791
encode_put_frame ret=0
encode_get_packet ret=0 handle=0xaead1930 expected=0xaead1930
vendor packet: mpi_buf_id=177 len=13921 buf_size=1495040 offset=136064 data_num=1 flag=0x00000000 pts=791
valloc packet buffer: mpi_buf_id=177 dma_buf_fd=11 size=0
H264 first bytes: 00 00 00 01 41 e0 02 00 04 06 0b c2 12 89 18 27
encode_release_packet ret=0
MP4 frame 792/1500: sequence=796 pts=31640000 us key=0 nv12=4478976 h264=13921 acquire=13.117 ms encode=26.838 ms mux=0.195 ms
start encode NV12 with RV1106 vendor packet ABI, frame=792
encode_put_frame ret=0
encode_get_packet ret=0 handle=0xaead1930 expected=0xaead1930
vendor packet: mpi_buf_id=177 len=13259 buf_size=1495040 offset=150016 data_num=1 flag=0x00000000 pts=792
valloc packet buffer: mpi_buf_id=177 dma_buf_fd=11 size=0
H264 first bytes: 00 00 00 01 41 e0 02 20 04 46 1f 08 63 c6 09 b9
encode_release_packet ret=0
MP4 frame 793/1500: sequence=797 pts=31680000 us key=0 nv12=4478976 h264=13259 acquire=12.479 ms encode=26.253 ms mux=0.179 ms
start encode NV12 with RV1106 vendor packet ABI, frame=793
encode_put_frame ret=0
encode_get_packet ret=0 handle=0xaead1930 expected=0xaead1930
vendor packet: mpi_buf_id=177 len=13552 buf_size=1495040 offset=163328 data_num=1 flag=0x00000000 pts=793
valloc packet buffer: mpi_buf_id=177 dma_buf_fd=11 size=0
H264 first bytes: 00 00 00 01 41 e0 02 40 04 86 1f 2e a2 e1 50 e0
encode_release_packet ret=0
MP4 frame 794/1500: sequence=798 pts=31720000 us key=0 nv12=4478976 h264=13552 acquire=13.084 ms encode=26.858 ms mux=0.181 ms
start encode NV12 with RV1106 vendor packet ABI, frame=794
encode_put_frame ret=0
encode_get_packet ret=0 handle=0xaead1930 expected=0xaead1930
vendor packet: mpi_buf_id=177 len=12595 buf_size=1495040 offset=176896 data_num=1 flag=0x00000000 pts=794
valloc packet buffer: mpi_buf_id=177 dma_buf_fd=11 size=0
H264 first bytes: 00 00 00 01 41 e0 02 60 04 c6 1f 0d 51 d9 47 d7
encode_release_packet ret=0
MP4 frame 795/1500: sequence=799 pts=31760000 us key=0 nv12=4478976 h264=12595 acquire=12.467 ms encode=26.210 ms mux=0.175 ms
start encode NV12 with RV1106 vendor packet ABI, frame=795
encode_put_frame ret=0
encode_get_packet ret=0 handle=0xaead1930 expected=0xaead1930
vendor packet: mpi_buf_id=177 len=12458 buf_size=1495040 offset=189568 data_num=1 flag=0x00000000 pts=795
valloc packet buffer: mpi_buf_id=177 dma_buf_fd=11 size=0
H264 first bytes: 00 00 00 01 41 e0 02 80 05 06 1f 11 36 3f 10 30
encode_release_packet ret=0
MP4 frame 796/1500: sequence=800 pts=31800000 us key=0 nv12=4478976 h264=12458 acquire=13.132 ms encode=26.854 ms mux=1.064 ms
start encode NV12 with RV1106 vendor packet ABI, frame=796
encode_put_frame ret=0
encode_get_packet ret=0 handle=0xaead1930 expected=0xaead1930
vendor packet: mpi_buf_id=177 len=12463 buf_size=1495040 offset=202112 data_num=1 flag=0x00000000 pts=796
valloc packet buffer: mpi_buf_id=177 dma_buf_fd=11 size=0
H264 first bytes: 00 00 00 01 41 e0 02 a0 05 46 1f 17 79 e5 1a 10
encode_release_packet ret=0
MP4 frame 797/1500: sequence=801 pts=31840000 us key=0 nv12=4478976 h264=12463 acquire=11.590 ms encode=26.291 ms mux=0.179 ms
start encode NV12 with RV1106 vendor packet ABI, frame=797
encode_put_frame ret=0
encode_get_packet ret=0 handle=0xaead1930 expected=0xaead1930
vendor packet: mpi_buf_id=177 len=12792 buf_size=1495040 offset=214656 data_num=1 flag=0x00000000 pts=797
valloc packet buffer: mpi_buf_id=177 dma_buf_fd=11 size=0
H264 first bytes: 00 00 00 01 41 e0 02 c0 05 86 1f 08 ce 71 82 4f
encode_release_packet ret=0
MP4 frame 798/1500: sequence=802 pts=31880000 us key=0 nv12=4478976 h264=12792 acquire=13.032 ms encode=27.001 ms mux=0.185 ms
start encode NV12 with RV1106 vendor packet ABI, frame=798
encode_put_frame ret=0
encode_get_packet ret=0 handle=0xaead1930 expected=0xaead1930
vendor packet: mpi_buf_id=177 len=12311 buf_size=1495040 offset=227456 data_num=1 flag=0x00000000 pts=798
valloc packet buffer: mpi_buf_id=177 dma_buf_fd=11 size=0
H264 first bytes: 00 00 00 01 41 e0 02 e0 05 c6 1f 03 4c 98 42 42
encode_release_packet ret=0
MP4 frame 799/1500: sequence=803 pts=31920000 us key=0 nv12=4478976 h264=12311 acquire=12.330 ms encode=26.239 ms mux=0.182 ms
start encode NV12 with RV1106 vendor packet ABI, frame=799
encode_put_frame ret=0
encode_get_packet ret=0 handle=0xaead1930 expected=0xaead1930
vendor packet: mpi_buf_id=177 len=11974 buf_size=1495040 offset=239872 data_num=1 flag=0x00000000 pts=799
valloc packet buffer: mpi_buf_id=177 dma_buf_fd=11 size=0
H264 first bytes: 00 00 00 01 41 e0 03 00 06 06 1f 06 59 a1 89 f0
encode_release_packet ret=0
MP4 frame 800/1500: sequence=804 pts=31960000 us key=0 nv12=4478976 h264=11974 acquire=13.086 ms encode=26.846 ms mux=0.167 ms
start encode NV12 with RV1106 vendor packet ABI, frame=800
encode_put_frame ret=0
encode_get_packet ret=0 handle=0xaead1930 expected=0xaead1930
vendor packet: mpi_buf_id=177 len=188288 buf_size=1495040 offset=251904 data_num=1 flag=0x00000010 pts=800
valloc packet buffer: mpi_buf_id=177 dma_buf_fd=11 size=0
H264 first bytes: 00 00 00 01 65 b8 00 04 00 00 13 c2 91 21 01 00
encode_release_packet ret=0
MP4 frame 801/1500: sequence=805 pts=32000000 us key=1 nv12=4478976 h264=188288 acquire=12.496 ms encode=26.153 ms mux=3.250 ms
start encode NV12 with RV1106 vendor packet ABI, frame=801
encode_put_frame ret=0
encode_get_packet ret=0 handle=0xaead1930 expected=0xaead1930
vendor packet: mpi_buf_id=177 len=13256 buf_size=1495040 offset=440192 data_num=1 flag=0x00000000 pts=801
valloc packet buffer: mpi_buf_id=177 dma_buf_fd=11 size=0
H264 first bytes: 00 00 00 01 41 e0 00 20 00 46 1f 3c e6 05 33 36
encode_release_packet ret=0
MP4 frame 802/1500: sequence=806 pts=32040000 us key=0 nv12=4478976 h264=13256 acquire=10.111 ms encode=26.868 ms mux=0.180 ms
start encode NV12 with RV1106 vendor packet ABI, frame=802
encode_put_frame ret=0
encode_get_packet ret=0 handle=0xaead1930 expected=0xaead1930
vendor packet: mpi_buf_id=177 len=12991 buf_size=1495040 offset=453504 data_num=1 flag=0x00000000 pts=802
valloc packet buffer: mpi_buf_id=177 dma_buf_fd=11 size=0
H264 first bytes: 00 00 00 01 41 e0 00 40 00 86 1f 1f 43 86 09 4e
encode_release_packet ret=0
MP4 frame 803/1500: sequence=807 pts=32080000 us key=0 nv12=4478976 h264=12991 acquire=12.488 ms encode=26.228 ms mux=0.182 ms
start encode NV12 with RV1106 vendor packet ABI, frame=803
encode_put_frame ret=0
encode_get_packet ret=0 handle=0xaead1930 expected=0xaead1930
vendor packet: mpi_buf_id=177 len=13558 buf_size=1495040 offset=466560 data_num=1 flag=0x00000000 pts=803
valloc packet buffer: mpi_buf_id=177 dma_buf_fd=11 size=0
H264 first bytes: 00 00 00 01 41 e0 00 60 00 c6 1f 0b d2 18 27 3a
encode_release_packet ret=0
MP4 frame 804/1500: sequence=808 pts=32120000 us key=0 nv12=4478976 h264=13558 acquire=13.052 ms encode=26.878 ms mux=0.184 ms
start encode NV12 with RV1106 vendor packet ABI, frame=804
encode_put_frame ret=0
encode_get_packet ret=0 handle=0xaead1930 expected=0xaead1930
vendor packet: mpi_buf_id=177 len=13541 buf_size=1495040 offset=480128 data_num=1 flag=0x00000000 pts=804
valloc packet buffer: mpi_buf_id=177 dma_buf_fd=11 size=0
H264 first bytes: 00 00 00 01 41 e0 00 80 01 06 1f d3 ac d0 ae 34
encode_release_packet ret=0
MP4 frame 805/1500: sequence=809 pts=32160000 us key=0 nv12=4478976 h264=13541 acquire=12.444 ms encode=26.261 ms mux=0.184 ms
start encode NV12 with RV1106 vendor packet ABI, frame=805
encode_put_frame ret=0
encode_get_packet ret=0 handle=0xaead1930 expected=0xaead1930
vendor packet: mpi_buf_id=177 len=13401 buf_size=1495040 offset=493696 data_num=1 flag=0x00000000 pts=805
valloc packet buffer: mpi_buf_id=177 dma_buf_fd=11 size=0
H264 first bytes: 00 00 00 01 41 e0 00 a0 01 46 1f 09 ce c2 22 5d
encode_release_packet ret=0
MP4 frame 806/1500: sequence=810 pts=32200000 us key=0 nv12=4478976 h264=13401 acquire=13.067 ms encode=26.931 ms mux=0.191 ms
start encode NV12 with RV1106 vendor packet ABI, frame=806
encode_put_frame ret=0
encode_get_packet ret=0 handle=0xaead1930 expected=0xaead1930
vendor packet: mpi_buf_id=177 len=12687 buf_size=1495040 offset=507136 data_num=1 flag=0x00000000 pts=806
valloc packet buffer: mpi_buf_id=177 dma_buf_fd=11 size=0
H264 first bytes: 00 00 00 01 41 e0 00 c0 01 86 1f 0a e6 16 26 dd
encode_release_packet ret=0
MP4 frame 807/1500: sequence=811 pts=32240000 us key=0 nv12=4478976 h264=12687 acquire=12.393 ms encode=26.259 ms mux=0.182 ms
start encode NV12 with RV1106 vendor packet ABI, frame=807
encode_put_frame ret=0
encode_get_packet ret=0 handle=0xaead1930 expected=0xaead1930
vendor packet: mpi_buf_id=177 len=13060 buf_size=1495040 offset=519936 data_num=1 flag=0x00000000 pts=807
valloc packet buffer: mpi_buf_id=177 dma_buf_fd=11 size=0
H264 first bytes: 00 00 00 01 41 e0 00 e0 01 c6 1f 0b 59 c7 89 76
encode_release_packet ret=0
MP4 frame 808/1500: sequence=812 pts=32280000 us key=0 nv12=4478976 h264=13060 acquire=13.066 ms encode=26.924 ms mux=0.178 ms
start encode NV12 with RV1106 vendor packet ABI, frame=808
encode_put_frame ret=0
encode_get_packet ret=0 handle=0xaead1930 expected=0xaead1930
vendor packet: mpi_buf_id=177 len=12841 buf_size=1495040 offset=533120 data_num=1 flag=0x00000000 pts=808
valloc packet buffer: mpi_buf_id=177 dma_buf_fd=11 size=0
H264 first bytes: 00 00 00 01 41 e0 01 00 02 06 1f 19 c5 78 ab 86
encode_release_packet ret=0
MP4 frame 809/1500: sequence=813 pts=32320000 us key=0 nv12=4478976 h264=12841 acquire=12.413 ms encode=26.236 ms mux=0.179 ms
start encode NV12 with RV1106 vendor packet ABI, frame=809
encode_put_frame ret=0
encode_get_packet ret=0 handle=0xaead1930 expected=0xaead1930
vendor packet: mpi_buf_id=177 len=12473 buf_size=1495040 offset=546048 data_num=1 flag=0x00000000 pts=809
valloc packet buffer: mpi_buf_id=177 dma_buf_fd=11 size=0
H264 first bytes: 00 00 00 01 41 e0 01 20 02 46 1f 0d d3 31 52 e0
encode_release_packet ret=0
MP4 frame 810/1500: sequence=814 pts=32360000 us key=0 nv12=4478976 h264=12473 acquire=13.103 ms encode=26.878 ms mux=0.167 ms
start encode NV12 with RV1106 vendor packet ABI, frame=810
encode_put_frame ret=0
encode_get_packet ret=0 handle=0xaead1930 expected=0xaead1930
vendor packet: mpi_buf_id=177 len=13001 buf_size=1495040 offset=558592 data_num=1 flag=0x00000000 pts=810
valloc packet buffer: mpi_buf_id=177 dma_buf_fd=11 size=0
H264 first bytes: 00 00 00 01 41 e0 01 40 02 86 1f 3d 1c 4e be dc
encode_release_packet ret=0
MP4 frame 811/1500: sequence=815 pts=32400000 us key=0 nv12=4478976 h264=13001 acquire=12.463 ms encode=26.206 ms mux=0.181 ms
start encode NV12 with RV1106 vendor packet ABI, frame=811
encode_put_frame ret=0
encode_get_packet ret=0 handle=0xaead1930 expected=0xaead1930
vendor packet: mpi_buf_id=177 len=12967 buf_size=1495040 offset=571648 data_num=1 flag=0x00000000 pts=811
valloc packet buffer: mpi_buf_id=177 dma_buf_fd=11 size=0
H264 first bytes: 00 00 00 01 41 e0 01 60 02 c6 1f 07 14 79 a6 71
encode_release_packet ret=0
MP4 frame 812/1500: sequence=816 pts=32440000 us key=0 nv12=4478976 h264=12967 acquire=13.124 ms encode=26.868 ms mux=0.174 ms
start encode NV12 with RV1106 vendor packet ABI, frame=812
encode_put_frame ret=0
encode_get_packet ret=0 handle=0xaead1930 expected=0xaead1930
vendor packet: mpi_buf_id=177 len=12605 buf_size=1495040 offset=584704 data_num=1 flag=0x00000000 pts=812
valloc packet buffer: mpi_buf_id=177 dma_buf_fd=11 size=0
H264 first bytes: 00 00 00 01 41 e0 01 80 03 06 1f 02 1c da c7 84
encode_release_packet ret=0
MP4 frame 813/1500: sequence=817 pts=32480000 us key=0 nv12=4478976 h264=12605 acquire=12.463 ms encode=26.227 ms mux=0.177 ms
start encode NV12 with RV1106 vendor packet ABI, frame=813
encode_put_frame ret=0
encode_get_packet ret=0 handle=0xaead1930 expected=0xaead1930
vendor packet: mpi_buf_id=177 len=12244 buf_size=1495040 offset=597376 data_num=1 flag=0x00000000 pts=813
valloc packet buffer: mpi_buf_id=177 dma_buf_fd=11 size=0
H264 first bytes: 00 00 00 01 41 e0 01 a0 03 46 1f 02 ac d9 f3 44
encode_release_packet ret=0
MP4 frame 814/1500: sequence=818 pts=32520000 us key=0 nv12=4478976 h264=12244 acquire=13.109 ms encode=27.011 ms mux=0.179 ms
start encode NV12 with RV1106 vendor packet ABI, frame=814
encode_put_frame ret=0
encode_get_packet ret=0 handle=0xaead1930 expected=0xaead1930
vendor packet: mpi_buf_id=177 len=12500 buf_size=1495040 offset=609664 data_num=1 flag=0x00000000 pts=814
valloc packet buffer: mpi_buf_id=177 dma_buf_fd=11 size=0
H264 first bytes: 00 00 00 01 41 e0 01 c0 03 86 1f 09 4e 41 82 78
encode_release_packet ret=0
MP4 frame 815/1500: sequence=819 pts=32560000 us key=0 nv12=4478976 h264=12500 acquire=12.323 ms encode=26.217 ms mux=0.182 ms
start encode NV12 with RV1106 vendor packet ABI, frame=815
encode_put_frame ret=0
encode_get_packet ret=0 handle=0xaead1930 expected=0xaead1930
vendor packet: mpi_buf_id=177 len=12248 buf_size=1495040 offset=622208 data_num=1 flag=0x00000000 pts=815
valloc packet buffer: mpi_buf_id=177 dma_buf_fd=11 size=0
H264 first bytes: 00 00 00 01 41 e0 01 e0 03 c6 1f 15 b8 ea 8c 13
encode_release_packet ret=0
MP4 frame 816/1500: sequence=820 pts=32600000 us key=0 nv12=4478976 h264=12248 acquire=13.118 ms encode=26.789 ms mux=0.179 ms
start encode NV12 with RV1106 vendor packet ABI, frame=816
encode_put_frame ret=0
encode_get_packet ret=0 handle=0xaead1930 expected=0xaead1930
vendor packet: mpi_buf_id=177 len=12805 buf_size=1495040 offset=634496 data_num=1 flag=0x00000000 pts=816
valloc packet buffer: mpi_buf_id=177 dma_buf_fd=11 size=0
H264 first bytes: 00 00 00 01 41 e0 02 00 04 06 1f 05 52 0c 14 27
encode_release_packet ret=0
MP4 frame 817/1500: sequence=821 pts=32640000 us key=0 nv12=4478976 h264=12805 acquire=12.547 ms encode=26.286 ms mux=0.175 ms
start encode NV12 with RV1106 vendor packet ABI, frame=817
encode_put_frame ret=0
encode_get_packet ret=0 handle=0xaead1930 expected=0xaead1930
vendor packet: mpi_buf_id=177 len=12544 buf_size=1495040 offset=647424 data_num=1 flag=0x00000000 pts=817
valloc packet buffer: mpi_buf_id=177 dma_buf_fd=11 size=0
H264 first bytes: 00 00 00 01 41 e0 02 20 04 46 1f 06 57 87 26 34
encode_release_packet ret=0
MP4 frame 818/1500: sequence=822 pts=32680000 us key=0 nv12=4478976 h264=12544 acquire=13.050 ms encode=26.815 ms mux=0.181 ms
start encode NV12 with RV1106 vendor packet ABI, frame=818
encode_put_frame ret=0
encode_get_packet ret=0 handle=0xaead1930 expected=0xaead1930
vendor packet: mpi_buf_id=177 len=12709 buf_size=1495040 offset=659968 data_num=1 flag=0x00000000 pts=818
valloc packet buffer: mpi_buf_id=177 dma_buf_fd=11 size=0
H264 first bytes: 00 00 00 01 41 e0 02 40 04 86 1f 02 bd 1e 6b cd
encode_release_packet ret=0
MP4 frame 819/1500: sequence=823 pts=32720000 us key=0 nv12=4478976 h264=12709 acquire=12.519 ms encode=26.317 ms mux=0.181 ms
start encode NV12 with RV1106 vendor packet ABI, frame=819
encode_put_frame ret=0
encode_get_packet ret=0 handle=0xaead1930 expected=0xaead1930
vendor packet: mpi_buf_id=177 len=12477 buf_size=1495040 offset=672768 data_num=1 flag=0x00000000 pts=819
valloc packet buffer: mpi_buf_id=177 dma_buf_fd=11 size=0
H264 first bytes: 00 00 00 01 41 e0 02 60 04 c6 1f 35 a9 b9 b3 af
encode_release_packet ret=0
MP4 frame 820/1500: sequence=824 pts=32760000 us key=0 nv12=4478976 h264=12477 acquire=13.007 ms encode=26.853 ms mux=0.199 ms
start encode NV12 with RV1106 vendor packet ABI, frame=820
encode_put_frame ret=0
encode_get_packet ret=0 handle=0xaead1930 expected=0xaead1930
vendor packet: mpi_buf_id=177 len=12374 buf_size=1495040 offset=685312 data_num=1 flag=0x00000000 pts=820
valloc packet buffer: mpi_buf_id=177 dma_buf_fd=11 size=0
H264 first bytes: 00 00 00 01 41 e0 02 80 05 06 1f 11 58 88 4c 70
encode_release_packet ret=0
MP4 frame 821/1500: sequence=825 pts=32800000 us key=0 nv12=4478976 h264=12374 acquire=12.480 ms encode=26.311 ms mux=0.172 ms
start encode NV12 with RV1106 vendor packet ABI, frame=821
encode_put_frame ret=0
encode_get_packet ret=0 handle=0xaead1930 expected=0xaead1930
vendor packet: mpi_buf_id=177 len=12852 buf_size=1495040 offset=697728 data_num=1 flag=0x00000000 pts=821
valloc packet buffer: mpi_buf_id=177 dma_buf_fd=11 size=0
H264 first bytes: 00 00 00 01 41 e0 02 a0 05 46 1f 08 cc 70 88 94
encode_release_packet ret=0
MP4 frame 822/1500: sequence=826 pts=32840000 us key=0 nv12=4478976 h264=12852 acquire=13.171 ms encode=27.003 ms mux=0.979 ms
start encode NV12 with RV1106 vendor packet ABI, frame=822
encode_put_frame ret=0
encode_get_packet ret=0 handle=0xaead1930 expected=0xaead1930
vendor packet: mpi_buf_id=177 len=12944 buf_size=1495040 offset=710656 data_num=1 flag=0x00000000 pts=822
valloc packet buffer: mpi_buf_id=177 dma_buf_fd=11 size=0
H264 first bytes: 00 00 00 01 41 e0 02 c0 05 86 1f 06 f6 7f 13 77
encode_release_packet ret=0
MP4 frame 823/1500: sequence=827 pts=32880000 us key=0 nv12=4478976 h264=12944 acquire=11.258 ms encode=26.308 ms mux=0.177 ms
start encode NV12 with RV1106 vendor packet ABI, frame=823
encode_put_frame ret=0
encode_get_packet ret=0 handle=0xaead1930 expected=0xaead1930
vendor packet: mpi_buf_id=177 len=11930 buf_size=1495040 offset=723712 data_num=1 flag=0x00000000 pts=823
valloc packet buffer: mpi_buf_id=177 dma_buf_fd=11 size=0
H264 first bytes: 00 00 00 01 41 e0 02 e0 05 c6 1f 06 96 78 73 34
encode_release_packet ret=0
MP4 frame 824/1500: sequence=828 pts=32920000 us key=0 nv12=4478976 h264=11930 acquire=13.015 ms encode=26.870 ms mux=0.172 ms
start encode NV12 with RV1106 vendor packet ABI, frame=824
encode_put_frame ret=0
encode_get_packet ret=0 handle=0xaead1930 expected=0xaead1930
vendor packet: mpi_buf_id=177 len=11965 buf_size=1495040 offset=735744 data_num=1 flag=0x00000000 pts=824
valloc packet buffer: mpi_buf_id=177 dma_buf_fd=11 size=0
H264 first bytes: 00 00 00 01 41 e0 03 00 06 06 1f cf 87 b7 19 39
encode_release_packet ret=0
MP4 frame 825/1500: sequence=829 pts=32960000 us key=0 nv12=4478976 h264=11965 acquire=12.462 ms encode=26.280 ms mux=0.167 ms
start encode NV12 with RV1106 vendor packet ABI, frame=825
encode_put_frame ret=0
encode_get_packet ret=0 handle=0xaead1930 expected=0xaead1930
vendor packet: mpi_buf_id=177 len=185534 buf_size=1495040 offset=747776 data_num=1 flag=0x00000010 pts=825
valloc packet buffer: mpi_buf_id=177 dma_buf_fd=11 size=0
H264 first bytes: 00 00 00 01 65 b8 00 02 00 00 0f c2 91 20 53 00
encode_release_packet ret=0
MP4 frame 826/1500: sequence=830 pts=33000000 us key=1 nv12=4478976 h264=185534 acquire=13.063 ms encode=26.817 ms mux=2.988 ms
start encode NV12 with RV1106 vendor packet ABI, frame=826
encode_put_frame ret=0
encode_get_packet ret=0 handle=0xaead1930 expected=0xaead1930
vendor packet: mpi_buf_id=177 len=12613 buf_size=1495040 offset=933376 data_num=1 flag=0x00000000 pts=826
valloc packet buffer: mpi_buf_id=177 dma_buf_fd=11 size=0
H264 first bytes: 00 00 00 01 41 e0 00 20 00 46 1f 13 9a 32 43 8c
encode_release_packet ret=0
MP4 frame 827/1500: sequence=831 pts=33040000 us key=0 nv12=4478976 h264=12613 acquire=9.710 ms encode=26.209 ms mux=0.183 ms
start encode NV12 with RV1106 vendor packet ABI, frame=827
encode_put_frame ret=0
encode_get_packet ret=0 handle=0xaead1930 expected=0xaead1930
vendor packet: mpi_buf_id=177 len=12875 buf_size=1495040 offset=946048 data_num=1 flag=0x00000000 pts=827
valloc packet buffer: mpi_buf_id=177 dma_buf_fd=11 size=0
H264 first bytes: 00 00 00 01 41 e0 00 40 00 86 0b cf 6c 75 0c 3f
encode_release_packet ret=0
MP4 frame 828/1500: sequence=832 pts=33080000 us key=0 nv12=4478976 h264=12875 acquire=13.101 ms encode=26.813 ms mux=0.176 ms
start encode NV12 with RV1106 vendor packet ABI, frame=828
encode_put_frame ret=0
encode_get_packet ret=0 handle=0xaead1930 expected=0xaead1930
vendor packet: mpi_buf_id=177 len=13699 buf_size=1495040 offset=958976 data_num=1 flag=0x00000000 pts=828
valloc packet buffer: mpi_buf_id=177 dma_buf_fd=11 size=0
H264 first bytes: 00 00 00 01 41 e0 00 60 00 c6 0b cf 51 9a 0f eb
encode_release_packet ret=0
MP4 frame 829/1500: sequence=833 pts=33120000 us key=0 nv12=4478976 h264=13699 acquire=12.523 ms encode=26.377 ms mux=0.195 ms
start encode NV12 with RV1106 vendor packet ABI, frame=829
encode_put_frame ret=0
encode_get_packet ret=0 handle=0xaead1930 expected=0xaead1930
vendor packet: mpi_buf_id=177 len=13222 buf_size=1495040 offset=972800 data_num=1 flag=0x00000000 pts=829
valloc packet buffer: mpi_buf_id=177 dma_buf_fd=11 size=0
H264 first bytes: 00 00 00 01 41 e0 00 80 01 06 0b cd a8 c9 ca 30
encode_release_packet ret=0
MP4 frame 830/1500: sequence=834 pts=33160000 us key=0 nv12=4478976 h264=13222 acquire=12.936 ms encode=26.917 ms mux=0.181 ms
start encode NV12 with RV1106 vendor packet ABI, frame=830
encode_put_frame ret=0
encode_get_packet ret=0 handle=0xaead1930 expected=0xaead1930
vendor packet: mpi_buf_id=177 len=13594 buf_size=1495040 offset=986112 data_num=1 flag=0x00000000 pts=830
valloc packet buffer: mpi_buf_id=177 dma_buf_fd=11 size=0
H264 first bytes: 00 00 00 01 41 e0 00 a0 01 46 0b c5 d9 a5 8e 0f
encode_release_packet ret=0
MP4 frame 831/1500: sequence=835 pts=33200000 us key=0 nv12=4478976 h264=13594 acquire=12.421 ms encode=26.217 ms mux=0.193 ms
start encode NV12 with RV1106 vendor packet ABI, frame=831
encode_put_frame ret=0
encode_get_packet ret=0 handle=0xaead1930 expected=0xaead1930
vendor packet: mpi_buf_id=177 len=13528 buf_size=1495040 offset=999808 data_num=1 flag=0x00000000 pts=831
valloc packet buffer: mpi_buf_id=177 dma_buf_fd=11 size=0
H264 first bytes: 00 00 00 01 41 e0 00 c0 01 86 0b cf 3a 05 3d f6
encode_release_packet ret=0
MP4 frame 832/1500: sequence=836 pts=33240000 us key=0 nv12=4478976 h264=13528 acquire=13.093 ms encode=26.877 ms mux=0.191 ms
start encode NV12 with RV1106 vendor packet ABI, frame=832
encode_put_frame ret=0
encode_get_packet ret=0 handle=0xaead1930 expected=0xaead1930
vendor packet: mpi_buf_id=177 len=13372 buf_size=1495040 offset=1013376 data_num=1 flag=0x00000000 pts=832
valloc packet buffer: mpi_buf_id=177 dma_buf_fd=11 size=0
H264 first bytes: 00 00 00 01 41 e0 00 e0 01 c6 0b cd 78 8a f9 86
encode_release_packet ret=0
MP4 frame 833/1500: sequence=837 pts=33280000 us key=0 nv12=4478976 h264=13372 acquire=12.442 ms encode=26.189 ms mux=0.187 ms
start encode NV12 with RV1106 vendor packet ABI, frame=833
encode_put_frame ret=0
encode_get_packet ret=0 handle=0xaead1930 expected=0xaead1930
vendor packet: mpi_buf_id=177 len=12583 buf_size=1495040 offset=1026816 data_num=1 flag=0x00000000 pts=833
valloc packet buffer: mpi_buf_id=177 dma_buf_fd=11 size=0
H264 first bytes: 00 00 00 01 41 e0 01 00 02 06 1f 09 e3 c6 09 62
encode_release_packet ret=0
MP4 frame 834/1500: sequence=838 pts=33320000 us key=0 nv12=4478976 h264=12583 acquire=13.132 ms encode=26.898 ms mux=0.176 ms
start encode NV12 with RV1106 vendor packet ABI, frame=834
encode_put_frame ret=0
encode_get_packet ret=0 handle=0xaead1930 expected=0xaead1930
vendor packet: mpi_buf_id=177 len=11813 buf_size=1495040 offset=1039488 data_num=1 flag=0x00000000 pts=834
valloc packet buffer: mpi_buf_id=177 dma_buf_fd=11 size=0
H264 first bytes: 00 00 00 01 41 e0 01 20 02 46 1f 09 4b 08 89 77
encode_release_packet ret=0
MP4 frame 835/1500: sequence=839 pts=33360000 us key=0 nv12=4478976 h264=11813 acquire=12.437 ms encode=26.272 ms mux=0.160 ms
start encode NV12 with RV1106 vendor packet ABI, frame=835
encode_put_frame ret=0
encode_get_packet ret=0 handle=0xaead1930 expected=0xaead1930
vendor packet: mpi_buf_id=177 len=12600 buf_size=1495040 offset=1051392 data_num=1 flag=0x00000000 pts=835
valloc packet buffer: mpi_buf_id=177 dma_buf_fd=11 size=0
H264 first bytes: 00 00 00 01 41 e0 01 40 02 86 1f 19 73 4e a5 52
encode_release_packet ret=0
MP4 frame 836/1500: sequence=840 pts=33400000 us key=0 nv12=4478976 h264=12600 acquire=13.081 ms encode=26.830 ms mux=0.173 ms
start encode NV12 with RV1106 vendor packet ABI, frame=836
encode_put_frame ret=0
encode_get_packet ret=0 handle=0xaead1930 expected=0xaead1930
vendor packet: mpi_buf_id=177 len=12716 buf_size=1495040 offset=1064064 data_num=1 flag=0x00000000 pts=836
valloc packet buffer: mpi_buf_id=177 dma_buf_fd=11 size=0
H264 first bytes: 00 00 00 01 41 e0 01 60 02 c6 1f 09 4c 71 c2 72
encode_release_packet ret=0
MP4 frame 837/1500: sequence=841 pts=33440000 us key=0 nv12=4478976 h264=12716 acquire=12.507 ms encode=26.391 ms mux=0.175 ms
start encode NV12 with RV1106 vendor packet ABI, frame=837
encode_put_frame ret=0
encode_get_packet ret=0 handle=0xaead1930 expected=0xaead1930
vendor packet: mpi_buf_id=177 len=12701 buf_size=1495040 offset=1076864 data_num=1 flag=0x00000000 pts=837
valloc packet buffer: mpi_buf_id=177 dma_buf_fd=11 size=0
H264 first bytes: 00 00 00 01 41 e0 01 80 03 06 1f 13 a8 35 d4 93
encode_release_packet ret=0
MP4 frame 838/1500: sequence=842 pts=33480000 us key=0 nv12=4478976 h264=12701 acquire=12.944 ms encode=26.815 ms mux=0.184 ms
start encode NV12 with RV1106 vendor packet ABI, frame=838
encode_put_frame ret=0
encode_get_packet ret=0 handle=0xaead1930 expected=0xaead1930
vendor packet: mpi_buf_id=177 len=10193 buf_size=1495040 offset=1089664 data_num=1 flag=0x00000000 pts=838
valloc packet buffer: mpi_buf_id=177 dma_buf_fd=11 size=0
H264 first bytes: 00 00 00 01 41 e0 01 a0 03 46 3c 33 58 f9 b0 53
encode_release_packet ret=0
MP4 frame 839/1500: sequence=843 pts=33520000 us key=0 nv12=4478976 h264=10193 acquire=12.517 ms encode=26.227 ms mux=0.153 ms
start encode NV12 with RV1106 vendor packet ABI, frame=839
encode_put_frame ret=0
encode_get_packet ret=0 handle=0xaead1930 expected=0xaead1930
vendor packet: mpi_buf_id=177 len=12452 buf_size=1495040 offset=1099904 data_num=1 flag=0x00000000 pts=839
valloc packet buffer: mpi_buf_id=177 dma_buf_fd=11 size=0
H264 first bytes: 00 00 00 01 41 e0 01 c0 03 86 1f 09 43 41 71 c2
encode_release_packet ret=0
MP4 frame 840/1500: sequence=844 pts=33560000 us key=0 nv12=4478976 h264=12452 acquire=13.131 ms encode=26.876 ms mux=0.173 ms
start encode NV12 with RV1106 vendor packet ABI, frame=840
encode_put_frame ret=0
encode_get_packet ret=0 handle=0xaead1930 expected=0xaead1930
vendor packet: mpi_buf_id=177 len=12632 buf_size=1495040 offset=1112448 data_num=1 flag=0x00000000 pts=840
valloc packet buffer: mpi_buf_id=177 dma_buf_fd=11 size=0
H264 first bytes: 00 00 00 01 41 e0 01 e0 03 c6 1f 08 c2 4c 70 95
encode_release_packet ret=0
MP4 frame 841/1500: sequence=845 pts=33600000 us key=0 nv12=4478976 h264=12632 acquire=12.460 ms encode=26.366 ms mux=0.174 ms
start encode NV12 with RV1106 vendor packet ABI, frame=841
encode_put_frame ret=0
encode_get_packet ret=0 handle=0xaead1930 expected=0xaead1930
vendor packet: mpi_buf_id=177 len=11816 buf_size=1495040 offset=1125120 data_num=1 flag=0x00000000 pts=841
valloc packet buffer: mpi_buf_id=177 dma_buf_fd=11 size=0
H264 first bytes: 00 00 00 01 41 e0 02 00 04 06 1f 79 a7 9c d0 73
encode_release_packet ret=0
MP4 frame 842/1500: sequence=846 pts=33640000 us key=0 nv12=4478976 h264=11816 acquire=12.966 ms encode=26.838 ms mux=0.170 ms
start encode NV12 with RV1106 vendor packet ABI, frame=842
encode_put_frame ret=0
encode_get_packet ret=0 handle=0xaead1930 expected=0xaead1930
vendor packet: mpi_buf_id=177 len=12213 buf_size=1495040 offset=1137024 data_num=1 flag=0x00000000 pts=842
valloc packet buffer: mpi_buf_id=177 dma_buf_fd=11 size=0
H264 first bytes: 00 00 00 01 41 e0 02 20 04 46 1f 1f 71 c5 75 75
encode_release_packet ret=0
MP4 frame 843/1500: sequence=847 pts=33680000 us key=0 nv12=4478976 h264=12213 acquire=12.511 ms encode=26.512 ms mux=0.169 ms
start encode NV12 with RV1106 vendor packet ABI, frame=843
encode_put_frame ret=0
encode_get_packet ret=0 handle=0xaead1930 expected=0xaead1930
vendor packet: mpi_buf_id=177 len=12157 buf_size=1495040 offset=1149312 data_num=1 flag=0x00000000 pts=843
valloc packet buffer: mpi_buf_id=177 dma_buf_fd=11 size=0
H264 first bytes: 00 00 00 01 41 e0 02 40 04 86 1f 15 96 f4 c8 4f
encode_release_packet ret=0
MP4 frame 844/1500: sequence=848 pts=33720000 us key=0 nv12=4478976 h264=12157 acquire=12.822 ms encode=26.859 ms mux=0.169 ms
start encode NV12 with RV1106 vendor packet ABI, frame=844
encode_put_frame ret=0
encode_get_packet ret=0 handle=0xaead1930 expected=0xaead1930
vendor packet: mpi_buf_id=177 len=12576 buf_size=1495040 offset=1161472 data_num=1 flag=0x00000000 pts=844
valloc packet buffer: mpi_buf_id=177 dma_buf_fd=11 size=0
H264 first bytes: 00 00 00 01 41 e0 02 60 04 c6 1f 19 cd 53 29 b8
encode_release_packet ret=0
MP4 frame 845/1500: sequence=849 pts=33760000 us key=0 nv12=4478976 h264=12576 acquire=12.487 ms encode=26.312 ms mux=0.180 ms
start encode NV12 with RV1106 vendor packet ABI, frame=845
encode_put_frame ret=0
encode_get_packet ret=0 handle=0xaead1930 expected=0xaead1930
vendor packet: mpi_buf_id=177 len=13097 buf_size=1495040 offset=1174144 data_num=1 flag=0x00000000 pts=845
valloc packet buffer: mpi_buf_id=177 dma_buf_fd=11 size=0
H264 first bytes: 00 00 00 01 41 e0 02 80 05 06 0b c6 71 5e 75 33
encode_release_packet ret=0
MP4 frame 846/1500: sequence=850 pts=33800000 us key=0 nv12=4478976 h264=13097 acquire=13.024 ms encode=26.845 ms mux=0.180 ms
start encode NV12 with RV1106 vendor packet ABI, frame=846
encode_put_frame ret=0
encode_get_packet ret=0 handle=0xaead1930 expected=0xaead1930
vendor packet: mpi_buf_id=177 len=13191 buf_size=1495040 offset=1187328 data_num=1 flag=0x00000000 pts=846
valloc packet buffer: mpi_buf_id=177 dma_buf_fd=11 size=0
H264 first bytes: 00 00 00 01 41 e0 02 a0 05 46 0b c6 52 15 b7 65
encode_release_packet ret=0
MP4 frame 847/1500: sequence=851 pts=33840000 us key=0 nv12=4478976 h264=13191 acquire=12.482 ms encode=26.221 ms mux=1.052 ms
start encode NV12 with RV1106 vendor packet ABI, frame=847
encode_put_frame ret=0
encode_get_packet ret=0 handle=0xaead1930 expected=0xaead1930
vendor packet: mpi_buf_id=177 len=12879 buf_size=1495040 offset=1200640 data_num=1 flag=0x00000000 pts=847
valloc packet buffer: mpi_buf_id=177 dma_buf_fd=11 size=0
H264 first bytes: 00 00 00 01 41 e0 02 c0 05 86 0b c7 cb 1e 26 5c
encode_release_packet ret=0
MP4 frame 848/1500: sequence=852 pts=33880000 us key=0 nv12=4478976 h264=12879 acquire=12.231 ms encode=26.866 ms mux=0.174 ms
start encode NV12 with RV1106 vendor packet ABI, frame=848
encode_put_frame ret=0
encode_get_packet ret=0 handle=0xaead1930 expected=0xaead1930
vendor packet: mpi_buf_id=177 len=13031 buf_size=1495040 offset=1213568 data_num=1 flag=0x00000000 pts=848
valloc packet buffer: mpi_buf_id=177 dma_buf_fd=11 size=0
H264 first bytes: 00 00 00 01 41 e0 02 e0 05 c6 0b d6 78 e8 e4 30
encode_release_packet ret=0
MP4 frame 849/1500: sequence=853 pts=33920000 us key=0 nv12=4478976 h264=13031 acquire=12.460 ms encode=26.229 ms mux=0.181 ms
start encode NV12 with RV1106 vendor packet ABI, frame=849
encode_put_frame ret=0
encode_get_packet ret=0 handle=0xaead1930 expected=0xaead1930
vendor packet: mpi_buf_id=177 len=13193 buf_size=1495040 offset=1226624 data_num=1 flag=0x00000000 pts=849
valloc packet buffer: mpi_buf_id=177 dma_buf_fd=11 size=0
H264 first bytes: 00 00 00 01 41 e0 03 00 06 06 0b c3 33 a1 c5 b1
encode_release_packet ret=0
MP4 frame 850/1500: sequence=854 pts=33960000 us key=0 nv12=4478976 h264=13193 acquire=13.102 ms encode=26.872 ms mux=0.188 ms
start encode NV12 with RV1106 vendor packet ABI, frame=850
encode_put_frame ret=0
encode_get_packet ret=0 handle=0xaead1930 expected=0xaead1930
vendor packet: mpi_buf_id=177 len=188980 buf_size=1495040 offset=1239936 data_num=1 flag=0x00000010 pts=850
valloc packet buffer: mpi_buf_id=177 dma_buf_fd=11 size=0
H264 first bytes: 00 00 00 01 65 b8 00 03 00 00 04 f0 a4 48 15 a0
encode_release_packet ret=0
MP4 frame 851/1500: sequence=855 pts=34000000 us key=1 nv12=4478976 h264=188980 acquire=12.452 ms encode=26.164 ms mux=3.282 ms
start encode NV12 with RV1106 vendor packet ABI, frame=851
encode_put_frame ret=0
encode_get_packet ret=0 handle=0xaead1930 expected=0xaead1930
vendor packet: mpi_buf_id=177 len=13642 buf_size=1495040 offset=1428992 data_num=1 flag=0x00000000 pts=851
valloc packet buffer: mpi_buf_id=177 dma_buf_fd=11 size=0
H264 first bytes: 00 00 00 01 41 e0 00 20 00 46 0b dd 1e 32 cc 3c
encode_release_packet ret=0
MP4 frame 852/1500: sequence=856 pts=34040000 us key=0 nv12=4478976 h264=13642 acquire=10.066 ms encode=26.898 ms mux=0.184 ms
start encode NV12 with RV1106 vendor packet ABI, frame=852
encode_put_frame ret=0
encode_get_packet ret=0 handle=0xaead1930 expected=0xaead1930
vendor packet: mpi_buf_id=177 len=13552 buf_size=1495040 offset=1442688 data_num=1 flag=0x00000000 pts=852
valloc packet buffer: mpi_buf_id=177 dma_buf_fd=11 size=0
H264 first bytes: 00 00 00 01 41 e0 00 40 00 86 0b c7 c7 85 86 09
encode_release_packet ret=0
MP4 frame 853/1500: sequence=857 pts=34080000 us key=0 nv12=4478976 h264=13552 acquire=12.296 ms encode=26.222 ms mux=0.184 ms
start encode NV12 with RV1106 vendor packet ABI, frame=853
encode_put_frame ret=0
encode_get_packet ret=0 handle=0xaead1930 expected=0xaead1930
vendor packet: mpi_buf_id=177 len=13405 buf_size=1495040 offset=1456256 data_num=1 flag=0x00000000 pts=853
valloc packet buffer: mpi_buf_id=177 dma_buf_fd=11 size=0
H264 first bytes: 00 00 00 01 41 e0 00 60 00 c6 0b cf 68 29 6b 1f
encode_release_packet ret=0
MP4 frame 854/1500: sequence=858 pts=34120000 us key=0 nv12=4478976 h264=13405 acquire=13.094 ms encode=26.802 ms mux=0.185 ms
start encode NV12 with RV1106 vendor packet ABI, frame=854
encode_put_frame ret=0
encode_get_packet ret=0 handle=0xaead1930 expected=0xaead1930
vendor packet: mpi_buf_id=177 len=13956 buf_size=1495040 offset=1469696 data_num=1 flag=0x00000000 pts=854
valloc packet buffer: mpi_buf_id=177 dma_buf_fd=11 size=0
H264 first bytes: 00 00 00 01 41 e0 00 80 01 06 0b cf 2a 1d 64 4d
encode_release_packet ret=0
MP4 frame 855/1500: sequence=859 pts=34160000 us key=0 nv12=4478976 h264=13956 acquire=12.535 ms encode=26.188 ms mux=0.183 ms
start encode NV12 with RV1106 vendor packet ABI, frame=855
encode_put_frame ret=0
encode_get_packet ret=0 handle=0xaead1930 expected=0xaead1930
vendor packet: mpi_buf_id=177 len=13625 buf_size=1495040 offset=1483776 data_num=1 flag=0x00000000 pts=855
valloc packet buffer: mpi_buf_id=177 dma_buf_fd=11 size=0
H264 first bytes: 00 00 00 01 41 e0 00 a0 01 46 0b c6 71 5e 65 98
encode_release_packet ret=0
MP4 frame 856/1500: sequence=860 pts=34200000 us key=0 nv12=4478976 h264=13625 acquire=13.126 ms encode=26.887 ms mux=0.182 ms
start encode NV12 with RV1106 vendor packet ABI, frame=856
encode_put_frame ret=0
encode_get_packet ret=0 handle=0xaead1930 expected=0xaead1930
vendor packet: mpi_buf_id=177 len=13109 buf_size=1495040 offset=2432 data_num=1 flag=0x00000000 pts=856
valloc packet buffer: mpi_buf_id=177 dma_buf_fd=11 size=0
H264 first bytes: 00 00 00 01 41 e0 00 c0 01 86 0b d5 e6 db 2a ae
encode_release_packet ret=0
MP4 frame 857/1500: sequence=861 pts=34240000 us key=0 nv12=4478976 h264=13109 acquire=12.443 ms encode=26.213 ms mux=0.189 ms
start encode NV12 with RV1106 vendor packet ABI, frame=857
encode_put_frame ret=0
encode_get_packet ret=0 handle=0xaead1930 expected=0xaead1930
vendor packet: mpi_buf_id=177 len=13220 buf_size=1495040 offset=15616 data_num=1 flag=0x00000000 pts=857
valloc packet buffer: mpi_buf_id=177 dma_buf_fd=11 size=0
H264 first bytes: 00 00 00 01 41 e0 00 e0 01 c6 0b dd 28 f9 63 04
encode_release_packet ret=0
MP4 frame 858/1500: sequence=862 pts=34280000 us key=0 nv12=4478976 h264=13220 acquire=13.116 ms encode=26.826 ms mux=0.187 ms
start encode NV12 with RV1106 vendor packet ABI, frame=858
encode_put_frame ret=0
encode_get_packet ret=0 handle=0xaead1930 expected=0xaead1930
vendor packet: mpi_buf_id=177 len=12586 buf_size=1495040 offset=28928 data_num=1 flag=0x00000000 pts=858
valloc packet buffer: mpi_buf_id=177 dma_buf_fd=11 size=0
H264 first bytes: 00 00 00 01 41 e0 01 00 02 06 1f 11 33 9e 66 38
encode_release_packet ret=0
MP4 frame 859/1500: sequence=863 pts=34320000 us key=0 nv12=4478976 h264=12586 acquire=12.487 ms encode=26.263 ms mux=0.181 ms
start encode NV12 with RV1106 vendor packet ABI, frame=859
encode_put_frame ret=0
encode_get_packet ret=0 handle=0xaead1930 expected=0xaead1930
vendor packet: mpi_buf_id=177 len=13569 buf_size=1495040 offset=41600 data_num=1 flag=0x00000000 pts=859
valloc packet buffer: mpi_buf_id=177 dma_buf_fd=11 size=0
H264 first bytes: 00 00 00 01 41 e0 01 20 02 46 0b c2 f6 86 09 22
encode_release_packet ret=0
MP4 frame 860/1500: sequence=864 pts=34360000 us key=0 nv12=4478976 h264=13569 acquire=13.079 ms encode=26.927 ms mux=0.186 ms
start encode NV12 with RV1106 vendor packet ABI, frame=860
encode_put_frame ret=0
encode_get_packet ret=0 handle=0xaead1930 expected=0xaead1930
vendor packet: mpi_buf_id=177 len=12871 buf_size=1495040 offset=55296 data_num=1 flag=0x00000000 pts=860
valloc packet buffer: mpi_buf_id=177 dma_buf_fd=11 size=0
H264 first bytes: 00 00 00 01 41 e0 01 40 02 86 1f 2e a1 2b 43 04
encode_release_packet ret=0
MP4 frame 861/1500: sequence=865 pts=34400000 us key=0 nv12=4478976 h264=12871 acquire=12.399 ms encode=26.282 ms mux=0.185 ms
start encode NV12 with RV1106 vendor packet ABI, frame=861
encode_put_frame ret=0
encode_get_packet ret=0 handle=0xaead1930 expected=0xaead1930
vendor packet: mpi_buf_id=177 len=12912 buf_size=1495040 offset=68224 data_num=1 flag=0x00000000 pts=861
valloc packet buffer: mpi_buf_id=177 dma_buf_fd=11 size=0
H264 first bytes: 00 00 00 01 41 e0 01 60 02 c6 1f 05 3b 85 23 a5
encode_release_packet ret=0
MP4 frame 862/1500: sequence=866 pts=34440000 us key=0 nv12=4478976 h264=12912 acquire=13.046 ms encode=26.882 ms mux=0.178 ms
start encode NV12 with RV1106 vendor packet ABI, frame=862
encode_put_frame ret=0
encode_get_packet ret=0 handle=0xaead1930 expected=0xaead1930
vendor packet: mpi_buf_id=177 len=13000 buf_size=1495040 offset=81152 data_num=1 flag=0x00000000 pts=862
valloc packet buffer: mpi_buf_id=177 dma_buf_fd=11 size=0
H264 first bytes: 00 00 00 01 41 e0 01 80 03 06 1f 07 53 9e 26 75
encode_release_packet ret=0
MP4 frame 863/1500: sequence=867 pts=34480000 us key=0 nv12=4478976 h264=13000 acquire=12.445 ms encode=26.321 ms mux=0.178 ms
start encode NV12 with RV1106 vendor packet ABI, frame=863
encode_put_frame ret=0
encode_get_packet ret=0 handle=0xaead1930 expected=0xaead1930
vendor packet: mpi_buf_id=177 len=12735 buf_size=1495040 offset=94208 data_num=1 flag=0x00000000 pts=863
valloc packet buffer: mpi_buf_id=177 dma_buf_fd=11 size=0
H264 first bytes: 00 00 00 01 41 e0 01 a0 03 46 1f 1f 39 86 09 36
encode_release_packet ret=0
MP4 frame 864/1500: sequence=868 pts=34520000 us key=0 nv12=4478976 h264=12735 acquire=13.023 ms encode=26.846 ms mux=0.174 ms
start encode NV12 with RV1106 vendor packet ABI, frame=864
encode_put_frame ret=0
encode_get_packet ret=0 handle=0xaead1930 expected=0xaead1930
vendor packet: mpi_buf_id=177 len=13584 buf_size=1495040 offset=107008 data_num=1 flag=0x00000000 pts=864
valloc packet buffer: mpi_buf_id=177 dma_buf_fd=11 size=0
H264 first bytes: 00 00 00 01 41 e0 01 c0 03 86 0b cf 4c 12 d9 b1
encode_release_packet ret=0
MP4 frame 865/1500: sequence=869 pts=34560000 us key=0 nv12=4478976 h264=13584 acquire=12.484 ms encode=26.276 ms mux=0.184 ms
start encode NV12 with RV1106 vendor packet ABI, frame=865
encode_put_frame ret=0
encode_get_packet ret=0 handle=0xaead1930 expected=0xaead1930
vendor packet: mpi_buf_id=177 len=12904 buf_size=1495040 offset=120704 data_num=1 flag=0x00000000 pts=865
valloc packet buffer: mpi_buf_id=177 dma_buf_fd=11 size=0
H264 first bytes: 00 00 00 01 41 e0 01 e0 03 c6 0b f3 58 9a e6 96
encode_release_packet ret=0
MP4 frame 866/1500: sequence=870 pts=34600000 us key=0 nv12=4478976 h264=12904 acquire=13.055 ms encode=26.813 ms mux=0.180 ms
start encode NV12 with RV1106 vendor packet ABI, frame=866
encode_put_frame ret=0
encode_get_packet ret=0 handle=0xaead1930 expected=0xaead1930
vendor packet: mpi_buf_id=177 len=13450 buf_size=1495040 offset=133632 data_num=1 flag=0x00000000 pts=866
valloc packet buffer: mpi_buf_id=177 dma_buf_fd=11 size=0
H264 first bytes: 00 00 00 01 41 e0 02 00 04 06 0b c7 c7 05 c6 09
encode_release_packet ret=0
MP4 frame 867/1500: sequence=871 pts=34640000 us key=0 nv12=4478976 h264=13450 acquire=12.520 ms encode=26.247 ms mux=0.190 ms
start encode NV12 with RV1106 vendor packet ABI, frame=867
encode_put_frame ret=0
encode_get_packet ret=0 handle=0xaead1930 expected=0xaead1930
vendor packet: mpi_buf_id=177 len=13643 buf_size=1495040 offset=147200 data_num=1 flag=0x00000000 pts=867
valloc packet buffer: mpi_buf_id=177 dma_buf_fd=11 size=0
H264 first bytes: 00 00 00 01 41 e0 02 20 04 46 0b cf 51 92 1b 66
encode_release_packet ret=0
MP4 frame 868/1500: sequence=872 pts=34680000 us key=0 nv12=4478976 h264=13643 acquire=13.077 ms encode=26.971 ms mux=0.192 ms
start encode NV12 with RV1106 vendor packet ABI, frame=868
encode_put_frame ret=0
encode_get_packet ret=0 handle=0xaead1930 expected=0xaead1930
vendor packet: mpi_buf_id=177 len=13014 buf_size=1495040 offset=160896 data_num=1 flag=0x00000000 pts=868
valloc packet buffer: mpi_buf_id=177 dma_buf_fd=11 size=0
H264 first bytes: 00 00 00 01 41 e0 02 40 04 86 0b c9 a9 74 4d f3
encode_release_packet ret=0
MP4 frame 869/1500: sequence=873 pts=34720000 us key=0 nv12=4478976 h264=13014 acquire=12.340 ms encode=26.238 ms mux=0.183 ms
start encode NV12 with RV1106 vendor packet ABI, frame=869
encode_put_frame ret=0
encode_get_packet ret=0 handle=0xaead1930 expected=0xaead1930
vendor packet: mpi_buf_id=177 len=13060 buf_size=1495040 offset=173952 data_num=1 flag=0x00000000 pts=869
valloc packet buffer: mpi_buf_id=177 dma_buf_fd=11 size=0
H264 first bytes: 00 00 00 01 41 e0 02 60 04 c6 0b cf 68 64 cd 4a
encode_release_packet ret=0
MP4 frame 870/1500: sequence=874 pts=34760000 us key=0 nv12=4478976 h264=13060 acquire=13.099 ms encode=26.800 ms mux=0.174 ms
start encode NV12 with RV1106 vendor packet ABI, frame=870
encode_put_frame ret=0
encode_get_packet ret=0 handle=0xaead1930 expected=0xaead1930
vendor packet: mpi_buf_id=177 len=13299 buf_size=1495040 offset=187136 data_num=1 flag=0x00000000 pts=870
valloc packet buffer: mpi_buf_id=177 dma_buf_fd=11 size=0
H264 first bytes: 00 00 00 01 41 e0 02 80 05 06 0b d5 38 d2 fe 3e
encode_release_packet ret=0
MP4 frame 871/1500: sequence=875 pts=34800000 us key=0 nv12=4478976 h264=13299 acquire=12.538 ms encode=26.300 ms mux=1.024 ms
start encode NV12 with RV1106 vendor packet ABI, frame=871
encode_put_frame ret=0
encode_get_packet ret=0 handle=0xaead1930 expected=0xaead1930
vendor packet: mpi_buf_id=177 len=14094 buf_size=1495040 offset=200448 data_num=1 flag=0x00000000 pts=871
valloc packet buffer: mpi_buf_id=177 dma_buf_fd=11 size=0
H264 first bytes: 00 00 00 01 41 e0 02 a0 05 46 0b c5 6a 59 a3 8a
encode_release_packet ret=0
MP4 frame 872/1500: sequence=876 pts=34840000 us key=0 nv12=4478976 h264=14094 acquire=12.180 ms encode=26.858 ms mux=0.193 ms
start encode NV12 with RV1106 vendor packet ABI, frame=872
encode_put_frame ret=0
encode_get_packet ret=0 handle=0xaead1930 expected=0xaead1930
vendor packet: mpi_buf_id=177 len=13265 buf_size=1495040 offset=214656 data_num=1 flag=0x00000000 pts=872
valloc packet buffer: mpi_buf_id=177 dma_buf_fd=11 size=0
H264 first bytes: 00 00 00 01 41 e0 02 c0 05 86 0b c5 46 d1 62 96
encode_release_packet ret=0
MP4 frame 873/1500: sequence=877 pts=34880000 us key=0 nv12=4478976 h264=13265 acquire=12.447 ms encode=26.191 ms mux=0.184 ms
start encode NV12 with RV1106 vendor packet ABI, frame=873
encode_put_frame ret=0
encode_get_packet ret=0 handle=0xaead1930 expected=0xaead1930
vendor packet: mpi_buf_id=177 len=13725 buf_size=1495040 offset=227968 data_num=1 flag=0x00000000 pts=873
valloc packet buffer: mpi_buf_id=177 dma_buf_fd=11 size=0
H264 first bytes: 00 00 00 01 41 e0 02 e0 05 c6 0b c0 a5 6a 37 24
encode_release_packet ret=0
MP4 frame 874/1500: sequence=878 pts=34920000 us key=0 nv12=4478976 h264=13725 acquire=13.131 ms encode=26.891 ms mux=0.186 ms
start encode NV12 with RV1106 vendor packet ABI, frame=874
encode_put_frame ret=0
encode_get_packet ret=0 handle=0xaead1930 expected=0xaead1930
vendor packet: mpi_buf_id=177 len=13211 buf_size=1495040 offset=241792 data_num=1 flag=0x00000000 pts=874
valloc packet buffer: mpi_buf_id=177 dma_buf_fd=11 size=0
H264 first bytes: 00 00 00 01 41 e0 03 00 06 06 0b c2 19 c6 09 79
encode_release_packet ret=0
MP4 frame 875/1500: sequence=879 pts=34960000 us key=0 nv12=4478976 h264=13211 acquire=12.436 ms encode=26.185 ms mux=0.180 ms
start encode NV12 with RV1106 vendor packet ABI, frame=875
encode_put_frame ret=0
encode_get_packet ret=0 handle=0xaead1930 expected=0xaead1930
vendor packet: mpi_buf_id=177 len=189569 buf_size=1495040 offset=255104 data_num=1 flag=0x00000010 pts=875
valloc packet buffer: mpi_buf_id=177 dma_buf_fd=11 size=0
H264 first bytes: 00 00 00 01 65 b8 00 01 00 00 03 01 3c 29 12 11
encode_release_packet ret=0
MP4 frame 876/1500: sequence=880 pts=35000000 us key=1 nv12=4478976 h264=189569 acquire=13.153 ms encode=26.888 ms mux=3.182 ms
start encode NV12 with RV1106 vendor packet ABI, frame=876
encode_put_frame ret=0
encode_get_packet ret=0 handle=0xaead1930 expected=0xaead1930
vendor packet: mpi_buf_id=177 len=13713 buf_size=1495040 offset=444800 data_num=1 flag=0x00000000 pts=876
valloc packet buffer: mpi_buf_id=177 dma_buf_fd=11 size=0
H264 first bytes: 00 00 00 01 41 e0 00 20 00 46 0b c7 da 0a 09 1f
encode_release_packet ret=0
MP4 frame 877/1500: sequence=881 pts=35040000 us key=0 nv12=4478976 h264=13713 acquire=9.423 ms encode=26.289 ms mux=0.189 ms
start encode NV12 with RV1106 vendor packet ABI, frame=877
encode_put_frame ret=0
encode_get_packet ret=0 handle=0xaead1930 expected=0xaead1930
vendor packet: mpi_buf_id=177 len=13739 buf_size=1495040 offset=458624 data_num=1 flag=0x00000000 pts=877
valloc packet buffer: mpi_buf_id=177 dma_buf_fd=11 size=0
H264 first bytes: 00 00 00 01 41 e0 00 40 00 86 0b cf 50 53 68 b8
encode_release_packet ret=0
MP4 frame 878/1500: sequence=882 pts=35080000 us key=0 nv12=4478976 h264=13739 acquire=13.020 ms encode=26.802 ms mux=0.186 ms
start encode NV12 with RV1106 vendor packet ABI, frame=878
encode_put_frame ret=0
encode_get_packet ret=0 handle=0xaead1930 expected=0xaead1930
vendor packet: mpi_buf_id=177 len=13534 buf_size=1495040 offset=472448 data_num=1 flag=0x00000000 pts=878
valloc packet buffer: mpi_buf_id=177 dma_buf_fd=11 size=0
H264 first bytes: 00 00 00 01 41 e0 00 60 00 c6 0b cd 58 da 1c 30
encode_release_packet ret=0
MP4 frame 879/1500: sequence=883 pts=35120000 us key=0 nv12=4478976 h264=13534 acquire=12.532 ms encode=26.198 ms mux=0.187 ms
start encode NV12 with RV1106 vendor packet ABI, frame=879
encode_put_frame ret=0
encode_get_packet ret=0 handle=0xaead1930 expected=0xaead1930
vendor packet: mpi_buf_id=177 len=13843 buf_size=1495040 offset=486016 data_num=1 flag=0x00000000 pts=879
valloc packet buffer: mpi_buf_id=177 dma_buf_fd=11 size=0
H264 first bytes: 00 00 00 01 41 e0 00 80 01 06 0b cf 6c 65 9b 2d
encode_release_packet ret=0
MP4 frame 880/1500: sequence=884 pts=35160000 us key=0 nv12=4478976 h264=13843 acquire=13.123 ms encode=26.848 ms mux=0.193 ms
start encode NV12 with RV1106 vendor packet ABI, frame=880
encode_put_frame ret=0
encode_get_packet ret=0 handle=0xaead1930 expected=0xaead1930
vendor packet: mpi_buf_id=177 len=12657 buf_size=1495040 offset=499968 data_num=1 flag=0x00000000 pts=880
valloc packet buffer: mpi_buf_id=177 dma_buf_fd=11 size=0
H264 first bytes: 00 00 00 01 41 e0 00 a0 01 46 1f 09 43 b1 e2 4f
encode_release_packet ret=0
MP4 frame 881/1500: sequence=885 pts=35200000 us key=0 nv12=4478976 h264=12657 acquire=12.473 ms encode=26.220 ms mux=0.179 ms
start encode NV12 with RV1106 vendor packet ABI, frame=881
encode_put_frame ret=0
encode_get_packet ret=0 handle=0xaead1930 expected=0xaead1930
vendor packet: mpi_buf_id=177 len=13140 buf_size=1495040 offset=512640 data_num=1 flag=0x00000000 pts=881
valloc packet buffer: mpi_buf_id=177 dma_buf_fd=11 size=0
H264 first bytes: 00 00 00 01 41 e0 00 c0 01 86 1f 53 60 a6 26 61
encode_release_packet ret=0
MP4 frame 882/1500: sequence=886 pts=35240000 us key=0 nv12=4478976 h264=13140 acquire=13.121 ms encode=26.876 ms mux=0.175 ms
start encode NV12 with RV1106 vendor packet ABI, frame=882
encode_put_frame ret=0
encode_get_packet ret=0 handle=0xaead1930 expected=0xaead1930
vendor packet: mpi_buf_id=177 len=13086 buf_size=1495040 offset=525824 data_num=1 flag=0x00000000 pts=882
valloc packet buffer: mpi_buf_id=177 dma_buf_fd=11 size=0
H264 first bytes: 00 00 00 01 41 e0 00 e0 01 c6 1f 0d c6 90 71 68
encode_release_packet ret=0
MP4 frame 883/1500: sequence=887 pts=35280000 us key=0 nv12=4478976 h264=13086 acquire=12.460 ms encode=26.293 ms mux=0.184 ms
start encode NV12 with RV1106 vendor packet ABI, frame=883
encode_put_frame ret=0
encode_get_packet ret=0 handle=0xaead1930 expected=0xaead1930
vendor packet: mpi_buf_id=177 len=13197 buf_size=1495040 offset=539008 data_num=1 flag=0x00000000 pts=883
valloc packet buffer: mpi_buf_id=177 dma_buf_fd=11 size=0
H264 first bytes: 00 00 00 01 41 e0 01 00 02 06 1f 0e 4f 82 99 70
encode_release_packet ret=0
MP4 frame 884/1500: sequence=888 pts=35320000 us key=0 nv12=4478976 h264=13197 acquire=12.913 ms encode=26.856 ms mux=0.188 ms
start encode NV12 with RV1106 vendor packet ABI, frame=884
encode_put_frame ret=0
encode_get_packet ret=0 handle=0xaead1930 expected=0xaead1930
vendor packet: mpi_buf_id=177 len=12831 buf_size=1495040 offset=552320 data_num=1 flag=0x00000000 pts=884
valloc packet buffer: mpi_buf_id=177 dma_buf_fd=11 size=0
H264 first bytes: 00 00 00 01 41 e0 01 20 02 46 1f 15 36 3a 64 30
encode_release_packet ret=0
MP4 frame 885/1500: sequence=889 pts=35360000 us key=0 nv12=4478976 h264=12831 acquire=12.467 ms encode=26.289 ms mux=0.174 ms
start encode NV12 with RV1106 vendor packet ABI, frame=885
encode_put_frame ret=0
encode_get_packet ret=0 handle=0xaead1930 expected=0xaead1930
vendor packet: mpi_buf_id=177 len=12127 buf_size=1495040 offset=565248 data_num=1 flag=0x00000000 pts=885
valloc packet buffer: mpi_buf_id=177 dma_buf_fd=11 size=0
H264 first bytes: 00 00 00 01 41 e0 01 40 02 86 1f 26 e2 b3 43 95
encode_release_packet ret=0
MP4 frame 886/1500: sequence=890 pts=35400000 us key=0 nv12=4478976 h264=12127 acquire=13.048 ms encode=26.822 ms mux=0.171 ms
start encode NV12 with RV1106 vendor packet ABI, frame=886
encode_put_frame ret=0
encode_get_packet ret=0 handle=0xaead1930 expected=0xaead1930
vendor packet: mpi_buf_id=177 len=12191 buf_size=1495040 offset=577408 data_num=1 flag=0x00000000 pts=886
valloc packet buffer: mpi_buf_id=177 dma_buf_fd=11 size=0
H264 first bytes: 00 00 00 01 41 e0 01 60 02 c6 1f 19 51 5d 58 ce
encode_release_packet ret=0
MP4 frame 887/1500: sequence=891 pts=35440000 us key=0 nv12=4478976 h264=12191 acquire=12.519 ms encode=26.201 ms mux=0.170 ms
start encode NV12 with RV1106 vendor packet ABI, frame=887
encode_put_frame ret=0
encode_get_packet ret=0 handle=0xaead1930 expected=0xaead1930
vendor packet: mpi_buf_id=177 len=12402 buf_size=1495040 offset=589696 data_num=1 flag=0x00000000 pts=887
valloc packet buffer: mpi_buf_id=177 dma_buf_fd=11 size=0
H264 first bytes: 00 00 00 01 41 e0 01 80 03 06 1f 02 ee 68 ca cd
encode_release_packet ret=0
MP4 frame 888/1500: sequence=892 pts=35480000 us key=0 nv12=4478976 h264=12402 acquire=13.143 ms encode=26.837 ms mux=0.173 ms
start encode NV12 with RV1106 vendor packet ABI, frame=888
encode_put_frame ret=0
encode_get_packet ret=0 handle=0xaead1930 expected=0xaead1930
vendor packet: mpi_buf_id=177 len=12711 buf_size=1495040 offset=602112 data_num=1 flag=0x00000000 pts=888
valloc packet buffer: mpi_buf_id=177 dma_buf_fd=11 size=0
H264 first bytes: 00 00 00 01 41 e0 01 a0 03 46 1f 07 d9 bb 0a c6
encode_release_packet ret=0
MP4 frame 889/1500: sequence=893 pts=35520000 us key=0 nv12=4478976 h264=12711 acquire=12.498 ms encode=26.280 ms mux=0.183 ms
start encode NV12 with RV1106 vendor packet ABI, frame=889
encode_put_frame ret=0
encode_get_packet ret=0 handle=0xaead1930 expected=0xaead1930
vendor packet: mpi_buf_id=177 len=12237 buf_size=1495040 offset=614912 data_num=1 flag=0x00000000 pts=889
valloc packet buffer: mpi_buf_id=177 dma_buf_fd=11 size=0
H264 first bytes: 00 00 00 01 41 e0 01 c0 03 86 1f 0e cc 78 9a c1
encode_release_packet ret=0
MP4 frame 890/1500: sequence=894 pts=35560000 us key=0 nv12=4478976 h264=12237 acquire=13.057 ms encode=26.807 ms mux=0.175 ms
start encode NV12 with RV1106 vendor packet ABI, frame=890
encode_put_frame ret=0
encode_get_packet ret=0 handle=0xaead1930 expected=0xaead1930
vendor packet: mpi_buf_id=177 len=13301 buf_size=1495040 offset=627200 data_num=1 flag=0x00000000 pts=890
valloc packet buffer: mpi_buf_id=177 dma_buf_fd=11 size=0
H264 first bytes: 00 00 00 01 41 e0 01 e0 03 c6 0b c5 67 45 f4 44
encode_release_packet ret=0
MP4 frame 891/1500: sequence=895 pts=35600000 us key=0 nv12=4478976 h264=13301 acquire=12.531 ms encode=26.425 ms mux=0.188 ms
start encode NV12 with RV1106 vendor packet ABI, frame=891
encode_put_frame ret=0
encode_get_packet ret=0 handle=0xaead1930 expected=0xaead1930
vendor packet: mpi_buf_id=177 len=12429 buf_size=1495040 offset=640512 data_num=1 flag=0x00000000 pts=891
valloc packet buffer: mpi_buf_id=177 dma_buf_fd=11 size=0
H264 first bytes: 00 00 00 01 41 e0 02 00 04 06 0b c7 d1 87 09 44
encode_release_packet ret=0
MP4 frame 892/1500: sequence=896 pts=35640000 us key=0 nv12=4478976 h264=12429 acquire=12.898 ms encode=26.853 ms mux=0.176 ms
start encode NV12 with RV1106 vendor packet ABI, frame=892
encode_put_frame ret=0
encode_get_packet ret=0 handle=0xaead1930 expected=0xaead1930
vendor packet: mpi_buf_id=177 len=13031 buf_size=1495040 offset=653056 data_num=1 flag=0x00000000 pts=892
valloc packet buffer: mpi_buf_id=177 dma_buf_fd=11 size=0
H264 first bytes: 00 00 00 01 41 e0 02 20 04 46 0b c2 d6 2c 28 24
encode_release_packet ret=0
MP4 frame 893/1500: sequence=897 pts=35680000 us key=0 nv12=4478976 h264=13031 acquire=12.481 ms encode=26.194 ms mux=0.178 ms
start encode NV12 with RV1106 vendor packet ABI, frame=893
encode_put_frame ret=0
encode_get_packet ret=0 handle=0xaead1930 expected=0xaead1930
vendor packet: mpi_buf_id=177 len=13218 buf_size=1495040 offset=666112 data_num=1 flag=0x00000000 pts=893
valloc packet buffer: mpi_buf_id=177 dma_buf_fd=11 size=0
H264 first bytes: 00 00 00 01 41 e0 02 40 04 86 0b c6 66 36 87 89
encode_release_packet ret=0
MP4 frame 894/1500: sequence=898 pts=35720000 us key=0 nv12=4478976 h264=13218 acquire=13.143 ms encode=26.824 ms mux=0.188 ms
start encode NV12 with RV1106 vendor packet ABI, frame=894
encode_put_frame ret=0
encode_get_packet ret=0 handle=0xaead1930 expected=0xaead1930
vendor packet: mpi_buf_id=177 len=13217 buf_size=1495040 offset=679424 data_num=1 flag=0x00000000 pts=894
valloc packet buffer: mpi_buf_id=177 dma_buf_fd=11 size=0
H264 first bytes: 00 00 00 01 41 e0 02 60 04 c6 0b c9 47 84 26 43
encode_release_packet ret=0
MP4 frame 895/1500: sequence=899 pts=35760000 us key=0 nv12=4478976 h264=13217 acquire=12.504 ms encode=26.199 ms mux=0.185 ms
start encode NV12 with RV1106 vendor packet ABI, frame=895
encode_put_frame ret=0
encode_get_packet ret=0 handle=0xaead1930 expected=0xaead1930
vendor packet: mpi_buf_id=177 len=13031 buf_size=1495040 offset=692736 data_num=1 flag=0x00000000 pts=895
valloc packet buffer: mpi_buf_id=177 dma_buf_fd=11 size=0
H264 first bytes: 00 00 00 01 41 e0 02 80 05 06 0b c2 b4 61 c2 7b
encode_release_packet ret=0
MP4 frame 896/1500: sequence=900 pts=35800000 us key=0 nv12=4478976 h264=13031 acquire=13.118 ms encode=26.929 ms mux=0.175 ms
start encode NV12 with RV1106 vendor packet ABI, frame=896
encode_put_frame ret=0
encode_get_packet ret=0 handle=0xaead1930 expected=0xaead1930
vendor packet: mpi_buf_id=177 len=13345 buf_size=1495040 offset=705792 data_num=1 flag=0x00000000 pts=896
valloc packet buffer: mpi_buf_id=177 dma_buf_fd=11 size=0
H264 first bytes: 00 00 00 01 41 e0 02 a0 05 46 0b c6 6c d8 f7 68
encode_release_packet ret=0
MP4 frame 897/1500: sequence=901 pts=35840000 us key=0 nv12=4478976 h264=13345 acquire=12.420 ms encode=26.224 ms mux=1.066 ms
start encode NV12 with RV1106 vendor packet ABI, frame=897
encode_put_frame ret=0
encode_get_packet ret=0 handle=0xaead1930 expected=0xaead1930
vendor packet: mpi_buf_id=177 len=13876 buf_size=1495040 offset=719232 data_num=1 flag=0x00000000 pts=897
valloc packet buffer: mpi_buf_id=177 dma_buf_fd=11 size=0
H264 first bytes: 00 00 00 01 41 e0 02 c0 05 86 0b c7 cc 61 c2 4f
encode_release_packet ret=0
MP4 frame 898/1500: sequence=902 pts=35880000 us key=0 nv12=4478976 h264=13876 acquire=12.210 ms encode=26.884 ms mux=0.189 ms
start encode NV12 with RV1106 vendor packet ABI, frame=898
encode_put_frame ret=0
encode_get_packet ret=0 handle=0xaead1930 expected=0xaead1930
vendor packet: mpi_buf_id=177 len=13026 buf_size=1495040 offset=733184 data_num=1 flag=0x00000000 pts=898
valloc packet buffer: mpi_buf_id=177 dma_buf_fd=11 size=0
H264 first bytes: 00 00 00 01 41 e0 02 e0 05 c6 0b c7 c7 46 15 56
encode_release_packet ret=0
MP4 frame 899/1500: sequence=903 pts=35920000 us key=0 nv12=4478976 h264=13026 acquire=12.423 ms encode=26.356 ms mux=0.182 ms
start encode NV12 with RV1106 vendor packet ABI, frame=899
encode_put_frame ret=0
encode_get_packet ret=0 handle=0xaead1930 expected=0xaead1930
vendor packet: mpi_buf_id=177 len=13100 buf_size=1495040 offset=746240 data_num=1 flag=0x00000000 pts=899
valloc packet buffer: mpi_buf_id=177 dma_buf_fd=11 size=0
H264 first bytes: 00 00 00 01 41 e0 03 00 06 06 0b cf 68 7e b9 b6
encode_release_packet ret=0
MP4 frame 900/1500: sequence=904 pts=35960000 us key=0 nv12=4478976 h264=13100 acquire=12.979 ms encode=26.931 ms mux=0.185 ms
start encode NV12 with RV1106 vendor packet ABI, frame=900
encode_put_frame ret=0
encode_get_packet ret=0 handle=0xaead1930 expected=0xaead1930
vendor packet: mpi_buf_id=177 len=190055 buf_size=1495040 offset=759424 data_num=1 flag=0x00000010 pts=900
valloc packet buffer: mpi_buf_id=177 dma_buf_fd=11 size=0
H264 first bytes: 00 00 00 01 65 b8 00 01 40 00 01 3c 29 12 14 00
encode_release_packet ret=0
MP4 frame 901/1500: sequence=905 pts=36000000 us key=1 nv12=4478976 h264=190055 acquire=12.392 ms encode=26.194 ms mux=3.115 ms
start encode NV12 with RV1106 vendor packet ABI, frame=901
encode_put_frame ret=0
encode_get_packet ret=0 handle=0xaead1930 expected=0xaead1930
vendor packet: mpi_buf_id=177 len=13493 buf_size=1495040 offset=949504 data_num=1 flag=0x00000000 pts=901
valloc packet buffer: mpi_buf_id=177 dma_buf_fd=11 size=0
H264 first bytes: 00 00 00 01 41 e0 00 20 00 46 0b cf 68 66 33 7b
encode_release_packet ret=0
MP4 frame 902/1500: sequence=906 pts=36040000 us key=0 nv12=4478976 h264=13493 acquire=10.185 ms encode=26.880 ms mux=0.186 ms
start encode NV12 with RV1106 vendor packet ABI, frame=902
encode_put_frame ret=0
encode_get_packet ret=0 handle=0xaead1930 expected=0xaead1930
vendor packet: mpi_buf_id=177 len=13935 buf_size=1495040 offset=963072 data_num=1 flag=0x00000000 pts=902
valloc packet buffer: mpi_buf_id=177 dma_buf_fd=11 size=0
H264 first bytes: 00 00 00 01 41 e0 00 40 00 86 0b c6 66 15 e1 a7
encode_release_packet ret=0
MP4 frame 903/1500: sequence=907 pts=36080000 us key=0 nv12=4478976 h264=13935 acquire=12.440 ms encode=26.242 ms mux=0.188 ms
start encode NV12 with RV1106 vendor packet ABI, frame=903
encode_put_frame ret=0
encode_get_packet ret=0 handle=0xaead1930 expected=0xaead1930
vendor packet: mpi_buf_id=177 len=13453 buf_size=1495040 offset=977024 data_num=1 flag=0x00000000 pts=903
valloc packet buffer: mpi_buf_id=177 dma_buf_fd=11 size=0
H264 first bytes: 00 00 00 01 41 e0 00 60 00 c6 0b c4 cd 57 2f 62
encode_release_packet ret=0
MP4 frame 904/1500: sequence=908 pts=36120000 us key=0 nv12=4478976 h264=13453 acquire=13.076 ms encode=26.834 ms mux=0.189 ms
start encode NV12 with RV1106 vendor packet ABI, frame=904
encode_put_frame ret=0
encode_get_packet ret=0 handle=0xaead1930 expected=0xaead1930
vendor packet: mpi_buf_id=177 len=13022 buf_size=1495040 offset=990592 data_num=1 flag=0x00000000 pts=904
valloc packet buffer: mpi_buf_id=177 dma_buf_fd=11 size=0
H264 first bytes: 00 00 00 01 41 e0 00 80 01 06 0b dc e8 85 bd c4
encode_release_packet ret=0
MP4 frame 905/1500: sequence=909 pts=36160000 us key=0 nv12=4478976 h264=13022 acquire=12.486 ms encode=26.332 ms mux=0.197 ms
start encode NV12 with RV1106 vendor packet ABI, frame=905
encode_put_frame ret=0
encode_get_packet ret=0 handle=0xaead1930 expected=0xaead1930
vendor packet: mpi_buf_id=177 len=12853 buf_size=1495040 offset=1003648 data_num=1 flag=0x00000000 pts=905
valloc packet buffer: mpi_buf_id=177 dma_buf_fd=11 size=0
H264 first bytes: 00 00 00 01 41 e0 00 a0 01 46 1f 1f 1c 82 42 53
encode_release_packet ret=0
MP4 frame 906/1500: sequence=910 pts=36200000 us key=0 nv12=4478976 h264=12853 acquire=12.985 ms encode=26.836 ms mux=0.178 ms
start encode NV12 with RV1106 vendor packet ABI, frame=906
encode_put_frame ret=0
encode_get_packet ret=0 handle=0xaead1930 expected=0xaead1930
vendor packet: mpi_buf_id=177 len=13251 buf_size=1495040 offset=1016576 data_num=1 flag=0x00000000 pts=906
valloc packet buffer: mpi_buf_id=177 dma_buf_fd=11 size=0
H264 first bytes: 00 00 00 01 41 e0 00 c0 01 86 1f e7 aa d6 bb f1
encode_release_packet ret=0
MP4 frame 907/1500: sequence=911 pts=36240000 us key=0 nv12=4478976 h264=13251 acquire=12.497 ms encode=26.430 ms mux=0.188 ms
start encode NV12 with RV1106 vendor packet ABI, frame=907
encode_put_frame ret=0
encode_get_packet ret=0 handle=0xaead1930 expected=0xaead1930
vendor packet: mpi_buf_id=177 len=12883 buf_size=1495040 offset=1029888 data_num=1 flag=0x00000000 pts=907
valloc packet buffer: mpi_buf_id=177 dma_buf_fd=11 size=0
H264 first bytes: 00 00 00 01 41 e0 00 e0 01 c6 1f 08 61 c0 88 96
encode_release_packet ret=0
MP4 frame 908/1500: sequence=912 pts=36280000 us key=0 nv12=4478976 h264=12883 acquire=12.896 ms encode=26.849 ms mux=0.175 ms
start encode NV12 with RV1106 vendor packet ABI, frame=908
encode_put_frame ret=0
encode_get_packet ret=0 handle=0xaead1930 expected=0xaead1930
vendor packet: mpi_buf_id=177 len=12649 buf_size=1495040 offset=1042816 data_num=1 flag=0x00000000 pts=908
valloc packet buffer: mpi_buf_id=177 dma_buf_fd=11 size=0
H264 first bytes: 00 00 00 01 41 e0 01 00 02 06 1f 09 c2 e7 18 26
encode_release_packet ret=0
MP4 frame 909/1500: sequence=913 pts=36320000 us key=0 nv12=4478976 h264=12649 acquire=12.486 ms encode=26.262 ms mux=0.180 ms
start encode NV12 with RV1106 vendor packet ABI, frame=909
encode_put_frame ret=0
encode_get_packet ret=0 handle=0xaead1930 expected=0xaead1930
vendor packet: mpi_buf_id=177 len=12692 buf_size=1495040 offset=1055488 data_num=1 flag=0x00000000 pts=909
valloc packet buffer: mpi_buf_id=177 dma_buf_fd=11 size=0
H264 first bytes: 00 00 00 01 41 e0 01 20 02 46 1f 02 0e 1a 09 89
encode_release_packet ret=0
MP4 frame 910/1500: sequence=914 pts=36360000 us key=0 nv12=4478976 h264=12692 acquire=13.069 ms encode=26.936 ms mux=0.173 ms
start encode NV12 with RV1106 vendor packet ABI, frame=910
encode_put_frame ret=0
encode_get_packet ret=0 handle=0xaead1930 expected=0xaead1930
vendor packet: mpi_buf_id=177 len=12830 buf_size=1495040 offset=1068288 data_num=1 flag=0x00000000 pts=910
valloc packet buffer: mpi_buf_id=177 dma_buf_fd=11 size=0
H264 first bytes: 00 00 00 01 41 e0 01 40 02 86 1f 0a 17 ff 8e 18
encode_release_packet ret=0
MP4 frame 911/1500: sequence=915 pts=36400000 us key=0 nv12=4478976 h264=12830 acquire=12.409 ms encode=26.233 ms mux=0.176 ms
start encode NV12 with RV1106 vendor packet ABI, frame=911
encode_put_frame ret=0
encode_get_packet ret=0 handle=0xaead1930 expected=0xaead1930
vendor packet: mpi_buf_id=177 len=12637 buf_size=1495040 offset=1081216 data_num=1 flag=0x00000000 pts=911
valloc packet buffer: mpi_buf_id=177 dma_buf_fd=11 size=0
H264 first bytes: 00 00 00 01 41 e0 01 60 02 c6 1f 0c 59 c7 09 ac
encode_release_packet ret=0
MP4 frame 912/1500: sequence=916 pts=36440000 us key=0 nv12=4478976 h264=12637 acquire=13.104 ms encode=26.859 ms mux=0.176 ms
start encode NV12 with RV1106 vendor packet ABI, frame=912
encode_put_frame ret=0
encode_get_packet ret=0 handle=0xaead1930 expected=0xaead1930
vendor packet: mpi_buf_id=177 len=13523 buf_size=1495040 offset=1093888 data_num=1 flag=0x00000000 pts=912
valloc packet buffer: mpi_buf_id=177 dma_buf_fd=11 size=0
H264 first bytes: 00 00 00 01 41 e0 01 80 03 06 1f 13 a8 cb 41 01
encode_release_packet ret=0
MP4 frame 913/1500: sequence=917 pts=36480000 us key=0 nv12=4478976 h264=13523 acquire=12.473 ms encode=26.233 ms mux=0.183 ms
start encode NV12 with RV1106 vendor packet ABI, frame=913
encode_put_frame ret=0
encode_get_packet ret=0 handle=0xaead1930 expected=0xaead1930
vendor packet: mpi_buf_id=177 len=12909 buf_size=1495040 offset=1107456 data_num=1 flag=0x00000000 pts=913
valloc packet buffer: mpi_buf_id=177 dma_buf_fd=11 size=0
H264 first bytes: 00 00 00 01 41 e0 01 a0 03 46 1f 08 d9 c7 89 93
encode_release_packet ret=0
MP4 frame 914/1500: sequence=918 pts=36520000 us key=0 nv12=4478976 h264=12909 acquire=13.097 ms encode=26.835 ms mux=0.177 ms
start encode NV12 with RV1106 vendor packet ABI, frame=914
encode_put_frame ret=0
encode_get_packet ret=0 handle=0xaead1930 expected=0xaead1930
vendor packet: mpi_buf_id=177 len=12592 buf_size=1495040 offset=1120384 data_num=1 flag=0x00000000 pts=914
valloc packet buffer: mpi_buf_id=177 dma_buf_fd=11 size=0
H264 first bytes: 00 00 00 01 41 e0 01 c0 03 86 1f 03 6d 62 27 35
encode_release_packet ret=0
MP4 frame 915/1500: sequence=919 pts=36560000 us key=0 nv12=4478976 h264=12592 acquire=12.387 ms encode=26.243 ms mux=0.177 ms
start encode NV12 with RV1106 vendor packet ABI, frame=915
encode_put_frame ret=0
encode_get_packet ret=0 handle=0xaead1930 expected=0xaead1930
vendor packet: mpi_buf_id=177 len=12623 buf_size=1495040 offset=1133056 data_num=1 flag=0x00000000 pts=915
valloc packet buffer: mpi_buf_id=177 dma_buf_fd=11 size=0
H264 first bytes: 00 00 00 01 41 e0 01 e0 03 c6 1f 0d 59 c5 14 cc
encode_release_packet ret=0
MP4 frame 916/1500: sequence=920 pts=36600000 us key=0 nv12=4478976 h264=12623 acquire=13.096 ms encode=26.897 ms mux=0.177 ms
start encode NV12 with RV1106 vendor packet ABI, frame=916
encode_put_frame ret=0
encode_get_packet ret=0 handle=0xaead1930 expected=0xaead1930
vendor packet: mpi_buf_id=177 len=12640 buf_size=1495040 offset=1145728 data_num=1 flag=0x00000000 pts=916
valloc packet buffer: mpi_buf_id=177 dma_buf_fd=11 size=0
H264 first bytes: 00 00 00 01 41 e0 02 00 04 06 1f 04 d5 83 4c d2
encode_release_packet ret=0
MP4 frame 917/1500: sequence=921 pts=36640000 us key=0 nv12=4478976 h264=12640 acquire=12.429 ms encode=26.228 ms mux=0.179 ms
start encode NV12 with RV1106 vendor packet ABI, frame=917
encode_put_frame ret=0
encode_get_packet ret=0 handle=0xaead1930 expected=0xaead1930
vendor packet: mpi_buf_id=177 len=12478 buf_size=1495040 offset=1158400 data_num=1 flag=0x00000000 pts=917
valloc packet buffer: mpi_buf_id=177 dma_buf_fd=11 size=0
H264 first bytes: 00 00 00 01 41 e0 02 20 04 46 1f 09 45 9c 26 26
encode_release_packet ret=0
MP4 frame 918/1500: sequence=922 pts=36680000 us key=0 nv12=4478976 h264=12478 acquire=13.116 ms encode=26.926 ms mux=0.177 ms
start encode NV12 with RV1106 vendor packet ABI, frame=918
encode_put_frame ret=0
encode_get_packet ret=0 handle=0xaead1930 expected=0xaead1930
vendor packet: mpi_buf_id=177 len=13342 buf_size=1495040 offset=1170944 data_num=1 flag=0x00000000 pts=918
valloc packet buffer: mpi_buf_id=177 dma_buf_fd=11 size=0
H264 first bytes: 00 00 00 01 41 e0 02 40 04 86 0b c5 d2 87 2b 0a
encode_release_packet ret=0
MP4 frame 919/1500: sequence=923 pts=36720000 us key=0 nv12=4478976 h264=13342 acquire=12.399 ms encode=26.233 ms mux=0.191 ms
start encode NV12 with RV1106 vendor packet ABI, frame=919
encode_put_frame ret=0
encode_get_packet ret=0 handle=0xaead1930 expected=0xaead1930
vendor packet: mpi_buf_id=177 len=13167 buf_size=1495040 offset=1184384 data_num=1 flag=0x00000000 pts=919
valloc packet buffer: mpi_buf_id=177 dma_buf_fd=11 size=0
H264 first bytes: 00 00 00 01 41 e0 02 60 04 c6 0b c2 f6 61 e2 4b
encode_release_packet ret=0
MP4 frame 920/1500: sequence=924 pts=36760000 us key=0 nv12=4478976 h264=13167 acquire=13.095 ms encode=26.839 ms mux=0.187 ms
start encode NV12 with RV1106 vendor packet ABI, frame=920
encode_put_frame ret=0
encode_get_packet ret=0 handle=0xaead1930 expected=0xaead1930
vendor packet: mpi_buf_id=177 len=12424 buf_size=1495040 offset=1197568 data_num=1 flag=0x00000000 pts=920
valloc packet buffer: mpi_buf_id=177 dma_buf_fd=11 size=0
H264 first bytes: 00 00 00 01 41 e0 02 80 05 06 1f 17 31 e0 c3 3c
encode_release_packet ret=0
MP4 frame 921/1500: sequence=925 pts=36800000 us key=0 nv12=4478976 h264=12424 acquire=12.478 ms encode=26.165 ms mux=0.179 ms
start encode NV12 with RV1106 vendor packet ABI, frame=921
encode_put_frame ret=0
encode_get_packet ret=0 handle=0xaead1930 expected=0xaead1930
vendor packet: mpi_buf_id=177 len=12485 buf_size=1495040 offset=1210112 data_num=1 flag=0x00000000 pts=921
valloc packet buffer: mpi_buf_id=177 dma_buf_fd=11 size=0
H264 first bytes: 00 00 00 01 41 e0 02 a0 05 46 1f 15 39 a0 a6 75
encode_release_packet ret=0
MP4 frame 922/1500: sequence=926 pts=36840000 us key=0 nv12=4478976 h264=12485 acquire=13.177 ms encode=26.940 ms mux=1.062 ms
start encode NV12 with RV1106 vendor packet ABI, frame=922
encode_put_frame ret=0
encode_get_packet ret=0 handle=0xaead1930 expected=0xaead1930
vendor packet: mpi_buf_id=177 len=12446 buf_size=1495040 offset=1222656 data_num=1 flag=0x00000000 pts=922
valloc packet buffer: mpi_buf_id=177 dma_buf_fd=11 size=0
H264 first bytes: 00 00 00 01 41 e0 02 c0 05 86 1f 09 e3 87 89 3e
encode_release_packet ret=0
MP4 frame 923/1500: sequence=927 pts=36880000 us key=0 nv12=4478976 h264=12446 acquire=11.501 ms encode=26.245 ms mux=0.181 ms
start encode NV12 with RV1106 vendor packet ABI, frame=923
encode_put_frame ret=0
encode_get_packet ret=0 handle=0xaead1930 expected=0xaead1930
vendor packet: mpi_buf_id=177 len=12919 buf_size=1495040 offset=1235200 data_num=1 flag=0x00000000 pts=923
valloc packet buffer: mpi_buf_id=177 dma_buf_fd=11 size=0
H264 first bytes: 00 00 00 01 41 e0 02 e0 05 c6 1f 1f 61 c0 88 95
encode_release_packet ret=0
MP4 frame 924/1500: sequence=928 pts=36920000 us key=0 nv12=4478976 h264=12919 acquire=13.076 ms encode=26.802 ms mux=0.176 ms
start encode NV12 with RV1106 vendor packet ABI, frame=924
encode_put_frame ret=0
encode_get_packet ret=0 handle=0xaead1930 expected=0xaead1930
vendor packet: mpi_buf_id=177 len=12649 buf_size=1495040 offset=1248128 data_num=1 flag=0x00000000 pts=924
valloc packet buffer: mpi_buf_id=177 dma_buf_fd=11 size=0
H264 first bytes: 00 00 00 01 41 e0 03 00 06 06 1f 01 3f 30 b1 82
encode_release_packet ret=0
MP4 frame 925/1500: sequence=929 pts=36960000 us key=0 nv12=4478976 h264=12649 acquire=12.532 ms encode=26.273 ms mux=0.177 ms
start encode NV12 with RV1106 vendor packet ABI, frame=925
encode_put_frame ret=0
encode_get_packet ret=0 handle=0xaead1930 expected=0xaead1930
vendor packet: mpi_buf_id=177 len=190206 buf_size=1495040 offset=1260800 data_num=1 flag=0x00000010 pts=925
valloc packet buffer: mpi_buf_id=177 dma_buf_fd=11 size=0
H264 first bytes: 00 00 00 01 65 b8 00 01 80 00 01 3c 29 12 12 10
encode_release_packet ret=0
MP4 frame 926/1500: sequence=930 pts=37000000 us key=1 nv12=4478976 h264=190206 acquire=13.059 ms encode=26.732 ms mux=3.191 ms
start encode NV12 with RV1106 vendor packet ABI, frame=926
encode_put_frame ret=0
encode_get_packet ret=0 handle=0xaead1930 expected=0xaead1930
vendor packet: mpi_buf_id=177 len=12853 buf_size=1495040 offset=1451008 data_num=1 flag=0x00000000 pts=926
valloc packet buffer: mpi_buf_id=177 dma_buf_fd=11 size=0
H264 first bytes: 00 00 00 01 41 e0 00 20 00 46 1f 08 4c 41 42 52
encode_release_packet ret=0
MP4 frame 927/1500: sequence=931 pts=37040000 us key=0 nv12=4478976 h264=12853 acquire=9.591 ms encode=26.221 ms mux=0.185 ms
start encode NV12 with RV1106 vendor packet ABI, frame=927
encode_put_frame ret=0
encode_get_packet ret=0 handle=0xaead1930 expected=0xaead1930
vendor packet: mpi_buf_id=177 len=12935 buf_size=1495040 offset=1463936 data_num=1 flag=0x00000000 pts=927
valloc packet buffer: mpi_buf_id=177 dma_buf_fd=11 size=0
H264 first bytes: 00 00 00 01 41 e0 00 40 00 86 1f 3e 87 e3 4c ae
encode_release_packet ret=0
MP4 frame 928/1500: sequence=932 pts=37080000 us key=0 nv12=4478976 h264=12935 acquire=13.078 ms encode=26.876 ms mux=0.182 ms
start encode NV12 with RV1106 vendor packet ABI, frame=928
encode_put_frame ret=0
encode_get_packet ret=0 handle=0xaead1930 expected=0xaead1930
vendor packet: mpi_buf_id=177 len=11300 buf_size=1495040 offset=1476992 data_num=1 flag=0x00000000 pts=928
valloc packet buffer: mpi_buf_id=177 dma_buf_fd=11 size=0
H264 first bytes: 00 00 00 01 41 e0 00 60 00 c6 3f 44 89 d4 2b 58
encode_release_packet ret=0
MP4 frame 929/1500: sequence=933 pts=37120000 us key=0 nv12=4478976 h264=11300 acquire=12.483 ms encode=26.405 ms mux=0.159 ms
start encode NV12 with RV1106 vendor packet ABI, frame=929
encode_put_frame ret=0
encode_get_packet ret=0 handle=0xaead1930 expected=0xaead1930
vendor packet: mpi_buf_id=177 len=12955 buf_size=1495040 offset=1488384 data_num=1 flag=0x00000000 pts=929
valloc packet buffer: mpi_buf_id=177 dma_buf_fd=11 size=0
H264 first bytes: 00 00 00 01 41 e0 00 80 01 06 1f 0f ee 16 9a c4
encode_release_packet ret=0
MP4 frame 930/1500: sequence=934 pts=37160000 us key=0 nv12=4478976 h264=12955 acquire=12.916 ms encode=26.965 ms mux=0.181 ms
start encode NV12 with RV1106 vendor packet ABI, frame=930
encode_put_frame ret=0
encode_get_packet ret=0 handle=0xaead1930 expected=0xaead1930
vendor packet: mpi_buf_id=177 len=10566 buf_size=1495040 offset=6400 data_num=1 flag=0x00000000 pts=930
valloc packet buffer: mpi_buf_id=177 dma_buf_fd=11 size=0
H264 first bytes: 00 00 00 01 41 e0 00 a0 01 46 3c 0c 34 e1 49 8d
encode_release_packet ret=0
MP4 frame 931/1500: sequence=935 pts=37200000 us key=0 nv12=4478976 h264=10566 acquire=12.366 ms encode=26.290 ms mux=0.152 ms
start encode NV12 with RV1106 vendor packet ABI, frame=931
encode_put_frame ret=0
encode_get_packet ret=0 handle=0xaead1930 expected=0xaead1930
vendor packet: mpi_buf_id=177 len=12730 buf_size=1495040 offset=17024 data_num=1 flag=0x00000000 pts=931
valloc packet buffer: mpi_buf_id=177 dma_buf_fd=11 size=0
H264 first bytes: 00 00 00 01 41 e0 00 c0 01 86 1f 19 48 d8 f2 0e
encode_release_packet ret=0
MP4 frame 932/1500: sequence=936 pts=37240000 us key=0 nv12=4478976 h264=12730 acquire=13.064 ms encode=26.824 ms mux=0.176 ms
start encode NV12 with RV1106 vendor packet ABI, frame=932
encode_put_frame ret=0
encode_get_packet ret=0 handle=0xaead1930 expected=0xaead1930
vendor packet: mpi_buf_id=177 len=13070 buf_size=1495040 offset=29824 data_num=1 flag=0x00000000 pts=932
valloc packet buffer: mpi_buf_id=177 dma_buf_fd=11 size=0
H264 first bytes: 00 00 00 01 41 e0 00 e0 01 c6 1f 08 e6 04 a2 5f
encode_release_packet ret=0
MP4 frame 933/1500: sequence=937 pts=37280000 us key=0 nv12=4478976 h264=13070 acquire=12.512 ms encode=26.297 ms mux=0.178 ms
start encode NV12 with RV1106 vendor packet ABI, frame=933
encode_put_frame ret=0
encode_get_packet ret=0 handle=0xaead1930 expected=0xaead1930
vendor packet: mpi_buf_id=177 len=12511 buf_size=1495040 offset=43008 data_num=1 flag=0x00000000 pts=933
valloc packet buffer: mpi_buf_id=177 dma_buf_fd=11 size=0
H264 first bytes: 00 00 00 01 41 e0 01 00 02 06 1f 08 4c 3c 60 9a
encode_release_packet ret=0
MP4 frame 934/1500: sequence=938 pts=37320000 us key=0 nv12=4478976 h264=12511 acquire=13.031 ms encode=26.864 ms mux=0.177 ms
start encode NV12 with RV1106 vendor packet ABI, frame=934
encode_put_frame ret=0
encode_get_packet ret=0 handle=0xaead1930 expected=0xaead1930
vendor packet: mpi_buf_id=177 len=12158 buf_size=1495040 offset=55552 data_num=1 flag=0x00000000 pts=934
valloc packet buffer: mpi_buf_id=177 dma_buf_fd=11 size=0
H264 first bytes: 00 00 00 01 41 e0 01 20 02 46 1f 0a ce 41 e2 4e
encode_release_packet ret=0
MP4 frame 935/1500: sequence=939 pts=37360000 us key=0 nv12=4478976 h264=12158 acquire=12.477 ms encode=26.219 ms mux=0.177 ms
start encode NV12 with RV1106 vendor packet ABI, frame=935
encode_put_frame ret=0
encode_get_packet ret=0 handle=0xaead1930 expected=0xaead1930
vendor packet: mpi_buf_id=177 len=11849 buf_size=1495040 offset=67712 data_num=1 flag=0x00000000 pts=935
valloc packet buffer: mpi_buf_id=177 dma_buf_fd=11 size=0
H264 first bytes: 00 00 00 01 41 e0 01 40 02 86 1f 11 78 15 28 68
encode_release_packet ret=0
MP4 frame 936/1500: sequence=940 pts=37400000 us key=0 nv12=4478976 h264=11849 acquire=13.117 ms encode=26.843 ms mux=0.169 ms
start encode NV12 with RV1106 vendor packet ABI, frame=936
encode_put_frame ret=0
encode_get_packet ret=0 handle=0xaead1930 expected=0xaead1930
vendor packet: mpi_buf_id=177 len=12419 buf_size=1495040 offset=79616 data_num=1 flag=0x00000000 pts=936
valloc packet buffer: mpi_buf_id=177 dma_buf_fd=11 size=0
H264 first bytes: 00 00 00 01 41 e0 01 60 02 c6 1f 0a d8 f1 82 4d
encode_release_packet ret=0
MP4 frame 937/1500: sequence=941 pts=37440000 us key=0 nv12=4478976 h264=12419 acquire=12.494 ms encode=26.235 ms mux=0.173 ms
start encode NV12 with RV1106 vendor packet ABI, frame=937
encode_put_frame ret=0
encode_get_packet ret=0 handle=0xaead1930 expected=0xaead1930
vendor packet: mpi_buf_id=177 len=11902 buf_size=1495040 offset=92160 data_num=1 flag=0x00000000 pts=937
valloc packet buffer: mpi_buf_id=177 dma_buf_fd=11 size=0
H264 first bytes: 00 00 00 01 41 e0 01 80 03 06 1f 11 1c 25 97 4a
encode_release_packet ret=0
MP4 frame 938/1500: sequence=942 pts=37480000 us key=0 nv12=4478976 h264=11902 acquire=13.108 ms encode=26.921 ms mux=0.171 ms
start encode NV12 with RV1106 vendor packet ABI, frame=938
encode_put_frame ret=0
encode_get_packet ret=0 handle=0xaead1930 expected=0xaead1930
vendor packet: mpi_buf_id=177 len=12603 buf_size=1495040 offset=104064 data_num=1 flag=0x00000000 pts=938
valloc packet buffer: mpi_buf_id=177 dma_buf_fd=11 size=0
H264 first bytes: 00 00 00 01 41 e0 01 a0 03 46 1f 02 6d a9 a4 c6
encode_release_packet ret=0
MP4 frame 939/1500: sequence=943 pts=37520000 us key=0 nv12=4478976 h264=12603 acquire=12.425 ms encode=26.256 ms mux=0.177 ms
start encode NV12 with RV1106 vendor packet ABI, frame=939
encode_put_frame ret=0
encode_get_packet ret=0 handle=0xaead1930 expected=0xaead1930
vendor packet: mpi_buf_id=177 len=9501 buf_size=1495040 offset=116736 data_num=1 flag=0x00000000 pts=939
valloc packet buffer: mpi_buf_id=177 dma_buf_fd=11 size=0
H264 first bytes: 00 00 00 01 41 e0 01 c0 03 86 3c 08 33 9e 18 ac
encode_release_packet ret=0
MP4 frame 940/1500: sequence=944 pts=37560000 us key=0 nv12=4478976 h264=9501 acquire=13.075 ms encode=26.896 ms mux=0.141 ms
start encode NV12 with RV1106 vendor packet ABI, frame=940
encode_put_frame ret=0
encode_get_packet ret=0 handle=0xaead1930 expected=0xaead1930
vendor packet: mpi_buf_id=177 len=12082 buf_size=1495040 offset=126336 data_num=1 flag=0x00000000 pts=940
valloc packet buffer: mpi_buf_id=177 dma_buf_fd=11 size=0
H264 first bytes: 00 00 00 01 41 e0 01 e0 03 c6 1f 02 8c d9 f3 43
encode_release_packet ret=0
MP4 frame 941/1500: sequence=945 pts=37600000 us key=0 nv12=4478976 h264=12082 acquire=12.479 ms encode=26.230 ms mux=0.169 ms
start encode NV12 with RV1106 vendor packet ABI, frame=941
encode_put_frame ret=0
encode_get_packet ret=0 handle=0xaead1930 expected=0xaead1930
vendor packet: mpi_buf_id=177 len=11953 buf_size=1495040 offset=138496 data_num=1 flag=0x00000000 pts=941
valloc packet buffer: mpi_buf_id=177 dma_buf_fd=11 size=0
H264 first bytes: 00 00 00 01 41 e0 02 00 04 06 1f 03 54 ee 0d 78
encode_release_packet ret=0
MP4 frame 942/1500: sequence=946 pts=37640000 us key=0 nv12=4478976 h264=11953 acquire=13.116 ms encode=26.848 ms mux=0.164 ms
start encode NV12 with RV1106 vendor packet ABI, frame=942
encode_put_frame ret=0
encode_get_packet ret=0 handle=0xaead1930 expected=0xaead1930
vendor packet: mpi_buf_id=177 len=11569 buf_size=1495040 offset=150528 data_num=1 flag=0x00000000 pts=942
valloc packet buffer: mpi_buf_id=177 dma_buf_fd=11 size=0
H264 first bytes: 00 00 00 01 41 e0 02 20 04 46 1f 08 ce 71 c2 57
encode_release_packet ret=0
MP4 frame 943/1500: sequence=947 pts=37680000 us key=0 nv12=4478976 h264=11569 acquire=12.495 ms encode=26.318 ms mux=0.164 ms
start encode NV12 with RV1106 vendor packet ABI, frame=943
encode_put_frame ret=0
encode_get_packet ret=0 handle=0xaead1930 expected=0xaead1930
vendor packet: mpi_buf_id=177 len=12212 buf_size=1495040 offset=162176 data_num=1 flag=0x00000000 pts=943
valloc packet buffer: mpi_buf_id=177 dma_buf_fd=11 size=0
H264 first bytes: 00 00 00 01 41 e0 02 40 04 86 1f 19 9a 04 0d 40
encode_release_packet ret=0
MP4 frame 944/1500: sequence=948 pts=37720000 us key=0 nv12=4478976 h264=12212 acquire=13.030 ms encode=26.827 ms mux=0.169 ms
start encode NV12 with RV1106 vendor packet ABI, frame=944
encode_put_frame ret=0
encode_get_packet ret=0 handle=0xaead1930 expected=0xaead1930
vendor packet: mpi_buf_id=177 len=12484 buf_size=1495040 offset=174464 data_num=1 flag=0x00000000 pts=944
valloc packet buffer: mpi_buf_id=177 dma_buf_fd=11 size=0
H264 first bytes: 00 00 00 01 41 e0 02 60 04 c6 1f 0d cd 21 72 d2
encode_release_packet ret=0
MP4 frame 945/1500: sequence=949 pts=37760000 us key=0 nv12=4478976 h264=12484 acquire=12.516 ms encode=26.236 ms mux=0.175 ms
start encode NV12 with RV1106 vendor packet ABI, frame=945
encode_put_frame ret=0
encode_get_packet ret=0 handle=0xaead1930 expected=0xaead1930
vendor packet: mpi_buf_id=177 len=12059 buf_size=1495040 offset=187008 data_num=1 flag=0x00000000 pts=945
valloc packet buffer: mpi_buf_id=177 dma_buf_fd=11 size=0
H264 first bytes: 00 00 00 01 41 e0 02 80 05 06 1f 0b 5b 04 a2 7a
encode_release_packet ret=0
MP4 frame 946/1500: sequence=950 pts=37800000 us key=0 nv12=4478976 h264=12059 acquire=12.999 ms encode=26.844 ms mux=0.170 ms
start encode NV12 with RV1106 vendor packet ABI, frame=946
encode_put_frame ret=0
encode_get_packet ret=0 handle=0xaead1930 expected=0xaead1930
vendor packet: mpi_buf_id=177 len=12575 buf_size=1495040 offset=199168 data_num=1 flag=0x00000000 pts=946
valloc packet buffer: mpi_buf_id=177 dma_buf_fd=11 size=0
H264 first bytes: 00 00 00 01 41 e0 02 a0 05 46 0b c6 5a 34 3b 4c
encode_release_packet ret=0
MP4 frame 947/1500: sequence=951 pts=37840000 us key=0 nv12=4478976 h264=12575 acquire=12.491 ms encode=26.210 ms mux=0.175 ms
start encode NV12 with RV1106 vendor packet ABI, frame=947
encode_put_frame ret=0
encode_get_packet ret=0 handle=0xaead1930 expected=0xaead1930
vendor packet: mpi_buf_id=177 len=12435 buf_size=1495040 offset=211840 data_num=1 flag=0x00000000 pts=947
valloc packet buffer: mpi_buf_id=177 dma_buf_fd=11 size=0
H264 first bytes: 00 00 00 01 41 e0 02 c0 05 86 0b c5 67 45 b9 07
encode_release_packet ret=0
MP4 frame 948/1500: sequence=952 pts=37880000 us key=0 nv12=4478976 h264=12435 acquire=13.126 ms encode=26.894 ms mux=0.993 ms
start encode NV12 with RV1106 vendor packet ABI, frame=948
encode_put_frame ret=0
encode_get_packet ret=0 handle=0xaead1930 expected=0xaead1930
vendor packet: mpi_buf_id=177 len=12691 buf_size=1495040 offset=224384 data_num=1 flag=0x00000000 pts=948
valloc packet buffer: mpi_buf_id=177 dma_buf_fd=11 size=0
H264 first bytes: 00 00 00 01 41 e0 02 e0 05 c6 0b c5 6a 2e 8e 30
encode_release_packet ret=0
MP4 frame 949/1500: sequence=953 pts=37920000 us key=0 nv12=4478976 h264=12691 acquire=11.636 ms encode=26.341 ms mux=0.178 ms
start encode NV12 with RV1106 vendor packet ABI, frame=949
encode_put_frame ret=0
encode_get_packet ret=0 handle=0xaead1930 expected=0xaead1930
vendor packet: mpi_buf_id=177 len=12744 buf_size=1495040 offset=237184 data_num=1 flag=0x00000000 pts=949
valloc packet buffer: mpi_buf_id=177 dma_buf_fd=11 size=0
H264 first bytes: 00 00 00 01 41 e0 03 00 06 06 0b c2 b2 10 60 93
encode_release_packet ret=0
MP4 frame 950/1500: sequence=954 pts=37960000 us key=0 nv12=4478976 h264=12744 acquire=12.991 ms encode=26.875 ms mux=0.178 ms
start encode NV12 with RV1106 vendor packet ABI, frame=950
encode_put_frame ret=0
encode_get_packet ret=0 handle=0xaead1930 expected=0xaead1930
vendor packet: mpi_buf_id=177 len=190074 buf_size=1495040 offset=249984 data_num=1 flag=0x00000010 pts=950
valloc packet buffer: mpi_buf_id=177 dma_buf_fd=11 size=0
H264 first bytes: 00 00 00 01 65 b8 00 01 c0 00 01 3c 29 12 18 00
encode_release_packet ret=0
MP4 frame 951/1500: sequence=955 pts=38000000 us key=1 nv12=4478976 h264=190074 acquire=12.444 ms encode=26.230 ms mux=3.076 ms
start encode NV12 with RV1106 vendor packet ABI, frame=951
encode_put_frame ret=0
encode_get_packet ret=0 handle=0xaead1930 expected=0xaead1930
vendor packet: mpi_buf_id=177 len=12726 buf_size=1495040 offset=440064 data_num=1 flag=0x00000000 pts=951
valloc packet buffer: mpi_buf_id=177 dma_buf_fd=11 size=0
H264 first bytes: 00 00 00 01 41 e0 00 20 00 46 0b de ae b3 51 8d
encode_release_packet ret=0
MP4 frame 952/1500: sequence=956 pts=38040000 us key=0 nv12=4478976 h264=12726 acquire=10.199 ms encode=26.908 ms mux=0.176 ms
start encode NV12 with RV1106 vendor packet ABI, frame=952
encode_put_frame ret=0
encode_get_packet ret=0 handle=0xaead1930 expected=0xaead1930
vendor packet: mpi_buf_id=177 len=13053 buf_size=1495040 offset=452864 data_num=1 flag=0x00000000 pts=952
valloc packet buffer: mpi_buf_id=177 dma_buf_fd=11 size=0
H264 first bytes: 00 00 00 01 41 e0 00 40 00 86 0b c7 e7 0a 09 22
encode_release_packet ret=0
MP4 frame 953/1500: sequence=957 pts=38080000 us key=0 nv12=4478976 h264=13053 acquire=12.517 ms encode=26.429 ms mux=0.188 ms
start encode NV12 with RV1106 vendor packet ABI, frame=953
encode_put_frame ret=0
encode_get_packet ret=0 handle=0xaead1930 expected=0xaead1930
vendor packet: mpi_buf_id=177 len=13453 buf_size=1495040 offset=465920 data_num=1 flag=0x00000000 pts=953
valloc packet buffer: mpi_buf_id=177 dma_buf_fd=11 size=0
H264 first bytes: 00 00 00 01 41 e0 00 60 00 c6 0b cf 6c 46 35 8f
encode_release_packet ret=0
MP4 frame 954/1500: sequence=958 pts=38120000 us key=0 nv12=4478976 h264=13453 acquire=12.798 ms encode=26.936 ms mux=0.184 ms
start encode NV12 with RV1106 vendor packet ABI, frame=954
encode_put_frame ret=0
encode_get_packet ret=0 handle=0xaead1930 expected=0xaead1930
vendor packet: mpi_buf_id=177 len=12859 buf_size=1495040 offset=479488 data_num=1 flag=0x00000000 pts=954
valloc packet buffer: mpi_buf_id=177 dma_buf_fd=11 size=0
H264 first bytes: 00 00 00 01 41 e0 00 80 01 06 0b cb 6a 6b 18 72
encode_release_packet ret=0
MP4 frame 955/1500: sequence=959 pts=38160000 us key=0 nv12=4478976 h264=12859 acquire=12.388 ms encode=26.291 ms mux=0.176 ms
start encode NV12 with RV1106 vendor packet ABI, frame=955
encode_put_frame ret=0
encode_get_packet ret=0 handle=0xaead1930 expected=0xaead1930
vendor packet: mpi_buf_id=177 len=13303 buf_size=1495040 offset=492416 data_num=1 flag=0x00000000 pts=955
valloc packet buffer: mpi_buf_id=177 dma_buf_fd=11 size=0
H264 first bytes: 00 00 00 01 41 e0 00 a0 01 46 0b c7 57 91 8c 12
encode_release_packet ret=0
MP4 frame 956/1500: sequence=960 pts=38200000 us key=0 nv12=4478976 h264=13303 acquire=13.038 ms encode=26.878 ms mux=0.184 ms
start encode NV12 with RV1106 vendor packet ABI, frame=956
encode_put_frame ret=0
encode_get_packet ret=0 handle=0xaead1930 expected=0xaead1930
vendor packet: mpi_buf_id=177 len=13491 buf_size=1495040 offset=505728 data_num=1 flag=0x00000000 pts=956
valloc packet buffer: mpi_buf_id=177 dma_buf_fd=11 size=0
H264 first bytes: 00 00 00 01 41 e0 00 c0 01 86 0b c6 71 7e 87 07
encode_release_packet ret=0
MP4 frame 957/1500: sequence=961 pts=38240000 us key=0 nv12=4478976 h264=13491 acquire=12.453 ms encode=26.285 ms mux=0.186 ms
start encode NV12 with RV1106 vendor packet ABI, frame=957
encode_put_frame ret=0
encode_get_packet ret=0 handle=0xaead1930 expected=0xaead1930
vendor packet: mpi_buf_id=177 len=13068 buf_size=1495040 offset=519296 data_num=1 flag=0x00000000 pts=957
valloc packet buffer: mpi_buf_id=177 dma_buf_fd=11 size=0
H264 first bytes: 00 00 00 01 41 e0 00 e0 01 c6 0b f4 a3 a6 30 c1
encode_release_packet ret=0
MP4 frame 958/1500: sequence=962 pts=38280000 us key=0 nv12=4478976 h264=13068 acquire=13.053 ms encode=26.934 ms mux=0.180 ms
start encode NV12 with RV1106 vendor packet ABI, frame=958
encode_put_frame ret=0
encode_get_packet ret=0 handle=0xaead1930 expected=0xaead1930
vendor packet: mpi_buf_id=177 len=12978 buf_size=1495040 offset=532480 data_num=1 flag=0x00000000 pts=958
valloc packet buffer: mpi_buf_id=177 dma_buf_fd=11 size=0
H264 first bytes: 00 00 00 01 41 e0 01 00 02 06 0b c6 59 82 3e 97
encode_release_packet ret=0
MP4 frame 959/1500: sequence=963 pts=38320000 us key=0 nv12=4478976 h264=12978 acquire=12.377 ms encode=26.290 ms mux=0.185 ms
start encode NV12 with RV1106 vendor packet ABI, frame=959
encode_put_frame ret=0
encode_get_packet ret=0 handle=0xaead1930 expected=0xaead1930
vendor packet: mpi_buf_id=177 len=13155 buf_size=1495040 offset=545536 data_num=1 flag=0x00000000 pts=959
valloc packet buffer: mpi_buf_id=177 dma_buf_fd=11 size=0
H264 first bytes: 00 00 00 01 41 e0 01 20 02 46 0b c7 ce c6 09 8f
encode_release_packet ret=0
MP4 frame 960/1500: sequence=964 pts=38360000 us key=0 nv12=4478976 h264=13155 acquire=13.060 ms encode=26.911 ms mux=0.187 ms
start encode NV12 with RV1106 vendor packet ABI, frame=960
encode_put_frame ret=0
encode_get_packet ret=0 handle=0xaead1930 expected=0xaead1930
vendor packet: mpi_buf_id=177 len=12948 buf_size=1495040 offset=558720 data_num=1 flag=0x00000000 pts=960
valloc packet buffer: mpi_buf_id=177 dma_buf_fd=11 size=0
H264 first bytes: 00 00 00 01 41 e0 01 40 02 86 0b c4 4d 65 62 e2
encode_release_packet ret=0
MP4 frame 961/1500: sequence=965 pts=38400000 us key=0 nv12=4478976 h264=12948 acquire=12.405 ms encode=26.493 ms mux=0.185 ms
start encode NV12 with RV1106 vendor packet ABI, frame=961
encode_put_frame ret=0
encode_get_packet ret=0 handle=0xaead1930 expected=0xaead1930
vendor packet: mpi_buf_id=177 len=13081 buf_size=1495040 offset=571776 data_num=1 flag=0x00000000 pts=961
valloc packet buffer: mpi_buf_id=177 dma_buf_fd=11 size=0
H264 first bytes: 00 00 00 01 41 e0 01 60 02 c6 0b c4 70 5c 53 5e
encode_release_packet ret=0
MP4 frame 962/1500: sequence=966 pts=38440000 us key=0 nv12=4478976 h264=13081 acquire=12.843 ms encode=26.953 ms mux=0.179 ms
start encode NV12 with RV1106 vendor packet ABI, frame=962
encode_put_frame ret=0
encode_get_packet ret=0 handle=0xaead1930 expected=0xaead1930
vendor packet: mpi_buf_id=177 len=13071 buf_size=1495040 offset=584960 data_num=1 flag=0x00000000 pts=962
valloc packet buffer: mpi_buf_id=177 dma_buf_fd=11 size=0
H264 first bytes: 00 00 00 01 41 e0 01 80 03 06 0b c4 ea 26 73 8c
encode_release_packet ret=0
MP4 frame 963/1500: sequence=967 pts=38480000 us key=0 nv12=4478976 h264=13071 acquire=12.367 ms encode=26.263 ms mux=0.178 ms
start encode NV12 with RV1106 vendor packet ABI, frame=963
encode_put_frame ret=0
encode_get_packet ret=0 handle=0xaead1930 expected=0xaead1930
vendor packet: mpi_buf_id=177 len=12993 buf_size=1495040 offset=598144 data_num=1 flag=0x00000000 pts=963
valloc packet buffer: mpi_buf_id=177 dma_buf_fd=11 size=0
H264 first bytes: 00 00 00 01 41 e0 01 a0 03 46 0b c2 14 3c 40 9b
encode_release_packet ret=0
MP4 frame 964/1500: sequence=968 pts=38520000 us key=0 nv12=4478976 h264=12993 acquire=13.058 ms encode=26.844 ms mux=0.180 ms
start encode NV12 with RV1106 vendor packet ABI, frame=964
encode_put_frame ret=0
encode_get_packet ret=0 handle=0xaead1930 expected=0xaead1930
vendor packet: mpi_buf_id=177 len=13272 buf_size=1495040 offset=611200 data_num=1 flag=0x00000000 pts=964
valloc packet buffer: mpi_buf_id=177 dma_buf_fd=11 size=0
H264 first bytes: 00 00 00 01 41 e0 01 c0 03 86 0b c6 68 56 59 41
encode_release_packet ret=0
MP4 frame 965/1500: sequence=969 pts=38560000 us key=0 nv12=4478976 h264=13272 acquire=12.494 ms encode=26.351 ms mux=0.182 ms
start encode NV12 with RV1106 vendor packet ABI, frame=965
encode_put_frame ret=0
encode_get_packet ret=0 handle=0xaead1930 expected=0xaead1930
vendor packet: mpi_buf_id=177 len=13539 buf_size=1495040 offset=624512 data_num=1 flag=0x00000000 pts=965
valloc packet buffer: mpi_buf_id=177 dma_buf_fd=11 size=0
H264 first bytes: 00 00 00 01 41 e0 01 e0 03 c6 0b c2 18 5c 60 9e
encode_release_packet ret=0
MP4 frame 966/1500: sequence=970 pts=38600000 us key=0 nv12=4478976 h264=13539 acquire=12.974 ms encode=27.080 ms mux=0.185 ms
start encode NV12 with RV1106 vendor packet ABI, frame=966
encode_put_frame ret=0
encode_get_packet ret=0 handle=0xaead1930 expected=0xaead1930
vendor packet: mpi_buf_id=177 len=13231 buf_size=1495040 offset=638080 data_num=1 flag=0x00000000 pts=966
valloc packet buffer: mpi_buf_id=177 dma_buf_fd=11 size=0
H264 first bytes: 00 00 00 01 41 e0 02 00 04 06 0b c5 ca 64 5a 92
encode_release_packet ret=0
MP4 frame 967/1500: sequence=971 pts=38640000 us key=0 nv12=4478976 h264=13231 acquire=12.311 ms encode=26.295 ms mux=0.188 ms
start encode NV12 with RV1106 vendor packet ABI, frame=967
encode_put_frame ret=0
encode_get_packet ret=0 handle=0xaead1930 expected=0xaead1930
vendor packet: mpi_buf_id=177 len=12889 buf_size=1495040 offset=651392 data_num=1 flag=0x00000000 pts=967
valloc packet buffer: mpi_buf_id=177 dma_buf_fd=11 size=0
H264 first bytes: 00 00 00 01 41 e0 02 20 04 46 0b c6 4a 81 3f aa
encode_release_packet ret=0
MP4 frame 968/1500: sequence=972 pts=38680000 us key=0 nv12=4478976 h264=12889 acquire=12.964 ms encode=26.856 ms mux=0.182 ms
start encode NV12 with RV1106 vendor packet ABI, frame=968
encode_put_frame ret=0
encode_get_packet ret=0 handle=0xaead1930 expected=0xaead1930
vendor packet: mpi_buf_id=177 len=13453 buf_size=1495040 offset=664320 data_num=1 flag=0x00000000 pts=968
valloc packet buffer: mpi_buf_id=177 dma_buf_fd=11 size=0
H264 first bytes: 00 00 00 01 41 e0 02 40 04 86 0b cf 50 8d c3 0e
encode_release_packet ret=0
MP4 frame 969/1500: sequence=973 pts=38720000 us key=0 nv12=4478976 h264=13453 acquire=12.477 ms encode=26.521 ms mux=0.188 ms
start encode NV12 with RV1106 vendor packet ABI, frame=969
encode_put_frame ret=0
encode_get_packet ret=0 handle=0xaead1930 expected=0xaead1930
vendor packet: mpi_buf_id=177 len=13351 buf_size=1495040 offset=677888 data_num=1 flag=0x00000000 pts=969
valloc packet buffer: mpi_buf_id=177 dma_buf_fd=11 size=0
H264 first bytes: 00 00 00 01 41 e0 02 60 04 c6 0b c6 6c 57 99 76
encode_release_packet ret=0
MP4 frame 970/1500: sequence=974 pts=38760000 us key=0 nv12=4478976 h264=13351 acquire=12.812 ms encode=27.087 ms mux=0.187 ms
start encode NV12 with RV1106 vendor packet ABI, frame=970
encode_put_frame ret=0
encode_get_packet ret=0 handle=0xaead1930 expected=0xaead1930
vendor packet: mpi_buf_id=177 len=13866 buf_size=1495040 offset=691328 data_num=1 flag=0x00000000 pts=970
valloc packet buffer: mpi_buf_id=177 dma_buf_fd=11 size=0
H264 first bytes: 00 00 00 01 41 e0 02 80 05 06 0b c2 55 18 25 0d
encode_release_packet ret=0
MP4 frame 971/1500: sequence=975 pts=38800000 us key=0 nv12=4478976 h264=13866 acquire=12.224 ms encode=26.280 ms mux=1.039 ms
start encode NV12 with RV1106 vendor packet ABI, frame=971
encode_put_frame ret=0
encode_get_packet ret=0 handle=0xaead1930 expected=0xaead1930
vendor packet: mpi_buf_id=177 len=13207 buf_size=1495040 offset=705280 data_num=1 flag=0x00000000 pts=971
valloc packet buffer: mpi_buf_id=177 dma_buf_fd=11 size=0
H264 first bytes: 00 00 00 01 41 e0 02 a0 05 46 0b c2 36 71 82 58
encode_release_packet ret=0
MP4 frame 972/1500: sequence=976 pts=38840000 us key=0 nv12=4478976 h264=13207 acquire=12.189 ms encode=26.831 ms mux=0.182 ms
start encode NV12 with RV1106 vendor packet ABI, frame=972
encode_put_frame ret=0
encode_get_packet ret=0 handle=0xaead1930 expected=0xaead1930
vendor packet: mpi_buf_id=177 len=12738 buf_size=1495040 offset=718592 data_num=1 flag=0x00000000 pts=972
valloc packet buffer: mpi_buf_id=177 dma_buf_fd=11 size=0
H264 first bytes: 00 00 00 01 41 e0 02 c0 05 86 0b c6 59 81 26 c4
encode_release_packet ret=0
MP4 frame 973/1500: sequence=977 pts=38880000 us key=0 nv12=4478976 h264=12738 acquire=12.556 ms encode=26.386 ms mux=0.178 ms
start encode NV12 with RV1106 vendor packet ABI, frame=973
encode_put_frame ret=0
encode_get_packet ret=0 handle=0xaead1930 expected=0xaead1930
vendor packet: mpi_buf_id=177 len=13132 buf_size=1495040 offset=731392 data_num=1 flag=0x00000000 pts=973
valloc packet buffer: mpi_buf_id=177 dma_buf_fd=11 size=0
H264 first bytes: 00 00 00 01 41 e0 02 e0 05 c6 0b c5 cf 8b 9e 30
encode_release_packet ret=0
MP4 frame 974/1500: sequence=978 pts=38920000 us key=0 nv12=4478976 h264=13132 acquire=12.894 ms encode=26.898 ms mux=0.183 ms
start encode NV12 with RV1106 vendor packet ABI, frame=974
encode_put_frame ret=0
encode_get_packet ret=0 handle=0xaead1930 expected=0xaead1930
vendor packet: mpi_buf_id=177 len=13071 buf_size=1495040 offset=744576 data_num=1 flag=0x00000000 pts=974
valloc packet buffer: mpi_buf_id=177 dma_buf_fd=11 size=0
H264 first bytes: 00 00 00 01 41 e0 03 00 06 06 0b c2 37 18 26 b5
encode_release_packet ret=0
MP4 frame 975/1500: sequence=979 pts=38960000 us key=0 nv12=4478976 h264=13071 acquire=12.423 ms encode=26.289 ms mux=0.181 ms
start encode NV12 with RV1106 vendor packet ABI, frame=975
encode_put_frame ret=0
encode_get_packet ret=0 handle=0xaead1930 expected=0xaead1930
vendor packet: mpi_buf_id=177 len=190603 buf_size=1495040 offset=757760 data_num=1 flag=0x00000010 pts=975
valloc packet buffer: mpi_buf_id=177 dma_buf_fd=11 size=0
H264 first bytes: 00 00 00 01 65 b8 00 00 80 00 00 4f 0a 44 82 4a
encode_release_packet ret=0
MP4 frame 976/1500: sequence=980 pts=39000000 us key=1 nv12=4478976 h264=190603 acquire=13.039 ms encode=26.920 ms mux=3.183 ms
start encode NV12 with RV1106 vendor packet ABI, frame=976
encode_put_frame ret=0
encode_get_packet ret=0 handle=0xaead1930 expected=0xaead1930
vendor packet: mpi_buf_id=177 len=12647 buf_size=1495040 offset=948480 data_num=1 flag=0x00000000 pts=976
valloc packet buffer: mpi_buf_id=177 dma_buf_fd=11 size=0
H264 first bytes: 00 00 00 01 41 e0 00 20 00 46 0b c6 73 53 b6 66
encode_release_packet ret=0
MP4 frame 977/1500: sequence=981 pts=39040000 us key=0 nv12=4478976 h264=12647 acquire=9.300 ms encode=26.254 ms mux=0.178 ms
start encode NV12 with RV1106 vendor packet ABI, frame=977
encode_put_frame ret=0
encode_get_packet ret=0 handle=0xaead1930 expected=0xaead1930
vendor packet: mpi_buf_id=177 len=13295 buf_size=1495040 offset=961152 data_num=1 flag=0x00000000 pts=977
valloc packet buffer: mpi_buf_id=177 dma_buf_fd=11 size=0
H264 first bytes: 00 00 00 01 41 e0 00 40 00 86 0b c2 73 98 60 9e
encode_release_packet ret=0
MP4 frame 978/1500: sequence=982 pts=39080000 us key=0 nv12=4478976 h264=13295 acquire=13.087 ms encode=26.868 ms mux=0.181 ms
start encode NV12 with RV1106 vendor packet ABI, frame=978
encode_put_frame ret=0
encode_get_packet ret=0 handle=0xaead1930 expected=0xaead1930
vendor packet: mpi_buf_id=177 len=13606 buf_size=1495040 offset=974464 data_num=1 flag=0x00000000 pts=978
valloc packet buffer: mpi_buf_id=177 dma_buf_fd=11 size=0
H264 first bytes: 00 00 00 01 41 e0 00 60 00 c6 0b d6 31 89 a5 96
encode_release_packet ret=0
MP4 frame 979/1500: sequence=983 pts=39120000 us key=0 nv12=4478976 h264=13606 acquire=12.444 ms encode=26.371 ms mux=0.182 ms
start encode NV12 with RV1106 vendor packet ABI, frame=979
encode_put_frame ret=0
encode_get_packet ret=0 handle=0xaead1930 expected=0xaead1930
vendor packet: mpi_buf_id=177 len=13276 buf_size=1495040 offset=988160 data_num=1 flag=0x00000000 pts=979
valloc packet buffer: mpi_buf_id=177 dma_buf_fd=11 size=0
H264 first bytes: 00 00 00 01 41 e0 00 80 01 06 0b c2 59 c6 09 2e
encode_release_packet ret=0
MP4 frame 980/1500: sequence=984 pts=39160000 us key=0 nv12=4478976 h264=13276 acquire=12.970 ms encode=26.858 ms mux=0.183 ms
start encode NV12 with RV1106 vendor packet ABI, frame=980
encode_put_frame ret=0
encode_get_packet ret=0 handle=0xaead1930 expected=0xaead1930
vendor packet: mpi_buf_id=177 len=13466 buf_size=1495040 offset=1001472 data_num=1 flag=0x00000000 pts=980
valloc packet buffer: mpi_buf_id=177 dma_buf_fd=11 size=0
H264 first bytes: 00 00 00 01 41 e0 00 a0 01 46 0b c5 70 d9 57 c5
encode_release_packet ret=0
MP4 frame 981/1500: sequence=985 pts=39200000 us key=0 nv12=4478976 h264=13466 acquire=12.456 ms encode=26.197 ms mux=0.184 ms
start encode NV12 with RV1106 vendor packet ABI, frame=981
encode_put_frame ret=0
encode_get_packet ret=0 handle=0xaead1930 expected=0xaead1930
vendor packet: mpi_buf_id=177 len=13193 buf_size=1495040 offset=1015040 data_num=1 flag=0x00000000 pts=981
valloc packet buffer: mpi_buf_id=177 dma_buf_fd=11 size=0
H264 first bytes: 00 00 00 01 41 e0 00 c0 01 86 0b cf 68 76 e4 84
encode_release_packet ret=0
MP4 frame 982/1500: sequence=986 pts=39240000 us key=0 nv12=4478976 h264=13193 acquire=13.141 ms encode=26.847 ms mux=0.180 ms
start encode NV12 with RV1106 vendor packet ABI, frame=982
encode_put_frame ret=0
encode_get_packet ret=0 handle=0xaead1930 expected=0xaead1930
vendor packet: mpi_buf_id=177 len=13411 buf_size=1495040 offset=1028352 data_num=1 flag=0x00000000 pts=982
valloc packet buffer: mpi_buf_id=177 dma_buf_fd=11 size=0
H264 first bytes: 00 00 00 01 41 e0 00 e0 01 c6 0b c4 4d 65 3a fa
encode_release_packet ret=0
MP4 frame 983/1500: sequence=987 pts=39280000 us key=0 nv12=4478976 h264=13411 acquire=12.489 ms encode=26.239 ms mux=0.188 ms
start encode NV12 with RV1106 vendor packet ABI, frame=983
encode_put_frame ret=0
encode_get_packet ret=0 handle=0xaead1930 expected=0xaead1930
vendor packet: mpi_buf_id=177 len=13172 buf_size=1495040 offset=1041792 data_num=1 flag=0x00000000 pts=983
valloc packet buffer: mpi_buf_id=177 dma_buf_fd=11 size=0
H264 first bytes: 00 00 00 01 41 e0 01 00 02 06 0b cf 68 12 d2 a4
encode_release_packet ret=0
MP4 frame 984/1500: sequence=988 pts=39320000 us key=0 nv12=4478976 h264=13172 acquire=13.162 ms encode=27.222 ms mux=0.187 ms
start encode NV12 with RV1106 vendor packet ABI, frame=984
encode_put_frame ret=0
encode_get_packet ret=0 handle=0xaead1930 expected=0xaead1930
vendor packet: mpi_buf_id=177 len=13936 buf_size=1495040 offset=1054976 data_num=1 flag=0x00000000 pts=984
valloc packet buffer: mpi_buf_id=177 dma_buf_fd=11 size=0
H264 first bytes: 00 00 00 01 41 e0 01 20 02 46 0b f4 90 9e 9e 8e
encode_release_packet ret=0
MP4 frame 985/1500: sequence=989 pts=39360000 us key=0 nv12=4478976 h264=13936 acquire=12.000 ms encode=26.274 ms mux=0.194 ms
start encode NV12 with RV1106 vendor packet ABI, frame=985
encode_put_frame ret=0
encode_get_packet ret=0 handle=0xaead1930 expected=0xaead1930
vendor packet: mpi_buf_id=177 len=13550 buf_size=1495040 offset=1068928 data_num=1 flag=0x00000000 pts=985
valloc packet buffer: mpi_buf_id=177 dma_buf_fd=11 size=0
H264 first bytes: 00 00 00 01 41 e0 01 40 02 86 0b cf 6c 45 52 a2
encode_release_packet ret=0
MP4 frame 986/1500: sequence=990 pts=39400000 us key=0 nv12=4478976 h264=13550 acquire=13.103 ms encode=26.933 ms mux=0.179 ms
start encode NV12 with RV1106 vendor packet ABI, frame=986
encode_put_frame ret=0
encode_get_packet ret=0 handle=0xaead1930 expected=0xaead1930
vendor packet: mpi_buf_id=177 len=12946 buf_size=1495040 offset=1082496 data_num=1 flag=0x00000000 pts=986
valloc packet buffer: mpi_buf_id=177 dma_buf_fd=11 size=0
H264 first bytes: 00 00 00 01 41 e0 01 60 02 c6 0b c5 4f 45 72 6b
encode_release_packet ret=0
MP4 frame 987/1500: sequence=991 pts=39440000 us key=0 nv12=4478976 h264=12946 acquire=12.358 ms encode=26.360 ms mux=0.178 ms
start encode NV12 with RV1106 vendor packet ABI, frame=987
encode_put_frame ret=0
encode_get_packet ret=0 handle=0xaead1930 expected=0xaead1930
vendor packet: mpi_buf_id=177 len=13213 buf_size=1495040 offset=1095552 data_num=1 flag=0x00000000 pts=987
valloc packet buffer: mpi_buf_id=177 dma_buf_fd=11 size=0
H264 first bytes: 00 00 00 01 41 e0 01 80 03 06 0b cb 6a 5b 48 ac
encode_release_packet ret=0
MP4 frame 988/1500: sequence=992 pts=39480000 us key=0 nv12=4478976 h264=13213 acquire=13.069 ms encode=26.886 ms mux=0.183 ms
start encode NV12 with RV1106 vendor packet ABI, frame=988
encode_put_frame ret=0
encode_get_packet ret=0 handle=0xaead1930 expected=0xaead1930
vendor packet: mpi_buf_id=177 len=13680 buf_size=1495040 offset=1108864 data_num=1 flag=0x00000000 pts=988
valloc packet buffer: mpi_buf_id=177 dma_buf_fd=11 size=0
H264 first bytes: 00 00 00 01 41 e0 01 a0 03 46 0b c2 96 71 82 74
encode_release_packet ret=0
MP4 frame 989/1500: sequence=993 pts=39520000 us key=0 nv12=4478976 h264=13680 acquire=12.347 ms encode=26.267 ms mux=0.186 ms
start encode NV12 with RV1106 vendor packet ABI, frame=989
encode_put_frame ret=0
encode_get_packet ret=0 handle=0xaead1930 expected=0xaead1930
vendor packet: mpi_buf_id=177 len=13540 buf_size=1495040 offset=1122560 data_num=1 flag=0x00000000 pts=989
valloc packet buffer: mpi_buf_id=177 dma_buf_fd=11 size=0
H264 first bytes: 00 00 00 01 41 e0 01 c0 03 86 0b c2 73 09 18 27
encode_release_packet ret=0
MP4 frame 990/1500: sequence=994 pts=39560000 us key=0 nv12=4478976 h264=13540 acquire=13.070 ms encode=26.825 ms mux=0.178 ms
start encode NV12 with RV1106 vendor packet ABI, frame=990
encode_put_frame ret=0
encode_get_packet ret=0 handle=0xaead1930 expected=0xaead1930
vendor packet: mpi_buf_id=177 len=13203 buf_size=1495040 offset=1136128 data_num=1 flag=0x00000000 pts=990
valloc packet buffer: mpi_buf_id=177 dma_buf_fd=11 size=0
H264 first bytes: 00 00 00 01 41 e0 01 e0 03 c6 0b cf 50 9c b5 67
encode_release_packet ret=0
MP4 frame 991/1500: sequence=995 pts=39600000 us key=0 nv12=4478976 h264=13203 acquire=12.541 ms encode=26.330 ms mux=0.202 ms
start encode NV12 with RV1106 vendor packet ABI, frame=991
encode_put_frame ret=0
encode_get_packet ret=0 handle=0xaead1930 expected=0xaead1930
vendor packet: mpi_buf_id=177 len=13866 buf_size=1495040 offset=1149440 data_num=1 flag=0x00000000 pts=991
valloc packet buffer: mpi_buf_id=177 dma_buf_fd=11 size=0
H264 first bytes: 00 00 00 01 41 e0 02 00 04 06 0b d6 68 e8 e1 83
encode_release_packet ret=0
MP4 frame 992/1500: sequence=996 pts=39640000 us key=0 nv12=4478976 h264=13866 acquire=12.939 ms encode=27.071 ms mux=0.187 ms
start encode NV12 with RV1106 vendor packet ABI, frame=992
encode_put_frame ret=0
encode_get_packet ret=0 handle=0xaead1930 expected=0xaead1930
vendor packet: mpi_buf_id=177 len=13064 buf_size=1495040 offset=1163392 data_num=1 flag=0x00000000 pts=992
valloc packet buffer: mpi_buf_id=177 dma_buf_fd=11 size=0
H264 first bytes: 00 00 00 01 41 e0 02 20 04 46 0b c6 d8 a1 84 3b
encode_release_packet ret=0
MP4 frame 993/1500: sequence=997 pts=39680000 us key=0 nv12=4478976 h264=13064 acquire=12.246 ms encode=26.466 ms mux=0.183 ms
start encode NV12 with RV1106 vendor packet ABI, frame=993
encode_put_frame ret=0
encode_get_packet ret=0 handle=0xaead1930 expected=0xaead1930
vendor packet: mpi_buf_id=177 len=12813 buf_size=1495040 offset=1176576 data_num=1 flag=0x00000000 pts=993
valloc packet buffer: mpi_buf_id=177 dma_buf_fd=11 size=0
H264 first bytes: 00 00 00 01 41 e0 02 40 04 86 0b cf 1e 60 85 8f
encode_release_packet ret=0
MP4 frame 994/1500: sequence=998 pts=39720000 us key=0 nv12=4478976 h264=12813 acquire=12.845 ms encode=27.002 ms mux=0.180 ms
start encode NV12 with RV1106 vendor packet ABI, frame=994
encode_put_frame ret=0
encode_get_packet ret=0 handle=0xaead1930 expected=0xaead1930
vendor packet: mpi_buf_id=177 len=13110 buf_size=1495040 offset=1189504 data_num=1 flag=0x00000000 pts=994
valloc packet buffer: mpi_buf_id=177 dma_buf_fd=11 size=0
H264 first bytes: 00 00 00 01 41 e0 02 60 04 c6 0b c7 e6 18 25 21
encode_release_packet ret=0
MP4 frame 995/1500: sequence=999 pts=39760000 us key=0 nv12=4478976 h264=13110 acquire=12.348 ms encode=26.287 ms mux=0.173 ms
start encode NV12 with RV1106 vendor packet ABI, frame=995
encode_put_frame ret=0
encode_get_packet ret=0 handle=0xaead1930 expected=0xaead1930
vendor packet: mpi_buf_id=177 len=13415 buf_size=1495040 offset=1202688 data_num=1 flag=0x00000000 pts=995
valloc packet buffer: mpi_buf_id=177 dma_buf_fd=11 size=0
H264 first bytes: 00 00 00 01 41 e0 02 80 05 06 0b cf 31 47 d8 e9
encode_release_packet ret=0
MP4 frame 996/1500: sequence=1000 pts=39800000 us key=0 nv12=4478976 h264=13415 acquire=13.042 ms encode=26.973 ms mux=0.985 ms
start encode NV12 with RV1106 vendor packet ABI, frame=996
encode_put_frame ret=0
encode_get_packet ret=0 handle=0xaead1930 expected=0xaead1930
vendor packet: mpi_buf_id=177 len=13297 buf_size=1495040 offset=1216128 data_num=1 flag=0x00000000 pts=996
valloc packet buffer: mpi_buf_id=177 dma_buf_fd=11 size=0
H264 first bytes: 00 00 00 01 41 e0 02 a0 05 46 0b c1 f5 8d 12 26
encode_release_packet ret=0
MP4 frame 997/1500: sequence=1001 pts=39840000 us key=0 nv12=4478976 h264=13297 acquire=11.546 ms encode=26.272 ms mux=0.193 ms
start encode NV12 with RV1106 vendor packet ABI, frame=997
encode_put_frame ret=0
encode_get_packet ret=0 handle=0xaead1930 expected=0xaead1930
vendor packet: mpi_buf_id=177 len=12845 buf_size=1495040 offset=1229440 data_num=1 flag=0x00000000 pts=997
valloc packet buffer: mpi_buf_id=177 dma_buf_fd=11 size=0
H264 first bytes: 00 00 00 01 41 e0 02 c0 05 86 0b c7 db 0a 09 9d
encode_release_packet ret=0
MP4 frame 998/1500: sequence=1002 pts=39880000 us key=0 nv12=4478976 h264=12845 acquire=13.085 ms encode=26.809 ms mux=0.176 ms
start encode NV12 with RV1106 vendor packet ABI, frame=998
encode_put_frame ret=0
encode_get_packet ret=0 handle=0xaead1930 expected=0xaead1930
vendor packet: mpi_buf_id=177 len=13505 buf_size=1495040 offset=1242368 data_num=1 flag=0x00000000 pts=998
valloc packet buffer: mpi_buf_id=177 dma_buf_fd=11 size=0
H264 first bytes: 00 00 00 01 41 e0 02 e0 05 c6 0b cf 6c 64 86 2e
encode_release_packet ret=0
MP4 frame 999/1500: sequence=1003 pts=39920000 us key=0 nv12=4478976 h264=13505 acquire=12.487 ms encode=26.208 ms mux=0.186 ms
start encode NV12 with RV1106 vendor packet ABI, frame=999
encode_put_frame ret=0
encode_get_packet ret=0 handle=0xaead1930 expected=0xaead1930
vendor packet: mpi_buf_id=177 len=13285 buf_size=1495040 offset=1255936 data_num=1 flag=0x00000000 pts=999
valloc packet buffer: mpi_buf_id=177 dma_buf_fd=11 size=0
H264 first bytes: 00 00 00 01 41 e0 03 00 06 06 0b c6 5b 05 de f1
encode_release_packet ret=0
MP4 frame 1000/1500: sequence=1004 pts=39960000 us key=0 nv12=4478976 h264=13285 acquire=13.096 ms encode=27.130 ms mux=0.189 ms
start encode NV12 with RV1106 vendor packet ABI, frame=1000
encode_put_frame ret=0
encode_get_packet ret=0 handle=0xaead1930 expected=0xaead1930
vendor packet: mpi_buf_id=177 len=190066 buf_size=1495040 offset=1269248 data_num=1 flag=0x00000010 pts=1000
valloc packet buffer: mpi_buf_id=177 dma_buf_fd=11 size=0
H264 first bytes: 00 00 00 01 65 b8 00 00 90 00 00 4f 0a 44 81 5a
encode_release_packet ret=0
MP4 frame 1001/1500: sequence=1005 pts=40000000 us key=1 nv12=4478976 h264=190066 acquire=12.203 ms encode=26.210 ms mux=3.252 ms
start encode NV12 with RV1106 vendor packet ABI, frame=1001
encode_put_frame ret=0
encode_get_packet ret=0 handle=0xaead1930 expected=0xaead1930
vendor packet: mpi_buf_id=177 len=13032 buf_size=1495040 offset=1459328 data_num=1 flag=0x00000000 pts=1001
valloc packet buffer: mpi_buf_id=177 dma_buf_fd=11 size=0
H264 first bytes: 00 00 00 01 41 e0 00 20 00 46 0b c9 58 42 88 30
encode_release_packet ret=0
MP4 frame 1002/1500: sequence=1006 pts=40040000 us key=0 nv12=4478976 h264=13032 acquire=10.032 ms encode=26.882 ms mux=0.180 ms
start encode NV12 with RV1106 vendor packet ABI, frame=1002
encode_put_frame ret=0
encode_get_packet ret=0 handle=0xaead1930 expected=0xaead1930
vendor packet: mpi_buf_id=177 len=12916 buf_size=1495040 offset=1472384 data_num=1 flag=0x00000000 pts=1002
valloc packet buffer: mpi_buf_id=177 dma_buf_fd=11 size=0
H264 first bytes: 00 00 00 01 41 e0 00 40 00 86 0b c2 72 10 60 97
encode_release_packet ret=0
MP4 frame 1003/1500: sequence=1007 pts=40080000 us key=0 nv12=4478976 h264=12916 acquire=12.449 ms encode=26.243 ms mux=0.186 ms
start encode NV12 with RV1106 vendor packet ABI, frame=1003
encode_put_frame ret=0
encode_get_packet ret=0 handle=0xaead1930 expected=0xaead1930
vendor packet: mpi_buf_id=177 len=13695 buf_size=1495040 offset=1485312 data_num=1 flag=0x00000000 pts=1003
valloc packet buffer: mpi_buf_id=177 dma_buf_fd=11 size=0
H264 first bytes: 00 00 00 01 41 e0 00 60 00 c6 0b cf 51 93 ba 34
encode_release_packet ret=0
MP4 frame 1004/1500: sequence=1008 pts=40120000 us key=0 nv12=4478976 h264=13695 acquire=13.087 ms encode=26.947 ms mux=0.185 ms
start encode NV12 with RV1106 vendor packet ABI, frame=1004
encode_put_frame ret=0
encode_get_packet ret=0 handle=0xaead1930 expected=0xaead1930
vendor packet: mpi_buf_id=177 len=13637 buf_size=1495040 offset=3968 data_num=1 flag=0x00000000 pts=1004
valloc packet buffer: mpi_buf_id=177 dma_buf_fd=11 size=0
H264 first bytes: 00 00 00 01 41 e0 00 80 01 06 0b c6 54 db 12 02
encode_release_packet ret=0
MP4 frame 1005/1500: sequence=1009 pts=40160000 us key=0 nv12=4478976 h264=13637 acquire=12.503 ms encode=26.293 ms mux=0.191 ms
start encode NV12 with RV1106 vendor packet ABI, frame=1005
encode_put_frame ret=0
encode_get_packet ret=0 handle=0xaead1930 expected=0xaead1930
vendor packet: mpi_buf_id=177 len=13504 buf_size=1495040 offset=17664 data_num=1 flag=0x00000000 pts=1005
valloc packet buffer: mpi_buf_id=177 dma_buf_fd=11 size=0
H264 first bytes: 00 00 00 01 41 e0 00 a0 01 46 0b cb 59 35 34 74
encode_release_packet ret=0
MP4 frame 1006/1500: sequence=1010 pts=40200000 us key=0 nv12=4478976 h264=13504 acquire=12.895 ms encode=27.005 ms mux=0.187 ms
start encode NV12 with RV1106 vendor packet ABI, frame=1006
encode_put_frame ret=0
encode_get_packet ret=0 handle=0xaead1930 expected=0xaead1930
vendor packet: mpi_buf_id=177 len=13283 buf_size=1495040 offset=31232 data_num=1 flag=0x00000000 pts=1006
valloc packet buffer: mpi_buf_id=177 dma_buf_fd=11 size=0
H264 first bytes: 00 00 00 01 41 e0 00 c0 01 86 0b d4 e8 a2 75 bd
encode_release_packet ret=0
MP4 frame 1007/1500: sequence=1011 pts=40240000 us key=0 nv12=4478976 h264=13283 acquire=12.328 ms encode=26.234 ms mux=0.186 ms
start encode NV12 with RV1106 vendor packet ABI, frame=1007
encode_put_frame ret=0
encode_get_packet ret=0 handle=0xaead1930 expected=0xaead1930
vendor packet: mpi_buf_id=177 len=13265 buf_size=1495040 offset=44544 data_num=1 flag=0x00000000 pts=1007
valloc packet buffer: mpi_buf_id=177 dma_buf_fd=11 size=0
H264 first bytes: 00 00 00 01 41 e0 00 e0 01 c6 0b cf b0 96 75 0c
encode_release_packet ret=0
MP4 frame 1008/1500: sequence=1012 pts=40280000 us key=0 nv12=4478976 h264=13265 acquire=12.989 ms encode=26.893 ms mux=0.182 ms
start encode NV12 with RV1106 vendor packet ABI, frame=1008
encode_put_frame ret=0
encode_get_packet ret=0 handle=0xaead1930 expected=0xaead1930
vendor packet: mpi_buf_id=177 len=13058 buf_size=1495040 offset=57856 data_num=1 flag=0x00000000 pts=1008
valloc packet buffer: mpi_buf_id=177 dma_buf_fd=11 size=0
H264 first bytes: 00 00 00 01 41 e0 01 00 02 06 1f 73 38 2b 85 ac
encode_release_packet ret=0
MP4 frame 1009/1500: sequence=1013 pts=40320000 us key=0 nv12=4478976 h264=13058 acquire=12.418 ms encode=26.313 ms mux=0.182 ms
start encode NV12 with RV1106 vendor packet ABI, frame=1009
encode_put_frame ret=0
encode_get_packet ret=0 handle=0xaead1930 expected=0xaead1930
vendor packet: mpi_buf_id=177 len=12951 buf_size=1495040 offset=71040 data_num=1 flag=0x00000000 pts=1009
valloc packet buffer: mpi_buf_id=177 dma_buf_fd=11 size=0
H264 first bytes: 00 00 00 01 41 e0 01 20 02 46 1f 09 c2 64 1c 26
encode_release_packet ret=0
MP4 frame 1010/1500: sequence=1014 pts=40360000 us key=0 nv12=4478976 h264=12951 acquire=12.998 ms encode=26.911 ms mux=0.187 ms
start encode NV12 with RV1106 vendor packet ABI, frame=1010
encode_put_frame ret=0
encode_get_packet ret=0 handle=0xaead1930 expected=0xaead1930
vendor packet: mpi_buf_id=177 len=13204 buf_size=1495040 offset=84096 data_num=1 flag=0x00000000 pts=1010
valloc packet buffer: mpi_buf_id=177 dma_buf_fd=11 size=0
H264 first bytes: 00 00 00 01 41 e0 01 40 02 86 1f 11 6a 22 3c 70
encode_release_packet ret=0
MP4 frame 1011/1500: sequence=1015 pts=40400000 us key=0 nv12=4478976 h264=13204 acquire=12.432 ms encode=26.427 ms mux=0.184 ms
start encode NV12 with RV1106 vendor packet ABI, frame=1011
encode_put_frame ret=0
encode_get_packet ret=0 handle=0xaead1930 expected=0xaead1930
vendor packet: mpi_buf_id=177 len=12399 buf_size=1495040 offset=97408 data_num=1 flag=0x00000000 pts=1011
valloc packet buffer: mpi_buf_id=177 dma_buf_fd=11 size=0
H264 first bytes: 00 00 00 01 41 e0 01 60 02 c6 1f 59 a0 f6 73 c2
encode_release_packet ret=0
MP4 frame 1012/1500: sequence=1016 pts=40440000 us key=0 nv12=4478976 h264=12399 acquire=12.894 ms encode=26.867 ms mux=0.176 ms
start encode NV12 with RV1106 vendor packet ABI, frame=1012
encode_put_frame ret=0
encode_get_packet ret=0 handle=0xaead1930 expected=0xaead1930
vendor packet: mpi_buf_id=177 len=12463 buf_size=1495040 offset=109824 data_num=1 flag=0x00000000 pts=1012
valloc packet buffer: mpi_buf_id=177 dma_buf_fd=11 size=0
H264 first bytes: 00 00 00 01 41 e0 01 80 03 06 1f 3d 5f 5a d4 21
encode_release_packet ret=0
MP4 frame 1013/1500: sequence=1017 pts=40480000 us key=0 nv12=4478976 h264=12463 acquire=12.575 ms encode=26.292 ms mux=0.175 ms
start encode NV12 with RV1106 vendor packet ABI, frame=1013
encode_put_frame ret=0
encode_get_packet ret=0 handle=0xaead1930 expected=0xaead1930
vendor packet: mpi_buf_id=177 len=13587 buf_size=1495040 offset=122368 data_num=1 flag=0x00000000 pts=1013
valloc packet buffer: mpi_buf_id=177 dma_buf_fd=11 size=0
H264 first bytes: 00 00 00 01 41 e0 01 a0 03 46 0b c2 10 a4 60 94
encode_release_packet ret=0
MP4 frame 1014/1500: sequence=1018 pts=40520000 us key=0 nv12=4478976 h264=13587 acquire=12.939 ms encode=26.890 ms mux=0.192 ms
start encode NV12 with RV1106 vendor packet ABI, frame=1014
encode_put_frame ret=0
encode_get_packet ret=0 handle=0xaead1930 expected=0xaead1930
vendor packet: mpi_buf_id=177 len=12519 buf_size=1495040 offset=136064 data_num=1 flag=0x00000000 pts=1014
valloc packet buffer: mpi_buf_id=177 dma_buf_fd=11 size=0
H264 first bytes: 00 00 00 01 41 e0 01 c0 03 86 1f 06 d5 82 39 8f
encode_release_packet ret=0
MP4 frame 1015/1500: sequence=1019 pts=40560000 us key=0 nv12=4478976 h264=12519 acquire=12.410 ms encode=26.443 ms mux=0.175 ms
start encode NV12 with RV1106 vendor packet ABI, frame=1015
encode_put_frame ret=0
encode_get_packet ret=0 handle=0xaead1930 expected=0xaead1930
vendor packet: mpi_buf_id=177 len=12109 buf_size=1495040 offset=148608 data_num=1 flag=0x00000000 pts=1015
valloc packet buffer: mpi_buf_id=177 dma_buf_fd=11 size=0
H264 first bytes: 00 00 00 01 41 e0 01 e0 03 c6 1f 08 d2 18 25 8b
encode_release_packet ret=0
MP4 frame 1016/1500: sequence=1020 pts=40600000 us key=0 nv12=4478976 h264=12109 acquire=12.892 ms encode=26.904 ms mux=0.169 ms
start encode NV12 with RV1106 vendor packet ABI, frame=1016
encode_put_frame ret=0
encode_get_packet ret=0 handle=0xaead1930 expected=0xaead1930
vendor packet: mpi_buf_id=177 len=12969 buf_size=1495040 offset=160768 data_num=1 flag=0x00000000 pts=1016
valloc packet buffer: mpi_buf_id=177 dma_buf_fd=11 size=0
H264 first bytes: 00 00 00 01 41 e0 02 00 04 06 0b c2 13 21 82 6f
encode_release_packet ret=0
MP4 frame 1017/1500: sequence=1021 pts=40640000 us key=0 nv12=4478976 h264=12969 acquire=12.459 ms encode=26.371 ms mux=0.182 ms
start encode NV12 with RV1106 vendor packet ABI, frame=1017
encode_put_frame ret=0
encode_get_packet ret=0 handle=0xaead1930 expected=0xaead1930
vendor packet: mpi_buf_id=177 len=12869 buf_size=1495040 offset=173824 data_num=1 flag=0x00000000 pts=1017
valloc packet buffer: mpi_buf_id=177 dma_buf_fd=11 size=0
H264 first bytes: 00 00 00 01 41 e0 02 20 04 46 0b c0 8b 8e 16 26
encode_release_packet ret=0
MP4 frame 1018/1500: sequence=1022 pts=40680000 us key=0 nv12=4478976 h264=12869 acquire=12.935 ms encode=26.915 ms mux=0.185 ms
start encode NV12 with RV1106 vendor packet ABI, frame=1018
encode_put_frame ret=0
encode_get_packet ret=0 handle=0xaead1930 expected=0xaead1930
vendor packet: mpi_buf_id=177 len=12976 buf_size=1495040 offset=186752 data_num=1 flag=0x00000000 pts=1018
valloc packet buffer: mpi_buf_id=177 dma_buf_fd=11 size=0
H264 first bytes: 00 00 00 01 41 e0 02 40 04 86 0b c2 99 41 50 95
encode_release_packet ret=0
MP4 frame 1019/1500: sequence=1023 pts=40720000 us key=0 nv12=4478976 h264=12976 acquire=12.423 ms encode=26.267 ms mux=0.176 ms
start encode NV12 with RV1106 vendor packet ABI, frame=1019
encode_put_frame ret=0
encode_get_packet ret=0 handle=0xaead1930 expected=0xaead1930
vendor packet: mpi_buf_id=177 len=13163 buf_size=1495040 offset=199808 data_num=1 flag=0x00000000 pts=1019
valloc packet buffer: mpi_buf_id=177 dma_buf_fd=11 size=0
H264 first bytes: 00 00 00 01 41 e0 02 60 04 c6 0b c7 ec 70 92 a5
encode_release_packet ret=0
MP4 frame 1020/1500: sequence=1024 pts=40760000 us key=0 nv12=4478976 h264=13163 acquire=13.075 ms encode=26.884 ms mux=0.177 ms
start encode NV12 with RV1106 vendor packet ABI, frame=1020
encode_put_frame ret=0
encode_get_packet ret=0 handle=0xaead1930 expected=0xaead1930
vendor packet: mpi_buf_id=177 len=13491 buf_size=1495040 offset=212992 data_num=1 flag=0x00000000 pts=1020
valloc packet buffer: mpi_buf_id=177 dma_buf_fd=11 size=0
H264 first bytes: 00 00 00 01 41 e0 02 80 05 06 0b c2 36 30 78 9c
encode_release_packet ret=0
MP4 frame 1021/1500: sequence=1025 pts=40800000 us key=0 nv12=4478976 h264=13491 acquire=12.445 ms encode=26.328 ms mux=0.186 ms
start encode NV12 with RV1106 vendor packet ABI, frame=1021
encode_put_frame ret=0
encode_get_packet ret=0 handle=0xaead1930 expected=0xaead1930
vendor packet: mpi_buf_id=177 len=13563 buf_size=1495040 offset=226560 data_num=1 flag=0x00000000 pts=1021
valloc packet buffer: mpi_buf_id=177 dma_buf_fd=11 size=0
H264 first bytes: 00 00 00 01 41 e0 02 a0 05 46 0b d4 d9 35 5d 94
encode_release_packet ret=0
MP4 frame 1022/1500: sequence=1026 pts=40840000 us key=0 nv12=4478976 h264=13563 acquire=12.993 ms encode=26.891 ms mux=1.006 ms
start encode NV12 with RV1106 vendor packet ABI, frame=1022
encode_put_frame ret=0
encode_get_packet ret=0 handle=0xaead1930 expected=0xaead1930
vendor packet: mpi_buf_id=177 len=12309 buf_size=1495040 offset=240128 data_num=1 flag=0x00000000 pts=1022
valloc packet buffer: mpi_buf_id=177 dma_buf_fd=11 size=0
H264 first bytes: 00 00 00 01 41 e0 02 c0 05 86 1f 35 e4 9d 47 ce
encode_release_packet ret=0
MP4 frame 1023/1500: sequence=1027 pts=40880000 us key=0 nv12=4478976 h264=12309 acquire=11.588 ms encode=26.558 ms mux=0.181 ms
start encode NV12 with RV1106 vendor packet ABI, frame=1023
encode_put_frame ret=0
encode_get_packet ret=0 handle=0xaead1930 expected=0xaead1930
vendor packet: mpi_buf_id=177 len=12892 buf_size=1495040 offset=252544 data_num=1 flag=0x00000000 pts=1023
valloc packet buffer: mpi_buf_id=177 dma_buf_fd=11 size=0
H264 first bytes: 00 00 00 01 41 e0 02 e0 05 c6 1f 0a d0 e1 62 69
encode_release_packet ret=0
MP4 frame 1024/1500: sequence=1028 pts=40920000 us key=0 nv12=4478976 h264=12892 acquire=12.890 ms encode=26.882 ms mux=0.182 ms
start encode NV12 with RV1106 vendor packet ABI, frame=1024
encode_put_frame ret=0
encode_get_packet ret=0 handle=0xaead1930 expected=0xaead1930
vendor packet: mpi_buf_id=177 len=12208 buf_size=1495040 offset=265472 data_num=1 flag=0x00000000 pts=1024
valloc packet buffer: mpi_buf_id=177 dma_buf_fd=11 size=0
H264 first bytes: 00 00 00 01 41 e0 03 00 06 06 1f 09 46 20 80 97
encode_release_packet ret=0
MP4 frame 1025/1500: sequence=1029 pts=40960000 us key=0 nv12=4478976 h264=12208 acquire=12.333 ms encode=26.301 ms mux=0.176 ms
start encode NV12 with RV1106 vendor packet ABI, frame=1025
encode_put_frame ret=0
encode_get_packet ret=0 handle=0xaead1930 expected=0xaead1930
vendor packet: mpi_buf_id=177 len=190441 buf_size=1495040 offset=277760 data_num=1 flag=0x00000010 pts=1025
valloc packet buffer: mpi_buf_id=177 dma_buf_fd=11 size=0
H264 first bytes: 00 00 00 01 65 b8 00 00 a0 00 00 4f 0a 44 86 00
encode_release_packet ret=0
MP4 frame 1026/1500: sequence=1030 pts=41000000 us key=1 nv12=4478976 h264=190441 acquire=13.071 ms encode=26.831 ms mux=3.157 ms
start encode NV12 with RV1106 vendor packet ABI, frame=1026
encode_put_frame ret=0
encode_get_packet ret=0 handle=0xaead1930 expected=0xaead1930
vendor packet: mpi_buf_id=177 len=12808 buf_size=1495040 offset=468224 data_num=1 flag=0x00000000 pts=1026
valloc packet buffer: mpi_buf_id=177 dma_buf_fd=11 size=0
H264 first bytes: 00 00 00 01 41 e0 00 20 00 46 1f d8 c6 25 8b 84
encode_release_packet ret=0
MP4 frame 1027/1500: sequence=1031 pts=41040000 us key=0 nv12=4478976 h264=12808 acquire=9.445 ms encode=26.550 ms mux=0.173 ms
start encode NV12 with RV1106 vendor packet ABI, frame=1027
encode_put_frame ret=0
encode_get_packet ret=0 handle=0xaead1930 expected=0xaead1930
vendor packet: mpi_buf_id=177 len=12911 buf_size=1495040 offset=481152 data_num=1 flag=0x00000000 pts=1027
valloc packet buffer: mpi_buf_id=177 dma_buf_fd=11 size=0
H264 first bytes: 00 00 00 01 41 e0 00 40 00 86 1f d2 86 6c 78 b2
encode_release_packet ret=0
MP4 frame 1028/1500: sequence=1032 pts=41080000 us key=0 nv12=4478976 h264=12911 acquire=12.804 ms encode=27.439 ms mux=0.177 ms
start encode NV12 with RV1106 vendor packet ABI, frame=1028
encode_put_frame ret=0
encode_get_packet ret=0 handle=0xaead1930 expected=0xaead1930
vendor packet: mpi_buf_id=177 len=13327 buf_size=1495040 offset=494080 data_num=1 flag=0x00000000 pts=1028
valloc packet buffer: mpi_buf_id=177 dma_buf_fd=11 size=0
H264 first bytes: 00 00 00 01 41 e0 00 60 00 c6 1f 11 49 95 78 a8
encode_release_packet ret=0
MP4 frame 1029/1500: sequence=1033 pts=41120000 us key=0 nv12=4478976 h264=13327 acquire=11.892 ms encode=26.314 ms mux=0.184 ms
start encode NV12 with RV1106 vendor packet ABI, frame=1029
encode_put_frame ret=0
encode_get_packet ret=0 handle=0xaead1930 expected=0xaead1930
vendor packet: mpi_buf_id=177 len=13105 buf_size=1495040 offset=507520 data_num=1 flag=0x00000000 pts=1029
valloc packet buffer: mpi_buf_id=177 dma_buf_fd=11 size=0
H264 first bytes: 00 00 00 01 41 e0 00 80 01 06 1f 0a c7 31 82 52
encode_release_packet ret=0
MP4 frame 1030/1500: sequence=1034 pts=41160000 us key=0 nv12=4478976 h264=13105 acquire=12.995 ms encode=27.024 ms mux=0.179 ms
start encode NV12 with RV1106 vendor packet ABI, frame=1030
encode_put_frame ret=0
encode_get_packet ret=0 handle=0xaead1930 expected=0xaead1930
vendor packet: mpi_buf_id=177 len=13118 buf_size=1495040 offset=520704 data_num=1 flag=0x00000000 pts=1030
valloc packet buffer: mpi_buf_id=177 dma_buf_fd=11 size=0
H264 first bytes: 00 00 00 01 41 e0 00 a0 01 46 1f 08 43 c8 70 9d
encode_release_packet ret=0
MP4 frame 1031/1500: sequence=1035 pts=41200000 us key=0 nv12=4478976 h264=13118 acquire=12.211 ms encode=26.272 ms mux=0.185 ms
start encode NV12 with RV1106 vendor packet ABI, frame=1031
encode_put_frame ret=0
encode_get_packet ret=0 handle=0xaead1930 expected=0xaead1930
vendor packet: mpi_buf_id=177 len=12607 buf_size=1495040 offset=533888 data_num=1 flag=0x00000000 pts=1031
valloc packet buffer: mpi_buf_id=177 dma_buf_fd=11 size=0
H264 first bytes: 00 00 00 01 41 e0 00 c0 01 86 1f 08 cf 08 89 df
encode_release_packet ret=0
MP4 frame 1032/1500: sequence=1036 pts=41240000 us key=0 nv12=4478976 h264=12607 acquire=13.039 ms encode=26.836 ms mux=0.172 ms
start encode NV12 with RV1106 vendor packet ABI, frame=1032
encode_put_frame ret=0
encode_get_packet ret=0 handle=0xaead1930 expected=0xaead1930
vendor packet: mpi_buf_id=177 len=12876 buf_size=1495040 offset=546560 data_num=1 flag=0x00000000 pts=1032
valloc packet buffer: mpi_buf_id=177 dma_buf_fd=11 size=0
H264 first bytes: 00 00 00 01 41 e0 00 e0 01 c6 1f 1b 8a 12 43 28
encode_release_packet ret=0
MP4 frame 1033/1500: sequence=1037 pts=41280000 us key=0 nv12=4478976 h264=12876 acquire=12.515 ms encode=26.312 ms mux=0.175 ms
start encode NV12 with RV1106 vendor packet ABI, frame=1033
encode_put_frame ret=0
encode_get_packet ret=0 handle=0xaead1930 expected=0xaead1930
vendor packet: mpi_buf_id=177 len=12621 buf_size=1495040 offset=559488 data_num=1 flag=0x00000000 pts=1033
valloc packet buffer: mpi_buf_id=177 dma_buf_fd=11 size=0
H264 first bytes: 00 00 00 01 41 e0 01 00 02 06 1f 0b cc 61 25 df
encode_release_packet ret=0
MP4 frame 1034/1500: sequence=1038 pts=41320000 us key=0 nv12=4478976 h264=12621 acquire=13.032 ms encode=26.887 ms mux=0.170 ms
start encode NV12 with RV1106 vendor packet ABI, frame=1034
encode_put_frame ret=0
encode_get_packet ret=0 handle=0xaead1930 expected=0xaead1930
vendor packet: mpi_buf_id=177 len=12503 buf_size=1495040 offset=572160 data_num=1 flag=0x00000000 pts=1034
valloc packet buffer: mpi_buf_id=177 dma_buf_fd=11 size=0
H264 first bytes: 00 00 00 01 41 e0 01 20 02 46 1f cc e1 88 91 81
encode_release_packet ret=0
MP4 frame 1035/1500: sequence=1039 pts=41360000 us key=0 nv12=4478976 h264=12503 acquire=12.453 ms encode=26.271 ms mux=0.172 ms
start encode NV12 with RV1106 vendor packet ABI, frame=1035
encode_put_frame ret=0
encode_get_packet ret=0 handle=0xaead1930 expected=0xaead1930
vendor packet: mpi_buf_id=177 len=12512 buf_size=1495040 offset=584704 data_num=1 flag=0x00000000 pts=1035
valloc packet buffer: mpi_buf_id=177 dma_buf_fd=11 size=0
H264 first bytes: 00 00 00 01 41 e0 01 40 02 86 1f 03 35 1e 07 da
encode_release_packet ret=0
MP4 frame 1036/1500: sequence=1040 pts=41400000 us key=0 nv12=4478976 h264=12512 acquire=13.154 ms encode=26.884 ms mux=0.176 ms
start encode NV12 with RV1106 vendor packet ABI, frame=1036
encode_put_frame ret=0
encode_get_packet ret=0 handle=0xaead1930 expected=0xaead1930
vendor packet: mpi_buf_id=177 len=12726 buf_size=1495040 offset=597248 data_num=1 flag=0x00000000 pts=1036
valloc packet buffer: mpi_buf_id=177 dma_buf_fd=11 size=0
H264 first bytes: 00 00 00 01 41 e0 01 60 02 c6 1f 06 90 84 60 9d
encode_release_packet ret=0
MP4 frame 1037/1500: sequence=1041 pts=41440000 us key=0 nv12=4478976 h264=12726 acquire=12.478 ms encode=26.289 ms mux=0.184 ms
start encode NV12 with RV1106 vendor packet ABI, frame=1037
encode_put_frame ret=0
encode_get_packet ret=0 handle=0xaead1930 expected=0xaead1930
vendor packet: mpi_buf_id=177 len=12918 buf_size=1495040 offset=610048 data_num=1 flag=0x00000000 pts=1037
valloc packet buffer: mpi_buf_id=177 dma_buf_fd=11 size=0
H264 first bytes: 00 00 00 01 41 e0 01 80 03 06 1f 02 5d 9a 13 9c
encode_release_packet ret=0
MP4 frame 1038/1500: sequence=1042 pts=41480000 us key=0 nv12=4478976 h264=12918 acquire=12.902 ms encode=27.004 ms mux=0.182 ms
start encode NV12 with RV1106 vendor packet ABI, frame=1038
encode_put_frame ret=0
encode_get_packet ret=0 handle=0xaead1930 expected=0xaead1930
vendor packet: mpi_buf_id=177 len=13572 buf_size=1495040 offset=622976 data_num=1 flag=0x00000000 pts=1038
valloc packet buffer: mpi_buf_id=177 dma_buf_fd=11 size=0
H264 first bytes: 00 00 00 01 41 e0 01 a0 03 46 1f 11 3e 7a 8f 12
encode_release_packet ret=0
MP4 frame 1039/1500: sequence=1043 pts=41520000 us key=0 nv12=4478976 h264=13572 acquire=12.315 ms encode=26.308 ms mux=0.185 ms
start encode NV12 with RV1106 vendor packet ABI, frame=1039
encode_put_frame ret=0
encode_get_packet ret=0 handle=0xaead1930 expected=0xaead1930
vendor packet: mpi_buf_id=177 len=12686 buf_size=1495040 offset=636672 data_num=1 flag=0x00000000 pts=1039
valloc packet buffer: mpi_buf_id=177 dma_buf_fd=11 size=0
H264 first bytes: 00 00 00 01 41 e0 01 c0 03 86 1f 19 c5 6b 32 f0
encode_release_packet ret=0
MP4 frame 1040/1500: sequence=1044 pts=41560000 us key=0 nv12=4478976 h264=12686 acquire=13.031 ms encode=26.858 ms mux=0.179 ms
start encode NV12 with RV1106 vendor packet ABI, frame=1040
encode_put_frame ret=0
encode_get_packet ret=0 handle=0xaead1930 expected=0xaead1930
vendor packet: mpi_buf_id=177 len=12614 buf_size=1495040 offset=649472 data_num=1 flag=0x00000000 pts=1040
valloc packet buffer: mpi_buf_id=177 dma_buf_fd=11 size=0
H264 first bytes: 00 00 00 01 41 e0 01 e0 03 c6 1f 0a e6 18 25 ea
encode_release_packet ret=0
MP4 frame 1041/1500: sequence=1045 pts=41600000 us key=0 nv12=4478976 h264=12614 acquire=12.460 ms encode=26.310 ms mux=0.176 ms
start encode NV12 with RV1106 vendor packet ABI, frame=1041
encode_put_frame ret=0
encode_get_packet ret=0 handle=0xaead1930 expected=0xaead1930
vendor packet: mpi_buf_id=177 len=12960 buf_size=1495040 offset=662144 data_num=1 flag=0x00000000 pts=1041
valloc packet buffer: mpi_buf_id=177 dma_buf_fd=11 size=0
H264 first bytes: 00 00 00 01 41 e0 02 00 04 06 1f 19 66 04 94 fb
encode_release_packet ret=0
MP4 frame 1042/1500: sequence=1046 pts=41640000 us key=0 nv12=4478976 h264=12960 acquire=13.147 ms encode=26.990 ms mux=0.174 ms
start encode NV12 with RV1106 vendor packet ABI, frame=1042
encode_put_frame ret=0
encode_get_packet ret=0 handle=0xaead1930 expected=0xaead1930
vendor packet: mpi_buf_id=177 len=12537 buf_size=1495040 offset=675200 data_num=1 flag=0x00000000 pts=1042
valloc packet buffer: mpi_buf_id=177 dma_buf_fd=11 size=0
H264 first bytes: 00 00 00 01 41 e0 02 20 04 46 1f 08 da 12 27 ad
encode_release_packet ret=0
MP4 frame 1043/1500: sequence=1047 pts=41680000 us key=0 nv12=4478976 h264=12537 acquire=12.233 ms encode=26.237 ms mux=0.175 ms
start encode NV12 with RV1106 vendor packet ABI, frame=1043
encode_put_frame ret=0
encode_get_packet ret=0 handle=0xaead1930 expected=0xaead1930
vendor packet: mpi_buf_id=177 len=12430 buf_size=1495040 offset=687744 data_num=1 flag=0x00000000 pts=1043
valloc packet buffer: mpi_buf_id=177 dma_buf_fd=11 size=0
H264 first bytes: 00 00 00 01 41 e0 02 40 04 86 1f 0d da 81 de 29
encode_release_packet ret=0
MP4 frame 1044/1500: sequence=1048 pts=41720000 us key=0 nv12=4478976 h264=12430 acquire=13.098 ms encode=26.913 ms mux=0.179 ms
start encode NV12 with RV1106 vendor packet ABI, frame=1044
encode_put_frame ret=0
encode_get_packet ret=0 handle=0xaead1930 expected=0xaead1930
vendor packet: mpi_buf_id=177 len=11984 buf_size=1495040 offset=700288 data_num=1 flag=0x00000000 pts=1044
valloc packet buffer: mpi_buf_id=177 dma_buf_fd=11 size=0
H264 first bytes: 00 00 00 01 41 e0 02 60 04 c6 1f 1f 41 e1 82 58
encode_release_packet ret=0
MP4 frame 1045/1500: sequence=1049 pts=41760000 us key=0 nv12=4478976 h264=11984 acquire=12.428 ms encode=26.306 ms mux=0.172 ms
start encode NV12 with RV1106 vendor packet ABI, frame=1045
encode_put_frame ret=0
encode_get_packet ret=0 handle=0xaead1930 expected=0xaead1930
vendor packet: mpi_buf_id=177 len=12582 buf_size=1495040 offset=712320 data_num=1 flag=0x00000000 pts=1045
valloc packet buffer: mpi_buf_id=177 dma_buf_fd=11 size=0
H264 first bytes: 00 00 00 01 41 e0 02 80 05 06 1f 3c e6 25 78 89
encode_release_packet ret=0
MP4 frame 1046/1500: sequence=1050 pts=41800000 us key=0 nv12=4478976 h264=12582 acquire=13.015 ms encode=26.992 ms mux=0.181 ms
start encode NV12 with RV1106 vendor packet ABI, frame=1046
encode_put_frame ret=0
encode_get_packet ret=0 handle=0xaead1930 expected=0xaead1930
vendor packet: mpi_buf_id=177 len=12574 buf_size=1495040 offset=724992 data_num=1 flag=0x00000000 pts=1046
valloc packet buffer: mpi_buf_id=177 dma_buf_fd=11 size=0
H264 first bytes: 00 00 00 01 41 e0 02 a0 05 46 1f 3d 1c 76 9d 4f
encode_release_packet ret=0
MP4 frame 1047/1500: sequence=1051 pts=41840000 us key=0 nv12=4478976 h264=12574 acquire=12.353 ms encode=26.173 ms mux=1.054 ms
start encode NV12 with RV1106 vendor packet ABI, frame=1047
encode_put_frame ret=0
encode_get_packet ret=0 handle=0xaead1930 expected=0xaead1930
vendor packet: mpi_buf_id=177 len=12281 buf_size=1495040 offset=737664 data_num=1 flag=0x00000000 pts=1047
valloc packet buffer: mpi_buf_id=177 dma_buf_fd=11 size=0
H264 first bytes: 00 00 00 01 41 e0 02 c0 05 86 1f 06 b4 68 17 b3
encode_release_packet ret=0
MP4 frame 1048/1500: sequence=1052 pts=41880000 us key=0 nv12=4478976 h264=12281 acquire=12.257 ms encode=26.999 ms mux=0.176 ms
start encode NV12 with RV1106 vendor packet ABI, frame=1048
encode_put_frame ret=0
encode_get_packet ret=0 handle=0xaead1930 expected=0xaead1930
vendor packet: mpi_buf_id=177 len=12391 buf_size=1495040 offset=749952 data_num=1 flag=0x00000000 pts=1048
valloc packet buffer: mpi_buf_id=177 dma_buf_fd=11 size=0
H264 first bytes: 00 00 00 01 41 e0 02 e0 05 c6 1f 17 39 a2 6c c3
encode_release_packet ret=0
MP4 frame 1049/1500: sequence=1053 pts=41920000 us key=0 nv12=4478976 h264=12391 acquire=12.342 ms encode=26.298 ms mux=0.176 ms
start encode NV12 with RV1106 vendor packet ABI, frame=1049
encode_put_frame ret=0
encode_get_packet ret=0 handle=0xaead1930 expected=0xaead1930
vendor packet: mpi_buf_id=177 len=12393 buf_size=1495040 offset=762368 data_num=1 flag=0x00000000 pts=1049
valloc packet buffer: mpi_buf_id=177 dma_buf_fd=11 size=0
H264 first bytes: 00 00 00 01 41 e0 03 00 06 06 1f 2e a0 ff 39 04
encode_release_packet ret=0
MP4 frame 1050/1500: sequence=1054 pts=41960000 us key=0 nv12=4478976 h264=12393 acquire=13.034 ms encode=26.981 ms mux=0.175 ms
start encode NV12 with RV1106 vendor packet ABI, frame=1050
encode_put_frame ret=0
encode_get_packet ret=0 handle=0xaead1930 expected=0xaead1930
vendor packet: mpi_buf_id=177 len=185651 buf_size=1495040 offset=774784 data_num=1 flag=0x00000010 pts=1050
valloc packet buffer: mpi_buf_id=177 dma_buf_fd=11 size=0
H264 first bytes: 00 00 00 01 65 b8 00 00 b0 00 00 fc 29 12 11 10
encode_release_packet ret=0
MP4 frame 1051/1500: sequence=1055 pts=42000000 us key=1 nv12=4478976 h264=185651 acquire=12.352 ms encode=26.259 ms mux=3.144 ms
start encode NV12 with RV1106 vendor packet ABI, frame=1051
encode_put_frame ret=0
encode_get_packet ret=0 handle=0xaead1930 expected=0xaead1930
vendor packet: mpi_buf_id=177 len=13192 buf_size=1495040 offset=960512 data_num=1 flag=0x00000000 pts=1051
valloc packet buffer: mpi_buf_id=177 dma_buf_fd=11 size=0
H264 first bytes: 00 00 00 01 41 e0 00 20 00 46 1f 0a 59 c6 09 dc
encode_release_packet ret=0
MP4 frame 1052/1500: sequence=1056 pts=42040000 us key=0 nv12=4478976 h264=13192 acquire=10.100 ms encode=26.968 ms mux=0.186 ms
start encode NV12 with RV1106 vendor packet ABI, frame=1052
encode_put_frame ret=0
encode_get_packet ret=0 handle=0xaead1930 expected=0xaead1930
vendor packet: mpi_buf_id=177 len=12262 buf_size=1495040 offset=973824 data_num=1 flag=0x00000000 pts=1052
valloc packet buffer: mpi_buf_id=177 dma_buf_fd=11 size=0
H264 first bytes: 00 00 00 01 41 e0 00 40 00 86 1f 15 96 2a 68 4c
encode_release_packet ret=0
MP4 frame 1053/1500: sequence=1057 pts=42080000 us key=0 nv12=4478976 h264=12262 acquire=12.485 ms encode=26.315 ms mux=0.174 ms
start encode NV12 with RV1106 vendor packet ABI, frame=1053
encode_put_frame ret=0
encode_get_packet ret=0 handle=0xaead1930 expected=0xaead1930
vendor packet: mpi_buf_id=177 len=13138 buf_size=1495040 offset=986112 data_num=1 flag=0x00000000 pts=1053
valloc packet buffer: mpi_buf_id=177 dma_buf_fd=11 size=0
H264 first bytes: 00 00 00 01 41 e0 00 60 00 c6 1f 1f 41 80 a0 99
encode_release_packet ret=0
MP4 frame 1054/1500: sequence=1058 pts=42120000 us key=0 nv12=4478976 h264=13138 acquire=12.880 ms encode=27.082 ms mux=0.181 ms
start encode NV12 with RV1106 vendor packet ABI, frame=1054
encode_put_frame ret=0
encode_get_packet ret=0 handle=0xaead1930 expected=0xaead1930
vendor packet: mpi_buf_id=177 len=12827 buf_size=1495040 offset=999296 data_num=1 flag=0x00000000 pts=1054
valloc packet buffer: mpi_buf_id=177 dma_buf_fd=11 size=0
H264 first bytes: 00 00 00 01 41 e0 00 80 01 06 1f 26 ae e3 aa f6
encode_release_packet ret=0
MP4 frame 1055/1500: sequence=1059 pts=42160000 us key=0 nv12=4478976 h264=12827 acquire=12.262 ms encode=28.128 ms mux=0.178 ms
start encode NV12 with RV1106 vendor packet ABI, frame=1055
encode_put_frame ret=0
encode_get_packet ret=0 handle=0xaead1930 expected=0xaead1930
vendor packet: mpi_buf_id=177 len=12339 buf_size=1495040 offset=1012224 data_num=1 flag=0x00000000 pts=1055
valloc packet buffer: mpi_buf_id=177 dma_buf_fd=11 size=0
H264 first bytes: 00 00 00 01 41 e0 00 a0 01 46 1f 0b c5 85 c2 22
encode_release_packet ret=0
MP4 frame 1056/1500: sequence=1060 pts=42200000 us key=0 nv12=4478976 h264=12339 acquire=11.276 ms encode=26.931 ms mux=0.172 ms
start encode NV12 with RV1106 vendor packet ABI, frame=1056
encode_put_frame ret=0
encode_get_packet ret=0 handle=0xaead1930 expected=0xaead1930
vendor packet: mpi_buf_id=177 len=12523 buf_size=1495040 offset=1024640 data_num=1 flag=0x00000000 pts=1056
valloc packet buffer: mpi_buf_id=177 dma_buf_fd=11 size=0
H264 first bytes: 00 00 00 01 41 e0 00 c0 01 86 1f 07 b3 1a 3e b0
encode_release_packet ret=0
MP4 frame 1057/1500: sequence=1061 pts=42240000 us key=0 nv12=4478976 h264=12523 acquire=12.338 ms encode=26.286 ms mux=0.178 ms
start encode NV12 with RV1106 vendor packet ABI, frame=1057
encode_put_frame ret=0
encode_get_packet ret=0 handle=0xaead1930 expected=0xaead1930
vendor packet: mpi_buf_id=177 len=12175 buf_size=1495040 offset=1037184 data_num=1 flag=0x00000000 pts=1057
valloc packet buffer: mpi_buf_id=177 dma_buf_fd=11 size=0
H264 first bytes: 00 00 00 01 41 e0 00 e0 01 c6 1f 09 d4 60 90 f2
encode_release_packet ret=0
MP4 frame 1058/1500: sequence=1062 pts=42280000 us key=0 nv12=4478976 h264=12175 acquire=13.042 ms encode=26.864 ms mux=0.175 ms
start encode NV12 with RV1106 vendor packet ABI, frame=1058
encode_put_frame ret=0
encode_get_packet ret=0 handle=0xaead1930 expected=0xaead1930
vendor packet: mpi_buf_id=177 len=12183 buf_size=1495040 offset=1049472 data_num=1 flag=0x00000000 pts=1058
valloc packet buffer: mpi_buf_id=177 dma_buf_fd=11 size=0
H264 first bytes: 00 00 00 01 41 e0 01 00 02 06 1f 0c 4c c4 89 15
encode_release_packet ret=0
MP4 frame 1059/1500: sequence=1063 pts=42320000 us key=0 nv12=4478976 h264=12183 acquire=12.479 ms encode=26.302 ms mux=0.166 ms
start encode NV12 with RV1106 vendor packet ABI, frame=1059
encode_put_frame ret=0
encode_get_packet ret=0 handle=0xaead1930 expected=0xaead1930
vendor packet: mpi_buf_id=177 len=12679 buf_size=1495040 offset=1061760 data_num=1 flag=0x00000000 pts=1059
valloc packet buffer: mpi_buf_id=177 dma_buf_fd=11 size=0
H264 first bytes: 00 00 00 01 41 e0 01 20 02 46 1f 17 66 87 a6 c2
encode_release_packet ret=0
MP4 frame 1060/1500: sequence=1064 pts=42360000 us key=0 nv12=4478976 h264=12679 acquire=13.141 ms encode=27.010 ms mux=0.176 ms
start encode NV12 with RV1106 vendor packet ABI, frame=1060
encode_put_frame ret=0
encode_get_packet ret=0 handle=0xaead1930 expected=0xaead1930
vendor packet: mpi_buf_id=177 len=11886 buf_size=1495040 offset=1074560 data_num=1 flag=0x00000000 pts=1060
valloc packet buffer: mpi_buf_id=177 dma_buf_fd=11 size=0
H264 first bytes: 00 00 00 01 41 e0 01 40 02 86 1f 15 92 b3 0a c7
encode_release_packet ret=0
MP4 frame 1061/1500: sequence=1065 pts=42400000 us key=0 nv12=4478976 h264=11886 acquire=12.217 ms encode=26.317 ms mux=0.175 ms
start encode NV12 with RV1106 vendor packet ABI, frame=1061
encode_put_frame ret=0
encode_get_packet ret=0 handle=0xaead1930 expected=0xaead1930
vendor packet: mpi_buf_id=177 len=11922 buf_size=1495040 offset=1086464 data_num=1 flag=0x00000000 pts=1061
valloc packet buffer: mpi_buf_id=177 dma_buf_fd=11 size=0
H264 first bytes: 00 00 00 01 41 e0 01 60 02 c6 1f 0b d2 31 5b 26
encode_release_packet ret=0
MP4 frame 1062/1500: sequence=1066 pts=42440000 us key=0 nv12=4478976 h264=11922 acquire=12.899 ms encode=26.905 ms mux=0.170 ms
start encode NV12 with RV1106 vendor packet ABI, frame=1062
encode_put_frame ret=0
encode_get_packet ret=0 handle=0xaead1930 expected=0xaead1930
vendor packet: mpi_buf_id=177 len=12125 buf_size=1495040 offset=1098496 data_num=1 flag=0x00000000 pts=1062
valloc packet buffer: mpi_buf_id=177 dma_buf_fd=11 size=0
H264 first bytes: 00 00 00 01 41 e0 01 80 03 06 1f 11 a4 56 83 7c
encode_release_packet ret=0
MP4 frame 1063/1500: sequence=1067 pts=42480000 us key=0 nv12=4478976 h264=12125 acquire=12.437 ms encode=26.301 ms mux=0.174 ms
start encode NV12 with RV1106 vendor packet ABI, frame=1063
encode_put_frame ret=0
encode_get_packet ret=0 handle=0xaead1930 expected=0xaead1930
vendor packet: mpi_buf_id=177 len=12313 buf_size=1495040 offset=1110656 data_num=1 flag=0x00000000 pts=1063
valloc packet buffer: mpi_buf_id=177 dma_buf_fd=11 size=0
H264 first bytes: 00 00 00 01 41 e0 01 a0 03 46 1f 0a 42 71 82 68
encode_release_packet ret=0
MP4 frame 1064/1500: sequence=1068 pts=42520000 us key=0 nv12=4478976 h264=12313 acquire=13.041 ms encode=26.889 ms mux=0.172 ms
start encode NV12 with RV1106 vendor packet ABI, frame=1064
encode_put_frame ret=0
encode_get_packet ret=0 handle=0xaead1930 expected=0xaead1930
vendor packet: mpi_buf_id=177 len=12171 buf_size=1495040 offset=1123072 data_num=1 flag=0x00000000 pts=1064
valloc packet buffer: mpi_buf_id=177 dma_buf_fd=11 size=0
H264 first bytes: 00 00 00 01 41 e0 01 c0 03 86 1f 08 49 1c 26 dc
encode_release_packet ret=0
MP4 frame 1065/1500: sequence=1069 pts=42560000 us key=0 nv12=4478976 h264=12171 acquire=12.432 ms encode=26.274 ms mux=0.171 ms
start encode NV12 with RV1106 vendor packet ABI, frame=1065
encode_put_frame ret=0
encode_get_packet ret=0 handle=0xaead1930 expected=0xaead1930
vendor packet: mpi_buf_id=177 len=13054 buf_size=1495040 offset=1135360 data_num=1 flag=0x00000000 pts=1065
valloc packet buffer: mpi_buf_id=177 dma_buf_fd=11 size=0
H264 first bytes: 00 00 00 01 41 e0 01 e0 03 c6 0b c2 56 86 09 dd
encode_release_packet ret=0
MP4 frame 1066/1500: sequence=1070 pts=42600000 us key=0 nv12=4478976 h264=13054 acquire=13.083 ms encode=27.018 ms mux=0.179 ms
start encode NV12 with RV1106 vendor packet ABI, frame=1066
encode_put_frame ret=0
encode_get_packet ret=0 handle=0xaead1930 expected=0xaead1930
vendor packet: mpi_buf_id=177 len=13157 buf_size=1495040 offset=1148416 data_num=1 flag=0x00000000 pts=1066
valloc packet buffer: mpi_buf_id=177 dma_buf_fd=11 size=0
H264 first bytes: 00 00 00 01 41 e0 02 00 04 06 0b f3 1e 3b 61 41
encode_release_packet ret=0
MP4 frame 1067/1500: sequence=1071 pts=42640000 us key=0 nv12=4478976 h264=13157 acquire=12.296 ms encode=26.294 ms mux=0.189 ms
start encode NV12 with RV1106 vendor packet ABI, frame=1067
encode_put_frame ret=0
encode_get_packet ret=0 handle=0xaead1930 expected=0xaead1930
vendor packet: mpi_buf_id=177 len=12922 buf_size=1495040 offset=1161600 data_num=1 flag=0x00000000 pts=1067
valloc packet buffer: mpi_buf_id=177 dma_buf_fd=11 size=0
H264 first bytes: 00 00 00 01 41 e0 02 20 04 46 0b c7 c2 4c 60 93
encode_release_packet ret=0
MP4 frame 1068/1500: sequence=1072 pts=42680000 us key=0 nv12=4478976 h264=12922 acquire=13.037 ms encode=26.953 ms mux=0.185 ms
start encode NV12 with RV1106 vendor packet ABI, frame=1068
encode_put_frame ret=0
encode_get_packet ret=0 handle=0xaead1930 expected=0xaead1930
vendor packet: mpi_buf_id=177 len=13154 buf_size=1495040 offset=1174528 data_num=1 flag=0x00000000 pts=1068
valloc packet buffer: mpi_buf_id=177 dma_buf_fd=11 size=0
H264 first bytes: 00 00 00 01 41 e0 02 40 04 86 0b f4 74 25 e1 0b
encode_release_packet ret=0
MP4 frame 1069/1500: sequence=1073 pts=42720000 us key=0 nv12=4478976 h264=13154 acquire=12.351 ms encode=26.497 ms mux=0.181 ms
start encode NV12 with RV1106 vendor packet ABI, frame=1069
encode_put_frame ret=0
encode_get_packet ret=0 handle=0xaead1930 expected=0xaead1930
vendor packet: mpi_buf_id=177 len=13314 buf_size=1495040 offset=1187712 data_num=1 flag=0x00000000 pts=1069
valloc packet buffer: mpi_buf_id=177 dma_buf_fd=11 size=0
H264 first bytes: 00 00 00 01 41 e0 02 60 04 c6 0b c5 4e ea e2 bd
encode_release_packet ret=0
MP4 frame 1070/1500: sequence=1074 pts=42760000 us key=0 nv12=4478976 h264=13314 acquire=12.852 ms encode=26.882 ms mux=0.183 ms
start encode NV12 with RV1106 vendor packet ABI, frame=1070
encode_put_frame ret=0
encode_get_packet ret=0 handle=0xaead1930 expected=0xaead1930
vendor packet: mpi_buf_id=177 len=13323 buf_size=1495040 offset=1201152 data_num=1 flag=0x00000000 pts=1070
valloc packet buffer: mpi_buf_id=177 dma_buf_fd=11 size=0
H264 first bytes: 00 00 00 01 41 e0 02 80 05 06 0b c7 d9 02 82 55
encode_release_packet ret=0
MP4 frame 1071/1500: sequence=1075 pts=42800000 us key=0 nv12=4478976 h264=13323 acquire=12.431 ms encode=26.310 ms mux=0.184 ms
start encode NV12 with RV1106 vendor packet ABI, frame=1071
encode_put_frame ret=0
encode_get_packet ret=0 handle=0xaead1930 expected=0xaead1930
vendor packet: mpi_buf_id=177 len=13546 buf_size=1495040 offset=1214592 data_num=1 flag=0x00000000 pts=1071
valloc packet buffer: mpi_buf_id=177 dma_buf_fd=11 size=0
H264 first bytes: 00 00 00 01 41 e0 02 a0 05 46 0b c2 59 c6 09 41
encode_release_packet ret=0
MP4 frame 1072/1500: sequence=1076 pts=42840000 us key=0 nv12=4478976 h264=13546 acquire=13.018 ms encode=26.995 ms mux=1.054 ms
start encode NV12 with RV1106 vendor packet ABI, frame=1072
encode_put_frame ret=0
encode_get_packet ret=0 handle=0xaead1930 expected=0xaead1930
vendor packet: mpi_buf_id=177 len=13366 buf_size=1495040 offset=1228160 data_num=1 flag=0x00000000 pts=1072
valloc packet buffer: mpi_buf_id=177 dma_buf_fd=11 size=0
H264 first bytes: 00 00 00 01 41 e0 02 c0 05 86 0b c2 65 ff 0f f0
encode_release_packet ret=0
MP4 frame 1073/1500: sequence=1077 pts=42880000 us key=0 nv12=4478976 h264=13366 acquire=11.452 ms encode=26.435 ms mux=0.188 ms
start encode NV12 with RV1106 vendor packet ABI, frame=1073
encode_put_frame ret=0
encode_get_packet ret=0 handle=0xaead1930 expected=0xaead1930
vendor packet: mpi_buf_id=177 len=13636 buf_size=1495040 offset=1241600 data_num=1 flag=0x00000000 pts=1073
valloc packet buffer: mpi_buf_id=177 dma_buf_fd=11 size=0
H264 first bytes: 00 00 00 01 41 e0 02 e0 05 c6 0b c2 78 a1 82 4e
encode_release_packet ret=0
MP4 frame 1074/1500: sequence=1078 pts=42920000 us key=0 nv12=4478976 h264=13636 acquire=12.904 ms encode=26.917 ms mux=0.184 ms
start encode NV12 with RV1106 vendor packet ABI, frame=1074
encode_put_frame ret=0
encode_get_packet ret=0 handle=0xaead1930 expected=0xaead1930
vendor packet: mpi_buf_id=177 len=13271 buf_size=1495040 offset=1255296 data_num=1 flag=0x00000000 pts=1074
valloc packet buffer: mpi_buf_id=177 dma_buf_fd=11 size=0
H264 first bytes: 00 00 00 01 41 e0 03 00 06 06 0b c2 74 51 82 52
encode_release_packet ret=0
MP4 frame 1075/1500: sequence=1079 pts=42960000 us key=0 nv12=4478976 h264=13271 acquire=12.399 ms encode=26.287 ms mux=0.186 ms
start encode NV12 with RV1106 vendor packet ABI, frame=1075
encode_put_frame ret=0
encode_get_packet ret=0 handle=0xaead1930 expected=0xaead1930
vendor packet: mpi_buf_id=177 len=189145 buf_size=1495040 offset=1268608 data_num=1 flag=0x00000010 pts=1075
valloc packet buffer: mpi_buf_id=177 dma_buf_fd=11 size=0
H264 first bytes: 00 00 00 01 65 b8 00 00 c0 00 00 4f 0a 44 80 85
encode_release_packet ret=0
MP4 frame 1076/1500: sequence=1080 pts=43000000 us key=1 nv12=4478976 h264=189145 acquire=13.037 ms encode=26.872 ms mux=3.278 ms
start encode NV12 with RV1106 vendor packet ABI, frame=1076
encode_put_frame ret=0
encode_get_packet ret=0 handle=0xaead1930 expected=0xaead1930
vendor packet: mpi_buf_id=177 len=13028 buf_size=1495040 offset=1457792 data_num=1 flag=0x00000000 pts=1076
valloc packet buffer: mpi_buf_id=177 dma_buf_fd=11 size=0
H264 first bytes: 00 00 00 01 41 e0 00 20 00 46 0b c5 6a 5a 41 41
encode_release_packet ret=0
MP4 frame 1077/1500: sequence=1081 pts=43040000 us key=0 nv12=4478976 h264=13028 acquire=9.326 ms encode=26.261 ms mux=0.178 ms
start encode NV12 with RV1106 vendor packet ABI, frame=1077
encode_put_frame ret=0
encode_get_packet ret=0 handle=0xaead1930 expected=0xaead1930
vendor packet: mpi_buf_id=177 len=13334 buf_size=1495040 offset=1470848 data_num=1 flag=0x00000000 pts=1077
valloc packet buffer: mpi_buf_id=177 dma_buf_fd=11 size=0
H264 first bytes: 00 00 00 01 41 e0 00 40 00 86 0b cf 34 77 6e 36
encode_release_packet ret=0
MP4 frame 1078/1500: sequence=1082 pts=43080000 us key=0 nv12=4478976 h264=13334 acquire=13.064 ms encode=26.936 ms mux=0.180 ms
start encode NV12 with RV1106 vendor packet ABI, frame=1078
encode_put_frame ret=0
encode_get_packet ret=0 handle=0xaead1930 expected=0xaead1930
vendor packet: mpi_buf_id=177 len=13832 buf_size=1495040 offset=1484288 data_num=1 flag=0x00000000 pts=1078
valloc packet buffer: mpi_buf_id=177 dma_buf_fd=11 size=0
H264 first bytes: 00 00 00 01 41 e0 00 60 00 c6 0b cf 71 d6 8b d1
encode_release_packet ret=0
MP4 frame 1079/1500: sequence=1083 pts=43120000 us key=0 nv12=4478976 h264=13832 acquire=12.396 ms encode=26.261 ms mux=0.185 ms
start encode NV12 with RV1106 vendor packet ABI, frame=1079
encode_put_frame ret=0
encode_get_packet ret=0 handle=0xaead1930 expected=0xaead1930
vendor packet: mpi_buf_id=177 len=14200 buf_size=1495040 offset=3200 data_num=1 flag=0x00000000 pts=1079
valloc packet buffer: mpi_buf_id=177 dma_buf_fd=11 size=0
H264 first bytes: 00 00 00 01 41 e0 00 80 01 06 0b d4 87 20 93 b3
encode_release_packet ret=0
MP4 frame 1080/1500: sequence=1084 pts=43160000 us key=0 nv12=4478976 h264=14200 acquire=13.083 ms encode=26.877 ms mux=0.195 ms
start encode NV12 with RV1106 vendor packet ABI, frame=1080
encode_put_frame ret=0
encode_get_packet ret=0 handle=0xaead1930 expected=0xaead1930
vendor packet: mpi_buf_id=177 len=13004 buf_size=1495040 offset=17408 data_num=1 flag=0x00000000 pts=1080
valloc packet buffer: mpi_buf_id=177 dma_buf_fd=11 size=0
H264 first bytes: 00 00 00 01 41 e0 00 a0 01 46 0b c5 e9 15 23 5a
encode_release_packet ret=0
MP4 frame 1081/1500: sequence=1085 pts=43200000 us key=0 nv12=4478976 h264=13004 acquire=12.419 ms encode=26.322 ms mux=0.186 ms
start encode NV12 with RV1106 vendor packet ABI, frame=1081
encode_put_frame ret=0
encode_get_packet ret=0 handle=0xaead1930 expected=0xaead1930
vendor packet: mpi_buf_id=177 len=14167 buf_size=1495040 offset=30464 data_num=1 flag=0x00000000 pts=1081
valloc packet buffer: mpi_buf_id=177 dma_buf_fd=11 size=0
H264 first bytes: 00 00 00 01 41 e0 00 c0 01 86 0b c6 59 85 79 98
encode_release_packet ret=0
MP4 frame 1082/1500: sequence=1086 pts=43240000 us key=0 nv12=4478976 h264=14167 acquire=13.012 ms encode=26.941 ms mux=0.193 ms
start encode NV12 with RV1106 vendor packet ABI, frame=1082
encode_put_frame ret=0
encode_get_packet ret=0 handle=0xaead1930 expected=0xaead1930
vendor packet: mpi_buf_id=177 len=12527 buf_size=1495040 offset=44672 data_num=1 flag=0x00000000 pts=1082
valloc packet buffer: mpi_buf_id=177 dma_buf_fd=11 size=0
H264 first bytes: 00 00 00 01 41 e0 00 e0 01 c6 1f 08 61 80 80 9b
encode_release_packet ret=0
MP4 frame 1083/1500: sequence=1087 pts=43280000 us key=0 nv12=4478976 h264=12527 acquire=12.378 ms encode=26.360 ms mux=0.177 ms
start encode NV12 with RV1106 vendor packet ABI, frame=1083
encode_put_frame ret=0
encode_get_packet ret=0 handle=0xaead1930 expected=0xaead1930
vendor packet: mpi_buf_id=177 len=14091 buf_size=1495040 offset=57216 data_num=1 flag=0x00000000 pts=1083
valloc packet buffer: mpi_buf_id=177 dma_buf_fd=11 size=0
H264 first bytes: 00 00 00 01 41 e0 01 00 02 06 0b c5 d9 88 55 e2
encode_release_packet ret=0
MP4 frame 1084/1500: sequence=1088 pts=43320000 us key=0 nv12=4478976 h264=14091 acquire=13.044 ms encode=26.902 ms mux=0.192 ms
start encode NV12 with RV1106 vendor packet ABI, frame=1084
encode_put_frame ret=0
encode_get_packet ret=0 handle=0xaead1930 expected=0xaead1930
vendor packet: mpi_buf_id=177 len=13463 buf_size=1495040 offset=71424 data_num=1 flag=0x00000000 pts=1084
valloc packet buffer: mpi_buf_id=177 dma_buf_fd=11 size=0
H264 first bytes: 00 00 00 01 41 e0 01 20 02 46 1f 08 c8 61 e2 6b
encode_release_packet ret=0
MP4 frame 1085/1500: sequence=1089 pts=43360000 us key=0 nv12=4478976 h264=13463 acquire=12.225 ms encode=26.282 ms mux=0.183 ms
start encode NV12 with RV1106 vendor packet ABI, frame=1085
encode_put_frame ret=0
encode_get_packet ret=0 handle=0xaead1930 expected=0xaead1930
vendor packet: mpi_buf_id=177 len=12935 buf_size=1495040 offset=84992 data_num=1 flag=0x00000000 pts=1085
valloc packet buffer: mpi_buf_id=177 dma_buf_fd=11 size=0
H264 first bytes: 00 00 00 01 41 e0 01 40 02 86 1f 15 96 07 19 cd
encode_release_packet ret=0
MP4 frame 1086/1500: sequence=1090 pts=43400000 us key=0 nv12=4478976 h264=12935 acquire=13.038 ms encode=26.914 ms mux=0.181 ms
start encode NV12 with RV1106 vendor packet ABI, frame=1086
encode_put_frame ret=0
encode_get_packet ret=0 handle=0xaead1930 expected=0xaead1930
vendor packet: mpi_buf_id=177 len=13409 buf_size=1495040 offset=98048 data_num=1 flag=0x00000000 pts=1086
valloc packet buffer: mpi_buf_id=177 dma_buf_fd=11 size=0
H264 first bytes: 00 00 00 01 41 e0 01 60 02 c6 1f 0a d9 c6 09 d9
encode_release_packet ret=0
MP4 frame 1087/1500: sequence=1091 pts=43440000 us key=0 nv12=4478976 h264=13409 acquire=12.431 ms encode=26.295 ms mux=0.182 ms
start encode NV12 with RV1106 vendor packet ABI, frame=1087
encode_put_frame ret=0
encode_get_packet ret=0 handle=0xaead1930 expected=0xaead1930
vendor packet: mpi_buf_id=177 len=12640 buf_size=1495040 offset=111488 data_num=1 flag=0x00000000 pts=1087
valloc packet buffer: mpi_buf_id=177 dma_buf_fd=11 size=0
H264 first bytes: 00 00 00 01 41 e0 01 80 03 06 1f 3f 74 ae 5d 5b
encode_release_packet ret=0
MP4 frame 1088/1500: sequence=1092 pts=43480000 us key=0 nv12=4478976 h264=12640 acquire=13.011 ms encode=26.981 ms mux=0.179 ms
start encode NV12 with RV1106 vendor packet ABI, frame=1088
encode_put_frame ret=0
encode_get_packet ret=0 handle=0xaead1930 expected=0xaead1930
vendor packet: mpi_buf_id=177 len=13549 buf_size=1495040 offset=124160 data_num=1 flag=0x00000000 pts=1088
valloc packet buffer: mpi_buf_id=177 dma_buf_fd=11 size=0
H264 first bytes: 00 00 00 01 41 e0 01 a0 03 46 1f 1f 61 51 e2 4f
encode_release_packet ret=0
MP4 frame 1089/1500: sequence=1093 pts=43520000 us key=0 nv12=4478976 h264=13549 acquire=12.362 ms encode=26.302 ms mux=0.191 ms
start encode NV12 with RV1106 vendor packet ABI, frame=1089
encode_put_frame ret=0
encode_get_packet ret=0 handle=0xaead1930 expected=0xaead1930
vendor packet: mpi_buf_id=177 len=12114 buf_size=1495040 offset=137728 data_num=1 flag=0x00000000 pts=1089
valloc packet buffer: mpi_buf_id=177 dma_buf_fd=11 size=0
H264 first bytes: 00 00 00 01 41 e0 01 c0 03 86 1f 1f 21 06 09 48
encode_release_packet ret=0
MP4 frame 1090/1500: sequence=1094 pts=43560000 us key=0 nv12=4478976 h264=12114 acquire=13.003 ms encode=26.920 ms mux=0.176 ms
start encode NV12 with RV1106 vendor packet ABI, frame=1090
encode_put_frame ret=0
encode_get_packet ret=0 handle=0xaead1930 expected=0xaead1930
vendor packet: mpi_buf_id=177 len=12130 buf_size=1495040 offset=149888 data_num=1 flag=0x00000000 pts=1090
valloc packet buffer: mpi_buf_id=177 dma_buf_fd=11 size=0
H264 first bytes: 00 00 00 01 41 e0 01 e0 03 c6 1f 15 9e 05 39 b3
encode_release_packet ret=0
MP4 frame 1091/1500: sequence=1095 pts=43600000 us key=0 nv12=4478976 h264=12130 acquire=12.573 ms encode=26.239 ms mux=0.172 ms
start encode NV12 with RV1106 vendor packet ABI, frame=1091
encode_put_frame ret=0
encode_get_packet ret=0 handle=0xaead1930 expected=0xaead1930
vendor packet: mpi_buf_id=177 len=12581 buf_size=1495040 offset=162048 data_num=1 flag=0x00000000 pts=1091
valloc packet buffer: mpi_buf_id=177 dma_buf_fd=11 size=0
H264 first bytes: 00 00 00 01 41 e0 02 00 04 06 1f 13 af a2 d4 19
encode_release_packet ret=0
MP4 frame 1092/1500: sequence=1096 pts=43640000 us key=0 nv12=4478976 h264=12581 acquire=12.968 ms encode=27.057 ms mux=0.183 ms
start encode NV12 with RV1106 vendor packet ABI, frame=1092
encode_put_frame ret=0
encode_get_packet ret=0 handle=0xaead1930 expected=0xaead1930
vendor packet: mpi_buf_id=177 len=12857 buf_size=1495040 offset=174720 data_num=1 flag=0x00000000 pts=1092
valloc packet buffer: mpi_buf_id=177 dma_buf_fd=11 size=0
H264 first bytes: 00 00 00 01 41 e0 02 20 04 46 1f 02 6c 79 82 62
encode_release_packet ret=0
MP4 frame 1093/1500: sequence=1097 pts=43680000 us key=0 nv12=4478976 h264=12857 acquire=12.255 ms encode=26.494 ms mux=0.177 ms
start encode NV12 with RV1106 vendor packet ABI, frame=1093
encode_put_frame ret=0
encode_get_packet ret=0 handle=0xaead1930 expected=0xaead1930
vendor packet: mpi_buf_id=177 len=13360 buf_size=1495040 offset=187648 data_num=1 flag=0x00000000 pts=1093
valloc packet buffer: mpi_buf_id=177 dma_buf_fd=11 size=0
H264 first bytes: 00 00 00 01 41 e0 02 40 04 86 0b c7 e7 18 24 bb
encode_release_packet ret=0
MP4 frame 1094/1500: sequence=1098 pts=43720000 us key=0 nv12=4478976 h264=13360 acquire=12.850 ms encode=26.998 ms mux=0.179 ms
start encode NV12 with RV1106 vendor packet ABI, frame=1094
encode_put_frame ret=0
encode_get_packet ret=0 handle=0xaead1930 expected=0xaead1930
vendor packet: mpi_buf_id=177 len=12932 buf_size=1495040 offset=201088 data_num=1 flag=0x00000000 pts=1094
valloc packet buffer: mpi_buf_id=177 dma_buf_fd=11 size=0
H264 first bytes: 00 00 00 01 41 e0 02 60 04 c6 0b c2 90 a9 86 09
encode_release_packet ret=0
MP4 frame 1095/1500: sequence=1099 pts=43760000 us key=0 nv12=4478976 h264=12932 acquire=12.418 ms encode=26.283 ms mux=0.180 ms
start encode NV12 with RV1106 vendor packet ABI, frame=1095
encode_put_frame ret=0
encode_get_packet ret=0 handle=0xaead1930 expected=0xaead1930
vendor packet: mpi_buf_id=177 len=14380 buf_size=1495040 offset=214144 data_num=1 flag=0x00000000 pts=1095
valloc packet buffer: mpi_buf_id=177 dma_buf_fd=11 size=0
H264 first bytes: 00 00 00 01 41 e0 02 80 05 06 0b c7 dc 78 93 e5
encode_release_packet ret=0
MP4 frame 1096/1500: sequence=1100 pts=43800000 us key=0 nv12=4478976 h264=14380 acquire=12.944 ms encode=26.827 ms mux=1.073 ms
start encode NV12 with RV1106 vendor packet ABI, frame=1096
encode_put_frame ret=0
encode_get_packet ret=0 handle=0xaead1930 expected=0xaead1930
vendor packet: mpi_buf_id=177 len=13358 buf_size=1495040 offset=228608 data_num=1 flag=0x00000000 pts=1096
valloc packet buffer: mpi_buf_id=177 dma_buf_fd=11 size=0
H264 first bytes: 00 00 00 01 41 e0 02 a0 05 46 0b c2 39 c6 09 49
encode_release_packet ret=0
MP4 frame 1097/1500: sequence=1101 pts=43840000 us key=0 nv12=4478976 h264=13358 acquire=11.613 ms encode=26.298 ms mux=0.181 ms
start encode NV12 with RV1106 vendor packet ABI, frame=1097
encode_put_frame ret=0
encode_get_packet ret=0 handle=0xaead1930 expected=0xaead1930
vendor packet: mpi_buf_id=177 len=13524 buf_size=1495040 offset=242048 data_num=1 flag=0x00000000 pts=1097
valloc packet buffer: mpi_buf_id=177 dma_buf_fd=11 size=0
H264 first bytes: 00 00 00 01 41 e0 02 c0 05 86 0b c6 71 fb ef a1
encode_release_packet ret=0
MP4 frame 1098/1500: sequence=1102 pts=43880000 us key=0 nv12=4478976 h264=13524 acquire=13.026 ms encode=26.796 ms mux=0.183 ms
start encode NV12 with RV1106 vendor packet ABI, frame=1098
encode_put_frame ret=0
encode_get_packet ret=0 handle=0xaead1930 expected=0xaead1930
vendor packet: mpi_buf_id=177 len=13730 buf_size=1495040 offset=255616 data_num=1 flag=0x00000000 pts=1098
valloc packet buffer: mpi_buf_id=177 dma_buf_fd=11 size=0
H264 first bytes: 00 00 00 01 41 e0 02 e0 05 c6 0b c4 76 50 85 c8
encode_release_packet ret=0
MP4 frame 1099/1500: sequence=1103 pts=43920000 us key=0 nv12=4478976 h264=13730 acquire=12.537 ms encode=26.203 ms mux=0.186 ms
start encode NV12 with RV1106 vendor packet ABI, frame=1099
encode_put_frame ret=0
encode_get_packet ret=0 handle=0xaead1930 expected=0xaead1930
vendor packet: mpi_buf_id=177 len=13095 buf_size=1495040 offset=269440 data_num=1 flag=0x00000000 pts=1099
valloc packet buffer: mpi_buf_id=177 dma_buf_fd=11 size=0
H264 first bytes: 00 00 00 01 41 e0 03 00 06 06 0b c6 66 04 96 04
encode_release_packet ret=0
MP4 frame 1100/1500: sequence=1104 pts=43960000 us key=0 nv12=4478976 h264=13095 acquire=13.115 ms encode=27.027 ms mux=0.178 ms
start encode NV12 with RV1106 vendor packet ABI, frame=1100
encode_put_frame ret=0
encode_get_packet ret=0 handle=0xaead1930 expected=0xaead1930
vendor packet: mpi_buf_id=177 len=189710 buf_size=1495040 offset=282624 data_num=1 flag=0x00000010 pts=1100
valloc packet buffer: mpi_buf_id=177 dma_buf_fd=11 size=0
H264 first bytes: 00 00 00 01 65 b8 00 00 d0 00 00 4f 0a 44 82 2c
encode_release_packet ret=0
MP4 frame 1101/1500: sequence=1105 pts=44000000 us key=1 nv12=4478976 h264=189710 acquire=12.302 ms encode=26.230 ms mux=3.264 ms
start encode NV12 with RV1106 vendor packet ABI, frame=1101
encode_put_frame ret=0
encode_get_packet ret=0 handle=0xaead1930 expected=0xaead1930
vendor packet: mpi_buf_id=177 len=13747 buf_size=1495040 offset=472448 data_num=1 flag=0x00000000 pts=1101
valloc packet buffer: mpi_buf_id=177 dma_buf_fd=11 size=0
H264 first bytes: 00 00 00 01 41 e0 00 20 00 46 0b cf 68 75 b6 33
encode_release_packet ret=0
MP4 frame 1102/1500: sequence=1106 pts=44040000 us key=0 nv12=4478976 h264=13747 acquire=10.004 ms encode=26.965 ms mux=0.190 ms
start encode NV12 with RV1106 vendor packet ABI, frame=1102
encode_put_frame ret=0
encode_get_packet ret=0 handle=0xaead1930 expected=0xaead1930
vendor packet: mpi_buf_id=177 len=13900 buf_size=1495040 offset=486272 data_num=1 flag=0x00000000 pts=1102
valloc packet buffer: mpi_buf_id=177 dma_buf_fd=11 size=0
H264 first bytes: 00 00 00 01 41 e0 00 40 00 86 0b c2 36 82 82 53
encode_release_packet ret=0
MP4 frame 1103/1500: sequence=1107 pts=44080000 us key=0 nv12=4478976 h264=13900 acquire=12.352 ms encode=26.289 ms mux=0.187 ms
start encode NV12 with RV1106 vendor packet ABI, frame=1103
encode_put_frame ret=0
encode_get_packet ret=0 handle=0xaead1930 expected=0xaead1930
vendor packet: mpi_buf_id=177 len=13650 buf_size=1495040 offset=500224 data_num=1 flag=0x00000000 pts=1103
valloc packet buffer: mpi_buf_id=177 dma_buf_fd=11 size=0
H264 first bytes: 00 00 00 01 41 e0 00 60 00 c6 0b c2 52 c6 09 9d
encode_release_packet ret=0
MP4 frame 1104/1500: sequence=1108 pts=44120000 us key=0 nv12=4478976 h264=13650 acquire=13.045 ms encode=26.899 ms mux=0.186 ms
start encode NV12 with RV1106 vendor packet ABI, frame=1104
encode_put_frame ret=0
encode_get_packet ret=0 handle=0xaead1930 expected=0xaead1930
vendor packet: mpi_buf_id=177 len=13146 buf_size=1495040 offset=513920 data_num=1 flag=0x00000000 pts=1104
valloc packet buffer: mpi_buf_id=177 dma_buf_fd=11 size=0
H264 first bytes: 00 00 00 01 41 e0 00 80 01 06 1f 05 76 28 26 27
encode_release_packet ret=0
MP4 frame 1105/1500: sequence=1109 pts=44160000 us key=0 nv12=4478976 h264=13146 acquire=12.403 ms encode=26.336 ms mux=0.183 ms
start encode NV12 with RV1106 vendor packet ABI, frame=1105
encode_put_frame ret=0
encode_get_packet ret=0 handle=0xaead1930 expected=0xaead1930
vendor packet: mpi_buf_id=177 len=13525 buf_size=1495040 offset=527104 data_num=1 flag=0x00000000 pts=1105
valloc packet buffer: mpi_buf_id=177 dma_buf_fd=11 size=0
H264 first bytes: 00 00 00 01 41 e0 00 a0 01 46 1f 09 d1 c2 82 52
encode_release_packet ret=0
MP4 frame 1106/1500: sequence=1110 pts=44200000 us key=0 nv12=4478976 h264=13525 acquire=12.997 ms encode=26.941 ms mux=0.180 ms
start encode NV12 with RV1106 vendor packet ABI, frame=1106
encode_put_frame ret=0
encode_get_packet ret=0 handle=0xaead1930 expected=0xaead1930
vendor packet: mpi_buf_id=177 len=13227 buf_size=1495040 offset=540672 data_num=1 flag=0x00000000 pts=1106
valloc packet buffer: mpi_buf_id=177 dma_buf_fd=11 size=0
H264 first bytes: 00 00 00 01 41 e0 00 c0 01 86 1f 2d 7f 0b ce aa
encode_release_packet ret=0
MP4 frame 1107/1500: sequence=1111 pts=44240000 us key=0 nv12=4478976 h264=13227 acquire=12.384 ms encode=26.286 ms mux=0.180 ms
start encode NV12 with RV1106 vendor packet ABI, frame=1107
encode_put_frame ret=0
encode_get_packet ret=0 handle=0xaead1930 expected=0xaead1930
vendor packet: mpi_buf_id=177 len=13434 buf_size=1495040 offset=553984 data_num=1 flag=0x00000000 pts=1107
valloc packet buffer: mpi_buf_id=177 dma_buf_fd=11 size=0
H264 first bytes: 00 00 00 01 41 e0 00 e0 01 c6 1f 0c 62 c6 09 6d
encode_release_packet ret=0
MP4 frame 1108/1500: sequence=1112 pts=44280000 us key=0 nv12=4478976 h264=13434 acquire=12.933 ms encode=26.962 ms mux=0.191 ms
start encode NV12 with RV1106 vendor packet ABI, frame=1108
encode_put_frame ret=0
encode_get_packet ret=0 handle=0xaead1930 expected=0xaead1930
vendor packet: mpi_buf_id=177 len=12850 buf_size=1495040 offset=567424 data_num=1 flag=0x00000000 pts=1108
valloc packet buffer: mpi_buf_id=177 dma_buf_fd=11 size=0
H264 first bytes: 00 00 00 01 41 e0 01 00 02 06 1f 0b 5c 26 26 78
encode_release_packet ret=0
MP4 frame 1109/1500: sequence=1113 pts=44320000 us key=0 nv12=4478976 h264=12850 acquire=12.368 ms encode=26.375 ms mux=0.179 ms
start encode NV12 with RV1106 vendor packet ABI, frame=1109
encode_put_frame ret=0
encode_get_packet ret=0 handle=0xaead1930 expected=0xaead1930
vendor packet: mpi_buf_id=177 len=12436 buf_size=1495040 offset=580352 data_num=1 flag=0x00000000 pts=1109
valloc packet buffer: mpi_buf_id=177 dma_buf_fd=11 size=0
H264 first bytes: 00 00 00 01 41 e0 01 20 02 46 1f d3 b9 70 bc ec
encode_release_packet ret=0
MP4 frame 1110/1500: sequence=1114 pts=44360000 us key=0 nv12=4478976 h264=12436 acquire=12.962 ms encode=26.933 ms mux=0.175 ms
start encode NV12 with RV1106 vendor packet ABI, frame=1110
encode_put_frame ret=0
encode_get_packet ret=0 handle=0xaead1930 expected=0xaead1930
vendor packet: mpi_buf_id=177 len=12318 buf_size=1495040 offset=592896 data_num=1 flag=0x00000000 pts=1110
valloc packet buffer: mpi_buf_id=177 dma_buf_fd=11 size=0
H264 first bytes: 00 00 00 01 41 e0 01 40 02 86 1f 3d 30 95 89 8b
encode_release_packet ret=0
MP4 frame 1111/1500: sequence=1115 pts=44400000 us key=0 nv12=4478976 h264=12318 acquire=12.379 ms encode=26.323 ms mux=0.173 ms
start encode NV12 with RV1106 vendor packet ABI, frame=1111
encode_put_frame ret=0
encode_get_packet ret=0 handle=0xaead1930 expected=0xaead1930
vendor packet: mpi_buf_id=177 len=12613 buf_size=1495040 offset=605312 data_num=1 flag=0x00000000 pts=1111
valloc packet buffer: mpi_buf_id=177 dma_buf_fd=11 size=0
H264 first bytes: 00 00 00 01 41 e0 01 60 02 c6 1f 0c 5a 18 26 4f
encode_release_packet ret=0
MP4 frame 1112/1500: sequence=1116 pts=44440000 us key=0 nv12=4478976 h264=12613 acquire=13.036 ms encode=26.870 ms mux=0.171 ms
start encode NV12 with RV1106 vendor packet ABI, frame=1112
encode_put_frame ret=0
encode_get_packet ret=0 handle=0xaead1930 expected=0xaead1930
vendor packet: mpi_buf_id=177 len=12494 buf_size=1495040 offset=617984 data_num=1 flag=0x00000000 pts=1112
valloc packet buffer: mpi_buf_id=177 dma_buf_fd=11 size=0
H264 first bytes: 00 00 00 01 41 e0 01 80 03 06 1f 3d a7 44 d3 71
encode_release_packet ret=0
MP4 frame 1113/1500: sequence=1117 pts=44480000 us key=0 nv12=4478976 h264=12494 acquire=12.470 ms encode=26.371 ms mux=0.182 ms
start encode NV12 with RV1106 vendor packet ABI, frame=1113
encode_put_frame ret=0
encode_get_packet ret=0 handle=0xaead1930 expected=0xaead1930
vendor packet: mpi_buf_id=177 len=12410 buf_size=1495040 offset=630528 data_num=1 flag=0x00000000 pts=1113
valloc packet buffer: mpi_buf_id=177 dma_buf_fd=11 size=0
H264 first bytes: 00 00 00 01 41 e0 01 a0 03 46 1f 13 ab e2 b6 ec
encode_release_packet ret=0
MP4 frame 1114/1500: sequence=1118 pts=44520000 us key=0 nv12=4478976 h264=12410 acquire=12.946 ms encode=26.894 ms mux=0.178 ms
start encode NV12 with RV1106 vendor packet ABI, frame=1114
encode_put_frame ret=0
encode_get_packet ret=0 handle=0xaead1930 expected=0xaead1930
vendor packet: mpi_buf_id=177 len=12518 buf_size=1495040 offset=642944 data_num=1 flag=0x00000000 pts=1114
valloc packet buffer: mpi_buf_id=177 dma_buf_fd=11 size=0
H264 first bytes: 00 00 00 01 41 e0 01 c0 03 86 1f 0b 47 c7 89 48
encode_release_packet ret=0
MP4 frame 1115/1500: sequence=1119 pts=44560000 us key=0 nv12=4478976 h264=12518 acquire=12.435 ms encode=26.353 ms mux=0.182 ms
start encode NV12 with RV1106 vendor packet ABI, frame=1115
encode_put_frame ret=0
encode_get_packet ret=0 handle=0xaead1930 expected=0xaead1930
vendor packet: mpi_buf_id=177 len=12913 buf_size=1495040 offset=655488 data_num=1 flag=0x00000000 pts=1115
valloc packet buffer: mpi_buf_id=177 dma_buf_fd=11 size=0
H264 first bytes: 00 00 00 01 41 e0 01 e0 03 c6 1f 08 42 cc 40 93
encode_release_packet ret=0
MP4 frame 1116/1500: sequence=1120 pts=44600000 us key=0 nv12=4478976 h264=12913 acquire=13.000 ms encode=27.103 ms mux=0.180 ms
start encode NV12 with RV1106 vendor packet ABI, frame=1116
encode_put_frame ret=0
encode_get_packet ret=0 handle=0xaead1930 expected=0xaead1930
vendor packet: mpi_buf_id=177 len=11958 buf_size=1495040 offset=668416 data_num=1 flag=0x00000000 pts=1116
valloc packet buffer: mpi_buf_id=177 dma_buf_fd=11 size=0
H264 first bytes: 00 00 00 01 41 e0 02 00 04 06 1f 07 50 fa 09 09
encode_release_packet ret=0
MP4 frame 1117/1500: sequence=1121 pts=44640000 us key=0 nv12=4478976 h264=11958 acquire=12.218 ms encode=26.219 ms mux=0.169 ms
start encode NV12 with RV1106 vendor packet ABI, frame=1117
encode_put_frame ret=0
encode_get_packet ret=0 handle=0xaead1930 expected=0xaead1930
vendor packet: mpi_buf_id=177 len=12650 buf_size=1495040 offset=680448 data_num=1 flag=0x00000000 pts=1117
valloc packet buffer: mpi_buf_id=177 dma_buf_fd=11 size=0
H264 first bytes: 00 00 00 01 41 e0 02 20 04 46 1f 0b 4a 82 22 5b
encode_release_packet ret=0
MP4 frame 1118/1500: sequence=1122 pts=44680000 us key=0 nv12=4478976 h264=12650 acquire=13.106 ms encode=26.882 ms mux=0.177 ms
start encode NV12 with RV1106 vendor packet ABI, frame=1118
encode_put_frame ret=0
encode_get_packet ret=0 handle=0xaead1930 expected=0xaead1930
vendor packet: mpi_buf_id=177 len=12933 buf_size=1495040 offset=693120 data_num=1 flag=0x00000000 pts=1118
valloc packet buffer: mpi_buf_id=177 dma_buf_fd=11 size=0
H264 first bytes: 00 00 00 01 41 e0 02 40 04 86 0b c6 d8 a1 c4 cd
encode_release_packet ret=0
MP4 frame 1119/1500: sequence=1123 pts=44720000 us key=0 nv12=4478976 h264=12933 acquire=12.464 ms encode=26.314 ms mux=0.181 ms
start encode NV12 with RV1106 vendor packet ABI, frame=1119
encode_put_frame ret=0
encode_get_packet ret=0 handle=0xaead1930 expected=0xaead1930
vendor packet: mpi_buf_id=177 len=13155 buf_size=1495040 offset=706176 data_num=1 flag=0x00000000 pts=1119
valloc packet buffer: mpi_buf_id=177 dma_buf_fd=11 size=0
H264 first bytes: 00 00 00 01 41 e0 02 60 04 c6 0b c6 71 55 cb a0
encode_release_packet ret=0
MP4 frame 1120/1500: sequence=1124 pts=44760000 us key=0 nv12=4478976 h264=13155 acquire=13.001 ms encode=26.955 ms mux=0.177 ms
start encode NV12 with RV1106 vendor packet ABI, frame=1120
encode_put_frame ret=0
encode_get_packet ret=0 handle=0xaead1930 expected=0xaead1930
vendor packet: mpi_buf_id=177 len=13710 buf_size=1495040 offset=719360 data_num=1 flag=0x00000000 pts=1120
valloc packet buffer: mpi_buf_id=177 dma_buf_fd=11 size=0
H264 first bytes: 00 00 00 01 41 e0 02 80 05 06 0b c7 d0 c1 82 68
encode_release_packet ret=0
MP4 frame 1121/1500: sequence=1125 pts=44800000 us key=0 nv12=4478976 h264=13710 acquire=12.387 ms encode=26.323 ms mux=0.190 ms
start encode NV12 with RV1106 vendor packet ABI, frame=1121
encode_put_frame ret=0
encode_get_packet ret=0 handle=0xaead1930 expected=0xaead1930
vendor packet: mpi_buf_id=177 len=12728 buf_size=1495040 offset=733184 data_num=1 flag=0x00000000 pts=1121
valloc packet buffer: mpi_buf_id=177 dma_buf_fd=11 size=0
H264 first bytes: 00 00 00 01 41 e0 02 a0 05 46 0b c4 5c 26 55 33
encode_release_packet ret=0
MP4 frame 1122/1500: sequence=1126 pts=44840000 us key=0 nv12=4478976 h264=12728 acquire=13.004 ms encode=27.001 ms mux=1.101 ms
start encode NV12 with RV1106 vendor packet ABI, frame=1122
encode_put_frame ret=0
encode_get_packet ret=0 handle=0xaead1930 expected=0xaead1930
vendor packet: mpi_buf_id=177 len=13357 buf_size=1495040 offset=745984 data_num=1 flag=0x00000000 pts=1122
valloc packet buffer: mpi_buf_id=177 dma_buf_fd=11 size=0
H264 first bytes: 00 00 00 01 41 e0 02 c0 05 86 0b cd b8 e9 90 c1
encode_release_packet ret=0
MP4 frame 1123/1500: sequence=1127 pts=44880000 us key=0 nv12=4478976 h264=13357 acquire=11.398 ms encode=26.425 ms mux=0.185 ms
start encode NV12 with RV1106 vendor packet ABI, frame=1123
encode_put_frame ret=0
encode_get_packet ret=0 handle=0xaead1930 expected=0xaead1930
vendor packet: mpi_buf_id=177 len=13124 buf_size=1495040 offset=759424 data_num=1 flag=0x00000000 pts=1123
valloc packet buffer: mpi_buf_id=177 dma_buf_fd=11 size=0
H264 first bytes: 00 00 00 01 41 e0 02 e0 05 c6 0b cd 6a 4d 22 d4
encode_release_packet ret=0
MP4 frame 1124/1500: sequence=1128 pts=44920000 us key=0 nv12=4478976 h264=13124 acquire=12.885 ms encode=26.905 ms mux=0.183 ms
start encode NV12 with RV1106 vendor packet ABI, frame=1124
encode_put_frame ret=0
encode_get_packet ret=0 handle=0xaead1930 expected=0xaead1930
vendor packet: mpi_buf_id=177 len=13213 buf_size=1495040 offset=772608 data_num=1 flag=0x00000000 pts=1124
valloc packet buffer: mpi_buf_id=177 dma_buf_fd=11 size=0
H264 first bytes: 00 00 00 01 41 e0 03 00 06 06 0b d5 62 aa 13 f5
encode_release_packet ret=0
MP4 frame 1125/1500: sequence=1129 pts=44960000 us key=0 nv12=4478976 h264=13213 acquire=12.425 ms encode=26.262 ms mux=0.188 ms
start encode NV12 with RV1106 vendor packet ABI, frame=1125
encode_put_frame ret=0
encode_get_packet ret=0 handle=0xaead1930 expected=0xaead1930
vendor packet: mpi_buf_id=177 len=189304 buf_size=1495040 offset=785920 data_num=1 flag=0x00000010 pts=1125
valloc packet buffer: mpi_buf_id=177 dma_buf_fd=11 size=0
H264 first bytes: 00 00 00 01 65 b8 00 00 e0 00 00 4f 0a 44 82 0a
encode_release_packet ret=0
MP4 frame 1126/1500: sequence=1130 pts=45000000 us key=1 nv12=4478976 h264=189304 acquire=13.054 ms encode=26.851 ms mux=3.171 ms
start encode NV12 with RV1106 vendor packet ABI, frame=1126
encode_put_frame ret=0
encode_get_packet ret=0 handle=0xaead1930 expected=0xaead1930
vendor packet: mpi_buf_id=177 len=13436 buf_size=1495040 offset=975232 data_num=1 flag=0x00000000 pts=1126
valloc packet buffer: mpi_buf_id=177 dma_buf_fd=11 size=0
H264 first bytes: 00 00 00 01 41 e0 00 20 00 46 0b cb 4e ad 8c f5
encode_release_packet ret=0
MP4 frame 1127/1500: sequence=1131 pts=45040000 us key=0 nv12=4478976 h264=13436 acquire=9.540 ms encode=41.752 ms mux=0.182 ms
start encode NV12 with RV1106 vendor packet ABI, frame=1127
encode_put_frame ret=0
encode_get_packet ret=0 handle=0xaead1930 expected=0xaead1930
vendor packet: mpi_buf_id=177 len=12937 buf_size=1495040 offset=988672 data_num=1 flag=0x00000000 pts=1127
valloc packet buffer: mpi_buf_id=177 dma_buf_fd=11 size=0
H264 first bytes: 00 00 00 01 41 e0 00 40 00 86 0b cf 68 74 d3 cc
encode_release_packet ret=0
MP4 frame 1128/1500: sequence=1132 pts=45080000 us key=0 nv12=4478976 h264=12937 acquire=0.044 ms encode=27.010 ms mux=0.176 ms
start encode NV12 with RV1106 vendor packet ABI, frame=1128
encode_put_frame ret=0
encode_get_packet ret=0 handle=0xaead1930 expected=0xaead1930
vendor packet: mpi_buf_id=177 len=12918 buf_size=1495040 offset=1001728 data_num=1 flag=0x00000000 pts=1128
valloc packet buffer: mpi_buf_id=177 dma_buf_fd=11 size=0
H264 first bytes: 00 00 00 01 41 e0 00 60 00 c6 0b cf 48 29 3d 5b
encode_release_packet ret=0
MP4 frame 1129/1500: sequence=1133 pts=45120000 us key=0 nv12=4478976 h264=12918 acquire=9.738 ms encode=26.340 ms mux=0.182 ms
start encode NV12 with RV1106 vendor packet ABI, frame=1129
encode_put_frame ret=0
encode_get_packet ret=0 handle=0xaead1930 expected=0xaead1930
vendor packet: mpi_buf_id=177 len=13379 buf_size=1495040 offset=1014656 data_num=1 flag=0x00000000 pts=1129
valloc packet buffer: mpi_buf_id=177 dma_buf_fd=11 size=0
H264 first bytes: 00 00 00 01 41 e0 00 80 01 06 0b c5 4e 64 57 22
encode_release_packet ret=0
MP4 frame 1130/1500: sequence=1134 pts=45160000 us key=0 nv12=4478976 h264=13379 acquire=13.068 ms encode=26.836 ms mux=0.186 ms
start encode NV12 with RV1106 vendor packet ABI, frame=1130
encode_put_frame ret=0
encode_get_packet ret=0 handle=0xaead1930 expected=0xaead1930
vendor packet: mpi_buf_id=177 len=13475 buf_size=1495040 offset=1028096 data_num=1 flag=0x00000000 pts=1130
valloc packet buffer: mpi_buf_id=177 dma_buf_fd=11 size=0
H264 first bytes: 00 00 00 01 41 e0 00 a0 01 46 0b c5 ce 69 ac e3
encode_release_packet ret=0
MP4 frame 1131/1500: sequence=1135 pts=45200000 us key=0 nv12=4478976 h264=13475 acquire=12.556 ms encode=26.391 ms mux=0.186 ms
start encode NV12 with RV1106 vendor packet ABI, frame=1131
encode_put_frame ret=0
encode_get_packet ret=0 handle=0xaead1930 expected=0xaead1930
vendor packet: mpi_buf_id=177 len=13183 buf_size=1495040 offset=1041664 data_num=1 flag=0x00000000 pts=1131
valloc packet buffer: mpi_buf_id=177 dma_buf_fd=11 size=0
H264 first bytes: 00 00 00 01 41 e0 00 c0 01 86 0b c2 94 71 82 5d
encode_release_packet ret=0
MP4 frame 1132/1500: sequence=1136 pts=45240000 us key=0 nv12=4478976 h264=13183 acquire=12.785 ms encode=26.974 ms mux=0.187 ms
start encode NV12 with RV1106 vendor packet ABI, frame=1132
encode_put_frame ret=0
encode_get_packet ret=0 handle=0xaead1930 expected=0xaead1930
vendor packet: mpi_buf_id=177 len=13125 buf_size=1495040 offset=1054848 data_num=1 flag=0x00000000 pts=1132
valloc packet buffer: mpi_buf_id=177 dma_buf_fd=11 size=0
H264 first bytes: 00 00 00 01 41 e0 00 e0 01 c6 1f 04 ba 83 7b 51
encode_release_packet ret=0
MP4 frame 1133/1500: sequence=1137 pts=45280000 us key=0 nv12=4478976 h264=13125 acquire=12.355 ms encode=26.306 ms mux=0.183 ms
start encode NV12 with RV1106 vendor packet ABI, frame=1133
encode_put_frame ret=0
encode_get_packet ret=0 handle=0xaead1930 expected=0xaead1930
vendor packet: mpi_buf_id=177 len=12617 buf_size=1495040 offset=1068032 data_num=1 flag=0x00000000 pts=1133
valloc packet buffer: mpi_buf_id=177 dma_buf_fd=11 size=0
H264 first bytes: 00 00 00 01 41 e0 01 00 02 06 1f 1f 3c 58 9d a6
encode_release_packet ret=0
MP4 frame 1134/1500: sequence=1138 pts=45320000 us key=0 nv12=4478976 h264=12617 acquire=13.021 ms encode=26.949 ms mux=0.185 ms
start encode NV12 with RV1106 vendor packet ABI, frame=1134
encode_put_frame ret=0
encode_get_packet ret=0 handle=0xaead1930 expected=0xaead1930
vendor packet: mpi_buf_id=177 len=12411 buf_size=1495040 offset=1080704 data_num=1 flag=0x00000000 pts=1134
valloc packet buffer: mpi_buf_id=177 dma_buf_fd=11 size=0
H264 first bytes: 00 00 00 01 41 e0 01 20 02 46 1f 36 af ab 90 59
encode_release_packet ret=0
MP4 frame 1135/1500: sequence=1139 pts=45360000 us key=0 nv12=4478976 h264=12411 acquire=12.391 ms encode=26.269 ms mux=0.170 ms
start encode NV12 with RV1106 vendor packet ABI, frame=1135
encode_put_frame ret=0
encode_get_packet ret=0 handle=0xaead1930 expected=0xaead1930
vendor packet: mpi_buf_id=177 len=12774 buf_size=1495040 offset=1093120 data_num=1 flag=0x00000000 pts=1135
valloc packet buffer: mpi_buf_id=177 dma_buf_fd=11 size=0
H264 first bytes: 00 00 00 01 41 e0 01 40 02 86 1f 24 ea 32 78 c1
encode_release_packet ret=0
MP4 frame 1136/1500: sequence=1140 pts=45400000 us key=0 nv12=4478976 h264=12774 acquire=13.057 ms encode=26.907 ms mux=0.179 ms
start encode NV12 with RV1106 vendor packet ABI, frame=1136
encode_put_frame ret=0
encode_get_packet ret=0 handle=0xaead1930 expected=0xaead1930
vendor packet: mpi_buf_id=177 len=12895 buf_size=1495040 offset=1105920 data_num=1 flag=0x00000000 pts=1136
valloc packet buffer: mpi_buf_id=177 dma_buf_fd=11 size=0
H264 first bytes: 00 00 00 01 41 e0 01 60 02 c6 1f 17 26 2e 2d 88
encode_release_packet ret=0
MP4 frame 1137/1500: sequence=1141 pts=45440000 us key=0 nv12=4478976 h264=12895 acquire=12.422 ms encode=26.304 ms mux=0.180 ms
start encode NV12 with RV1106 vendor packet ABI, frame=1137
encode_put_frame ret=0
encode_get_packet ret=0 handle=0xaead1930 expected=0xaead1930
vendor packet: mpi_buf_id=177 len=12399 buf_size=1495040 offset=1118848 data_num=1 flag=0x00000000 pts=1137
valloc packet buffer: mpi_buf_id=177 dma_buf_fd=11 size=0
H264 first bytes: 00 00 00 01 41 e0 01 80 03 06 1f 08 51 81 60 99
encode_release_packet ret=0
MP4 frame 1138/1500: sequence=1142 pts=45480000 us key=0 nv12=4478976 h264=12399 acquire=13.019 ms encode=27.044 ms mux=0.176 ms
start encode NV12 with RV1106 vendor packet ABI, frame=1138
encode_put_frame ret=0
encode_get_packet ret=0 handle=0xaead1930 expected=0xaead1930
vendor packet: mpi_buf_id=177 len=13348 buf_size=1495040 offset=1131264 data_num=1 flag=0x00000000 pts=1138
valloc packet buffer: mpi_buf_id=177 dma_buf_fd=11 size=0
H264 first bytes: 00 00 00 01 41 e0 01 a0 03 46 0b c7 d1 86 09 b8
encode_release_packet ret=0
MP4 frame 1139/1500: sequence=1143 pts=45520000 us key=0 nv12=4478976 h264=13348 acquire=12.183 ms encode=26.285 ms mux=0.183 ms
start encode NV12 with RV1106 vendor packet ABI, frame=1139
encode_put_frame ret=0
encode_get_packet ret=0 handle=0xaead1930 expected=0xaead1930
vendor packet: mpi_buf_id=177 len=13157 buf_size=1495040 offset=1144704 data_num=1 flag=0x00000000 pts=1139
valloc packet buffer: mpi_buf_id=177 dma_buf_fd=11 size=0
H264 first bytes: 00 00 00 01 41 e0 01 c0 03 86 1f 07 b1 19 67 34
encode_release_packet ret=0
MP4 frame 1140/1500: sequence=1144 pts=45560000 us key=0 nv12=4478976 h264=13157 acquire=13.127 ms encode=26.933 ms mux=0.184 ms
start encode NV12 with RV1106 vendor packet ABI, frame=1140
encode_put_frame ret=0
encode_get_packet ret=0 handle=0xaead1930 expected=0xaead1930
vendor packet: mpi_buf_id=177 len=12676 buf_size=1495040 offset=1157888 data_num=1 flag=0x00000000 pts=1140
valloc packet buffer: mpi_buf_id=177 dma_buf_fd=11 size=0
H264 first bytes: 00 00 00 01 41 e0 01 e0 03 c6 1f 3d b1 14 84 ef
encode_release_packet ret=0
MP4 frame 1141/1500: sequence=1145 pts=45600000 us key=0 nv12=4478976 h264=12676 acquire=12.319 ms encode=26.345 ms mux=0.175 ms
start encode NV12 with RV1106 vendor packet ABI, frame=1141
encode_put_frame ret=0
encode_get_packet ret=0 handle=0xaead1930 expected=0xaead1930
vendor packet: mpi_buf_id=177 len=13277 buf_size=1495040 offset=1170688 data_num=1 flag=0x00000000 pts=1141
valloc packet buffer: mpi_buf_id=177 dma_buf_fd=11 size=0
H264 first bytes: 00 00 00 01 41 e0 02 00 04 06 0b c2 93 98 60 99
encode_release_packet ret=0
MP4 frame 1142/1500: sequence=1146 pts=45640000 us key=0 nv12=4478976 h264=13277 acquire=12.982 ms encode=26.976 ms mux=0.184 ms
start encode NV12 with RV1106 vendor packet ABI, frame=1142
encode_put_frame ret=0
encode_get_packet ret=0 handle=0xaead1930 expected=0xaead1930
vendor packet: mpi_buf_id=177 len=13650 buf_size=1495040 offset=1184000 data_num=1 flag=0x00000000 pts=1142
valloc packet buffer: mpi_buf_id=177 dma_buf_fd=11 size=0
H264 first bytes: 00 00 00 01 41 e0 02 20 04 46 0b c6 52 15 ec 4d
encode_release_packet ret=0
MP4 frame 1143/1500: sequence=1147 pts=45680000 us key=0 nv12=4478976 h264=13650 acquire=12.365 ms encode=26.273 ms mux=0.185 ms
start encode NV12 with RV1106 vendor packet ABI, frame=1143
encode_put_frame ret=0
encode_get_packet ret=0 handle=0xaead1930 expected=0xaead1930
vendor packet: mpi_buf_id=177 len=14207 buf_size=1495040 offset=1197696 data_num=1 flag=0x00000000 pts=1143
valloc packet buffer: mpi_buf_id=177 dma_buf_fd=11 size=0
H264 first bytes: 00 00 00 01 41 e0 02 40 04 86 0b c2 18 c1 82 4e
encode_release_packet ret=0
MP4 frame 1144/1500: sequence=1148 pts=45720000 us key=0 nv12=4478976 h264=14207 acquire=13.035 ms encode=26.871 ms mux=0.193 ms
start encode NV12 with RV1106 vendor packet ABI, frame=1144
encode_put_frame ret=0
encode_get_packet ret=0 handle=0xaead1930 expected=0xaead1930
vendor packet: mpi_buf_id=177 len=12801 buf_size=1495040 offset=1211904 data_num=1 flag=0x00000000 pts=1144
valloc packet buffer: mpi_buf_id=177 dma_buf_fd=11 size=0
H264 first bytes: 00 00 00 01 41 e0 02 60 04 c6 1f 06 73 e1 b9 dc
encode_release_packet ret=0
MP4 frame 1145/1500: sequence=1149 pts=45760000 us key=0 nv12=4478976 h264=12801 acquire=12.459 ms encode=26.258 ms mux=0.177 ms
start encode NV12 with RV1106 vendor packet ABI, frame=1145
encode_put_frame ret=0
encode_get_packet ret=0 handle=0xaead1930 expected=0xaead1930
vendor packet: mpi_buf_id=177 len=13087 buf_size=1495040 offset=1224832 data_num=1 flag=0x00000000 pts=1145
valloc packet buffer: mpi_buf_id=177 dma_buf_fd=11 size=0
H264 first bytes: 00 00 00 01 41 e0 02 80 05 06 1f 05 58 e1 22 5f
encode_release_packet ret=0
MP4 frame 1146/1500: sequence=1150 pts=45800000 us key=0 nv12=4478976 h264=13087 acquire=13.075 ms encode=27.097 ms mux=0.179 ms
start encode NV12 with RV1106 vendor packet ABI, frame=1146
encode_put_frame ret=0
encode_get_packet ret=0 handle=0xaead1930 expected=0xaead1930
vendor packet: mpi_buf_id=177 len=13091 buf_size=1495040 offset=1238016 data_num=1 flag=0x00000000 pts=1146
valloc packet buffer: mpi_buf_id=177 dma_buf_fd=11 size=0
H264 first bytes: 00 00 00 01 41 e0 02 a0 05 46 1f 03 f6 78 ea 50
encode_release_packet ret=0
MP4 frame 1147/1500: sequence=1151 pts=45840000 us key=0 nv12=4478976 h264=13091 acquire=12.235 ms encode=26.283 ms mux=0.990 ms
start encode NV12 with RV1106 vendor packet ABI, frame=1147
encode_put_frame ret=0
encode_get_packet ret=0 handle=0xaead1930 expected=0xaead1930
vendor packet: mpi_buf_id=177 len=12815 buf_size=1495040 offset=1251200 data_num=1 flag=0x00000000 pts=1147
valloc packet buffer: mpi_buf_id=177 dma_buf_fd=11 size=0
H264 first bytes: 00 00 00 01 41 e0 02 c0 05 86 1f 0b 4c 61 e2 78
encode_release_packet ret=0
MP4 frame 1148/1500: sequence=1152 pts=45880000 us key=0 nv12=4478976 h264=12815 acquire=12.227 ms encode=26.922 ms mux=0.178 ms
start encode NV12 with RV1106 vendor packet ABI, frame=1148
encode_put_frame ret=0
encode_get_packet ret=0 handle=0xaead1930 expected=0xaead1930
vendor packet: mpi_buf_id=177 len=11773 buf_size=1495040 offset=1264128 data_num=1 flag=0x00000000 pts=1148
valloc packet buffer: mpi_buf_id=177 dma_buf_fd=11 size=0
H264 first bytes: 00 00 00 01 41 e0 02 e0 05 c6 1f 0b dc 20 25 6e
encode_release_packet ret=0
MP4 frame 1149/1500: sequence=1153 pts=45920000 us key=0 nv12=4478976 h264=11773 acquire=12.405 ms encode=26.310 ms mux=0.169 ms
start encode NV12 with RV1106 vendor packet ABI, frame=1149
encode_put_frame ret=0
encode_get_packet ret=0 handle=0xaead1930 expected=0xaead1930
vendor packet: mpi_buf_id=177 len=12281 buf_size=1495040 offset=1275904 data_num=1 flag=0x00000000 pts=1149
valloc packet buffer: mpi_buf_id=177 dma_buf_fd=11 size=0
H264 first bytes: 00 00 00 01 41 e0 03 00 06 06 1f 04 13 e0 fa 9c
encode_release_packet ret=0
MP4 frame 1150/1500: sequence=1154 pts=45960000 us key=0 nv12=4478976 h264=12281 acquire=13.161 ms encode=27.055 ms mux=0.172 ms
start encode NV12 with RV1106 vendor packet ABI, frame=1150
encode_put_frame ret=0
encode_get_packet ret=0 handle=0xaead1930 expected=0xaead1930
vendor packet: mpi_buf_id=177 len=189902 buf_size=1495040 offset=1288192 data_num=1 flag=0x00000010 pts=1150
valloc packet buffer: mpi_buf_id=177 dma_buf_fd=11 size=0
H264 first bytes: 00 00 00 01 65 b8 00 00 f0 00 00 4f 0a 44 82 2c
encode_release_packet ret=0
MP4 frame 1151/1500: sequence=1155 pts=46000000 us key=1 nv12=4478976 h264=189902 acquire=12.149 ms encode=26.369 ms mux=3.153 ms
start encode NV12 with RV1106 vendor packet ABI, frame=1151
encode_put_frame ret=0
encode_get_packet ret=0 handle=0xaead1930 expected=0xaead1930
vendor packet: mpi_buf_id=177 len=12911 buf_size=1495040 offset=1478144 data_num=1 flag=0x00000000 pts=1151
valloc packet buffer: mpi_buf_id=177 dma_buf_fd=11 size=0
H264 first bytes: 00 00 00 01 41 e0 00 20 00 46 1f 56 68 d9 87 0b
encode_release_packet ret=0
MP4 frame 1152/1500: sequence=1156 pts=46040000 us key=0 nv12=4478976 h264=12911 acquire=9.971 ms encode=26.862 ms mux=0.180 ms
start encode NV12 with RV1106 vendor packet ABI, frame=1152
encode_put_frame ret=0
encode_get_packet ret=0 handle=0xaead1930 expected=0xaead1930
vendor packet: mpi_buf_id=177 len=12950 buf_size=1495040 offset=1491072 data_num=1 flag=0x00000000 pts=1152
valloc packet buffer: mpi_buf_id=177 dma_buf_fd=11 size=0
H264 first bytes: 00 00 00 01 41 e0 00 40 00 86 1f 79 a4 a6 23 6f
encode_release_packet ret=0
MP4 frame 1153/1500: sequence=1157 pts=46080000 us key=0 nv12=4478976 h264=12950 acquire=12.451 ms encode=26.290 ms mux=0.181 ms
start encode NV12 with RV1106 vendor packet ABI, frame=1153
encode_put_frame ret=0
encode_get_packet ret=0 handle=0xaead1930 expected=0xaead1930
vendor packet: mpi_buf_id=177 len=13374 buf_size=1495040 offset=9088 data_num=1 flag=0x00000000 pts=1153
valloc packet buffer: mpi_buf_id=177 dma_buf_fd=11 size=0
H264 first bytes: 00 00 00 01 41 e0 00 60 00 c6 1f 36 b9 e2 3a cc
encode_release_packet ret=0
MP4 frame 1154/1500: sequence=1158 pts=46120000 us key=0 nv12=4478976 h264=13374 acquire=13.064 ms encode=26.869 ms mux=0.186 ms
start encode NV12 with RV1106 vendor packet ABI, frame=1154
encode_put_frame ret=0
encode_get_packet ret=0 handle=0xaead1930 expected=0xaead1930
vendor packet: mpi_buf_id=177 len=13348 buf_size=1495040 offset=22528 data_num=1 flag=0x00000000 pts=1154
valloc packet buffer: mpi_buf_id=177 dma_buf_fd=11 size=0
H264 first bytes: 00 00 00 01 41 e0 00 80 01 06 1f 76 78 4c be 69
encode_release_packet ret=0
MP4 frame 1155/1500: sequence=1159 pts=46160000 us key=0 nv12=4478976 h264=13348 acquire=12.599 ms encode=26.336 ms mux=0.181 ms
start encode NV12 with RV1106 vendor packet ABI, frame=1155
encode_put_frame ret=0
encode_get_packet ret=0 handle=0xaead1930 expected=0xaead1930
vendor packet: mpi_buf_id=177 len=13480 buf_size=1495040 offset=35968 data_num=1 flag=0x00000000 pts=1155
valloc packet buffer: mpi_buf_id=177 dma_buf_fd=11 size=0
H264 first bytes: 00 00 00 01 41 e0 00 a0 01 46 1f d2 89 9b 5c 57
encode_release_packet ret=0
MP4 frame 1156/1500: sequence=1160 pts=46200000 us key=0 nv12=4478976 h264=13480 acquire=12.854 ms encode=26.901 ms mux=0.185 ms
start encode NV12 with RV1106 vendor packet ABI, frame=1156
encode_put_frame ret=0
encode_get_packet ret=0 handle=0xaead1930 expected=0xaead1930
vendor packet: mpi_buf_id=177 len=13592 buf_size=1495040 offset=49536 data_num=1 flag=0x00000000 pts=1156
valloc packet buffer: mpi_buf_id=177 dma_buf_fd=11 size=0
H264 first bytes: 00 00 00 01 41 e0 00 c0 01 86 1f 36 e7 b3 08 24
encode_release_packet ret=0
MP4 frame 1157/1500: sequence=1161 pts=46240000 us key=0 nv12=4478976 h264=13592 acquire=12.411 ms encode=26.390 ms mux=0.184 ms
start encode NV12 with RV1106 vendor packet ABI, frame=1157
encode_put_frame ret=0
encode_get_packet ret=0 handle=0xaead1930 expected=0xaead1930
vendor packet: mpi_buf_id=177 len=12402 buf_size=1495040 offset=63232 data_num=1 flag=0x00000000 pts=1157
valloc packet buffer: mpi_buf_id=177 dma_buf_fd=11 size=0
H264 first bytes: 00 00 00 01 41 e0 00 e0 01 c6 1f 13 96 0d 27 66
encode_release_packet ret=0
MP4 frame 1158/1500: sequence=1162 pts=46280000 us key=0 nv12=4478976 h264=12402 acquire=12.929 ms encode=26.863 ms mux=0.170 ms
start encode NV12 with RV1106 vendor packet ABI, frame=1158
encode_put_frame ret=0
encode_get_packet ret=0 handle=0xaead1930 expected=0xaead1930
vendor packet: mpi_buf_id=177 len=12590 buf_size=1495040 offset=75648 data_num=1 flag=0x00000000 pts=1158
valloc packet buffer: mpi_buf_id=177 dma_buf_fd=11 size=0
H264 first bytes: 00 00 00 01 41 e0 01 00 02 06 1f 35 65 d4 20 5f
encode_release_packet ret=0
MP4 frame 1159/1500: sequence=1163 pts=46320000 us key=0 nv12=4478976 h264=12590 acquire=12.489 ms encode=26.316 ms mux=0.175 ms
start encode NV12 with RV1106 vendor packet ABI, frame=1159
encode_put_frame ret=0
encode_get_packet ret=0 handle=0xaead1930 expected=0xaead1930
vendor packet: mpi_buf_id=177 len=12859 buf_size=1495040 offset=88320 data_num=1 flag=0x00000000 pts=1159
valloc packet buffer: mpi_buf_id=177 dma_buf_fd=11 size=0
H264 first bytes: 00 00 00 01 41 e0 01 20 02 46 1f 07 d6 a3 a6 50
encode_release_packet ret=0
MP4 frame 1160/1500: sequence=1164 pts=46360000 us key=0 nv12=4478976 h264=12859 acquire=13.006 ms encode=27.022 ms mux=0.183 ms
start encode NV12 with RV1106 vendor packet ABI, frame=1160
encode_put_frame ret=0
encode_get_packet ret=0 handle=0xaead1930 expected=0xaead1930
vendor packet: mpi_buf_id=177 len=13076 buf_size=1495040 offset=101248 data_num=1 flag=0x00000000 pts=1160
valloc packet buffer: mpi_buf_id=177 dma_buf_fd=11 size=0
H264 first bytes: 00 00 00 01 41 e0 01 40 02 86 1f 3c cc 77 ab 16
encode_release_packet ret=0
MP4 frame 1161/1500: sequence=1165 pts=46400000 us key=0 nv12=4478976 h264=13076 acquire=12.302 ms encode=26.326 ms mux=0.206 ms
start encode NV12 with RV1106 vendor packet ABI, frame=1161
encode_put_frame ret=0
encode_get_packet ret=0 handle=0xaead1930 expected=0xaead1930
vendor packet: mpi_buf_id=177 len=12538 buf_size=1495040 offset=114432 data_num=1 flag=0x00000000 pts=1161
valloc packet buffer: mpi_buf_id=177 dma_buf_fd=11 size=0
H264 first bytes: 00 00 00 01 41 e0 01 60 02 c6 1f 09 c7 58 97 48
encode_release_packet ret=0
MP4 frame 1162/1500: sequence=1166 pts=46440000 us key=0 nv12=4478976 h264=12538 acquire=12.889 ms encode=26.908 ms mux=0.171 ms
start encode NV12 with RV1106 vendor packet ABI, frame=1162
encode_put_frame ret=0
encode_get_packet ret=0 handle=0xaead1930 expected=0xaead1930
vendor packet: mpi_buf_id=177 len=12115 buf_size=1495040 offset=126976 data_num=1 flag=0x00000000 pts=1162
valloc packet buffer: mpi_buf_id=177 dma_buf_fd=11 size=0
H264 first bytes: 00 00 00 01 41 e0 01 80 03 06 1f 1f 6e 2f 33 2d
encode_release_packet ret=0
MP4 frame 1163/1500: sequence=1167 pts=46480000 us key=0 nv12=4478976 h264=12115 acquire=12.415 ms encode=26.276 ms mux=0.175 ms
start encode NV12 with RV1106 vendor packet ABI, frame=1163
encode_put_frame ret=0
encode_get_packet ret=0 handle=0xaead1930 expected=0xaead1930
vendor packet: mpi_buf_id=177 len=12498 buf_size=1495040 offset=139136 data_num=1 flag=0x00000000 pts=1163
valloc packet buffer: mpi_buf_id=177 dma_buf_fd=11 size=0
H264 first bytes: 00 00 00 01 41 e0 01 a0 03 46 1f 13 36 2a d0 f1
encode_release_packet ret=0
MP4 frame 1164/1500: sequence=1168 pts=46520000 us key=0 nv12=4478976 h264=12498 acquire=13.063 ms encode=26.890 ms mux=0.177 ms
start encode NV12 with RV1106 vendor packet ABI, frame=1164
encode_put_frame ret=0
encode_get_packet ret=0 handle=0xaead1930 expected=0xaead1930
vendor packet: mpi_buf_id=177 len=12496 buf_size=1495040 offset=151680 data_num=1 flag=0x00000000 pts=1164
valloc packet buffer: mpi_buf_id=177 dma_buf_fd=11 size=0
H264 first bytes: 00 00 00 01 41 e0 01 c0 03 86 1f 15 a4 56 9e 63
encode_release_packet ret=0
MP4 frame 1165/1500: sequence=1169 pts=46560000 us key=0 nv12=4478976 h264=12496 acquire=12.438 ms encode=26.330 ms mux=0.175 ms
start encode NV12 with RV1106 vendor packet ABI, frame=1165
encode_put_frame ret=0
encode_get_packet ret=0 handle=0xaead1930 expected=0xaead1930
vendor packet: mpi_buf_id=177 len=12378 buf_size=1495040 offset=164224 data_num=1 flag=0x00000000 pts=1165
valloc packet buffer: mpi_buf_id=177 dma_buf_fd=11 size=0
H264 first bytes: 00 00 00 01 41 e0 01 e0 03 c6 1f 15 9e 2f 0b 14
encode_release_packet ret=0
MP4 frame 1166/1500: sequence=1170 pts=46600000 us key=0 nv12=4478976 h264=12378 acquire=13.007 ms encode=26.899 ms mux=0.168 ms
start encode NV12 with RV1106 vendor packet ABI, frame=1166
encode_put_frame ret=0
encode_get_packet ret=0 handle=0xaead1930 expected=0xaead1930
vendor packet: mpi_buf_id=177 len=12768 buf_size=1495040 offset=176640 data_num=1 flag=0x00000000 pts=1166
valloc packet buffer: mpi_buf_id=177 dma_buf_fd=11 size=0
H264 first bytes: 00 00 00 01 41 e0 02 00 04 06 1f 03 7c 66 08 26
encode_release_packet ret=0
MP4 frame 1167/1500: sequence=1171 pts=46640000 us key=0 nv12=4478976 h264=12768 acquire=12.455 ms encode=26.294 ms mux=0.178 ms
start encode NV12 with RV1106 vendor packet ABI, frame=1167
encode_put_frame ret=0
encode_get_packet ret=0 handle=0xaead1930 expected=0xaead1930
vendor packet: mpi_buf_id=177 len=12475 buf_size=1495040 offset=189440 data_num=1 flag=0x00000000 pts=1167
valloc packet buffer: mpi_buf_id=177 dma_buf_fd=11 size=0
H264 first bytes: 00 00 00 01 41 e0 02 20 04 46 1f 1d 79 e8 3e 61
encode_release_packet ret=0
MP4 frame 1168/1500: sequence=1172 pts=46680000 us key=0 nv12=4478976 h264=12475 acquire=13.040 ms encode=26.971 ms mux=0.177 ms
start encode NV12 with RV1106 vendor packet ABI, frame=1168
encode_put_frame ret=0
encode_get_packet ret=0 handle=0xaead1930 expected=0xaead1930
vendor packet: mpi_buf_id=177 len=13025 buf_size=1495040 offset=201984 data_num=1 flag=0x00000000 pts=1168
valloc packet buffer: mpi_buf_id=177 dma_buf_fd=11 size=0
H264 first bytes: 00 00 00 01 41 e0 02 40 04 86 1f 19 c5 f9 97 1e
encode_release_packet ret=0
MP4 frame 1169/1500: sequence=1173 pts=46720000 us key=0 nv12=4478976 h264=13025 acquire=12.397 ms encode=26.433 ms mux=0.180 ms
start encode NV12 with RV1106 vendor packet ABI, frame=1169
encode_put_frame ret=0
encode_get_packet ret=0 handle=0xaead1930 expected=0xaead1930
vendor packet: mpi_buf_id=177 len=12568 buf_size=1495040 offset=215040 data_num=1 flag=0x00000000 pts=1169
valloc packet buffer: mpi_buf_id=177 dma_buf_fd=11 size=0
H264 first bytes: 00 00 00 01 41 e0 02 60 04 c6 1f 1f 13 65 6d 8b
encode_release_packet ret=0
MP4 frame 1170/1500: sequence=1174 pts=46760000 us key=0 nv12=4478976 h264=12568 acquire=12.853 ms encode=26.889 ms mux=0.171 ms
start encode NV12 with RV1106 vendor packet ABI, frame=1170
encode_put_frame ret=0
encode_get_packet ret=0 handle=0xaead1930 expected=0xaead1930
vendor packet: mpi_buf_id=177 len=12381 buf_size=1495040 offset=227712 data_num=1 flag=0x00000000 pts=1170
valloc packet buffer: mpi_buf_id=177 dma_buf_fd=11 size=0
H264 first bytes: 00 00 00 01 41 e0 02 80 05 06 1f 05 34 71 62 5d
encode_release_packet ret=0
MP4 frame 1171/1500: sequence=1175 pts=46800000 us key=0 nv12=4478976 h264=12381 acquire=12.463 ms encode=26.314 ms mux=0.172 ms
start encode NV12 with RV1106 vendor packet ABI, frame=1171
encode_put_frame ret=0
encode_get_packet ret=0 handle=0xaead1930 expected=0xaead1930
vendor packet: mpi_buf_id=177 len=12357 buf_size=1495040 offset=240128 data_num=1 flag=0x00000000 pts=1171
valloc packet buffer: mpi_buf_id=177 dma_buf_fd=11 size=0
H264 first bytes: 00 00 00 01 41 e0 02 a0 05 46 1f 08 e7 8b 8e 2c
encode_release_packet ret=0
MP4 frame 1172/1500: sequence=1176 pts=46840000 us key=0 nv12=4478976 h264=12357 acquire=13.136 ms encode=26.961 ms mux=1.101 ms
start encode NV12 with RV1106 vendor packet ABI, frame=1172
encode_put_frame ret=0
encode_get_packet ret=0 handle=0xaead1930 expected=0xaead1930
vendor packet: mpi_buf_id=177 len=12510 buf_size=1495040 offset=252544 data_num=1 flag=0x00000000 pts=1172
valloc packet buffer: mpi_buf_id=177 dma_buf_fd=11 size=0
H264 first bytes: 00 00 00 01 41 e0 02 c0 05 86 1f 0a 62 86 09 b2
encode_release_packet ret=0
MP4 frame 1173/1500: sequence=1177 pts=46880000 us key=0 nv12=4478976 h264=12510 acquire=11.313 ms encode=26.292 ms mux=0.176 ms
start encode NV12 with RV1106 vendor packet ABI, frame=1173
encode_put_frame ret=0
encode_get_packet ret=0 handle=0xaead1930 expected=0xaead1930
vendor packet: mpi_buf_id=177 len=11990 buf_size=1495040 offset=265088 data_num=1 flag=0x00000000 pts=1173
valloc packet buffer: mpi_buf_id=177 dma_buf_fd=11 size=0
H264 first bytes: 00 00 00 01 41 e0 02 e0 05 c6 1f 0e 4e c1 1d 8b
encode_release_packet ret=0
MP4 frame 1174/1500: sequence=1178 pts=46920000 us key=0 nv12=4478976 h264=11990 acquire=13.052 ms encode=26.921 ms mux=0.170 ms
start encode NV12 with RV1106 vendor packet ABI, frame=1174
encode_put_frame ret=0
encode_get_packet ret=0 handle=0xaead1930 expected=0xaead1930
vendor packet: mpi_buf_id=177 len=12191 buf_size=1495040 offset=277120 data_num=1 flag=0x00000000 pts=1174
valloc packet buffer: mpi_buf_id=177 dma_buf_fd=11 size=0
H264 first bytes: 00 00 00 01 41 e0 03 00 06 06 1f 01 25 39 62 f1
encode_release_packet ret=0
MP4 frame 1175/1500: sequence=1179 pts=46960000 us key=0 nv12=4478976 h264=12191 acquire=12.422 ms encode=26.315 ms mux=0.170 ms
start encode NV12 with RV1106 vendor packet ABI, frame=1175
encode_put_frame ret=0
encode_get_packet ret=0 handle=0xaead1930 expected=0xaead1930
vendor packet: mpi_buf_id=177 len=185782 buf_size=1495040 offset=289408 data_num=1 flag=0x00000010 pts=1175
valloc packet buffer: mpi_buf_id=177 dma_buf_fd=11 size=0
H264 first bytes: 00 00 00 01 65 b8 00 00 40 00 00 3f 0a 44 82 45
encode_release_packet ret=0
MP4 frame 1176/1500: sequence=1180 pts=47000000 us key=1 nv12=4478976 h264=185782 acquire=13.006 ms encode=26.867 ms mux=3.169 ms
start encode NV12 with RV1106 vendor packet ABI, frame=1176
encode_put_frame ret=0
encode_get_packet ret=0 handle=0xaead1930 expected=0xaead1930
vendor packet: mpi_buf_id=177 len=12455 buf_size=1495040 offset=475264 data_num=1 flag=0x00000000 pts=1176
valloc packet buffer: mpi_buf_id=177 dma_buf_fd=11 size=0
H264 first bytes: 00 00 00 01 41 e0 00 20 00 46 1f 73 e3 67 31 04
encode_release_packet ret=0
MP4 frame 1177/1500: sequence=1181 pts=47040000 us key=0 nv12=4478976 h264=12455 acquire=9.471 ms encode=26.372 ms mux=0.173 ms
start encode NV12 with RV1106 vendor packet ABI, frame=1177
encode_put_frame ret=0
encode_get_packet ret=0 handle=0xaead1930 expected=0xaead1930
vendor packet: mpi_buf_id=177 len=12543 buf_size=1495040 offset=487808 data_num=1 flag=0x00000000 pts=1177
valloc packet buffer: mpi_buf_id=177 dma_buf_fd=11 size=0
H264 first bytes: 00 00 00 01 41 e0 00 40 00 86 1f 01 27 a9 3a 66
encode_release_packet ret=0
MP4 frame 1178/1500: sequence=1182 pts=47080000 us key=0 nv12=4478976 h264=12543 acquire=12.966 ms encode=27.059 ms mux=0.179 ms
start encode NV12 with RV1106 vendor packet ABI, frame=1178
encode_put_frame ret=0
encode_get_packet ret=0 handle=0xaead1930 expected=0xaead1930
vendor packet: mpi_buf_id=177 len=12894 buf_size=1495040 offset=500352 data_num=1 flag=0x00000000 pts=1178
valloc packet buffer: mpi_buf_id=177 dma_buf_fd=11 size=0
H264 first bytes: 00 00 00 01 41 e0 00 60 00 c6 1f 3d 46 63 8c bb
encode_release_packet ret=0
MP4 frame 1179/1500: sequence=1183 pts=47120000 us key=0 nv12=4478976 h264=12894 acquire=12.268 ms encode=26.386 ms mux=0.179 ms
start encode NV12 with RV1106 vendor packet ABI, frame=1179
encode_put_frame ret=0
encode_get_packet ret=0 handle=0xaead1930 expected=0xaead1930
vendor packet: mpi_buf_id=177 len=13595 buf_size=1495040 offset=513280 data_num=1 flag=0x00000000 pts=1179
valloc packet buffer: mpi_buf_id=177 dma_buf_fd=11 size=0
H264 first bytes: 00 00 00 01 41 e0 00 80 01 06 0b c7 c2 c8 60 95
encode_release_packet ret=0
MP4 frame 1180/1500: sequence=1184 pts=47160000 us key=0 nv12=4478976 h264=13595 acquire=12.929 ms encode=26.920 ms mux=0.186 ms
start encode NV12 with RV1106 vendor packet ABI, frame=1180
encode_put_frame ret=0
encode_get_packet ret=0 handle=0xaead1930 expected=0xaead1930
vendor packet: mpi_buf_id=177 len=13419 buf_size=1495040 offset=526976 data_num=1 flag=0x00000000 pts=1180
valloc packet buffer: mpi_buf_id=177 dma_buf_fd=11 size=0
H264 first bytes: 00 00 00 01 41 e0 00 a0 01 46 0b cf 70 53 2d 7c
encode_release_packet ret=0
MP4 frame 1181/1500: sequence=1185 pts=47200000 us key=0 nv12=4478976 h264=13419 acquire=12.417 ms encode=26.407 ms mux=0.187 ms
start encode NV12 with RV1106 vendor packet ABI, frame=1181
encode_put_frame ret=0
encode_get_packet ret=0 handle=0xaead1930 expected=0xaead1930
vendor packet: mpi_buf_id=177 len=13845 buf_size=1495040 offset=540416 data_num=1 flag=0x00000000 pts=1181
valloc packet buffer: mpi_buf_id=177 dma_buf_fd=11 size=0
H264 first bytes: 00 00 00 01 41 e0 00 c0 01 86 0b c2 3a 0a 09 cd
encode_release_packet ret=0
MP4 frame 1182/1500: sequence=1186 pts=47240000 us key=0 nv12=4478976 h264=13845 acquire=12.930 ms encode=26.977 ms mux=0.183 ms
start encode NV12 with RV1106 vendor packet ABI, frame=1182
encode_put_frame ret=0
encode_get_packet ret=0 handle=0xaead1930 expected=0xaead1930
vendor packet: mpi_buf_id=177 len=13400 buf_size=1495040 offset=554368 data_num=1 flag=0x00000000 pts=1182
valloc packet buffer: mpi_buf_id=177 dma_buf_fd=11 size=0
H264 first bytes: 00 00 00 01 41 e0 00 e0 01 c6 0b c5 5d 15 32 d5
encode_release_packet ret=0
MP4 frame 1183/1500: sequence=1187 pts=47280000 us key=0 nv12=4478976 h264=13400 acquire=12.329 ms encode=26.265 ms mux=0.184 ms
start encode NV12 with RV1106 vendor packet ABI, frame=1183
encode_put_frame ret=0
encode_get_packet ret=0 handle=0xaead1930 expected=0xaead1930
vendor packet: mpi_buf_id=177 len=13114 buf_size=1495040 offset=567808 data_num=1 flag=0x00000000 pts=1183
valloc packet buffer: mpi_buf_id=177 dma_buf_fd=11 size=0
H264 first bytes: 00 00 00 01 41 e0 01 00 02 06 0b dd 63 31 c3 04
encode_release_packet ret=0
MP4 frame 1184/1500: sequence=1188 pts=47320000 us key=0 nv12=4478976 h264=13114 acquire=13.066 ms encode=26.920 ms mux=0.181 ms
start encode NV12 with RV1106 vendor packet ABI, frame=1184
encode_put_frame ret=0
encode_get_packet ret=0 handle=0xaead1930 expected=0xaead1930
vendor packet: mpi_buf_id=177 len=12791 buf_size=1495040 offset=580992 data_num=1 flag=0x00000000 pts=1184
valloc packet buffer: mpi_buf_id=177 dma_buf_fd=11 size=0
H264 first bytes: 00 00 00 01 41 e0 01 20 02 46 0b c4 45 9a 7a 43
encode_release_packet ret=0
MP4 frame 1185/1500: sequence=1189 pts=47360000 us key=0 nv12=4478976 h264=12791 acquire=12.294 ms encode=26.244 ms mux=0.178 ms
start encode NV12 with RV1106 vendor packet ABI, frame=1185
encode_put_frame ret=0
encode_get_packet ret=0 handle=0xaead1930 expected=0xaead1930
vendor packet: mpi_buf_id=177 len=13174 buf_size=1495040 offset=593792 data_num=1 flag=0x00000000 pts=1185
valloc packet buffer: mpi_buf_id=177 dma_buf_fd=11 size=0
H264 first bytes: 00 00 00 01 41 e0 01 40 02 86 0b c2 93 90 28 27
encode_release_packet ret=0
MP4 frame 1186/1500: sequence=1190 pts=47400000 us key=0 nv12=4478976 h264=13174 acquire=13.085 ms encode=26.977 ms mux=0.188 ms
start encode NV12 with RV1106 vendor packet ABI, frame=1186
encode_put_frame ret=0
encode_get_packet ret=0 handle=0xaead1930 expected=0xaead1930
vendor packet: mpi_buf_id=177 len=13241 buf_size=1495040 offset=606976 data_num=1 flag=0x00000000 pts=1186
valloc packet buffer: mpi_buf_id=177 dma_buf_fd=11 size=0
H264 first bytes: 00 00 00 01 41 e0 01 60 02 c6 0b c5 6c 10 96 fd
encode_release_packet ret=0
MP4 frame 1187/1500: sequence=1191 pts=47440000 us key=0 nv12=4478976 h264=13241 acquire=12.359 ms encode=26.295 ms mux=0.188 ms
start encode NV12 with RV1106 vendor packet ABI, frame=1187
encode_put_frame ret=0
encode_get_packet ret=0 handle=0xaead1930 expected=0xaead1930
vendor packet: mpi_buf_id=177 len=13264 buf_size=1495040 offset=620288 data_num=1 flag=0x00000000 pts=1187
valloc packet buffer: mpi_buf_id=177 dma_buf_fd=11 size=0
H264 first bytes: 00 00 00 01 41 e0 01 80 03 06 0b c2 33 1c 70 9c
encode_release_packet ret=0
MP4 frame 1188/1500: sequence=1192 pts=47480000 us key=0 nv12=4478976 h264=13264 acquire=13.025 ms encode=26.840 ms mux=0.186 ms
start encode NV12 with RV1106 vendor packet ABI, frame=1188
encode_put_frame ret=0
encode_get_packet ret=0 handle=0xaead1930 expected=0xaead1930
vendor packet: mpi_buf_id=177 len=13648 buf_size=1495040 offset=633600 data_num=1 flag=0x00000000 pts=1188
valloc packet buffer: mpi_buf_id=177 dma_buf_fd=11 size=0
H264 first bytes: 00 00 00 01 41 e0 01 a0 03 46 0b c2 93 90 60 95
encode_release_packet ret=0
MP4 frame 1189/1500: sequence=1193 pts=47520000 us key=0 nv12=4478976 h264=13648 acquire=12.485 ms encode=26.281 ms mux=0.189 ms
start encode NV12 with RV1106 vendor packet ABI, frame=1189
encode_put_frame ret=0
encode_get_packet ret=0 handle=0xaead1930 expected=0xaead1930
vendor packet: mpi_buf_id=177 len=13366 buf_size=1495040 offset=647296 data_num=1 flag=0x00000000 pts=1189
valloc packet buffer: mpi_buf_id=177 dma_buf_fd=11 size=0
H264 first bytes: 00 00 00 01 41 e0 01 c0 03 86 0b cf b1 50 fa 86
encode_release_packet ret=0
MP4 frame 1190/1500: sequence=1194 pts=47560000 us key=0 nv12=4478976 h264=13366 acquire=13.049 ms encode=26.981 ms mux=0.183 ms
start encode NV12 with RV1106 vendor packet ABI, frame=1190
encode_put_frame ret=0
encode_get_packet ret=0 handle=0xaead1930 expected=0xaead1930
vendor packet: mpi_buf_id=177 len=13903 buf_size=1495040 offset=660736 data_num=1 flag=0x00000000 pts=1190
valloc packet buffer: mpi_buf_id=177 dma_buf_fd=11 size=0
H264 first bytes: 00 00 00 01 41 e0 01 e0 03 c6 0b cf 68 77 52 34
encode_release_packet ret=0
MP4 frame 1191/1500: sequence=1195 pts=47600000 us key=0 nv12=4478976 h264=13903 acquire=12.346 ms encode=26.247 ms mux=0.194 ms
start encode NV12 with RV1106 vendor packet ABI, frame=1191
encode_put_frame ret=0
encode_get_packet ret=0 handle=0xaead1930 expected=0xaead1930
vendor packet: mpi_buf_id=177 len=12816 buf_size=1495040 offset=674688 data_num=1 flag=0x00000000 pts=1191
valloc packet buffer: mpi_buf_id=177 dma_buf_fd=11 size=0
H264 first bytes: 00 00 00 01 41 e0 02 00 04 06 1f 15 26 2a 22 20
encode_release_packet ret=0
MP4 frame 1192/1500: sequence=1196 pts=47640000 us key=0 nv12=4478976 h264=12816 acquire=13.063 ms encode=27.089 ms mux=0.180 ms
start encode NV12 with RV1106 vendor packet ABI, frame=1192
encode_put_frame ret=0
encode_get_packet ret=0 handle=0xaead1930 expected=0xaead1930
vendor packet: mpi_buf_id=177 len=12685 buf_size=1495040 offset=687616 data_num=1 flag=0x00000000 pts=1192
valloc packet buffer: mpi_buf_id=177 dma_buf_fd=11 size=0
H264 first bytes: 00 00 00 01 41 e0 02 20 04 46 1f 09 47 19 89 b1
encode_release_packet ret=0
MP4 frame 1193/1500: sequence=1197 pts=47680000 us key=0 nv12=4478976 h264=12685 acquire=12.233 ms encode=26.357 ms mux=0.174 ms
start encode NV12 with RV1106 vendor packet ABI, frame=1193
encode_put_frame ret=0
encode_get_packet ret=0 handle=0xaead1930 expected=0xaead1930
vendor packet: mpi_buf_id=177 len=12047 buf_size=1495040 offset=700416 data_num=1 flag=0x00000000 pts=1193
valloc packet buffer: mpi_buf_id=177 dma_buf_fd=11 size=0
H264 first bytes: 00 00 00 01 41 e0 02 40 04 86 1f 06 d6 78 7a f1
encode_release_packet ret=0
MP4 frame 1194/1500: sequence=1198 pts=47720000 us key=0 nv12=4478976 h264=12047 acquire=12.978 ms encode=26.854 ms mux=0.174 ms
start encode NV12 with RV1106 vendor packet ABI, frame=1194
encode_put_frame ret=0
encode_get_packet ret=0 handle=0xaead1930 expected=0xaead1930
vendor packet: mpi_buf_id=177 len=12012 buf_size=1495040 offset=712576 data_num=1 flag=0x00000000 pts=1194
valloc packet buffer: mpi_buf_id=177 dma_buf_fd=11 size=0
H264 first bytes: 00 00 00 01 41 e0 02 60 04 c6 1f 02 1e 78 34 9f
encode_release_packet ret=0
MP4 frame 1195/1500: sequence=1199 pts=47760000 us key=0 nv12=4478976 h264=12012 acquire=12.478 ms encode=26.275 ms mux=0.173 ms
start encode NV12 with RV1106 vendor packet ABI, frame=1195
encode_put_frame ret=0
encode_get_packet ret=0 handle=0xaead1930 expected=0xaead1930
vendor packet: mpi_buf_id=177 len=12998 buf_size=1495040 offset=724608 data_num=1 flag=0x00000000 pts=1195
valloc packet buffer: mpi_buf_id=177 dma_buf_fd=11 size=0
H264 first bytes: 00 00 00 01 41 e0 02 80 05 06 0b c6 70 8f b1 5f
encode_release_packet ret=0
MP4 frame 1196/1500: sequence=1200 pts=47800000 us key=0 nv12=4478976 h264=12998 acquire=13.083 ms encode=27.010 ms mux=0.181 ms
start encode NV12 with RV1106 vendor packet ABI, frame=1196
encode_put_frame ret=0
encode_get_packet ret=0 handle=0xaead1930 expected=0xaead1930
vendor packet: mpi_buf_id=177 len=13180 buf_size=1495040 offset=737664 data_num=1 flag=0x00000000 pts=1196
valloc packet buffer: mpi_buf_id=177 dma_buf_fd=11 size=0
H264 first bytes: 00 00 00 01 41 e0 02 a0 05 46 0b c2 18 78 17 09
encode_release_packet ret=0
MP4 frame 1197/1500: sequence=1201 pts=47840000 us key=0 nv12=4478976 h264=13180 acquire=12.303 ms encode=26.310 ms mux=0.972 ms
start encode NV12 with RV1106 vendor packet ABI, frame=1197
encode_put_frame ret=0
encode_get_packet ret=0 handle=0xaead1930 expected=0xaead1930
vendor packet: mpi_buf_id=177 len=12973 buf_size=1495040 offset=750848 data_num=1 flag=0x00000000 pts=1197
valloc packet buffer: mpi_buf_id=177 dma_buf_fd=11 size=0
H264 first bytes: 00 00 00 01 41 e0 02 c0 05 86 0b cf 70 4b 27 7c
encode_release_packet ret=0
MP4 frame 1198/1500: sequence=1202 pts=47880000 us key=0 nv12=4478976 h264=12973 acquire=12.215 ms encode=26.938 ms mux=0.176 ms
start encode NV12 with RV1106 vendor packet ABI, frame=1198
encode_put_frame ret=0
encode_get_packet ret=0 handle=0xaead1930 expected=0xaead1930
vendor packet: mpi_buf_id=177 len=13166 buf_size=1495040 offset=763904 data_num=1 flag=0x00000000 pts=1198
valloc packet buffer: mpi_buf_id=177 dma_buf_fd=11 size=0
H264 first bytes: 00 00 00 01 41 e0 02 e0 05 c6 0b c6 5a 15 ef 3f
encode_release_packet ret=0
MP4 frame 1199/1500: sequence=1203 pts=47920000 us key=0 nv12=4478976 h264=13166 acquire=12.471 ms encode=26.271 ms mux=0.182 ms
start encode NV12 with RV1106 vendor packet ABI, frame=1199
encode_put_frame ret=0
encode_get_packet ret=0 handle=0xaead1930 expected=0xaead1930
vendor packet: mpi_buf_id=177 len=13558 buf_size=1495040 offset=777088 data_num=1 flag=0x00000000 pts=1199
valloc packet buffer: mpi_buf_id=177 dma_buf_fd=11 size=0
H264 first bytes: 00 00 00 01 41 e0 03 00 06 06 0b cf 47 1d 69 95
encode_release_packet ret=0
MP4 frame 1200/1500: sequence=1204 pts=47960000 us key=0 nv12=4478976 h264=13558 acquire=12.981 ms encode=27.014 ms mux=0.186 ms
start encode NV12 with RV1106 vendor packet ABI, frame=1200
encode_put_frame ret=0
encode_get_packet ret=0 handle=0xaead1930 expected=0xaead1930
vendor packet: mpi_buf_id=177 len=189321 buf_size=1495040 offset=790656 data_num=1 flag=0x00000010 pts=1200
valloc packet buffer: mpi_buf_id=177 dma_buf_fd=11 size=0
H264 first bytes: 00 00 00 01 65 b8 00 04 00 00 13 c2 91 20 a4 00
encode_release_packet ret=0
MP4 frame 1201/1500: sequence=1205 pts=48000000 us key=1 nv12=4478976 h264=189321 acquire=12.308 ms encode=26.247 ms mux=3.216 ms
start encode NV12 with RV1106 vendor packet ABI, frame=1201
encode_put_frame ret=0
encode_get_packet ret=0 handle=0xaead1930 expected=0xaead1930
vendor packet: mpi_buf_id=177 len=13167 buf_size=1495040 offset=980096 data_num=1 flag=0x00000000 pts=1201
valloc packet buffer: mpi_buf_id=177 dma_buf_fd=11 size=0
H264 first bytes: 00 00 00 01 41 e0 00 20 00 46 0b cf 51 d4 36 ed
encode_release_packet ret=0
MP4 frame 1202/1500: sequence=1206 pts=48040000 us key=0 nv12=4478976 h264=13167 acquire=10.033 ms encode=26.907 ms mux=0.188 ms
start encode NV12 with RV1106 vendor packet ABI, frame=1202
encode_put_frame ret=0
encode_get_packet ret=0 handle=0xaead1930 expected=0xaead1930
vendor packet: mpi_buf_id=177 len=13451 buf_size=1495040 offset=993280 data_num=1 flag=0x00000000 pts=1202
valloc packet buffer: mpi_buf_id=177 dma_buf_fd=11 size=0
H264 first bytes: 00 00 00 01 41 e0 00 40 00 86 0b f6 34 17 09 4e
encode_release_packet ret=0
MP4 frame 1203/1500: sequence=1207 pts=48080000 us key=0 nv12=4478976 h264=13451 acquire=12.432 ms encode=26.305 ms mux=0.188 ms
start encode NV12 with RV1106 vendor packet ABI, frame=1203
encode_put_frame ret=0
encode_get_packet ret=0 handle=0xaead1930 expected=0xaead1930
vendor packet: mpi_buf_id=177 len=13119 buf_size=1495040 offset=1006848 data_num=1 flag=0x00000000 pts=1203
valloc packet buffer: mpi_buf_id=177 dma_buf_fd=11 size=0
H264 first bytes: 00 00 00 01 41 e0 00 60 00 c6 0b cd 6a 4e 8a e4
encode_release_packet ret=0
MP4 frame 1204/1500: sequence=1208 pts=48120000 us key=0 nv12=4478976 h264=13119 acquire=13.009 ms encode=26.980 ms mux=0.180 ms
start encode NV12 with RV1106 vendor packet ABI, frame=1204
encode_put_frame ret=0
encode_get_packet ret=0 handle=0xaead1930 expected=0xaead1930
vendor packet: mpi_buf_id=177 len=13888 buf_size=1495040 offset=1020032 data_num=1 flag=0x00000000 pts=1204
valloc packet buffer: mpi_buf_id=177 dma_buf_fd=11 size=0
H264 first bytes: 00 00 00 01 41 e0 00 80 01 06 0b c6 5c 57 8e a6
encode_release_packet ret=0
MP4 frame 1205/1500: sequence=1209 pts=48160000 us key=0 nv12=4478976 h264=13888 acquire=12.329 ms encode=26.263 ms mux=0.187 ms
start encode NV12 with RV1106 vendor packet ABI, frame=1205
encode_put_frame ret=0
encode_get_packet ret=0 handle=0xaead1930 expected=0xaead1930
vendor packet: mpi_buf_id=177 len=13636 buf_size=1495040 offset=1033984 data_num=1 flag=0x00000000 pts=1205
valloc packet buffer: mpi_buf_id=177 dma_buf_fd=11 size=0
H264 first bytes: 00 00 00 01 41 e0 00 a0 01 46 0b c2 39 46 09 6c
encode_release_packet ret=0
MP4 frame 1206/1500: sequence=1210 pts=48200000 us key=0 nv12=4478976 h264=13636 acquire=13.071 ms encode=26.880 ms mux=0.186 ms
start encode NV12 with RV1106 vendor packet ABI, frame=1206
encode_put_frame ret=0
encode_get_packet ret=0 handle=0xaead1930 expected=0xaead1930
vendor packet: mpi_buf_id=177 len=13329 buf_size=1495040 offset=1047680 data_num=1 flag=0x00000000 pts=1206
valloc packet buffer: mpi_buf_id=177 dma_buf_fd=11 size=0
H264 first bytes: 00 00 00 01 41 e0 00 c0 01 86 0b f1 e2 82 62 6f
encode_release_packet ret=0
MP4 frame 1207/1500: sequence=1211 pts=48240000 us key=0 nv12=4478976 h264=13329 acquire=12.453 ms encode=26.279 ms mux=0.183 ms
start encode NV12 with RV1106 vendor packet ABI, frame=1207
encode_put_frame ret=0
encode_get_packet ret=0 handle=0xaead1930 expected=0xaead1930
vendor packet: mpi_buf_id=177 len=13605 buf_size=1495040 offset=1061120 data_num=1 flag=0x00000000 pts=1207
valloc packet buffer: mpi_buf_id=177 dma_buf_fd=11 size=0
H264 first bytes: 00 00 00 01 41 e0 00 e0 01 c6 1f 03 45 9e 0d e1
encode_release_packet ret=0
MP4 frame 1208/1500: sequence=1212 pts=48280000 us key=0 nv12=4478976 h264=13605 acquire=13.043 ms encode=26.983 ms mux=0.182 ms
start encode NV12 with RV1106 vendor packet ABI, frame=1208
encode_put_frame ret=0
encode_get_packet ret=0 handle=0xaead1930 expected=0xaead1930
vendor packet: mpi_buf_id=177 len=12960 buf_size=1495040 offset=1074816 data_num=1 flag=0x00000000 pts=1208
valloc packet buffer: mpi_buf_id=177 dma_buf_fd=11 size=0
H264 first bytes: 00 00 00 01 41 e0 01 00 02 06 1f 19 51 5e c6 f6
encode_release_packet ret=0
MP4 frame 1209/1500: sequence=1213 pts=48320000 us key=0 nv12=4478976 h264=12960 acquire=12.333 ms encode=26.307 ms mux=0.178 ms
start encode NV12 with RV1106 vendor packet ABI, frame=1209
encode_put_frame ret=0
encode_get_packet ret=0 handle=0xaead1930 expected=0xaead1930
vendor packet: mpi_buf_id=177 len=12577 buf_size=1495040 offset=1087872 data_num=1 flag=0x00000000 pts=1209
valloc packet buffer: mpi_buf_id=177 dma_buf_fd=11 size=0
H264 first bytes: 00 00 00 01 41 e0 01 20 02 46 1f 0a 4e 61 82 6d
encode_release_packet ret=0
MP4 frame 1210/1500: sequence=1214 pts=48360000 us key=0 nv12=4478976 h264=12577 acquire=13.037 ms encode=26.934 ms mux=0.178 ms
start encode NV12 with RV1106 vendor packet ABI, frame=1210
encode_put_frame ret=0
encode_get_packet ret=0 handle=0xaead1930 expected=0xaead1930
vendor packet: mpi_buf_id=177 len=12544 buf_size=1495040 offset=1100544 data_num=1 flag=0x00000000 pts=1210
valloc packet buffer: mpi_buf_id=177 dma_buf_fd=11 size=0
H264 first bytes: 00 00 00 01 41 e0 01 40 02 86 1f 04 d5 84 71 45
encode_release_packet ret=0
MP4 frame 1211/1500: sequence=1215 pts=48400000 us key=0 nv12=4478976 h264=12544 acquire=12.389 ms encode=26.335 ms mux=0.183 ms
start encode NV12 with RV1106 vendor packet ABI, frame=1211
encode_put_frame ret=0
encode_get_packet ret=0 handle=0xaead1930 expected=0xaead1930
vendor packet: mpi_buf_id=177 len=12858 buf_size=1495040 offset=1113088 data_num=1 flag=0x00000000 pts=1211
valloc packet buffer: mpi_buf_id=177 dma_buf_fd=11 size=0
H264 first bytes: 00 00 00 01 41 e0 01 60 02 c6 1f 3d b1 39 a9 76
encode_release_packet ret=0
MP4 frame 1212/1500: sequence=1216 pts=48440000 us key=0 nv12=4478976 h264=12858 acquire=12.992 ms encode=26.985 ms mux=0.176 ms
start encode NV12 with RV1106 vendor packet ABI, frame=1212
encode_put_frame ret=0
encode_get_packet ret=0 handle=0xaead1930 expected=0xaead1930
vendor packet: mpi_buf_id=177 len=13123 buf_size=1495040 offset=1126016 data_num=1 flag=0x00000000 pts=1212
valloc packet buffer: mpi_buf_id=177 dma_buf_fd=11 size=0
H264 first bytes: 00 00 00 01 41 e0 01 80 03 06 1f 0b 67 18 27 49
encode_release_packet ret=0
MP4 frame 1213/1500: sequence=1217 pts=48480000 us key=0 nv12=4478976 h264=13123 acquire=12.369 ms encode=26.380 ms mux=0.185 ms
start encode NV12 with RV1106 vendor packet ABI, frame=1213
encode_put_frame ret=0
encode_get_packet ret=0 handle=0xaead1930 expected=0xaead1930
vendor packet: mpi_buf_id=177 len=12257 buf_size=1495040 offset=1139200 data_num=1 flag=0x00000000 pts=1213
valloc packet buffer: mpi_buf_id=177 dma_buf_fd=11 size=0
H264 first bytes: 00 00 00 01 41 e0 01 a0 03 46 1f 05 72 21 62 6d
encode_release_packet ret=0
MP4 frame 1214/1500: sequence=1218 pts=48520000 us key=0 nv12=4478976 h264=12257 acquire=12.926 ms encode=26.922 ms mux=0.173 ms
start encode NV12 with RV1106 vendor packet ABI, frame=1214
encode_put_frame ret=0
encode_get_packet ret=0 handle=0xaead1930 expected=0xaead1930
vendor packet: mpi_buf_id=177 len=13609 buf_size=1495040 offset=1151488 data_num=1 flag=0x00000000 pts=1214
valloc packet buffer: mpi_buf_id=177 dma_buf_fd=11 size=0
H264 first bytes: 00 00 00 01 41 e0 01 c0 03 86 0b f4 e7 90 ec b4
encode_release_packet ret=0
MP4 frame 1215/1500: sequence=1219 pts=48560000 us key=0 nv12=4478976 h264=13609 acquire=12.416 ms encode=26.467 ms mux=0.186 ms
start encode NV12 with RV1106 vendor packet ABI, frame=1215
encode_put_frame ret=0
encode_get_packet ret=0 handle=0xaead1930 expected=0xaead1930
vendor packet: mpi_buf_id=177 len=13690 buf_size=1495040 offset=1165184 data_num=1 flag=0x00000000 pts=1215
valloc packet buffer: mpi_buf_id=177 dma_buf_fd=11 size=0
H264 first bytes: 00 00 00 01 41 e0 01 e0 03 c6 0b cf 68 76 5a 23
encode_release_packet ret=0
MP4 frame 1216/1500: sequence=1220 pts=48600000 us key=0 nv12=4478976 h264=13690 acquire=12.768 ms encode=26.904 ms mux=0.184 ms
start encode NV12 with RV1106 vendor packet ABI, frame=1216
encode_put_frame ret=0
encode_get_packet ret=0 handle=0xaead1930 expected=0xaead1930
vendor packet: mpi_buf_id=177 len=13047 buf_size=1495040 offset=1178880 data_num=1 flag=0x00000000 pts=1216
valloc packet buffer: mpi_buf_id=177 dma_buf_fd=11 size=0
H264 first bytes: 00 00 00 01 41 e0 02 00 04 06 1f 73 9e 3a 3e 30
encode_release_packet ret=0
MP4 frame 1217/1500: sequence=1221 pts=48640000 us key=0 nv12=4478976 h264=13047 acquire=12.390 ms encode=26.272 ms mux=0.179 ms
start encode NV12 with RV1106 vendor packet ABI, frame=1217
encode_put_frame ret=0
encode_get_packet ret=0 handle=0xaead1930 expected=0xaead1930
vendor packet: mpi_buf_id=177 len=12791 buf_size=1495040 offset=1191936 data_num=1 flag=0x00000000 pts=1217
valloc packet buffer: mpi_buf_id=177 dma_buf_fd=11 size=0
H264 first bytes: 00 00 00 01 41 e0 02 20 04 46 1f 73 1c 82 7b 8b
encode_release_packet ret=0
MP4 frame 1218/1500: sequence=1222 pts=48680000 us key=0 nv12=4478976 h264=12791 acquire=13.074 ms encode=27.023 ms mux=0.179 ms
start encode NV12 with RV1106 vendor packet ABI, frame=1218
encode_put_frame ret=0
encode_get_packet ret=0 handle=0xaead1930 expected=0xaead1930
vendor packet: mpi_buf_id=177 len=12542 buf_size=1495040 offset=1204736 data_num=1 flag=0x00000000 pts=1218
valloc packet buffer: mpi_buf_id=177 dma_buf_fd=11 size=0
H264 first bytes: 00 00 00 01 41 e0 02 40 04 86 1f 07 91 84 82 ab
encode_release_packet ret=0
MP4 frame 1219/1500: sequence=1223 pts=48720000 us key=0 nv12=4478976 h264=12542 acquire=12.308 ms encode=31.591 ms mux=0.173 ms
start encode NV12 with RV1106 vendor packet ABI, frame=1219
encode_put_frame ret=0
encode_get_packet ret=0 handle=0xaead1930 expected=0xaead1930
vendor packet: mpi_buf_id=177 len=12972 buf_size=1495040 offset=1217280 data_num=1 flag=0x00000000 pts=1219
valloc packet buffer: mpi_buf_id=177 dma_buf_fd=11 size=0
H264 first bytes: 00 00 00 01 41 e0 02 60 04 c6 1f 15 36 4d c3 d1
encode_release_packet ret=0
MP4 frame 1220/1500: sequence=1224 pts=48760000 us key=0 nv12=4478976 h264=12972 acquire=7.672 ms encode=26.944 ms mux=0.179 ms
start encode NV12 with RV1106 vendor packet ABI, frame=1220
encode_put_frame ret=0
encode_get_packet ret=0 handle=0xaead1930 expected=0xaead1930
vendor packet: mpi_buf_id=177 len=12414 buf_size=1495040 offset=1230336 data_num=1 flag=0x00000000 pts=1220
valloc packet buffer: mpi_buf_id=177 dma_buf_fd=11 size=0
H264 first bytes: 00 00 00 01 41 e0 02 80 05 06 1f 02 54 d8 77 34
encode_release_packet ret=0
MP4 frame 1221/1500: sequence=1225 pts=48800000 us key=0 nv12=4478976 h264=12414 acquire=12.383 ms encode=26.299 ms mux=0.173 ms
start encode NV12 with RV1106 vendor packet ABI, frame=1221
encode_put_frame ret=0
encode_get_packet ret=0 handle=0xaead1930 expected=0xaead1930
vendor packet: mpi_buf_id=177 len=12627 buf_size=1495040 offset=1242752 data_num=1 flag=0x00000000 pts=1221
valloc packet buffer: mpi_buf_id=177 dma_buf_fd=11 size=0
H264 first bytes: 00 00 00 01 41 e0 02 a0 05 46 1f 02 bc b8 10 29
encode_release_packet ret=0
MP4 frame 1222/1500: sequence=1226 pts=48840000 us key=0 nv12=4478976 h264=12627 acquire=13.062 ms encode=26.879 ms mux=0.955 ms
start encode NV12 with RV1106 vendor packet ABI, frame=1222
encode_put_frame ret=0
encode_get_packet ret=0 handle=0xaead1930 expected=0xaead1930
vendor packet: mpi_buf_id=177 len=13599 buf_size=1495040 offset=1255424 data_num=1 flag=0x00000000 pts=1222
valloc packet buffer: mpi_buf_id=177 dma_buf_fd=11 size=0
H264 first bytes: 00 00 00 01 41 e0 02 c0 05 86 0b c2 53 1c 70 99
encode_release_packet ret=0
MP4 frame 1223/1500: sequence=1227 pts=48880000 us key=0 nv12=4478976 h264=13599 acquire=11.657 ms encode=26.349 ms mux=0.183 ms
start encode NV12 with RV1106 vendor packet ABI, frame=1223
encode_put_frame ret=0
encode_get_packet ret=0 handle=0xaead1930 expected=0xaead1930
vendor packet: mpi_buf_id=177 len=12887 buf_size=1495040 offset=1269120 data_num=1 flag=0x00000000 pts=1223
valloc packet buffer: mpi_buf_id=177 dma_buf_fd=11 size=0
H264 first bytes: 00 00 00 01 41 e0 02 e0 05 c6 0b c3 13 31 82 65
encode_release_packet ret=0
MP4 frame 1224/1500: sequence=1228 pts=48920000 us key=0 nv12=4478976 h264=12887 acquire=12.958 ms encode=26.980 ms mux=0.181 ms
start encode NV12 with RV1106 vendor packet ABI, frame=1224
encode_put_frame ret=0
encode_get_packet ret=0 handle=0xaead1930 expected=0xaead1930
vendor packet: mpi_buf_id=177 len=12885 buf_size=1495040 offset=1282048 data_num=1 flag=0x00000000 pts=1224
valloc packet buffer: mpi_buf_id=177 dma_buf_fd=11 size=0
H264 first bytes: 00 00 00 01 41 e0 03 00 06 06 0b c6 73 48 c0 75
encode_release_packet ret=0
MP4 frame 1225/1500: sequence=1229 pts=48960000 us key=0 nv12=4478976 h264=12885 acquire=12.360 ms encode=26.282 ms mux=0.173 ms
start encode NV12 with RV1106 vendor packet ABI, frame=1225
encode_put_frame ret=0
encode_get_packet ret=0 handle=0xaead1930 expected=0xaead1930
vendor packet: mpi_buf_id=177 len=189399 buf_size=1495040 offset=1294976 data_num=1 flag=0x00000010 pts=1225
valloc packet buffer: mpi_buf_id=177 dma_buf_fd=11 size=0
H264 first bytes: 00 00 00 01 65 b8 00 02 00 00 04 f0 a4 48 20 90
encode_release_packet ret=0
MP4 frame 1226/1500: sequence=1230 pts=49000000 us key=1 nv12=4478976 h264=189399 acquire=13.060 ms encode=26.915 ms mux=3.192 ms
start encode NV12 with RV1106 vendor packet ABI, frame=1226
encode_put_frame ret=0
encode_get_packet ret=0 handle=0xaead1930 expected=0xaead1930
vendor packet: mpi_buf_id=177 len=12815 buf_size=1495040 offset=1484416 data_num=1 flag=0x00000000 pts=1226
valloc packet buffer: mpi_buf_id=177 dma_buf_fd=11 size=0
H264 first bytes: 00 00 00 01 41 e0 00 20 00 46 0b cf 4c 23 7f 54
encode_release_packet ret=0
MP4 frame 1227/1500: sequence=1231 pts=49040000 us key=0 nv12=4478976 h264=12815 acquire=9.467 ms encode=26.281 ms mux=0.177 ms
start encode NV12 with RV1106 vendor packet ABI, frame=1227
encode_put_frame ret=0
encode_get_packet ret=0 handle=0xaead1930 expected=0xaead1930
vendor packet: mpi_buf_id=177 len=13144 buf_size=1495040 offset=2304 data_num=1 flag=0x00000000 pts=1227
valloc packet buffer: mpi_buf_id=177 dma_buf_fd=11 size=0
H264 first bytes: 00 00 00 01 41 e0 00 40 00 86 0b c4 76 54 98 81
encode_release_packet ret=0
MP4 frame 1228/1500: sequence=1232 pts=49080000 us key=0 nv12=4478976 h264=13144 acquire=12.948 ms encode=26.856 ms mux=0.185 ms
start encode NV12 with RV1106 vendor packet ABI, frame=1228
encode_put_frame ret=0
encode_get_packet ret=0 handle=0xaead1930 expected=0xaead1930
vendor packet: mpi_buf_id=177 len=14250 buf_size=1495040 offset=15488 data_num=1 flag=0x00000000 pts=1228
valloc packet buffer: mpi_buf_id=177 dma_buf_fd=11 size=0
H264 first bytes: 00 00 00 01 41 e0 00 60 00 c6 0b d5 63 a6 04 43
encode_release_packet ret=0
MP4 frame 1229/1500: sequence=1233 pts=49120000 us key=0 nv12=4478976 h264=14250 acquire=12.594 ms encode=26.366 ms mux=0.199 ms
start encode NV12 with RV1106 vendor packet ABI, frame=1229
encode_put_frame ret=0
encode_get_packet ret=0 handle=0xaead1930 expected=0xaead1930
vendor packet: mpi_buf_id=177 len=13206 buf_size=1495040 offset=29824 data_num=1 flag=0x00000000 pts=1229
valloc packet buffer: mpi_buf_id=177 dma_buf_fd=11 size=0
H264 first bytes: 00 00 00 01 41 e0 00 80 01 06 1f 02 04 ae 0a 2f
encode_release_packet ret=0
MP4 frame 1230/1500: sequence=1234 pts=49160000 us key=0 nv12=4478976 h264=13206 acquire=12.822 ms encode=26.892 ms mux=0.180 ms
start encode NV12 with RV1106 vendor packet ABI, frame=1230
encode_put_frame ret=0
encode_get_packet ret=0 handle=0xaead1930 expected=0xaead1930
vendor packet: mpi_buf_id=177 len=13581 buf_size=1495040 offset=43136 data_num=1 flag=0x00000000 pts=1230
valloc packet buffer: mpi_buf_id=177 dma_buf_fd=11 size=0
H264 first bytes: 00 00 00 01 41 e0 00 a0 01 46 1f 08 61 b0 88 9d
encode_release_packet ret=0
MP4 frame 1231/1500: sequence=1235 pts=49200000 us key=0 nv12=4478976 h264=13581 acquire=12.441 ms encode=26.452 ms mux=0.194 ms
start encode NV12 with RV1106 vendor packet ABI, frame=1231
encode_put_frame ret=0
encode_get_packet ret=0 handle=0xaead1930 expected=0xaead1930
vendor packet: mpi_buf_id=177 len=13669 buf_size=1495040 offset=56832 data_num=1 flag=0x00000000 pts=1231
valloc packet buffer: mpi_buf_id=177 dma_buf_fd=11 size=0
H264 first bytes: 00 00 00 01 41 e0 00 c0 01 86 1f 11 1e 99 6c 9b
encode_release_packet ret=0
MP4 frame 1232/1500: sequence=1236 pts=49240000 us key=0 nv12=4478976 h264=13669 acquire=12.873 ms encode=26.971 ms mux=0.193 ms
start encode NV12 with RV1106 vendor packet ABI, frame=1232
encode_put_frame ret=0
encode_get_packet ret=0 handle=0xaead1930 expected=0xaead1930
vendor packet: mpi_buf_id=177 len=13290 buf_size=1495040 offset=70528 data_num=1 flag=0x00000000 pts=1232
valloc packet buffer: mpi_buf_id=177 dma_buf_fd=11 size=0
H264 first bytes: 00 00 00 01 41 e0 00 e0 01 c6 1f 08 c9 18 24 ff
encode_release_packet ret=0
MP4 frame 1233/1500: sequence=1237 pts=49280000 us key=0 nv12=4478976 h264=13290 acquire=12.336 ms encode=26.267 ms mux=0.184 ms
start encode NV12 with RV1106 vendor packet ABI, frame=1233
encode_put_frame ret=0
encode_get_packet ret=0 handle=0xaead1930 expected=0xaead1930
vendor packet: mpi_buf_id=177 len=10520 buf_size=1495040 offset=83840 data_num=1 flag=0x00000000 pts=1233
valloc packet buffer: mpi_buf_id=177 dma_buf_fd=11 size=0
H264 first bytes: 00 00 00 01 41 e0 01 00 02 06 3c 6e 6f c7 67 e9
encode_release_packet ret=0
MP4 frame 1234/1500: sequence=1238 pts=49320000 us key=0 nv12=4478976 h264=10520 acquire=13.069 ms encode=26.858 ms mux=0.147 ms
start encode NV12 with RV1106 vendor packet ABI, frame=1234
encode_put_frame ret=0
encode_get_packet ret=0 handle=0xaead1930 expected=0xaead1930
vendor packet: mpi_buf_id=177 len=13198 buf_size=1495040 offset=94464 data_num=1 flag=0x00000000 pts=1234
valloc packet buffer: mpi_buf_id=177 dma_buf_fd=11 size=0
H264 first bytes: 00 00 00 01 41 e0 01 20 02 46 1f 19 51 5a db 59
encode_release_packet ret=0
MP4 frame 1235/1500: sequence=1239 pts=49360000 us key=0 nv12=4478976 h264=13198 acquire=12.495 ms encode=26.308 ms mux=0.188 ms
start encode NV12 with RV1106 vendor packet ABI, frame=1235
encode_put_frame ret=0
encode_get_packet ret=0 handle=0xaead1930 expected=0xaead1930
vendor packet: mpi_buf_id=177 len=12993 buf_size=1495040 offset=107776 data_num=1 flag=0x00000000 pts=1235
valloc packet buffer: mpi_buf_id=177 dma_buf_fd=11 size=0
H264 first bytes: 00 00 00 01 41 e0 01 40 02 86 1f 26 79 f3 c7 e3
encode_release_packet ret=0
MP4 frame 1236/1500: sequence=1240 pts=49400000 us key=0 nv12=4478976 h264=12993 acquire=13.020 ms encode=26.922 ms mux=0.182 ms
start encode NV12 with RV1106 vendor packet ABI, frame=1236
encode_put_frame ret=0
encode_get_packet ret=0 handle=0xaead1930 expected=0xaead1930
vendor packet: mpi_buf_id=177 len=13193 buf_size=1495040 offset=120832 data_num=1 flag=0x00000000 pts=1236
valloc packet buffer: mpi_buf_id=177 dma_buf_fd=11 size=0
H264 first bytes: 00 00 00 01 41 e0 01 60 02 c6 1f 11 ab 91 4f 70
encode_release_packet ret=0
MP4 frame 1237/1500: sequence=1241 pts=49440000 us key=0 nv12=4478976 h264=13193 acquire=12.423 ms encode=26.358 ms mux=0.182 ms
start encode NV12 with RV1106 vendor packet ABI, frame=1237
encode_put_frame ret=0
encode_get_packet ret=0 handle=0xaead1930 expected=0xaead1930
vendor packet: mpi_buf_id=177 len=12800 buf_size=1495040 offset=134144 data_num=1 flag=0x00000000 pts=1237
valloc packet buffer: mpi_buf_id=177 dma_buf_fd=11 size=0
H264 first bytes: 00 00 00 01 41 e0 01 80 03 06 1f 08 4e 61 82 58
encode_release_packet ret=0
MP4 frame 1238/1500: sequence=1242 pts=49480000 us key=0 nv12=4478976 h264=12800 acquire=12.963 ms encode=26.883 ms mux=0.173 ms
start encode NV12 with RV1106 vendor packet ABI, frame=1238
encode_put_frame ret=0
encode_get_packet ret=0 handle=0xaead1930 expected=0xaead1930
vendor packet: mpi_buf_id=177 len=12384 buf_size=1495040 offset=146944 data_num=1 flag=0x00000000 pts=1238
valloc packet buffer: mpi_buf_id=177 dma_buf_fd=11 size=0
H264 first bytes: 00 00 00 01 41 e0 01 a0 03 46 1f 35 6a 14 1b 17
encode_release_packet ret=0
MP4 frame 1239/1500: sequence=1243 pts=49520000 us key=0 nv12=4478976 h264=12384 acquire=12.348 ms encode=26.263 ms mux=0.173 ms
start encode NV12 with RV1106 vendor packet ABI, frame=1239
encode_put_frame ret=0
encode_get_packet ret=0 handle=0xaead1930 expected=0xaead1930
vendor packet: mpi_buf_id=177 len=12453 buf_size=1495040 offset=159360 data_num=1 flag=0x00000000 pts=1239
valloc packet buffer: mpi_buf_id=177 dma_buf_fd=11 size=0
H264 first bytes: 00 00 00 01 41 e0 01 c0 03 86 1f 26 a0 92 b0 dd
encode_release_packet ret=0
MP4 frame 1240/1500: sequence=1244 pts=49560000 us key=0 nv12=4478976 h264=12453 acquire=13.042 ms encode=26.995 ms mux=0.172 ms
start encode NV12 with RV1106 vendor packet ABI, frame=1240
encode_put_frame ret=0
encode_get_packet ret=0 handle=0xaead1930 expected=0xaead1930
vendor packet: mpi_buf_id=177 len=12505 buf_size=1495040 offset=171904 data_num=1 flag=0x00000000 pts=1240
valloc packet buffer: mpi_buf_id=177 dma_buf_fd=11 size=0
H264 first bytes: 00 00 00 01 41 e0 01 e0 03 c6 1f 2d 60 26 6c 38
encode_release_packet ret=0
MP4 frame 1241/1500: sequence=1245 pts=49600000 us key=0 nv12=4478976 h264=12505 acquire=12.479 ms encode=26.298 ms mux=0.172 ms
start encode NV12 with RV1106 vendor packet ABI, frame=1241
encode_put_frame ret=0
encode_get_packet ret=0 handle=0xaead1930 expected=0xaead1930
vendor packet: mpi_buf_id=177 len=12635 buf_size=1495040 offset=184448 data_num=1 flag=0x00000000 pts=1241
valloc packet buffer: mpi_buf_id=177 dma_buf_fd=11 size=0
H264 first bytes: 00 00 00 01 41 e0 02 00 04 06 1f 0b 45 c7 09 ef
encode_release_packet ret=0
MP4 frame 1242/1500: sequence=1246 pts=49640000 us key=0 nv12=4478976 h264=12635 acquire=12.902 ms encode=26.934 ms mux=0.179 ms
start encode NV12 with RV1106 vendor packet ABI, frame=1242
encode_put_frame ret=0
encode_get_packet ret=0 handle=0xaead1930 expected=0xaead1930
vendor packet: mpi_buf_id=177 len=12292 buf_size=1495040 offset=197120 data_num=1 flag=0x00000000 pts=1242
valloc packet buffer: mpi_buf_id=177 dma_buf_fd=11 size=0
H264 first bytes: 00 00 00 01 41 e0 02 20 04 46 1f 1f 49 89 81 db
encode_release_packet ret=0
MP4 frame 1243/1500: sequence=1247 pts=49680000 us key=0 nv12=4478976 h264=12292 acquire=12.552 ms encode=26.337 ms mux=0.176 ms
start encode NV12 with RV1106 vendor packet ABI, frame=1243
encode_put_frame ret=0
encode_get_packet ret=0 handle=0xaead1930 expected=0xaead1930
vendor packet: mpi_buf_id=177 len=12955 buf_size=1495040 offset=209536 data_num=1 flag=0x00000000 pts=1243
valloc packet buffer: mpi_buf_id=177 dma_buf_fd=11 size=0
H264 first bytes: 00 00 00 01 41 e0 02 40 04 86 1f 02 3c a2 60 f2
encode_release_packet ret=0
MP4 frame 1244/1500: sequence=1248 pts=49720000 us key=0 nv12=4478976 h264=12955 acquire=12.845 ms encode=26.909 ms mux=0.176 ms
start encode NV12 with RV1106 vendor packet ABI, frame=1244
encode_put_frame ret=0
encode_get_packet ret=0 handle=0xaead1930 expected=0xaead1930
vendor packet: mpi_buf_id=177 len=12716 buf_size=1495040 offset=222592 data_num=1 flag=0x00000000 pts=1244
valloc packet buffer: mpi_buf_id=177 dma_buf_fd=11 size=0
H264 first bytes: 00 00 00 01 41 e0 02 60 04 c6 1f 2e e2 a1 34 20
encode_release_packet ret=0
MP4 frame 1245/1500: sequence=1249 pts=49760000 us key=0 nv12=4478976 h264=12716 acquire=12.432 ms encode=26.285 ms mux=0.175 ms
start encode NV12 with RV1106 vendor packet ABI, frame=1245
encode_put_frame ret=0
encode_get_packet ret=0 handle=0xaead1930 expected=0xaead1930
vendor packet: mpi_buf_id=177 len=12706 buf_size=1495040 offset=235392 data_num=1 flag=0x00000000 pts=1245
valloc packet buffer: mpi_buf_id=177 dma_buf_fd=11 size=0
H264 first bytes: 00 00 00 01 41 e0 02 80 05 06 1f 1f 1d 0a 09 af
encode_release_packet ret=0
MP4 frame 1246/1500: sequence=1250 pts=49800000 us key=0 nv12=4478976 h264=12706 acquire=13.045 ms encode=27.026 ms mux=0.180 ms
start encode NV12 with RV1106 vendor packet ABI, frame=1246
encode_put_frame ret=0
encode_get_packet ret=0 handle=0xaead1930 expected=0xaead1930
vendor packet: mpi_buf_id=177 len=12179 buf_size=1495040 offset=248192 data_num=1 flag=0x00000000 pts=1246
valloc packet buffer: mpi_buf_id=177 dma_buf_fd=11 size=0
H264 first bytes: 00 00 00 01 41 e0 02 a0 05 46 1f 0b 51 c6 09 df
encode_release_packet ret=0
MP4 frame 1247/1500: sequence=1251 pts=49840000 us key=0 nv12=4478976 h264=12179 acquire=12.320 ms encode=26.309 ms mux=1.012 ms
start encode NV12 with RV1106 vendor packet ABI, frame=1247
encode_put_frame ret=0
encode_get_packet ret=0 handle=0xaead1930 expected=0xaead1930
vendor packet: mpi_buf_id=177 len=12156 buf_size=1495040 offset=260480 data_num=1 flag=0x00000000 pts=1247
valloc packet buffer: mpi_buf_id=177 dma_buf_fd=11 size=0
H264 first bytes: 00 00 00 01 41 e0 02 c0 05 86 1f 01 73 36 10 b6
encode_release_packet ret=0
MP4 frame 1248/1500: sequence=1252 pts=49880000 us key=0 nv12=4478976 h264=12156 acquire=12.155 ms encode=27.025 ms mux=0.167 ms
start encode NV12 with RV1106 vendor packet ABI, frame=1248
encode_put_frame ret=0
encode_get_packet ret=0 handle=0xaead1930 expected=0xaead1930
vendor packet: mpi_buf_id=177 len=12746 buf_size=1495040 offset=272640 data_num=1 flag=0x00000000 pts=1248
valloc packet buffer: mpi_buf_id=177 dma_buf_fd=11 size=0
H264 first bytes: 00 00 00 01 41 e0 02 e0 05 c6 0b c2 52 47 89 2b
encode_release_packet ret=0
MP4 frame 1249/1500: sequence=1253 pts=49920000 us key=0 nv12=4478976 h264=12746 acquire=12.327 ms encode=26.205 ms mux=0.178 ms
start encode NV12 with RV1106 vendor packet ABI, frame=1249
encode_put_frame ret=0
encode_get_packet ret=0 handle=0xaead1930 expected=0xaead1930
vendor packet: mpi_buf_id=177 len=13094 buf_size=1495040 offset=285440 data_num=1 flag=0x00000000 pts=1249
valloc packet buffer: mpi_buf_id=177 dma_buf_fd=11 size=0
H264 first bytes: 00 00 00 01 41 e0 03 00 06 06 0b c5 ce 68 9c c1
encode_release_packet ret=0
MP4 frame 1250/1500: sequence=1254 pts=49960000 us key=0 nv12=4478976 h264=13094 acquire=13.132 ms encode=26.892 ms mux=0.178 ms
start encode NV12 with RV1106 vendor packet ABI, frame=1250
encode_put_frame ret=0
encode_get_packet ret=0 handle=0xaead1930 expected=0xaead1930
vendor packet: mpi_buf_id=177 len=189747 buf_size=1495040 offset=298624 data_num=1 flag=0x00000010 pts=1250
valloc packet buffer: mpi_buf_id=177 dma_buf_fd=11 size=0
H264 first bytes: 00 00 00 01 65 b8 00 03 00 00 04 f0 a4 48 48 40
encode_release_packet ret=0
MP4 frame 1251/1500: sequence=1255 pts=50000000 us key=1 nv12=4478976 h264=189747 acquire=12.432 ms encode=26.294 ms mux=3.124 ms
start encode NV12 with RV1106 vendor packet ABI, frame=1251
encode_put_frame ret=0
encode_get_packet ret=0 handle=0xaead1930 expected=0xaead1930
vendor packet: mpi_buf_id=177 len=12838 buf_size=1495040 offset=488448 data_num=1 flag=0x00000000 pts=1251
valloc packet buffer: mpi_buf_id=177 dma_buf_fd=11 size=0
H264 first bytes: 00 00 00 01 41 e0 00 20 00 46 0b d5 48 24 8c f8
encode_release_packet ret=0
MP4 frame 1252/1500: sequence=1256 pts=50040000 us key=0 nv12=4478976 h264=12838 acquire=10.082 ms encode=27.213 ms mux=0.181 ms
start encode NV12 with RV1106 vendor packet ABI, frame=1252
encode_put_frame ret=0
encode_get_packet ret=0 handle=0xaead1930 expected=0xaead1930
vendor packet: mpi_buf_id=177 len=13260 buf_size=1495040 offset=501376 data_num=1 flag=0x00000000 pts=1252
valloc packet buffer: mpi_buf_id=177 dma_buf_fd=11 size=0
H264 first bytes: 00 00 00 01 41 e0 00 40 00 86 0b c7 ca 61 82 67
encode_release_packet ret=0
MP4 frame 1253/1500: sequence=1257 pts=50080000 us key=0 nv12=4478976 h264=13260 acquire=12.104 ms encode=26.316 ms mux=0.185 ms
start encode NV12 with RV1106 vendor packet ABI, frame=1253
encode_put_frame ret=0
encode_get_packet ret=0 handle=0xaead1930 expected=0xaead1930
vendor packet: mpi_buf_id=177 len=13334 buf_size=1495040 offset=514688 data_num=1 flag=0x00000000 pts=1253
valloc packet buffer: mpi_buf_id=177 dma_buf_fd=11 size=0
H264 first bytes: 00 00 00 01 41 e0 00 60 00 c6 0b cf 4c 75 09 21
encode_release_packet ret=0
MP4 frame 1254/1500: sequence=1258 pts=50120000 us key=0 nv12=4478976 h264=13334 acquire=13.031 ms encode=26.989 ms mux=0.184 ms
start encode NV12 with RV1106 vendor packet ABI, frame=1254
encode_put_frame ret=0
encode_get_packet ret=0 handle=0xaead1930 expected=0xaead1930
vendor packet: mpi_buf_id=177 len=13072 buf_size=1495040 offset=528128 data_num=1 flag=0x00000000 pts=1254
valloc packet buffer: mpi_buf_id=177 dma_buf_fd=11 size=0
H264 first bytes: 00 00 00 01 41 e0 00 80 01 06 1f d2 84 63 d9 44
encode_release_packet ret=0
MP4 frame 1255/1500: sequence=1259 pts=50160000 us key=0 nv12=4478976 h264=13072 acquire=12.329 ms encode=26.496 ms mux=0.188 ms
start encode NV12 with RV1106 vendor packet ABI, frame=1255
encode_put_frame ret=0
encode_get_packet ret=0 handle=0xaead1930 expected=0xaead1930
vendor packet: mpi_buf_id=177 len=13373 buf_size=1495040 offset=541312 data_num=1 flag=0x00000000 pts=1255
valloc packet buffer: mpi_buf_id=177 dma_buf_fd=11 size=0
H264 first bytes: 00 00 00 01 41 e0 00 a0 01 46 1f 53 e6 a6 ca 15
encode_release_packet ret=0
MP4 frame 1256/1500: sequence=1260 pts=50200000 us key=0 nv12=4478976 h264=13373 acquire=12.812 ms encode=26.941 ms mux=0.187 ms
start encode NV12 with RV1106 vendor packet ABI, frame=1256
encode_put_frame ret=0
encode_get_packet ret=0 handle=0xaead1930 expected=0xaead1930
vendor packet: mpi_buf_id=177 len=12494 buf_size=1495040 offset=554752 data_num=1 flag=0x00000000 pts=1256
valloc packet buffer: mpi_buf_id=177 dma_buf_fd=11 size=0
H264 first bytes: 00 00 00 01 41 e0 00 c0 01 86 1f 11 49 95 3b c2
encode_release_packet ret=0
MP4 frame 1257/1500: sequence=1261 pts=50240000 us key=0 nv12=4478976 h264=12494 acquire=12.389 ms encode=26.282 ms mux=0.171 ms
start encode NV12 with RV1106 vendor packet ABI, frame=1257
encode_put_frame ret=0
encode_get_packet ret=0 handle=0xaead1930 expected=0xaead1930
vendor packet: mpi_buf_id=177 len=12622 buf_size=1495040 offset=567296 data_num=1 flag=0x00000000 pts=1257
valloc packet buffer: mpi_buf_id=177 dma_buf_fd=11 size=0
H264 first bytes: 00 00 00 01 41 e0 00 e0 01 c6 1f 17 4a 2a 3e 3c
encode_release_packet ret=0
MP4 frame 1258/1500: sequence=1262 pts=50280000 us key=0 nv12=4478976 h264=12622 acquire=13.068 ms encode=26.880 ms mux=0.184 ms
start encode NV12 with RV1106 vendor packet ABI, frame=1258
encode_put_frame ret=0
encode_get_packet ret=0 handle=0xaead1930 expected=0xaead1930
vendor packet: mpi_buf_id=177 len=13334 buf_size=1495040 offset=579968 data_num=1 flag=0x00000000 pts=1258
valloc packet buffer: mpi_buf_id=177 dma_buf_fd=11 size=0
H264 first bytes: 00 00 00 01 41 e0 01 00 02 06 1f 19 a3 65 f6 84
encode_release_packet ret=0
MP4 frame 1259/1500: sequence=1263 pts=50320000 us key=0 nv12=4478976 h264=13334 acquire=12.429 ms encode=26.456 ms mux=0.183 ms
start encode NV12 with RV1106 vendor packet ABI, frame=1259
encode_put_frame ret=0
encode_get_packet ret=0 handle=0xaead1930 expected=0xaead1930
vendor packet: mpi_buf_id=177 len=12932 buf_size=1495040 offset=593408 data_num=1 flag=0x00000000 pts=1259
valloc packet buffer: mpi_buf_id=177 dma_buf_fd=11 size=0
H264 first bytes: 00 00 00 01 41 e0 01 20 02 46 1f 05 30 a9 87 89
encode_release_packet ret=0
MP4 frame 1260/1500: sequence=1264 pts=50360000 us key=0 nv12=4478976 h264=12932 acquire=12.871 ms encode=26.918 ms mux=0.181 ms
start encode NV12 with RV1106 vendor packet ABI, frame=1260
encode_put_frame ret=0
encode_get_packet ret=0 handle=0xaead1930 expected=0xaead1930
vendor packet: mpi_buf_id=177 len=12641 buf_size=1495040 offset=606464 data_num=1 flag=0x00000000 pts=1260
valloc packet buffer: mpi_buf_id=177 dma_buf_fd=11 size=0
H264 first bytes: 00 00 00 01 41 e0 01 40 02 86 1f 11 1e a3 70 d8
encode_release_packet ret=0
MP4 frame 1261/1500: sequence=1265 pts=50400000 us key=0 nv12=4478976 h264=12641 acquire=12.409 ms encode=26.292 ms mux=0.177 ms
start encode NV12 with RV1106 vendor packet ABI, frame=1261
encode_put_frame ret=0
encode_get_packet ret=0 handle=0xaead1930 expected=0xaead1930
vendor packet: mpi_buf_id=177 len=12316 buf_size=1495040 offset=619136 data_num=1 flag=0x00000000 pts=1261
valloc packet buffer: mpi_buf_id=177 dma_buf_fd=11 size=0
H264 first bytes: 00 00 00 01 41 e0 01 60 02 c6 1f 0c c2 6c 85 a1
encode_release_packet ret=0
MP4 frame 1262/1500: sequence=1266 pts=50440000 us key=0 nv12=4478976 h264=12316 acquire=12.919 ms encode=26.896 ms mux=0.171 ms
start encode NV12 with RV1106 vendor packet ABI, frame=1262
encode_put_frame ret=0
encode_get_packet ret=0 handle=0xaead1930 expected=0xaead1930
vendor packet: mpi_buf_id=177 len=12368 buf_size=1495040 offset=631552 data_num=1 flag=0x00000000 pts=1262
valloc packet buffer: mpi_buf_id=177 dma_buf_fd=11 size=0
H264 first bytes: 00 00 00 01 41 e0 01 80 03 06 1f 02 e5 a9 2c d3
encode_release_packet ret=0
MP4 frame 1263/1500: sequence=1267 pts=50480000 us key=0 nv12=4478976 h264=12368 acquire=12.453 ms encode=26.269 ms mux=0.171 ms
start encode NV12 with RV1106 vendor packet ABI, frame=1263
encode_put_frame ret=0
encode_get_packet ret=0 handle=0xaead1930 expected=0xaead1930
vendor packet: mpi_buf_id=177 len=12942 buf_size=1495040 offset=643968 data_num=1 flag=0x00000000 pts=1263
valloc packet buffer: mpi_buf_id=177 dma_buf_fd=11 size=0
H264 first bytes: 00 00 00 01 41 e0 01 a0 03 46 1f 0d 66 31 77 82
encode_release_packet ret=0
MP4 frame 1264/1500: sequence=1268 pts=50520000 us key=0 nv12=4478976 h264=12942 acquire=13.070 ms encode=26.990 ms mux=0.181 ms
start encode NV12 with RV1106 vendor packet ABI, frame=1264
encode_put_frame ret=0
encode_get_packet ret=0 handle=0xaead1930 expected=0xaead1930
vendor packet: mpi_buf_id=177 len=12040 buf_size=1495040 offset=657024 data_num=1 flag=0x00000000 pts=1264
valloc packet buffer: mpi_buf_id=177 dma_buf_fd=11 size=0
H264 first bytes: 00 00 00 01 41 e0 01 c0 03 86 1f 03 0c d8 37 9a
encode_release_packet ret=0
MP4 frame 1265/1500: sequence=1269 pts=50560000 us key=0 nv12=4478976 h264=12040 acquire=12.337 ms encode=26.308 ms mux=0.169 ms
start encode NV12 with RV1106 vendor packet ABI, frame=1265
encode_put_frame ret=0
encode_get_packet ret=0 handle=0xaead1930 expected=0xaead1930
vendor packet: mpi_buf_id=177 len=12941 buf_size=1495040 offset=669184 data_num=1 flag=0x00000000 pts=1265
valloc packet buffer: mpi_buf_id=177 dma_buf_fd=11 size=0
H264 first bytes: 00 00 00 01 41 e0 01 e0 03 c6 0b c2 73 9c 60 91
encode_release_packet ret=0
MP4 frame 1266/1500: sequence=1270 pts=50600000 us key=0 nv12=4478976 h264=12941 acquire=13.030 ms encode=26.943 ms mux=0.187 ms
start encode NV12 with RV1106 vendor packet ABI, frame=1266
encode_put_frame ret=0
encode_get_packet ret=0 handle=0xaead1930 expected=0xaead1930
vendor packet: mpi_buf_id=177 len=13168 buf_size=1495040 offset=682240 data_num=1 flag=0x00000000 pts=1266
valloc packet buffer: mpi_buf_id=177 dma_buf_fd=11 size=0
H264 first bytes: 00 00 00 01 41 e0 02 00 04 06 0b c7 d9 82 82 47
encode_release_packet ret=0
MP4 frame 1267/1500: sequence=1271 pts=50640000 us key=0 nv12=4478976 h264=13168 acquire=12.397 ms encode=26.298 ms mux=0.185 ms
start encode NV12 with RV1106 vendor packet ABI, frame=1267
encode_put_frame ret=0
encode_get_packet ret=0 handle=0xaead1930 expected=0xaead1930
vendor packet: mpi_buf_id=177 len=12977 buf_size=1495040 offset=695424 data_num=1 flag=0x00000000 pts=1267
valloc packet buffer: mpi_buf_id=177 dma_buf_fd=11 size=0
H264 first bytes: 00 00 00 01 41 e0 02 20 04 46 0b c7 db 0a 09 d4
encode_release_packet ret=0
MP4 frame 1268/1500: sequence=1272 pts=50680000 us key=0 nv12=4478976 h264=12977 acquire=13.036 ms encode=26.924 ms mux=0.176 ms
start encode NV12 with RV1106 vendor packet ABI, frame=1268
encode_put_frame ret=0
encode_get_packet ret=0 handle=0xaead1930 expected=0xaead1930
vendor packet: mpi_buf_id=177 len=14020 buf_size=1495040 offset=708480 data_num=1 flag=0x00000000 pts=1268
valloc packet buffer: mpi_buf_id=177 dma_buf_fd=11 size=0
H264 first bytes: 00 00 00 01 41 e0 02 40 04 86 0b c9 a8 46 78 c1
encode_release_packet ret=0
MP4 frame 1269/1500: sequence=1273 pts=50720000 us key=0 nv12=4478976 h264=14020 acquire=12.391 ms encode=26.456 ms mux=0.192 ms
start encode NV12 with RV1106 vendor packet ABI, frame=1269
encode_put_frame ret=0
encode_get_packet ret=0 handle=0xaead1930 expected=0xaead1930
vendor packet: mpi_buf_id=177 len=13156 buf_size=1495040 offset=722560 data_num=1 flag=0x00000000 pts=1269
valloc packet buffer: mpi_buf_id=177 dma_buf_fd=11 size=0
H264 first bytes: 00 00 00 01 41 e0 02 60 04 c6 0b c7 d8 60 60 93
encode_release_packet ret=0
MP4 frame 1270/1500: sequence=1274 pts=50760000 us key=0 nv12=4478976 h264=13156 acquire=12.896 ms encode=26.978 ms mux=0.184 ms
start encode NV12 with RV1106 vendor packet ABI, frame=1270
encode_put_frame ret=0
encode_get_packet ret=0 handle=0xaead1930 expected=0xaead1930
vendor packet: mpi_buf_id=177 len=13407 buf_size=1495040 offset=735744 data_num=1 flag=0x00000000 pts=1270
valloc packet buffer: mpi_buf_id=177 dma_buf_fd=11 size=0
H264 first bytes: 00 00 00 01 41 e0 02 80 05 06 0b c2 10 b9 c2 22
encode_release_packet ret=0
MP4 frame 1271/1500: sequence=1275 pts=50800000 us key=0 nv12=4478976 h264=13407 acquire=12.326 ms encode=26.423 ms mux=0.188 ms
start encode NV12 with RV1106 vendor packet ABI, frame=1271
encode_put_frame ret=0
encode_get_packet ret=0 handle=0xaead1930 expected=0xaead1930
vendor packet: mpi_buf_id=177 len=13336 buf_size=1495040 offset=749184 data_num=1 flag=0x00000000 pts=1271
valloc packet buffer: mpi_buf_id=177 dma_buf_fd=11 size=0
H264 first bytes: 00 00 00 01 41 e0 02 a0 05 46 0b c7 d1 46 09 76
encode_release_packet ret=0
MP4 frame 1272/1500: sequence=1276 pts=50840000 us key=0 nv12=4478976 h264=13336 acquire=12.899 ms encode=26.947 ms mux=1.084 ms
start encode NV12 with RV1106 vendor packet ABI, frame=1272
encode_put_frame ret=0
encode_get_packet ret=0 handle=0xaead1930 expected=0xaead1930
vendor packet: mpi_buf_id=177 len=13128 buf_size=1495040 offset=762624 data_num=1 flag=0x00000000 pts=1272
valloc packet buffer: mpi_buf_id=177 dma_buf_fd=11 size=0
H264 first bytes: 00 00 00 01 41 e0 02 c0 05 86 0b c7 dc 60 96 d0
encode_release_packet ret=0
MP4 frame 1273/1500: sequence=1277 pts=50880000 us key=0 nv12=4478976 h264=13128 acquire=11.479 ms encode=26.425 ms mux=0.176 ms
start encode NV12 with RV1106 vendor packet ABI, frame=1273
encode_put_frame ret=0
encode_get_packet ret=0 handle=0xaead1930 expected=0xaead1930
vendor packet: mpi_buf_id=177 len=12865 buf_size=1495040 offset=775808 data_num=1 flag=0x00000000 pts=1273
valloc packet buffer: mpi_buf_id=177 dma_buf_fd=11 size=0
H264 first bytes: 00 00 00 01 41 e0 02 e0 05 c6 0b c7 d1 c6 09 db
encode_release_packet ret=0
MP4 frame 1274/1500: sequence=1278 pts=50920000 us key=0 nv12=4478976 h264=12865 acquire=12.887 ms encode=26.841 ms mux=0.182 ms
start encode NV12 with RV1106 vendor packet ABI, frame=1274
encode_put_frame ret=0
encode_get_packet ret=0 handle=0xaead1930 expected=0xaead1930
vendor packet: mpi_buf_id=177 len=12786 buf_size=1495040 offset=788736 data_num=1 flag=0x00000000 pts=1274
valloc packet buffer: mpi_buf_id=177 dma_buf_fd=11 size=0
H264 first bytes: 00 00 00 01 41 e0 03 00 06 06 1f 06 d2 92 06 ae
encode_release_packet ret=0
MP4 frame 1275/1500: sequence=1279 pts=50960000 us key=0 nv12=4478976 h264=12786 acquire=12.499 ms encode=26.255 ms mux=0.175 ms
start encode NV12 with RV1106 vendor packet ABI, frame=1275
encode_put_frame ret=0
encode_get_packet ret=0 handle=0xaead1930 expected=0xaead1930
vendor packet: mpi_buf_id=177 len=188902 buf_size=1495040 offset=801536 data_num=1 flag=0x00000010 pts=1275
valloc packet buffer: mpi_buf_id=177 dma_buf_fd=11 size=0
H264 first bytes: 00 00 00 01 65 b8 00 01 00 00 03 01 3c 29 12 09
encode_release_packet ret=0
MP4 frame 1276/1500: sequence=1280 pts=51000000 us key=1 nv12=4478976 h264=188902 acquire=13.080 ms encode=26.867 ms mux=3.139 ms
start encode NV12 with RV1106 vendor packet ABI, frame=1276
encode_put_frame ret=0
encode_get_packet ret=0 handle=0xaead1930 expected=0xaead1930
vendor packet: mpi_buf_id=177 len=13376 buf_size=1495040 offset=990464 data_num=1 flag=0x00000000 pts=1276
valloc packet buffer: mpi_buf_id=177 dma_buf_fd=11 size=0
H264 first bytes: 00 00 00 01 41 e0 00 20 00 46 1f 1f 41 20 80 9d
encode_release_packet ret=0
MP4 frame 1277/1500: sequence=1281 pts=51040000 us key=0 nv12=4478976 h264=13376 acquire=9.476 ms encode=26.436 ms mux=0.185 ms
start encode NV12 with RV1106 vendor packet ABI, frame=1277
encode_put_frame ret=0
encode_get_packet ret=0 handle=0xaead1930 expected=0xaead1930
vendor packet: mpi_buf_id=177 len=13247 buf_size=1495040 offset=1003904 data_num=1 flag=0x00000000 pts=1277
valloc packet buffer: mpi_buf_id=177 dma_buf_fd=11 size=0
H264 first bytes: 00 00 00 01 41 e0 00 40 00 86 1f 3e 89 db 51 f1
encode_release_packet ret=0
MP4 frame 1278/1500: sequence=1282 pts=51080000 us key=0 nv12=4478976 h264=13247 acquire=12.895 ms encode=26.909 ms mux=0.179 ms
start encode NV12 with RV1106 vendor packet ABI, frame=1278
encode_put_frame ret=0
encode_get_packet ret=0 handle=0xaead1930 expected=0xaead1930
vendor packet: mpi_buf_id=177 len=13952 buf_size=1495040 offset=1017216 data_num=1 flag=0x00000000 pts=1278
valloc packet buffer: mpi_buf_id=177 dma_buf_fd=11 size=0
H264 first bytes: 00 00 00 01 41 e0 00 60 00 c6 1f 2d 67 e2 bc 1d
encode_release_packet ret=0
MP4 frame 1279/1500: sequence=1283 pts=51120000 us key=0 nv12=4478976 h264=13952 acquire=12.425 ms encode=26.318 ms mux=0.186 ms
start encode NV12 with RV1106 vendor packet ABI, frame=1279
encode_put_frame ret=0
encode_get_packet ret=0 handle=0xaead1930 expected=0xaead1930
vendor packet: mpi_buf_id=177 len=13285 buf_size=1495040 offset=1031168 data_num=1 flag=0x00000000 pts=1279
valloc packet buffer: mpi_buf_id=177 dma_buf_fd=11 size=0
H264 first bytes: 00 00 00 01 41 e0 00 80 01 06 1f 0b 51 c2 22 4f
encode_release_packet ret=0
MP4 frame 1280/1500: sequence=1284 pts=51160000 us key=0 nv12=4478976 h264=13285 acquire=13.007 ms encode=27.029 ms mux=0.178 ms
start encode NV12 with RV1106 vendor packet ABI, frame=1280
encode_put_frame ret=0
encode_get_packet ret=0 handle=0xaead1930 expected=0xaead1930
vendor packet: mpi_buf_id=177 len=12840 buf_size=1495040 offset=1044480 data_num=1 flag=0x00000000 pts=1280
valloc packet buffer: mpi_buf_id=177 dma_buf_fd=11 size=0
H264 first bytes: 00 00 00 01 41 e0 00 a0 01 46 1f 2d e3 38 c1 37
encode_release_packet ret=0
MP4 frame 1281/1500: sequence=1285 pts=51200000 us key=0 nv12=4478976 h264=12840 acquire=12.280 ms encode=26.323 ms mux=0.175 ms
start encode NV12 with RV1106 vendor packet ABI, frame=1281
encode_put_frame ret=0
encode_get_packet ret=0 handle=0xaead1930 expected=0xaead1930
vendor packet: mpi_buf_id=177 len=12804 buf_size=1495040 offset=1057408 data_num=1 flag=0x00000000 pts=1281
valloc packet buffer: mpi_buf_id=177 dma_buf_fd=11 size=0
H264 first bytes: 00 00 00 01 41 e0 00 c0 01 86 1f 0b 5a 18 25 26
encode_release_packet ret=0
MP4 frame 1282/1500: sequence=1286 pts=51240000 us key=0 nv12=4478976 h264=12804 acquire=13.008 ms encode=26.849 ms mux=0.175 ms
start encode NV12 with RV1106 vendor packet ABI, frame=1282
encode_put_frame ret=0
encode_get_packet ret=0 handle=0xaead1930 expected=0xaead1930
vendor packet: mpi_buf_id=177 len=13319 buf_size=1495040 offset=1070336 data_num=1 flag=0x00000000 pts=1282
valloc packet buffer: mpi_buf_id=177 dma_buf_fd=11 size=0
H264 first bytes: 00 00 00 01 41 e0 00 e0 01 c6 1f 17 46 8e 85 04
encode_release_packet ret=0
MP4 frame 1283/1500: sequence=1287 pts=51280000 us key=0 nv12=4478976 h264=13319 acquire=12.485 ms encode=26.217 ms mux=0.183 ms
start encode NV12 with RV1106 vendor packet ABI, frame=1283
encode_put_frame ret=0
encode_get_packet ret=0 handle=0xaead1930 expected=0xaead1930
vendor packet: mpi_buf_id=177 len=12614 buf_size=1495040 offset=1083776 data_num=1 flag=0x00000000 pts=1283
valloc packet buffer: mpi_buf_id=177 dma_buf_fd=11 size=0
H264 first bytes: 00 00 00 01 41 e0 01 00 02 06 1f 19 73 74 05 07
encode_release_packet ret=0
MP4 frame 1284/1500: sequence=1288 pts=51320000 us key=0 nv12=4478976 h264=12614 acquire=13.119 ms encode=26.863 ms mux=0.181 ms
start encode NV12 with RV1106 vendor packet ABI, frame=1284
encode_put_frame ret=0
encode_get_packet ret=0 handle=0xaead1930 expected=0xaead1930
vendor packet: mpi_buf_id=177 len=12663 buf_size=1495040 offset=1096448 data_num=1 flag=0x00000000 pts=1284
valloc packet buffer: mpi_buf_id=177 dma_buf_fd=11 size=0
H264 first bytes: 00 00 00 01 41 e0 01 20 02 46 1f 0f d6 0c 6d 42
encode_release_packet ret=0
MP4 frame 1285/1500: sequence=1289 pts=51360000 us key=0 nv12=4478976 h264=12663 acquire=12.461 ms encode=26.373 ms mux=0.176 ms
start encode NV12 with RV1106 vendor packet ABI, frame=1285
encode_put_frame ret=0
encode_get_packet ret=0 handle=0xaead1930 expected=0xaead1930
vendor packet: mpi_buf_id=177 len=12708 buf_size=1495040 offset=1109120 data_num=1 flag=0x00000000 pts=1285
valloc packet buffer: mpi_buf_id=177 dma_buf_fd=11 size=0
H264 first bytes: 00 00 00 01 41 e0 01 40 02 86 1f 13 a9 e1 20 c0
encode_release_packet ret=0
MP4 frame 1286/1500: sequence=1290 pts=51400000 us key=0 nv12=4478976 h264=12708 acquire=12.960 ms encode=26.856 ms mux=0.180 ms
start encode NV12 with RV1106 vendor packet ABI, frame=1286
encode_put_frame ret=0
encode_get_packet ret=0 handle=0xaead1930 expected=0xaead1930
vendor packet: mpi_buf_id=177 len=12058 buf_size=1495040 offset=1121920 data_num=1 flag=0x00000000 pts=1286
valloc packet buffer: mpi_buf_id=177 dma_buf_fd=11 size=0
H264 first bytes: 00 00 00 01 41 e0 01 60 02 c6 1f 15 d1 6f 09 de
encode_release_packet ret=0
MP4 frame 1287/1500: sequence=1291 pts=51440000 us key=0 nv12=4478976 h264=12058 acquire=12.480 ms encode=26.224 ms mux=0.171 ms
start encode NV12 with RV1106 vendor packet ABI, frame=1287
encode_put_frame ret=0
encode_get_packet ret=0 handle=0xaead1930 expected=0xaead1930
vendor packet: mpi_buf_id=177 len=12697 buf_size=1495040 offset=1134080 data_num=1 flag=0x00000000 pts=1287
valloc packet buffer: mpi_buf_id=177 dma_buf_fd=11 size=0
H264 first bytes: 00 00 00 01 41 e0 01 80 03 06 1f 03 9d 3b 93 26
encode_release_packet ret=0
MP4 frame 1288/1500: sequence=1292 pts=51480000 us key=0 nv12=4478976 h264=12697 acquire=13.114 ms encode=26.933 ms mux=0.174 ms
start encode NV12 with RV1106 vendor packet ABI, frame=1288
encode_put_frame ret=0
encode_get_packet ret=0 handle=0xaead1930 expected=0xaead1930
vendor packet: mpi_buf_id=177 len=13025 buf_size=1495040 offset=1146880 data_num=1 flag=0x00000000 pts=1288
valloc packet buffer: mpi_buf_id=177 dma_buf_fd=11 size=0
H264 first bytes: 00 00 00 01 41 e0 01 a0 03 46 1f 0c 47 a1 82 6a
encode_release_packet ret=0
MP4 frame 1289/1500: sequence=1293 pts=51520000 us key=0 nv12=4478976 h264=13025 acquire=12.394 ms encode=26.254 ms mux=0.188 ms
start encode NV12 with RV1106 vendor packet ABI, frame=1289
encode_put_frame ret=0
encode_get_packet ret=0 handle=0xaead1930 expected=0xaead1930
vendor packet: mpi_buf_id=177 len=12581 buf_size=1495040 offset=1159936 data_num=1 flag=0x00000000 pts=1289
valloc packet buffer: mpi_buf_id=177 dma_buf_fd=11 size=0
H264 first bytes: 00 00 00 01 41 e0 01 c0 03 86 1f 04 b9 a1 0a c1
encode_release_packet ret=0
MP4 frame 1290/1500: sequence=1294 pts=51560000 us key=0 nv12=4478976 h264=12581 acquire=13.080 ms encode=26.834 ms mux=0.172 ms
start encode NV12 with RV1106 vendor packet ABI, frame=1290
encode_put_frame ret=0
encode_get_packet ret=0 handle=0xaead1930 expected=0xaead1930
vendor packet: mpi_buf_id=177 len=12366 buf_size=1495040 offset=1172608 data_num=1 flag=0x00000000 pts=1290
valloc packet buffer: mpi_buf_id=177 dma_buf_fd=11 size=0
H264 first bytes: 00 00 00 01 41 e0 01 e0 03 c6 1f 19 c5 6c 55 c5
encode_release_packet ret=0
MP4 frame 1291/1500: sequence=1295 pts=51600000 us key=0 nv12=4478976 h264=12366 acquire=12.510 ms encode=26.233 ms mux=0.172 ms
start encode NV12 with RV1106 vendor packet ABI, frame=1291
encode_put_frame ret=0
encode_get_packet ret=0 handle=0xaead1930 expected=0xaead1930
vendor packet: mpi_buf_id=177 len=12507 buf_size=1495040 offset=1185024 data_num=1 flag=0x00000000 pts=1291
valloc packet buffer: mpi_buf_id=177 dma_buf_fd=11 size=0
H264 first bytes: 00 00 00 01 41 e0 02 00 04 06 1f 15 36 06 3b 1f
encode_release_packet ret=0
MP4 frame 1292/1500: sequence=1296 pts=51640000 us key=0 nv12=4478976 h264=12507 acquire=13.092 ms encode=26.907 ms mux=0.175 ms
start encode NV12 with RV1106 vendor packet ABI, frame=1292
encode_put_frame ret=0
encode_get_packet ret=0 handle=0xaead1930 expected=0xaead1930
vendor packet: mpi_buf_id=177 len=13215 buf_size=1495040 offset=1197568 data_num=1 flag=0x00000000 pts=1292
valloc packet buffer: mpi_buf_id=177 dma_buf_fd=11 size=0
H264 first bytes: 00 00 00 01 41 e0 02 20 04 46 1f 0b 4d 1e 26 d8
encode_release_packet ret=0
MP4 frame 1293/1500: sequence=1297 pts=51680000 us key=0 nv12=4478976 h264=13215 acquire=12.324 ms encode=26.166 ms mux=0.185 ms
start encode NV12 with RV1106 vendor packet ABI, frame=1293
encode_put_frame ret=0
encode_get_packet ret=0 handle=0xaead1930 expected=0xaead1930
vendor packet: mpi_buf_id=177 len=12972 buf_size=1495040 offset=1210880 data_num=1 flag=0x00000000 pts=1293
valloc packet buffer: mpi_buf_id=177 dma_buf_fd=11 size=0
H264 first bytes: 00 00 00 01 41 e0 02 40 04 86 1f 07 96 a0 c3 3c
encode_release_packet ret=0
MP4 frame 1294/1500: sequence=1298 pts=51720000 us key=0 nv12=4478976 h264=12972 acquire=13.163 ms encode=26.822 ms mux=0.177 ms
start encode NV12 with RV1106 vendor packet ABI, frame=1294
encode_put_frame ret=0
encode_get_packet ret=0 handle=0xaead1930 expected=0xaead1930
vendor packet: mpi_buf_id=177 len=13884 buf_size=1495040 offset=1223936 data_num=1 flag=0x00000000 pts=1294
valloc packet buffer: mpi_buf_id=177 dma_buf_fd=11 size=0
H264 first bytes: 00 00 00 01 41 e0 02 60 04 c6 0b c2 94 71 82 55
encode_release_packet ret=0
MP4 frame 1295/1500: sequence=1299 pts=51760000 us key=0 nv12=4478976 h264=13884 acquire=12.512 ms encode=26.204 ms mux=0.187 ms
start encode NV12 with RV1106 vendor packet ABI, frame=1295
encode_put_frame ret=0
encode_get_packet ret=0 handle=0xaead1930 expected=0xaead1930
vendor packet: mpi_buf_id=177 len=13068 buf_size=1495040 offset=1237888 data_num=1 flag=0x00000000 pts=1295
valloc packet buffer: mpi_buf_id=177 dma_buf_fd=11 size=0
H264 first bytes: 00 00 00 01 41 e0 02 80 05 06 1f 09 cd 1c 24 f0
encode_release_packet ret=0
MP4 frame 1296/1500: sequence=1300 pts=51800000 us key=0 nv12=4478976 h264=13068 acquire=13.119 ms encode=26.842 ms mux=0.178 ms
start encode NV12 with RV1106 vendor packet ABI, frame=1296
encode_put_frame ret=0
encode_get_packet ret=0 handle=0xaead1930 expected=0xaead1930
vendor packet: mpi_buf_id=177 len=12400 buf_size=1495040 offset=1251072 data_num=1 flag=0x00000000 pts=1296
valloc packet buffer: mpi_buf_id=177 dma_buf_fd=11 size=0
H264 first bytes: 00 00 00 01 41 e0 02 a0 05 46 1f 0b 4f 18 25 88
encode_release_packet ret=0
MP4 frame 1297/1500: sequence=1301 pts=51840000 us key=0 nv12=4478976 h264=12400 acquire=12.475 ms encode=26.235 ms mux=1.051 ms
start encode NV12 with RV1106 vendor packet ABI, frame=1297
encode_put_frame ret=0
encode_get_packet ret=0 handle=0xaead1930 expected=0xaead1930
vendor packet: mpi_buf_id=177 len=12926 buf_size=1495040 offset=1263488 data_num=1 flag=0x00000000 pts=1297
valloc packet buffer: mpi_buf_id=177 dma_buf_fd=11 size=0
H264 first bytes: 00 00 00 01 41 e0 02 c0 05 86 1f 09 43 b8 10 b5
encode_release_packet ret=0
MP4 frame 1298/1500: sequence=1302 pts=51880000 us key=0 nv12=4478976 h264=12926 acquire=12.232 ms encode=26.915 ms mux=0.181 ms
start encode NV12 with RV1106 vendor packet ABI, frame=1298
encode_put_frame ret=0
encode_get_packet ret=0 handle=0xaead1930 expected=0xaead1930
vendor packet: mpi_buf_id=177 len=12644 buf_size=1495040 offset=1276416 data_num=1 flag=0x00000000 pts=1298
valloc packet buffer: mpi_buf_id=177 dma_buf_fd=11 size=0
H264 first bytes: 00 00 00 01 41 e0 02 e0 05 c6 1f 05 d4 62 09 4a
encode_release_packet ret=0
MP4 frame 1299/1500: sequence=1303 pts=51920000 us key=0 nv12=4478976 h264=12644 acquire=12.401 ms encode=26.182 ms mux=0.176 ms
start encode NV12 with RV1106 vendor packet ABI, frame=1299
encode_put_frame ret=0
encode_get_packet ret=0 handle=0xaead1930 expected=0xaead1930
vendor packet: mpi_buf_id=177 len=12651 buf_size=1495040 offset=1289088 data_num=1 flag=0x00000000 pts=1299
valloc packet buffer: mpi_buf_id=177 dma_buf_fd=11 size=0
H264 first bytes: 00 00 00 01 41 e0 03 00 06 06 1f 0e 43 c1 58 57
encode_release_packet ret=0
MP4 frame 1300/1500: sequence=1304 pts=51960000 us key=0 nv12=4478976 h264=12651 acquire=13.155 ms encode=26.950 ms mux=0.174 ms
start encode NV12 with RV1106 vendor packet ABI, frame=1300
encode_put_frame ret=0
encode_get_packet ret=0 handle=0xaead1930 expected=0xaead1930
vendor packet: mpi_buf_id=177 len=189579 buf_size=1495040 offset=1301760 data_num=1 flag=0x00000010 pts=1300
valloc packet buffer: mpi_buf_id=177 dma_buf_fd=11 size=0
H264 first bytes: 00 00 00 01 65 b8 00 01 40 00 01 3c 29 12 09 28
encode_release_packet ret=0
MP4 frame 1301/1500: sequence=1305 pts=52000000 us key=1 nv12=4478976 h264=189579 acquire=12.375 ms encode=26.180 ms mux=3.265 ms
start encode NV12 with RV1106 vendor packet ABI, frame=1301
encode_put_frame ret=0
encode_get_packet ret=0 handle=0xaead1930 expected=0xaead1930
vendor packet: mpi_buf_id=177 len=13511 buf_size=1495040 offset=1491456 data_num=1 flag=0x00000000 pts=1301
valloc packet buffer: mpi_buf_id=177 dma_buf_fd=11 size=0
H264 first bytes: 00 00 00 01 41 e0 00 20 00 46 0b d4 e7 8d 9a 30
encode_release_packet ret=0
MP4 frame 1302/1500: sequence=1306 pts=52040000 us key=0 nv12=4478976 h264=13511 acquire=10.065 ms encode=26.856 ms mux=0.189 ms
start encode NV12 with RV1106 vendor packet ABI, frame=1302
encode_put_frame ret=0
encode_get_packet ret=0 handle=0xaead1930 expected=0xaead1930
vendor packet: mpi_buf_id=177 len=13555 buf_size=1495040 offset=9984 data_num=1 flag=0x00000000 pts=1302
valloc packet buffer: mpi_buf_id=177 dma_buf_fd=11 size=0
H264 first bytes: 00 00 00 01 41 e0 00 40 00 86 1f 19 48 7e bf 62
encode_release_packet ret=0
MP4 frame 1303/1500: sequence=1307 pts=52080000 us key=0 nv12=4478976 h264=13555 acquire=12.453 ms encode=26.302 ms mux=0.187 ms
start encode NV12 with RV1106 vendor packet ABI, frame=1303
encode_put_frame ret=0
encode_get_packet ret=0 handle=0xaead1930 expected=0xaead1930
vendor packet: mpi_buf_id=177 len=11535 buf_size=1495040 offset=23552 data_num=1 flag=0x00000000 pts=1303
valloc packet buffer: mpi_buf_id=177 dma_buf_fd=11 size=0
H264 first bytes: 00 00 00 01 41 e0 00 60 00 c6 3c 55 28 4e d4 64
encode_release_packet ret=0
MP4 frame 1304/1500: sequence=1308 pts=52120000 us key=0 nv12=4478976 h264=11535 acquire=13.022 ms encode=26.807 ms mux=0.163 ms
start encode NV12 with RV1106 vendor packet ABI, frame=1304
encode_put_frame ret=0
encode_get_packet ret=0 handle=0xaead1930 expected=0xaead1930
vendor packet: mpi_buf_id=177 len=13038 buf_size=1495040 offset=35200 data_num=1 flag=0x00000000 pts=1304
valloc packet buffer: mpi_buf_id=177 dma_buf_fd=11 size=0
H264 first bytes: 00 00 00 01 41 e0 00 80 01 06 1f 02 c6 69 68 92
encode_release_packet ret=0
MP4 frame 1305/1500: sequence=1309 pts=52160000 us key=0 nv12=4478976 h264=13038 acquire=12.542 ms encode=26.205 ms mux=0.179 ms
start encode NV12 with RV1106 vendor packet ABI, frame=1305
encode_put_frame ret=0
encode_get_packet ret=0 handle=0xaead1930 expected=0xaead1930
vendor packet: mpi_buf_id=177 len=13315 buf_size=1495040 offset=48256 data_num=1 flag=0x00000000 pts=1305
valloc packet buffer: mpi_buf_id=177 dma_buf_fd=11 size=0
H264 first bytes: 00 00 00 01 41 e0 00 a0 01 46 1f 13 a8 76 b7 39
encode_release_packet ret=0
MP4 frame 1306/1500: sequence=1310 pts=52200000 us key=0 nv12=4478976 h264=13315 acquire=13.123 ms encode=27.000 ms mux=0.186 ms
start encode NV12 with RV1106 vendor packet ABI, frame=1306
encode_put_frame ret=0
encode_get_packet ret=0 handle=0xaead1930 expected=0xaead1930
vendor packet: mpi_buf_id=177 len=13390 buf_size=1495040 offset=61696 data_num=1 flag=0x00000000 pts=1306
valloc packet buffer: mpi_buf_id=177 dma_buf_fd=11 size=0
H264 first bytes: 00 00 00 01 41 e0 00 c0 01 86 1f 73 64 b8 fa bf
encode_release_packet ret=0
MP4 frame 1307/1500: sequence=1311 pts=52240000 us key=0 nv12=4478976 h264=13390 acquire=12.371 ms encode=26.364 ms mux=0.184 ms
start encode NV12 with RV1106 vendor packet ABI, frame=1307
encode_put_frame ret=0
encode_get_packet ret=0 handle=0xaead1930 expected=0xaead1930
vendor packet: mpi_buf_id=177 len=12712 buf_size=1495040 offset=75136 data_num=1 flag=0x00000000 pts=1307
valloc packet buffer: mpi_buf_id=177 dma_buf_fd=11 size=0
H264 first bytes: 00 00 00 01 41 e0 00 e0 01 c6 1f 06 19 eb 82 11
encode_release_packet ret=0
MP4 frame 1308/1500: sequence=1312 pts=52280000 us key=0 nv12=4478976 h264=12712 acquire=12.917 ms encode=26.818 ms mux=0.173 ms
start encode NV12 with RV1106 vendor packet ABI, frame=1308
encode_put_frame ret=0
encode_get_packet ret=0 handle=0xaead1930 expected=0xaead1930
vendor packet: mpi_buf_id=177 len=13088 buf_size=1495040 offset=87936 data_num=1 flag=0x00000000 pts=1308
valloc packet buffer: mpi_buf_id=177 dma_buf_fd=11 size=0
H264 first bytes: 00 00 00 01 41 e0 01 00 02 06 1f 09 c7 c2 22 7a
encode_release_packet ret=0
MP4 frame 1309/1500: sequence=1313 pts=52320000 us key=0 nv12=4478976 h264=13088 acquire=12.529 ms encode=26.298 ms mux=0.183 ms
start encode NV12 with RV1106 vendor packet ABI, frame=1309
encode_put_frame ret=0
encode_get_packet ret=0 handle=0xaead1930 expected=0xaead1930
vendor packet: mpi_buf_id=177 len=12564 buf_size=1495040 offset=101120 data_num=1 flag=0x00000000 pts=1309
valloc packet buffer: mpi_buf_id=177 dma_buf_fd=11 size=0
H264 first bytes: 00 00 00 01 41 e0 01 20 02 46 1f 1f 21 86 09 3b
encode_release_packet ret=0
MP4 frame 1310/1500: sequence=1314 pts=52360000 us key=0 nv12=4478976 h264=12564 acquire=13.021 ms encode=26.871 ms mux=0.180 ms
start encode NV12 with RV1106 vendor packet ABI, frame=1310
encode_put_frame ret=0
encode_get_packet ret=0 handle=0xaead1930 expected=0xaead1930
vendor packet: mpi_buf_id=177 len=12452 buf_size=1495040 offset=113792 data_num=1 flag=0x00000000 pts=1310
valloc packet buffer: mpi_buf_id=177 dma_buf_fd=11 size=0
H264 first bytes: 00 00 00 01 41 e0 01 40 02 86 1f 03 06 78 26 cf
encode_release_packet ret=0
MP4 frame 1311/1500: sequence=1315 pts=52400000 us key=0 nv12=4478976 h264=12452 acquire=12.466 ms encode=26.243 ms mux=0.185 ms
start encode NV12 with RV1106 vendor packet ABI, frame=1311
encode_put_frame ret=0
encode_get_packet ret=0 handle=0xaead1930 expected=0xaead1930
vendor packet: mpi_buf_id=177 len=12618 buf_size=1495040 offset=126336 data_num=1 flag=0x00000000 pts=1311
valloc packet buffer: mpi_buf_id=177 dma_buf_fd=11 size=0
H264 first bytes: 00 00 00 01 41 e0 01 60 02 c6 1f 11 35 95 89 8b
encode_release_packet ret=0
MP4 frame 1312/1500: sequence=1316 pts=52440000 us key=0 nv12=4478976 h264=12618 acquire=13.082 ms encode=26.878 ms mux=0.180 ms
start encode NV12 with RV1106 vendor packet ABI, frame=1312
encode_put_frame ret=0
encode_get_packet ret=0 handle=0xaead1930 expected=0xaead1930
vendor packet: mpi_buf_id=177 len=12796 buf_size=1495040 offset=139008 data_num=1 flag=0x00000000 pts=1312
valloc packet buffer: mpi_buf_id=177 dma_buf_fd=11 size=0
H264 first bytes: 00 00 00 01 41 e0 01 80 03 06 1f 09 46 94 58 96
encode_release_packet ret=0
MP4 frame 1313/1500: sequence=1317 pts=52480000 us key=0 nv12=4478976 h264=12796 acquire=12.450 ms encode=26.210 ms mux=0.176 ms
start encode NV12 with RV1106 vendor packet ABI, frame=1313
encode_put_frame ret=0
encode_get_packet ret=0 handle=0xaead1930 expected=0xaead1930
vendor packet: mpi_buf_id=177 len=12365 buf_size=1495040 offset=151808 data_num=1 flag=0x00000000 pts=1313
valloc packet buffer: mpi_buf_id=177 dma_buf_fd=11 size=0
H264 first bytes: 00 00 00 01 41 e0 01 a0 03 46 1f 09 47 4c 27 77
encode_release_packet ret=0
MP4 frame 1314/1500: sequence=1318 pts=52520000 us key=0 nv12=4478976 h264=12365 acquire=13.133 ms encode=26.931 ms mux=0.168 ms
start encode NV12 with RV1106 vendor packet ABI, frame=1314
encode_put_frame ret=0
encode_get_packet ret=0 handle=0xaead1930 expected=0xaead1930
vendor packet: mpi_buf_id=177 len=11813 buf_size=1495040 offset=164224 data_num=1 flag=0x00000000 pts=1314
valloc packet buffer: mpi_buf_id=177 dma_buf_fd=11 size=0
H264 first bytes: 00 00 00 01 41 e0 01 c0 03 86 1f 08 c5 31 e2 76
encode_release_packet ret=0
MP4 frame 1315/1500: sequence=1319 pts=52560000 us key=0 nv12=4478976 h264=11813 acquire=12.414 ms encode=26.247 ms mux=0.165 ms
start encode NV12 with RV1106 vendor packet ABI, frame=1315
encode_put_frame ret=0
encode_get_packet ret=0 handle=0xaead1930 expected=0xaead1930
vendor packet: mpi_buf_id=177 len=12011 buf_size=1495040 offset=176128 data_num=1 flag=0x00000000 pts=1315
valloc packet buffer: mpi_buf_id=177 dma_buf_fd=11 size=0
H264 first bytes: 00 00 00 01 41 e0 01 e0 03 c6 1f e6 81 53 34 b3
encode_release_packet ret=0
MP4 frame 1316/1500: sequence=1320 pts=52600000 us key=0 nv12=4478976 h264=12011 acquire=12.982 ms encode=26.869 ms mux=0.175 ms
start encode NV12 with RV1106 vendor packet ABI, frame=1316
encode_put_frame ret=0
encode_get_packet ret=0 handle=0xaead1930 expected=0xaead1930
vendor packet: mpi_buf_id=177 len=12201 buf_size=1495040 offset=188160 data_num=1 flag=0x00000000 pts=1316
valloc packet buffer: mpi_buf_id=177 dma_buf_fd=11 size=0
H264 first bytes: 00 00 00 01 41 e0 02 00 04 06 1f 08 e3 c7 09 72
encode_release_packet ret=0
MP4 frame 1317/1500: sequence=1321 pts=52640000 us key=0 nv12=4478976 h264=12201 acquire=12.469 ms encode=26.210 ms mux=0.176 ms
start encode NV12 with RV1106 vendor packet ABI, frame=1317
encode_put_frame ret=0
encode_get_packet ret=0 handle=0xaead1930 expected=0xaead1930
vendor packet: mpi_buf_id=177 len=12233 buf_size=1495040 offset=200448 data_num=1 flag=0x00000000 pts=1317
valloc packet buffer: mpi_buf_id=177 dma_buf_fd=11 size=0
H264 first bytes: 00 00 00 01 41 e0 02 20 04 46 1f 0c 4c 51 82 75
encode_release_packet ret=0
MP4 frame 1318/1500: sequence=1322 pts=52680000 us key=0 nv12=4478976 h264=12233 acquire=13.123 ms encode=26.875 ms mux=0.170 ms
start encode NV12 with RV1106 vendor packet ABI, frame=1318
encode_put_frame ret=0
encode_get_packet ret=0 handle=0xaead1930 expected=0xaead1930
vendor packet: mpi_buf_id=177 len=12435 buf_size=1495040 offset=212736 data_num=1 flag=0x00000000 pts=1318
valloc packet buffer: mpi_buf_id=177 dma_buf_fd=11 size=0
H264 first bytes: 00 00 00 01 41 e0 02 40 04 86 1f 07 59 a7 c7 14
encode_release_packet ret=0
MP4 frame 1319/1500: sequence=1323 pts=52720000 us key=0 nv12=4478976 h264=12435 acquire=12.468 ms encode=26.243 ms mux=0.168 ms
start encode NV12 with RV1106 vendor packet ABI, frame=1319
encode_put_frame ret=0
encode_get_packet ret=0 handle=0xaead1930 expected=0xaead1930
vendor packet: mpi_buf_id=177 len=12271 buf_size=1495040 offset=225280 data_num=1 flag=0x00000000 pts=1319
valloc packet buffer: mpi_buf_id=177 dma_buf_fd=11 size=0
H264 first bytes: 00 00 00 01 41 e0 02 60 04 c6 1f 05 f1 43 86 09
encode_release_packet ret=0
MP4 frame 1320/1500: sequence=1324 pts=52760000 us key=0 nv12=4478976 h264=12271 acquire=13.107 ms encode=26.845 ms mux=0.177 ms
start encode NV12 with RV1106 vendor packet ABI, frame=1320
encode_put_frame ret=0
encode_get_packet ret=0 handle=0xaead1930 expected=0xaead1930
vendor packet: mpi_buf_id=177 len=12666 buf_size=1495040 offset=237568 data_num=1 flag=0x00000000 pts=1320
valloc packet buffer: mpi_buf_id=177 dma_buf_fd=11 size=0
H264 first bytes: 00 00 00 01 41 e0 02 80 05 06 1f 05 58 e2 09 de
encode_release_packet ret=0
MP4 frame 1321/1500: sequence=1325 pts=52800000 us key=0 nv12=4478976 h264=12666 acquire=12.480 ms encode=26.262 ms mux=0.177 ms
start encode NV12 with RV1106 vendor packet ABI, frame=1321
encode_put_frame ret=0
encode_get_packet ret=0 handle=0xaead1930 expected=0xaead1930
vendor packet: mpi_buf_id=177 len=12345 buf_size=1495040 offset=250240 data_num=1 flag=0x00000000 pts=1321
valloc packet buffer: mpi_buf_id=177 dma_buf_fd=11 size=0
H264 first bytes: 00 00 00 01 41 e0 02 a0 05 46 1f 02 6e 68 11 a8
encode_release_packet ret=0
MP4 frame 1322/1500: sequence=1326 pts=52840000 us key=0 nv12=4478976 h264=12345 acquire=13.072 ms encode=26.857 ms mux=0.973 ms
start encode NV12 with RV1106 vendor packet ABI, frame=1322
encode_put_frame ret=0
encode_get_packet ret=0 handle=0xaead1930 expected=0xaead1930
vendor packet: mpi_buf_id=177 len=12735 buf_size=1495040 offset=262656 data_num=1 flag=0x00000000 pts=1322
valloc packet buffer: mpi_buf_id=177 dma_buf_fd=11 size=0
H264 first bytes: 00 00 00 01 41 e0 02 c0 05 86 0b c2 33 98 60 99
encode_release_packet ret=0
MP4 frame 1323/1500: sequence=1327 pts=52880000 us key=0 nv12=4478976 h264=12735 acquire=11.692 ms encode=26.368 ms mux=0.176 ms
start encode NV12 with RV1106 vendor packet ABI, frame=1323
encode_put_frame ret=0
encode_get_packet ret=0 handle=0xaead1930 expected=0xaead1930
vendor packet: mpi_buf_id=177 len=12908 buf_size=1495040 offset=275456 data_num=1 flag=0x00000000 pts=1323
valloc packet buffer: mpi_buf_id=177 dma_buf_fd=11 size=0
H264 first bytes: 00 00 00 01 41 e0 02 e0 05 c6 0b c0 a3 8d 1c 25
encode_release_packet ret=0
MP4 frame 1324/1500: sequence=1328 pts=52920000 us key=0 nv12=4478976 h264=12908 acquire=12.943 ms encode=26.847 ms mux=0.180 ms
start encode NV12 with RV1106 vendor packet ABI, frame=1324
encode_put_frame ret=0
encode_get_packet ret=0 handle=0xaead1930 expected=0xaead1930
vendor packet: mpi_buf_id=177 len=13262 buf_size=1495040 offset=288384 data_num=1 flag=0x00000000 pts=1324
valloc packet buffer: mpi_buf_id=177 dma_buf_fd=11 size=0
H264 first bytes: 00 00 00 01 41 e0 03 00 06 06 0b c7 d9 86 09 33
encode_release_packet ret=0
MP4 frame 1325/1500: sequence=1329 pts=52960000 us key=0 nv12=4478976 h264=13262 acquire=12.480 ms encode=26.336 ms mux=0.181 ms
start encode NV12 with RV1106 vendor packet ABI, frame=1325
encode_put_frame ret=0
encode_get_packet ret=0 handle=0xaead1930 expected=0xaead1930
vendor packet: mpi_buf_id=177 len=189256 buf_size=1495040 offset=301696 data_num=1 flag=0x00000010 pts=1325
valloc packet buffer: mpi_buf_id=177 dma_buf_fd=11 size=0
H264 first bytes: 00 00 00 01 65 b8 00 01 80 00 01 3c 29 12 10 40
encode_release_packet ret=0
MP4 frame 1326/1500: sequence=1330 pts=53000000 us key=1 nv12=4478976 h264=189256 acquire=12.994 ms encode=26.745 ms mux=3.110 ms
start encode NV12 with RV1106 vendor packet ABI, frame=1326
encode_put_frame ret=0
encode_get_packet ret=0 handle=0xaead1930 expected=0xaead1930
vendor packet: mpi_buf_id=177 len=13238 buf_size=1495040 offset=491008 data_num=1 flag=0x00000000 pts=1326
valloc packet buffer: mpi_buf_id=177 dma_buf_fd=11 size=0
H264 first bytes: 00 00 00 01 41 e0 00 20 00 46 0b cf 3c 76 83 ec
encode_release_packet ret=0
MP4 frame 1327/1500: sequence=1331 pts=53040000 us key=0 nv12=4478976 h264=13238 acquire=9.651 ms encode=26.242 ms mux=0.183 ms
start encode NV12 with RV1106 vendor packet ABI, frame=1327
encode_put_frame ret=0
encode_get_packet ret=0 handle=0xaead1930 expected=0xaead1930
vendor packet: mpi_buf_id=177 len=13116 buf_size=1495040 offset=504320 data_num=1 flag=0x00000000 pts=1327
valloc packet buffer: mpi_buf_id=177 dma_buf_fd=11 size=0
H264 first bytes: 00 00 00 01 41 e0 00 40 00 86 0b c5 69 15 a5 c3
encode_release_packet ret=0
MP4 frame 1328/1500: sequence=1332 pts=53080000 us key=0 nv12=4478976 h264=13116 acquire=13.070 ms encode=26.881 ms mux=0.185 ms
start encode NV12 with RV1106 vendor packet ABI, frame=1328
encode_put_frame ret=0
encode_get_packet ret=0 handle=0xaead1930 expected=0xaead1930
vendor packet: mpi_buf_id=177 len=13119 buf_size=1495040 offset=517504 data_num=1 flag=0x00000000 pts=1328
valloc packet buffer: mpi_buf_id=177 dma_buf_fd=11 size=0
H264 first bytes: 00 00 00 01 41 e0 00 60 00 c6 0b d4 e8 a2 75 8d
encode_release_packet ret=0
MP4 frame 1329/1500: sequence=1333 pts=53120000 us key=0 nv12=4478976 h264=13119 acquire=12.450 ms encode=26.133 ms mux=0.181 ms
start encode NV12 with RV1106 vendor packet ABI, frame=1329
encode_put_frame ret=0
encode_get_packet ret=0 handle=0xaead1930 expected=0xaead1930
vendor packet: mpi_buf_id=177 len=12744 buf_size=1495040 offset=530688 data_num=1 flag=0x00000000 pts=1329
valloc packet buffer: mpi_buf_id=177 dma_buf_fd=11 size=0
H264 first bytes: 00 00 00 01 41 e0 00 80 01 06 0b cf 33 05 36 b6
encode_release_packet ret=0
MP4 frame 1330/1500: sequence=1334 pts=53160000 us key=0 nv12=4478976 h264=12744 acquire=13.190 ms encode=26.827 ms mux=0.174 ms
start encode NV12 with RV1106 vendor packet ABI, frame=1330
encode_put_frame ret=0
encode_get_packet ret=0 handle=0xaead1930 expected=0xaead1930
vendor packet: mpi_buf_id=177 len=13455 buf_size=1495040 offset=543488 data_num=1 flag=0x00000000 pts=1330
valloc packet buffer: mpi_buf_id=177 dma_buf_fd=11 size=0
H264 first bytes: 00 00 00 01 41 e0 00 a0 01 46 0b c5 cf 65 5a cb
encode_release_packet ret=0
MP4 frame 1331/1500: sequence=1335 pts=53200000 us key=0 nv12=4478976 h264=13455 acquire=12.508 ms encode=26.394 ms mux=0.187 ms
start encode NV12 with RV1106 vendor packet ABI, frame=1331
encode_put_frame ret=0
encode_get_packet ret=0 handle=0xaead1930 expected=0xaead1930
vendor packet: mpi_buf_id=177 len=12840 buf_size=1495040 offset=557056 data_num=1 flag=0x00000000 pts=1331
valloc packet buffer: mpi_buf_id=177 dma_buf_fd=11 size=0
H264 first bytes: 00 00 00 01 41 e0 00 c0 01 86 0b c4 e7 9e 30 2e
encode_release_packet ret=0
MP4 frame 1332/1500: sequence=1336 pts=53240000 us key=0 nv12=4478976 h264=12840 acquire=12.926 ms encode=26.855 ms mux=0.203 ms
start encode NV12 with RV1106 vendor packet ABI, frame=1332
encode_put_frame ret=0
encode_get_packet ret=0 handle=0xaead1930 expected=0xaead1930
vendor packet: mpi_buf_id=177 len=13170 buf_size=1495040 offset=569984 data_num=1 flag=0x00000000 pts=1332
valloc packet buffer: mpi_buf_id=177 dma_buf_fd=11 size=0
H264 first bytes: 00 00 00 01 41 e0 00 e0 01 c6 0b c6 5a 04 fe c7
encode_release_packet ret=0
MP4 frame 1333/1500: sequence=1337 pts=53280000 us key=0 nv12=4478976 h264=13170 acquire=12.455 ms encode=26.246 ms mux=0.184 ms
start encode NV12 with RV1106 vendor packet ABI, frame=1333
encode_put_frame ret=0
encode_get_packet ret=0 handle=0xaead1930 expected=0xaead1930
vendor packet: mpi_buf_id=177 len=13337 buf_size=1495040 offset=583168 data_num=1 flag=0x00000000 pts=1333
valloc packet buffer: mpi_buf_id=177 dma_buf_fd=11 size=0
H264 first bytes: 00 00 00 01 41 e0 01 00 02 06 0b c4 f5 22 c9 e8
encode_release_packet ret=0
MP4 frame 1334/1500: sequence=1338 pts=53320000 us key=0 nv12=4478976 h264=13337 acquire=13.083 ms encode=26.855 ms mux=0.189 ms
start encode NV12 with RV1106 vendor packet ABI, frame=1334
encode_put_frame ret=0
encode_get_packet ret=0 handle=0xaead1930 expected=0xaead1930
vendor packet: mpi_buf_id=177 len=12658 buf_size=1495040 offset=596608 data_num=1 flag=0x00000000 pts=1334
valloc packet buffer: mpi_buf_id=177 dma_buf_fd=11 size=0
H264 first bytes: 00 00 00 01 41 e0 01 20 02 46 0b c4 e9 72 9e 73
encode_release_packet ret=0
MP4 frame 1335/1500: sequence=1339 pts=53360000 us key=0 nv12=4478976 h264=12658 acquire=12.469 ms encode=26.244 ms mux=0.167 ms
start encode NV12 with RV1106 vendor packet ABI, frame=1335
encode_put_frame ret=0
encode_get_packet ret=0 handle=0xaead1930 expected=0xaead1930
vendor packet: mpi_buf_id=177 len=12927 buf_size=1495040 offset=609280 data_num=1 flag=0x00000000 pts=1335
valloc packet buffer: mpi_buf_id=177 dma_buf_fd=11 size=0
H264 first bytes: 00 00 00 01 41 e0 01 40 02 86 0b c4 e5 bc c2 bd
encode_release_packet ret=0
MP4 frame 1336/1500: sequence=1340 pts=53400000 us key=0 nv12=4478976 h264=12927 acquire=13.093 ms encode=26.893 ms mux=0.182 ms
start encode NV12 with RV1106 vendor packet ABI, frame=1336
encode_put_frame ret=0
encode_get_packet ret=0 handle=0xaead1930 expected=0xaead1930
vendor packet: mpi_buf_id=177 len=12980 buf_size=1495040 offset=622208 data_num=1 flag=0x00000000 pts=1336
valloc packet buffer: mpi_buf_id=177 dma_buf_fd=11 size=0
H264 first bytes: 00 00 00 01 41 e0 01 60 02 c6 0b c2 54 2c 60 97
encode_release_packet ret=0
MP4 frame 1337/1500: sequence=1341 pts=53440000 us key=0 nv12=4478976 h264=12980 acquire=12.442 ms encode=26.245 ms mux=0.187 ms
start encode NV12 with RV1106 vendor packet ABI, frame=1337
encode_put_frame ret=0
encode_get_packet ret=0 handle=0xaead1930 expected=0xaead1930
vendor packet: mpi_buf_id=177 len=12736 buf_size=1495040 offset=635264 data_num=1 flag=0x00000000 pts=1337
valloc packet buffer: mpi_buf_id=177 dma_buf_fd=11 size=0
H264 first bytes: 00 00 00 01 41 e0 01 80 03 06 0b c2 13 0f 1c 26
encode_release_packet ret=0
MP4 frame 1338/1500: sequence=1342 pts=53480000 us key=0 nv12=4478976 h264=12736 acquire=13.076 ms encode=26.811 ms mux=0.176 ms
start encode NV12 with RV1106 vendor packet ABI, frame=1338
encode_put_frame ret=0
encode_get_packet ret=0 handle=0xaead1930 expected=0xaead1930
vendor packet: mpi_buf_id=177 len=13503 buf_size=1495040 offset=648064 data_num=1 flag=0x00000000 pts=1338
valloc packet buffer: mpi_buf_id=177 dma_buf_fd=11 size=0
H264 first bytes: 00 00 00 01 41 e0 01 a0 03 46 0b c5 65 94 be 30
encode_release_packet ret=0
MP4 frame 1339/1500: sequence=1343 pts=53520000 us key=0 nv12=4478976 h264=13503 acquire=12.420 ms encode=26.269 ms mux=0.183 ms
start encode NV12 with RV1106 vendor packet ABI, frame=1339
encode_put_frame ret=0
encode_get_packet ret=0 handle=0xaead1930 expected=0xaead1930
vendor packet: mpi_buf_id=177 len=13203 buf_size=1495040 offset=661632 data_num=1 flag=0x00000000 pts=1339
valloc packet buffer: mpi_buf_id=177 dma_buf_fd=11 size=0
H264 first bytes: 00 00 00 01 41 e0 01 c0 03 86 0b c5 66 21 6f 96
encode_release_packet ret=0
MP4 frame 1340/1500: sequence=1344 pts=53560000 us key=0 nv12=4478976 h264=13203 acquire=13.043 ms encode=26.793 ms mux=0.183 ms
start encode NV12 with RV1106 vendor packet ABI, frame=1340
encode_put_frame ret=0
encode_get_packet ret=0 handle=0xaead1930 expected=0xaead1930
vendor packet: mpi_buf_id=177 len=13256 buf_size=1495040 offset=674944 data_num=1 flag=0x00000000 pts=1340
valloc packet buffer: mpi_buf_id=177 dma_buf_fd=11 size=0
H264 first bytes: 00 00 00 01 41 e0 01 e0 03 c6 0b c7 58 c6 49 95
encode_release_packet ret=0
MP4 frame 1341/1500: sequence=1345 pts=53600000 us key=0 nv12=4478976 h264=13256 acquire=12.542 ms encode=26.213 ms mux=0.185 ms
start encode NV12 with RV1106 vendor packet ABI, frame=1341
encode_put_frame ret=0
encode_get_packet ret=0 handle=0xaead1930 expected=0xaead1930
vendor packet: mpi_buf_id=177 len=13158 buf_size=1495040 offset=688256 data_num=1 flag=0x00000000 pts=1341
valloc packet buffer: mpi_buf_id=177 dma_buf_fd=11 size=0
H264 first bytes: 00 00 00 01 41 e0 02 00 04 06 0b c5 62 c3 85 ab
encode_release_packet ret=0
MP4 frame 1342/1500: sequence=1346 pts=53640000 us key=0 nv12=4478976 h264=13158 acquire=13.109 ms encode=26.873 ms mux=0.179 ms
start encode NV12 with RV1106 vendor packet ABI, frame=1342
encode_put_frame ret=0
encode_get_packet ret=0 handle=0xaead1930 expected=0xaead1930
vendor packet: mpi_buf_id=177 len=12882 buf_size=1495040 offset=701440 data_num=1 flag=0x00000000 pts=1342
valloc packet buffer: mpi_buf_id=177 dma_buf_fd=11 size=0
H264 first bytes: 00 00 00 01 41 e0 02 20 04 46 0b c5 6a b9 ad 8f
encode_release_packet ret=0
MP4 frame 1343/1500: sequence=1347 pts=53680000 us key=0 nv12=4478976 h264=12882 acquire=12.456 ms encode=26.255 ms mux=0.180 ms
start encode NV12 with RV1106 vendor packet ABI, frame=1343
encode_put_frame ret=0
encode_get_packet ret=0 handle=0xaead1930 expected=0xaead1930
vendor packet: mpi_buf_id=177 len=13822 buf_size=1495040 offset=714368 data_num=1 flag=0x00000000 pts=1343
valloc packet buffer: mpi_buf_id=177 dma_buf_fd=11 size=0
H264 first bytes: 00 00 00 01 41 e0 02 40 04 86 0b c6 5b 15 ee 9e
encode_release_packet ret=0
MP4 frame 1344/1500: sequence=1348 pts=53720000 us key=0 nv12=4478976 h264=13822 acquire=13.075 ms encode=26.910 ms mux=0.239 ms
start encode NV12 with RV1106 vendor packet ABI, frame=1344
encode_put_frame ret=0
encode_get_packet ret=0 handle=0xaead1930 expected=0xaead1930
vendor packet: mpi_buf_id=177 len=12926 buf_size=1495040 offset=728192 data_num=1 flag=0x00000000 pts=1344
valloc packet buffer: mpi_buf_id=177 dma_buf_fd=11 size=0
H264 first bytes: 00 00 00 01 41 e0 02 60 04 c6 0b cf 47 1d 6e cf
encode_release_packet ret=0
MP4 frame 1345/1500: sequence=1349 pts=53760000 us key=0 nv12=4478976 h264=12926 acquire=12.306 ms encode=26.246 ms mux=0.178 ms
start encode NV12 with RV1106 vendor packet ABI, frame=1345
encode_put_frame ret=0
encode_get_packet ret=0 handle=0xaead1930 expected=0xaead1930
vendor packet: mpi_buf_id=177 len=13364 buf_size=1495040 offset=741120 data_num=1 flag=0x00000000 pts=1345
valloc packet buffer: mpi_buf_id=177 dma_buf_fd=11 size=0
H264 first bytes: 00 00 00 01 41 e0 02 80 05 06 0b c5 5a 45 c5 11
encode_release_packet ret=0
MP4 frame 1346/1500: sequence=1350 pts=53800000 us key=0 nv12=4478976 h264=13364 acquire=13.094 ms encode=26.919 ms mux=1.036 ms
start encode NV12 with RV1106 vendor packet ABI, frame=1346
encode_put_frame ret=0
encode_get_packet ret=0 handle=0xaead1930 expected=0xaead1930
vendor packet: mpi_buf_id=177 len=13509 buf_size=1495040 offset=754560 data_num=1 flag=0x00000000 pts=1346
valloc packet buffer: mpi_buf_id=177 dma_buf_fd=11 size=0
H264 first bytes: 00 00 00 01 41 e0 02 a0 05 46 0b cb 31 ea c8 3a
encode_release_packet ret=0
MP4 frame 1347/1500: sequence=1351 pts=53840000 us key=0 nv12=4478976 h264=13509 acquire=11.561 ms encode=26.287 ms mux=0.183 ms
start encode NV12 with RV1106 vendor packet ABI, frame=1347
encode_put_frame ret=0
encode_get_packet ret=0 handle=0xaead1930 expected=0xaead1930
vendor packet: mpi_buf_id=177 len=13151 buf_size=1495040 offset=768128 data_num=1 flag=0x00000000 pts=1347
valloc packet buffer: mpi_buf_id=177 dma_buf_fd=11 size=0
H264 first bytes: 00 00 00 01 41 e0 02 c0 05 86 0b c2 33 c6 09 7c
encode_release_packet ret=0
MP4 frame 1348/1500: sequence=1352 pts=53880000 us key=0 nv12=4478976 h264=13151 acquire=13.026 ms encode=26.853 ms mux=0.176 ms
start encode NV12 with RV1106 vendor packet ABI, frame=1348
encode_put_frame ret=0
encode_get_packet ret=0 handle=0xaead1930 expected=0xaead1930
vendor packet: mpi_buf_id=177 len=13081 buf_size=1495040 offset=781312 data_num=1 flag=0x00000000 pts=1348
valloc packet buffer: mpi_buf_id=177 dma_buf_fd=11 size=0
H264 first bytes: 00 00 00 01 41 e0 02 e0 05 c6 0b c6 73 5c ab 9d
encode_release_packet ret=0
MP4 frame 1349/1500: sequence=1353 pts=53920000 us key=0 nv12=4478976 h264=13081 acquire=12.479 ms encode=26.191 ms mux=0.180 ms
start encode NV12 with RV1106 vendor packet ABI, frame=1349
encode_put_frame ret=0
encode_get_packet ret=0 handle=0xaead1930 expected=0xaead1930
vendor packet: mpi_buf_id=177 len=12800 buf_size=1495040 offset=794496 data_num=1 flag=0x00000000 pts=1349
valloc packet buffer: mpi_buf_id=177 dma_buf_fd=11 size=0
H264 first bytes: 00 00 00 01 41 e0 03 00 06 06 0b c5 d9 a7 90 e1
encode_release_packet ret=0
MP4 frame 1350/1500: sequence=1354 pts=53960000 us key=0 nv12=4478976 h264=12800 acquire=13.135 ms encode=26.896 ms mux=0.177 ms
start encode NV12 with RV1106 vendor packet ABI, frame=1350
encode_put_frame ret=0
encode_get_packet ret=0 handle=0xaead1930 expected=0xaead1930
vendor packet: mpi_buf_id=177 len=189723 buf_size=1495040 offset=807296 data_num=1 flag=0x00000010 pts=1350
valloc packet buffer: mpi_buf_id=177 dma_buf_fd=11 size=0
H264 first bytes: 00 00 00 01 65 b8 00 01 c0 00 01 3c 29 12 0a 40
encode_release_packet ret=0
MP4 frame 1351/1500: sequence=1355 pts=54000000 us key=1 nv12=4478976 h264=189723 acquire=12.444 ms encode=26.188 ms mux=3.285 ms
start encode NV12 with RV1106 vendor packet ABI, frame=1351
encode_put_frame ret=0
encode_get_packet ret=0 handle=0xaead1930 expected=0xaead1930
vendor packet: mpi_buf_id=177 len=13229 buf_size=1495040 offset=997120 data_num=1 flag=0x00000000 pts=1351
valloc packet buffer: mpi_buf_id=177 dma_buf_fd=11 size=0
H264 first bytes: 00 00 00 01 41 e0 00 20 00 46 0b cb 5a b6 33 63
encode_release_packet ret=0
MP4 frame 1352/1500: sequence=1356 pts=54040000 us key=0 nv12=4478976 h264=13229 acquire=10.028 ms encode=26.787 ms mux=0.181 ms
start encode NV12 with RV1106 vendor packet ABI, frame=1352
encode_put_frame ret=0
encode_get_packet ret=0 handle=0xaead1930 expected=0xaead1930
vendor packet: mpi_buf_id=177 len=13324 buf_size=1495040 offset=1010432 data_num=1 flag=0x00000000 pts=1352
valloc packet buffer: mpi_buf_id=177 dma_buf_fd=11 size=0
H264 first bytes: 00 00 00 01 41 e0 00 40 00 86 0b cd 4e 6c c6 e7
encode_release_packet ret=0
MP4 frame 1353/1500: sequence=1357 pts=54080000 us key=0 nv12=4478976 h264=13324 acquire=12.528 ms encode=26.246 ms mux=0.181 ms
start encode NV12 with RV1106 vendor packet ABI, frame=1353
encode_put_frame ret=0
encode_get_packet ret=0 handle=0xaead1930 expected=0xaead1930
vendor packet: mpi_buf_id=177 len=14376 buf_size=1495040 offset=1023872 data_num=1 flag=0x00000000 pts=1353
valloc packet buffer: mpi_buf_id=177 dma_buf_fd=11 size=0
H264 first bytes: 00 00 00 01 41 e0 00 60 00 c6 0b cf 50 a4 55 0d
encode_release_packet ret=0
MP4 frame 1354/1500: sequence=1358 pts=54120000 us key=0 nv12=4478976 h264=14376 acquire=13.089 ms encode=27.050 ms mux=0.200 ms
start encode NV12 with RV1106 vendor packet ABI, frame=1354
encode_put_frame ret=0
encode_get_packet ret=0 handle=0xaead1930 expected=0xaead1930
vendor packet: mpi_buf_id=177 len=13273 buf_size=1495040 offset=1038336 data_num=1 flag=0x00000000 pts=1354
valloc packet buffer: mpi_buf_id=177 dma_buf_fd=11 size=0
H264 first bytes: 00 00 00 01 41 e0 00 80 01 06 0b c2 32 b1 82 67
encode_release_packet ret=0
MP4 frame 1355/1500: sequence=1359 pts=54160000 us key=0 nv12=4478976 h264=13273 acquire=12.262 ms encode=26.195 ms mux=0.184 ms
start encode NV12 with RV1106 vendor packet ABI, frame=1355
encode_put_frame ret=0
encode_get_packet ret=0 handle=0xaead1930 expected=0xaead1930
vendor packet: mpi_buf_id=177 len=13159 buf_size=1495040 offset=1051648 data_num=1 flag=0x00000000 pts=1355
valloc packet buffer: mpi_buf_id=177 dma_buf_fd=11 size=0
H264 first bytes: 00 00 00 01 41 e0 00 a0 01 46 0b c4 51 01 71 6d
encode_release_packet ret=0
MP4 frame 1356/1500: sequence=1360 pts=54200000 us key=0 nv12=4478976 h264=13159 acquire=13.129 ms encode=26.806 ms mux=0.179 ms
start encode NV12 with RV1106 vendor packet ABI, frame=1356
encode_put_frame ret=0
encode_get_packet ret=0 handle=0xaead1930 expected=0xaead1930
vendor packet: mpi_buf_id=177 len=13724 buf_size=1495040 offset=1064832 data_num=1 flag=0x00000000 pts=1356
valloc packet buffer: mpi_buf_id=177 dma_buf_fd=11 size=0
H264 first bytes: 00 00 00 01 41 e0 00 c0 01 86 0b d6 bf 08 d1 c6
encode_release_packet ret=0
MP4 frame 1357/1500: sequence=1361 pts=54240000 us key=0 nv12=4478976 h264=13724 acquire=12.523 ms encode=26.292 ms mux=0.185 ms
start encode NV12 with RV1106 vendor packet ABI, frame=1357
encode_put_frame ret=0
encode_get_packet ret=0 handle=0xaead1930 expected=0xaead1930
vendor packet: mpi_buf_id=177 len=12768 buf_size=1495040 offset=1078656 data_num=1 flag=0x00000000 pts=1357
valloc packet buffer: mpi_buf_id=177 dma_buf_fd=11 size=0
H264 first bytes: 00 00 00 01 41 e0 00 e0 01 c6 1f 0a 51 c6 09 ef
encode_release_packet ret=0
MP4 frame 1358/1500: sequence=1362 pts=54280000 us key=0 nv12=4478976 h264=12768 acquire=13.031 ms encode=26.936 ms mux=0.175 ms
start encode NV12 with RV1106 vendor packet ABI, frame=1358
encode_put_frame ret=0
encode_get_packet ret=0 handle=0xaead1930 expected=0xaead1930
vendor packet: mpi_buf_id=177 len=12727 buf_size=1495040 offset=1091456 data_num=1 flag=0x00000000 pts=1358
valloc packet buffer: mpi_buf_id=177 dma_buf_fd=11 size=0
H264 first bytes: 00 00 00 01 41 e0 01 00 02 06 1f 19 98 57 a3 6e
encode_release_packet ret=0
MP4 frame 1359/1500: sequence=1363 pts=54320000 us key=0 nv12=4478976 h264=12727 acquire=12.402 ms encode=26.229 ms mux=0.180 ms
start encode NV12 with RV1106 vendor packet ABI, frame=1359
encode_put_frame ret=0
encode_get_packet ret=0 handle=0xaead1930 expected=0xaead1930
vendor packet: mpi_buf_id=177 len=12828 buf_size=1495040 offset=1104256 data_num=1 flag=0x00000000 pts=1359
valloc packet buffer: mpi_buf_id=177 dma_buf_fd=11 size=0
H264 first bytes: 00 00 00 01 41 e0 01 20 02 46 1f 0a 58 a0 80 96
encode_release_packet ret=0
MP4 frame 1360/1500: sequence=1364 pts=54360000 us key=0 nv12=4478976 h264=12828 acquire=13.097 ms encode=26.908 ms mux=0.178 ms
start encode NV12 with RV1106 vendor packet ABI, frame=1360
encode_put_frame ret=0
encode_get_packet ret=0 handle=0xaead1930 expected=0xaead1930
vendor packet: mpi_buf_id=177 len=12656 buf_size=1495040 offset=1117184 data_num=1 flag=0x00000000 pts=1360
valloc packet buffer: mpi_buf_id=177 dma_buf_fd=11 size=0
H264 first bytes: 00 00 00 01 41 e0 01 40 02 86 1f 09 66 18 26 7c
encode_release_packet ret=0
MP4 frame 1361/1500: sequence=1365 pts=54400000 us key=0 nv12=4478976 h264=12656 acquire=12.432 ms encode=26.237 ms mux=0.172 ms
start encode NV12 with RV1106 vendor packet ABI, frame=1361
encode_put_frame ret=0
encode_get_packet ret=0 handle=0xaead1930 expected=0xaead1930
vendor packet: mpi_buf_id=177 len=12539 buf_size=1495040 offset=1129856 data_num=1 flag=0x00000000 pts=1361
valloc packet buffer: mpi_buf_id=177 dma_buf_fd=11 size=0
H264 first bytes: 00 00 00 01 41 e0 01 60 02 c6 1f 01 39 a1 ea 75
encode_release_packet ret=0
MP4 frame 1362/1500: sequence=1366 pts=54440000 us key=0 nv12=4478976 h264=12539 acquire=12.978 ms encode=26.833 ms mux=0.175 ms
start encode NV12 with RV1106 vendor packet ABI, frame=1362
encode_put_frame ret=0
encode_get_packet ret=0 handle=0xaead1930 expected=0xaead1930
vendor packet: mpi_buf_id=177 len=12506 buf_size=1495040 offset=1142400 data_num=1 flag=0x00000000 pts=1362
valloc packet buffer: mpi_buf_id=177 dma_buf_fd=11 size=0
H264 first bytes: 00 00 00 01 41 e0 01 80 03 06 1f 11 96 2e 34 78
encode_release_packet ret=0
MP4 frame 1363/1500: sequence=1367 pts=54480000 us key=0 nv12=4478976 h264=12506 acquire=12.506 ms encode=26.237 ms mux=0.184 ms
start encode NV12 with RV1106 vendor packet ABI, frame=1363
encode_put_frame ret=0
encode_get_packet ret=0 handle=0xaead1930 expected=0xaead1930
vendor packet: mpi_buf_id=177 len=12116 buf_size=1495040 offset=1154944 data_num=1 flag=0x00000000 pts=1363
valloc packet buffer: mpi_buf_id=177 dma_buf_fd=11 size=0
H264 first bytes: 00 00 00 01 41 e0 01 a0 03 46 1f 0c 4d 1e 27 63
encode_release_packet ret=0
MP4 frame 1364/1500: sequence=1368 pts=54520000 us key=0 nv12=4478976 h264=12116 acquire=13.085 ms encode=26.814 ms mux=0.172 ms
start encode NV12 with RV1106 vendor packet ABI, frame=1364
encode_put_frame ret=0
encode_get_packet ret=0 handle=0xaead1930 expected=0xaead1930
vendor packet: mpi_buf_id=177 len=12313 buf_size=1495040 offset=1167104 data_num=1 flag=0x00000000 pts=1364
valloc packet buffer: mpi_buf_id=177 dma_buf_fd=11 size=0
H264 first bytes: 00 00 00 01 41 e0 01 c0 03 86 1f 0c 46 c2 65 43
encode_release_packet ret=0
MP4 frame 1365/1500: sequence=1369 pts=54560000 us key=0 nv12=4478976 h264=12313 acquire=12.538 ms encode=26.232 ms mux=0.169 ms
start encode NV12 with RV1106 vendor packet ABI, frame=1365
encode_put_frame ret=0
encode_get_packet ret=0 handle=0xaead1930 expected=0xaead1930
vendor packet: mpi_buf_id=177 len=12074 buf_size=1495040 offset=1179520 data_num=1 flag=0x00000000 pts=1365
valloc packet buffer: mpi_buf_id=177 dma_buf_fd=11 size=0
H264 first bytes: 00 00 00 01 41 e0 01 e0 03 c6 1f 05 71 91 42 50
encode_release_packet ret=0
MP4 frame 1366/1500: sequence=1370 pts=54600000 us key=0 nv12=4478976 h264=12074 acquire=13.109 ms encode=26.845 ms mux=0.169 ms
start encode NV12 with RV1106 vendor packet ABI, frame=1366
encode_put_frame ret=0
encode_get_packet ret=0 handle=0xaead1930 expected=0xaead1930
vendor packet: mpi_buf_id=177 len=12099 buf_size=1495040 offset=1191680 data_num=1 flag=0x00000000 pts=1366
valloc packet buffer: mpi_buf_id=177 dma_buf_fd=11 size=0
H264 first bytes: 00 00 00 01 41 e0 02 00 04 06 1f 05 73 1a 0a 31
encode_release_packet ret=0
MP4 frame 1367/1500: sequence=1371 pts=54640000 us key=0 nv12=4478976 h264=12099 acquire=12.494 ms encode=26.243 ms mux=0.168 ms
start encode NV12 with RV1106 vendor packet ABI, frame=1367
encode_put_frame ret=0
encode_get_packet ret=0 handle=0xaead1930 expected=0xaead1930
vendor packet: mpi_buf_id=177 len=12900 buf_size=1495040 offset=1203840 data_num=1 flag=0x00000000 pts=1367
valloc packet buffer: mpi_buf_id=177 dma_buf_fd=11 size=0
H264 first bytes: 00 00 00 01 41 e0 02 20 04 46 0b cb 79 4b f9 b9
encode_release_packet ret=0
MP4 frame 1368/1500: sequence=1372 pts=54680000 us key=0 nv12=4478976 h264=12900 acquire=13.103 ms encode=26.843 ms mux=0.178 ms
start encode NV12 with RV1106 vendor packet ABI, frame=1368
encode_put_frame ret=0
encode_get_packet ret=0 handle=0xaead1930 expected=0xaead1930
vendor packet: mpi_buf_id=177 len=12908 buf_size=1495040 offset=1216768 data_num=1 flag=0x00000000 pts=1368
valloc packet buffer: mpi_buf_id=177 dma_buf_fd=11 size=0
H264 first bytes: 00 00 00 01 41 e0 02 40 04 86 0b c2 35 18 26 47
encode_release_packet ret=0
MP4 frame 1369/1500: sequence=1373 pts=54720000 us key=0 nv12=4478976 h264=12908 acquire=12.488 ms encode=26.463 ms mux=0.180 ms
start encode NV12 with RV1106 vendor packet ABI, frame=1369
encode_put_frame ret=0
encode_get_packet ret=0 handle=0xaead1930 expected=0xaead1930
vendor packet: mpi_buf_id=177 len=12633 buf_size=1495040 offset=1229696 data_num=1 flag=0x00000000 pts=1369
valloc packet buffer: mpi_buf_id=177 dma_buf_fd=11 size=0
H264 first bytes: 00 00 00 01 41 e0 02 60 04 c6 0b c6 71 5d ca 18
encode_release_packet ret=0
MP4 frame 1370/1500: sequence=1374 pts=54760000 us key=0 nv12=4478976 h264=12633 acquire=12.866 ms encode=26.813 ms mux=0.181 ms
start encode NV12 with RV1106 vendor packet ABI, frame=1370
encode_put_frame ret=0
encode_get_packet ret=0 handle=0xaead1930 expected=0xaead1930
vendor packet: mpi_buf_id=177 len=12808 buf_size=1495040 offset=1242368 data_num=1 flag=0x00000000 pts=1370
valloc packet buffer: mpi_buf_id=177 dma_buf_fd=11 size=0
H264 first bytes: 00 00 00 01 41 e0 02 80 05 06 0b c2 53 18 22 27
encode_release_packet ret=0
MP4 frame 1371/1500: sequence=1375 pts=54800000 us key=0 nv12=4478976 h264=12808 acquire=12.521 ms encode=26.236 ms mux=0.178 ms
start encode NV12 with RV1106 vendor packet ABI, frame=1371
encode_put_frame ret=0
encode_get_packet ret=0 handle=0xaead1930 expected=0xaead1930
vendor packet: mpi_buf_id=177 len=12887 buf_size=1495040 offset=1255296 data_num=1 flag=0x00000000 pts=1371
valloc packet buffer: mpi_buf_id=177 dma_buf_fd=11 size=0
H264 first bytes: 00 00 00 01 41 e0 02 a0 05 46 0b c5 d9 a7 e3 04
encode_release_packet ret=0
MP4 frame 1372/1500: sequence=1376 pts=54840000 us key=0 nv12=4478976 h264=12887 acquire=13.092 ms encode=26.867 ms mux=1.059 ms
start encode NV12 with RV1106 vendor packet ABI, frame=1372
encode_put_frame ret=0
encode_get_packet ret=0 handle=0xaead1930 expected=0xaead1930
vendor packet: mpi_buf_id=177 len=13249 buf_size=1495040 offset=1268224 data_num=1 flag=0x00000000 pts=1372
valloc packet buffer: mpi_buf_id=177 dma_buf_fd=11 size=0
H264 first bytes: 00 00 00 01 41 e0 02 c0 05 86 0b c4 47 98 11 16
encode_release_packet ret=0
MP4 frame 1373/1500: sequence=1377 pts=54880000 us key=0 nv12=4478976 h264=13249 acquire=11.586 ms encode=26.195 ms mux=0.184 ms
start encode NV12 with RV1106 vendor packet ABI, frame=1373
encode_put_frame ret=0
encode_get_packet ret=0 handle=0xaead1930 expected=0xaead1930
vendor packet: mpi_buf_id=177 len=13267 buf_size=1495040 offset=1281536 data_num=1 flag=0x00000000 pts=1373
valloc packet buffer: mpi_buf_id=177 dma_buf_fd=11 size=0
H264 first bytes: 00 00 00 01 41 e0 02 e0 05 c6 0b c2 53 b1 82 53
encode_release_packet ret=0
MP4 frame 1374/1500: sequence=1378 pts=54920000 us key=0 nv12=4478976 h264=13267 acquire=13.119 ms encode=26.807 ms mux=0.186 ms
start encode NV12 with RV1106 vendor packet ABI, frame=1374
encode_put_frame ret=0
encode_get_packet ret=0 handle=0xaead1930 expected=0xaead1930
vendor packet: mpi_buf_id=177 len=13769 buf_size=1495040 offset=1294848 data_num=1 flag=0x00000000 pts=1374
valloc packet buffer: mpi_buf_id=177 dma_buf_fd=11 size=0
H264 first bytes: 00 00 00 01 41 e0 03 00 06 06 0b c6 52 36 69 1e
encode_release_packet ret=0
MP4 frame 1375/1500: sequence=1379 pts=54960000 us key=0 nv12=4478976 h264=13769 acquire=12.518 ms encode=26.244 ms mux=0.190 ms
start encode NV12 with RV1106 vendor packet ABI, frame=1375
encode_put_frame ret=0
encode_get_packet ret=0 handle=0xaead1930 expected=0xaead1930
vendor packet: mpi_buf_id=177 len=189999 buf_size=1495040 offset=1308672 data_num=1 flag=0x00000010 pts=1375
valloc packet buffer: mpi_buf_id=177 dma_buf_fd=11 size=0
H264 first bytes: 00 00 00 01 65 b8 00 00 80 00 00 4f 0a 44 80 43
encode_release_packet ret=0
MP4 frame 1376/1500: sequence=1380 pts=55000000 us key=1 nv12=4478976 h264=189999 acquire=13.073 ms encode=26.787 ms mux=3.274 ms
start encode NV12 with RV1106 vendor packet ABI, frame=1376
encode_put_frame ret=0
encode_get_packet ret=0 handle=0xaead1930 expected=0xaead1930
vendor packet: mpi_buf_id=177 len=12591 buf_size=1495040 offset=3712 data_num=1 flag=0x00000000 pts=1376
valloc packet buffer: mpi_buf_id=177 dma_buf_fd=11 size=0
H264 first bytes: 00 00 00 01 41 e0 00 20 00 46 0b dc e4 92 d0 ea
encode_release_packet ret=0
MP4 frame 1377/1500: sequence=1381 pts=55040000 us key=0 nv12=4478976 h264=12591 acquire=9.453 ms encode=26.322 ms mux=0.177 ms
start encode NV12 with RV1106 vendor packet ABI, frame=1377
encode_put_frame ret=0
encode_get_packet ret=0 handle=0xaead1930 expected=0xaead1930
vendor packet: mpi_buf_id=177 len=13002 buf_size=1495040 offset=16384 data_num=1 flag=0x00000000 pts=1377
valloc packet buffer: mpi_buf_id=177 dma_buf_fd=11 size=0
H264 first bytes: 00 00 00 01 41 e0 00 40 00 86 0b c7 55 91 3e 6a
encode_release_packet ret=0
MP4 frame 1378/1500: sequence=1382 pts=55080000 us key=0 nv12=4478976 h264=13002 acquire=12.999 ms encode=26.878 ms mux=0.179 ms
start encode NV12 with RV1106 vendor packet ABI, frame=1378
encode_put_frame ret=0
encode_get_packet ret=0 handle=0xaead1930 expected=0xaead1930
vendor packet: mpi_buf_id=177 len=13775 buf_size=1495040 offset=29440 data_num=1 flag=0x00000000 pts=1378
valloc packet buffer: mpi_buf_id=177 dma_buf_fd=11 size=0
H264 first bytes: 00 00 00 01 41 e0 00 60 00 c6 0b c4 ed 7a f8 24
encode_release_packet ret=0
MP4 frame 1379/1500: sequence=1383 pts=55120000 us key=0 nv12=4478976 h264=13775 acquire=12.453 ms encode=26.271 ms mux=0.187 ms
start encode NV12 with RV1106 vendor packet ABI, frame=1379
encode_put_frame ret=0
encode_get_packet ret=0 handle=0xaead1930 expected=0xaead1930
vendor packet: mpi_buf_id=177 len=13935 buf_size=1495040 offset=43264 data_num=1 flag=0x00000000 pts=1379
valloc packet buffer: mpi_buf_id=177 dma_buf_fd=11 size=0
H264 first bytes: 00 00 00 01 41 e0 00 80 01 06 0b c2 d6 71 82 5b
encode_release_packet ret=0
MP4 frame 1380/1500: sequence=1384 pts=55160000 us key=0 nv12=4478976 h264=13935 acquire=13.051 ms encode=26.947 ms mux=0.195 ms
start encode NV12 with RV1106 vendor packet ABI, frame=1380
encode_put_frame ret=0
encode_get_packet ret=0 handle=0xaead1930 expected=0xaead1930
vendor packet: mpi_buf_id=177 len=13415 buf_size=1495040 offset=57216 data_num=1 flag=0x00000000 pts=1380
valloc packet buffer: mpi_buf_id=177 dma_buf_fd=11 size=0
H264 first bytes: 00 00 00 01 41 e0 00 a0 01 46 0b d5 1a 13 c2 a3
encode_release_packet ret=0
MP4 frame 1381/1500: sequence=1385 pts=55200000 us key=0 nv12=4478976 h264=13415 acquire=12.369 ms encode=26.235 ms mux=0.178 ms
start encode NV12 with RV1106 vendor packet ABI, frame=1381
encode_put_frame ret=0
encode_get_packet ret=0 handle=0xaead1930 expected=0xaead1930
vendor packet: mpi_buf_id=177 len=13516 buf_size=1495040 offset=70656 data_num=1 flag=0x00000000 pts=1381
valloc packet buffer: mpi_buf_id=177 dma_buf_fd=11 size=0
H264 first bytes: 00 00 00 01 41 e0 00 c0 01 86 0b c4 47 09 8e a6
encode_release_packet ret=0
MP4 frame 1382/1500: sequence=1386 pts=55240000 us key=0 nv12=4478976 h264=13516 acquire=13.107 ms encode=26.854 ms mux=0.185 ms
start encode NV12 with RV1106 vendor packet ABI, frame=1382
encode_put_frame ret=0
encode_get_packet ret=0 handle=0xaead1930 expected=0xaead1930
vendor packet: mpi_buf_id=177 len=13259 buf_size=1495040 offset=84224 data_num=1 flag=0x00000000 pts=1382
valloc packet buffer: mpi_buf_id=177 dma_buf_fd=11 size=0
H264 first bytes: 00 00 00 01 41 e0 00 e0 01 c6 0b c5 69 15 34 6d
encode_release_packet ret=0
MP4 frame 1383/1500: sequence=1387 pts=55280000 us key=0 nv12=4478976 h264=13259 acquire=12.475 ms encode=26.225 ms mux=0.188 ms
start encode NV12 with RV1106 vendor packet ABI, frame=1383
encode_put_frame ret=0
encode_get_packet ret=0 handle=0xaead1930 expected=0xaead1930
vendor packet: mpi_buf_id=177 len=13777 buf_size=1495040 offset=97536 data_num=1 flag=0x00000000 pts=1383
valloc packet buffer: mpi_buf_id=177 dma_buf_fd=11 size=0
H264 first bytes: 00 00 00 01 41 e0 01 00 02 06 0b cf 68 94 9d b8
encode_release_packet ret=0
MP4 frame 1384/1500: sequence=1388 pts=55320000 us key=0 nv12=4478976 h264=13777 acquire=13.102 ms encode=26.872 ms mux=0.194 ms
start encode NV12 with RV1106 vendor packet ABI, frame=1384
encode_put_frame ret=0
encode_get_packet ret=0 handle=0xaead1930 expected=0xaead1930
vendor packet: mpi_buf_id=177 len=12787 buf_size=1495040 offset=111360 data_num=1 flag=0x00000000 pts=1384
valloc packet buffer: mpi_buf_id=177 dma_buf_fd=11 size=0
H264 first bytes: 00 00 00 01 41 e0 01 20 02 46 1f 11 76 53 f7 e6
encode_release_packet ret=0
MP4 frame 1385/1500: sequence=1389 pts=55360000 us key=0 nv12=4478976 h264=12787 acquire=12.441 ms encode=26.338 ms mux=0.175 ms
start encode NV12 with RV1106 vendor packet ABI, frame=1385
encode_put_frame ret=0
encode_get_packet ret=0 handle=0xaead1930 expected=0xaead1930
vendor packet: mpi_buf_id=177 len=12978 buf_size=1495040 offset=124160 data_num=1 flag=0x00000000 pts=1385
valloc packet buffer: mpi_buf_id=177 dma_buf_fd=11 size=0
H264 first bytes: 00 00 00 01 41 e0 01 40 02 86 1f d1 e1 3b 62 04
encode_release_packet ret=0
MP4 frame 1386/1500: sequence=1390 pts=55400000 us key=0 nv12=4478976 h264=12978 acquire=13.004 ms encode=26.877 ms mux=0.180 ms
start encode NV12 with RV1106 vendor packet ABI, frame=1386
encode_put_frame ret=0
encode_get_packet ret=0 handle=0xaead1930 expected=0xaead1930
vendor packet: mpi_buf_id=177 len=12744 buf_size=1495040 offset=137216 data_num=1 flag=0x00000000 pts=1386
valloc packet buffer: mpi_buf_id=177 dma_buf_fd=11 size=0
H264 first bytes: 00 00 00 01 41 e0 01 60 02 c6 1f 08 c3 c1 d1 82
encode_release_packet ret=0
MP4 frame 1387/1500: sequence=1391 pts=55440000 us key=0 nv12=4478976 h264=12744 acquire=12.444 ms encode=26.231 ms mux=0.182 ms
start encode NV12 with RV1106 vendor packet ABI, frame=1387
encode_put_frame ret=0
encode_get_packet ret=0 handle=0xaead1930 expected=0xaead1930
vendor packet: mpi_buf_id=177 len=12629 buf_size=1495040 offset=150016 data_num=1 flag=0x00000000 pts=1387
valloc packet buffer: mpi_buf_id=177 dma_buf_fd=11 size=0
H264 first bytes: 00 00 00 01 41 e0 01 80 03 06 1f 17 92 11 d8 be
encode_release_packet ret=0
MP4 frame 1388/1500: sequence=1392 pts=55480000 us key=0 nv12=4478976 h264=12629 acquire=13.097 ms encode=26.858 ms mux=0.174 ms
start encode NV12 with RV1106 vendor packet ABI, frame=1388
encode_put_frame ret=0
encode_get_packet ret=0 handle=0xaead1930 expected=0xaead1930
vendor packet: mpi_buf_id=177 len=13331 buf_size=1495040 offset=162688 data_num=1 flag=0x00000000 pts=1388
valloc packet buffer: mpi_buf_id=177 dma_buf_fd=11 size=0
H264 first bytes: 00 00 00 01 41 e0 01 a0 03 46 1f 08 61 61 c2 53
encode_release_packet ret=0
MP4 frame 1389/1500: sequence=1393 pts=55520000 us key=0 nv12=4478976 h264=13331 acquire=12.483 ms encode=26.306 ms mux=0.183 ms
start encode NV12 with RV1106 vendor packet ABI, frame=1389
encode_put_frame ret=0
encode_get_packet ret=0 handle=0xaead1930 expected=0xaead1930
vendor packet: mpi_buf_id=177 len=12243 buf_size=1495040 offset=176128 data_num=1 flag=0x00000000 pts=1389
valloc packet buffer: mpi_buf_id=177 dma_buf_fd=11 size=0
H264 first bytes: 00 00 00 01 41 e0 01 c0 03 86 1f 06 f6 78 24 cd
encode_release_packet ret=0
MP4 frame 1390/1500: sequence=1394 pts=55560000 us key=0 nv12=4478976 h264=12243 acquire=13.028 ms encode=26.857 ms mux=0.176 ms
start encode NV12 with RV1106 vendor packet ABI, frame=1390
encode_put_frame ret=0
encode_get_packet ret=0 handle=0xaead1930 expected=0xaead1930
vendor packet: mpi_buf_id=177 len=12479 buf_size=1495040 offset=188416 data_num=1 flag=0x00000000 pts=1390
valloc packet buffer: mpi_buf_id=177 dma_buf_fd=11 size=0
H264 first bytes: 00 00 00 01 41 e0 01 e0 03 c6 1f 2d a8 bb 1c 41
encode_release_packet ret=0
MP4 frame 1391/1500: sequence=1395 pts=55600000 us key=0 nv12=4478976 h264=12479 acquire=12.468 ms encode=26.366 ms mux=0.174 ms
start encode NV12 with RV1106 vendor packet ABI, frame=1391
encode_put_frame ret=0
encode_get_packet ret=0 handle=0xaead1930 expected=0xaead1930
vendor packet: mpi_buf_id=177 len=13085 buf_size=1495040 offset=200960 data_num=1 flag=0x00000000 pts=1391
valloc packet buffer: mpi_buf_id=177 dma_buf_fd=11 size=0
H264 first bytes: 00 00 00 01 41 e0 02 00 04 06 1f 0a c2 f1 e2 7b
encode_release_packet ret=0
MP4 frame 1392/1500: sequence=1396 pts=55640000 us key=0 nv12=4478976 h264=13085 acquire=12.978 ms encode=26.873 ms mux=0.178 ms
start encode NV12 with RV1106 vendor packet ABI, frame=1392
encode_put_frame ret=0
encode_get_packet ret=0 handle=0xaead1930 expected=0xaead1930
vendor packet: mpi_buf_id=177 len=12476 buf_size=1495040 offset=214144 data_num=1 flag=0x00000000 pts=1392
valloc packet buffer: mpi_buf_id=177 dma_buf_fd=11 size=0
H264 first bytes: 00 00 00 01 41 e0 02 20 04 46 1f 09 58 e0 80 9d
encode_release_packet ret=0
MP4 frame 1393/1500: sequence=1397 pts=55680000 us key=0 nv12=4478976 h264=12476 acquire=12.340 ms encode=26.276 ms mux=0.170 ms
start encode NV12 with RV1106 vendor packet ABI, frame=1393
encode_put_frame ret=0
encode_get_packet ret=0 handle=0xaead1930 expected=0xaead1930
vendor packet: mpi_buf_id=177 len=12535 buf_size=1495040 offset=226688 data_num=1 flag=0x00000000 pts=1393
valloc packet buffer: mpi_buf_id=177 dma_buf_fd=11 size=0
H264 first bytes: 00 00 00 01 41 e0 02 40 04 86 1f 06 73 1c c2 76
encode_release_packet ret=0
MP4 frame 1394/1500: sequence=1398 pts=55720000 us key=0 nv12=4478976 h264=12535 acquire=13.068 ms encode=26.823 ms mux=0.179 ms
start encode NV12 with RV1106 vendor packet ABI, frame=1394
encode_put_frame ret=0
encode_get_packet ret=0 handle=0xaead1930 expected=0xaead1930
vendor packet: mpi_buf_id=177 len=12648 buf_size=1495040 offset=239232 data_num=1 flag=0x00000000 pts=1394
valloc packet buffer: mpi_buf_id=177 dma_buf_fd=11 size=0
H264 first bytes: 00 00 00 01 41 e0 02 60 04 c6 1f 15 47 81 6e 8f
encode_release_packet ret=0
MP4 frame 1395/1500: sequence=1399 pts=55760000 us key=0 nv12=4478976 h264=12648 acquire=12.504 ms encode=26.222 ms mux=0.170 ms
start encode NV12 with RV1106 vendor packet ABI, frame=1395
encode_put_frame ret=0
encode_get_packet ret=0 handle=0xaead1930 expected=0xaead1930
vendor packet: mpi_buf_id=177 len=12082 buf_size=1495040 offset=251904 data_num=1 flag=0x00000000 pts=1395
valloc packet buffer: mpi_buf_id=177 dma_buf_fd=11 size=0
H264 first bytes: 00 00 00 01 41 e0 02 80 05 06 1f 08 c7 1c 58 9d
encode_release_packet ret=0
MP4 frame 1396/1500: sequence=1400 pts=55800000 us key=0 nv12=4478976 h264=12082 acquire=13.118 ms encode=26.833 ms mux=0.170 ms
start encode NV12 with RV1106 vendor packet ABI, frame=1396
encode_put_frame ret=0
encode_get_packet ret=0 handle=0xaead1930 expected=0xaead1930
vendor packet: mpi_buf_id=177 len=13045 buf_size=1495040 offset=264064 data_num=1 flag=0x00000000 pts=1396
valloc packet buffer: mpi_buf_id=177 dma_buf_fd=11 size=0
H264 first bytes: 00 00 00 01 41 e0 02 a0 05 46 0b cf 4c 75 ee df
encode_release_packet ret=0
MP4 frame 1397/1500: sequence=1401 pts=55840000 us key=0 nv12=4478976 h264=13045 acquire=12.507 ms encode=26.213 ms mux=0.977 ms
start encode NV12 with RV1106 vendor packet ABI, frame=1397
encode_put_frame ret=0
encode_get_packet ret=0 handle=0xaead1930 expected=0xaead1930
vendor packet: mpi_buf_id=177 len=13452 buf_size=1495040 offset=277120 data_num=1 flag=0x00000000 pts=1397
valloc packet buffer: mpi_buf_id=177 dma_buf_fd=11 size=0
H264 first bytes: 00 00 00 01 41 e0 02 c0 05 86 0b c5 4d 8c b1 e3
encode_release_packet ret=0
MP4 frame 1398/1500: sequence=1402 pts=55880000 us key=0 nv12=4478976 h264=13452 acquire=12.328 ms encode=26.828 ms mux=0.182 ms
start encode NV12 with RV1106 vendor packet ABI, frame=1398
encode_put_frame ret=0
encode_get_packet ret=0 handle=0xaead1930 expected=0xaead1930
vendor packet: mpi_buf_id=177 len=13302 buf_size=1495040 offset=290688 data_num=1 flag=0x00000000 pts=1398
valloc packet buffer: mpi_buf_id=177 dma_buf_fd=11 size=0
H264 first bytes: 00 00 00 01 41 e0 02 e0 05 c6 0b c5 ee 2e c5 0c
encode_release_packet ret=0
MP4 frame 1399/1500: sequence=1403 pts=55920000 us key=0 nv12=4478976 h264=13302 acquire=12.485 ms encode=26.219 ms mux=0.180 ms
start encode NV12 with RV1106 vendor packet ABI, frame=1399
encode_put_frame ret=0
encode_get_packet ret=0 handle=0xaead1930 expected=0xaead1930
vendor packet: mpi_buf_id=177 len=12743 buf_size=1495040 offset=304000 data_num=1 flag=0x00000000 pts=1399
valloc packet buffer: mpi_buf_id=177 dma_buf_fd=11 size=0
H264 first bytes: 00 00 00 01 41 e0 03 00 06 06 0b cd 58 ac a3 04
encode_release_packet ret=0
MP4 frame 1400/1500: sequence=1404 pts=55960000 us key=0 nv12=4478976 h264=12743 acquire=13.109 ms encode=26.936 ms mux=0.181 ms
start encode NV12 with RV1106 vendor packet ABI, frame=1400
encode_put_frame ret=0
encode_get_packet ret=0 handle=0xaead1930 expected=0xaead1930
vendor packet: mpi_buf_id=177 len=189934 buf_size=1495040 offset=316800 data_num=1 flag=0x00000010 pts=1400
valloc packet buffer: mpi_buf_id=177 dma_buf_fd=11 size=0
H264 first bytes: 00 00 00 01 65 b8 00 00 90 00 00 4f 0a 44 84 10
encode_release_packet ret=0
MP4 frame 1401/1500: sequence=1405 pts=56000000 us key=1 nv12=4478976 h264=189934 acquire=12.396 ms encode=26.184 ms mux=3.060 ms
start encode NV12 with RV1106 vendor packet ABI, frame=1401
encode_put_frame ret=0
encode_get_packet ret=0 handle=0xaead1930 expected=0xaead1930
vendor packet: mpi_buf_id=177 len=12756 buf_size=1495040 offset=506752 data_num=1 flag=0x00000000 pts=1401
valloc packet buffer: mpi_buf_id=177 dma_buf_fd=11 size=0
H264 first bytes: 00 00 00 01 41 e0 00 20 00 46 0b cf 39 06 50 34
encode_release_packet ret=0
MP4 frame 1402/1500: sequence=1406 pts=56040000 us key=0 nv12=4478976 h264=12756 acquire=10.252 ms encode=26.949 ms mux=0.176 ms
start encode NV12 with RV1106 vendor packet ABI, frame=1402
encode_put_frame ret=0
encode_get_packet ret=0 handle=0xaead1930 expected=0xaead1930
vendor packet: mpi_buf_id=177 len=13457 buf_size=1495040 offset=519552 data_num=1 flag=0x00000000 pts=1402
valloc packet buffer: mpi_buf_id=177 dma_buf_fd=11 size=0
H264 first bytes: 00 00 00 01 41 e0 00 40 00 86 0b c9 6a 22 a0 9f
encode_release_packet ret=0
MP4 frame 1403/1500: sequence=1407 pts=56080000 us key=0 nv12=4478976 h264=13457 acquire=12.377 ms encode=26.244 ms mux=0.185 ms
start encode NV12 with RV1106 vendor packet ABI, frame=1403
encode_put_frame ret=0
encode_get_packet ret=0 handle=0xaead1930 expected=0xaead1930
vendor packet: mpi_buf_id=177 len=13231 buf_size=1495040 offset=533120 data_num=1 flag=0x00000000 pts=1403
valloc packet buffer: mpi_buf_id=177 dma_buf_fd=11 size=0
H264 first bytes: 00 00 00 01 41 e0 00 60 00 c6 0b f4 69 aa 0a ae
encode_release_packet ret=0
MP4 frame 1404/1500: sequence=1408 pts=56120000 us key=0 nv12=4478976 h264=13231 acquire=13.078 ms encode=26.819 ms mux=0.176 ms
start encode NV12 with RV1106 vendor packet ABI, frame=1404
encode_put_frame ret=0
encode_get_packet ret=0 handle=0xaead1930 expected=0xaead1930
vendor packet: mpi_buf_id=177 len=13137 buf_size=1495040 offset=546432 data_num=1 flag=0x00000000 pts=1404
valloc packet buffer: mpi_buf_id=177 dma_buf_fd=11 size=0
H264 first bytes: 00 00 00 01 41 e0 00 80 01 06 1f 53 28 4e 66 30
encode_release_packet ret=0
MP4 frame 1405/1500: sequence=1409 pts=56160000 us key=0 nv12=4478976 h264=13137 acquire=12.516 ms encode=26.237 ms mux=0.183 ms
start encode NV12 with RV1106 vendor packet ABI, frame=1405
encode_put_frame ret=0
encode_get_packet ret=0 handle=0xaead1930 expected=0xaead1930
vendor packet: mpi_buf_id=177 len=13155 buf_size=1495040 offset=559616 data_num=1 flag=0x00000000 pts=1405
valloc packet buffer: mpi_buf_id=177 dma_buf_fd=11 size=0
H264 first bytes: 00 00 00 01 41 e0 00 a0 01 46 1f 7a 9b 57 cd b1
encode_release_packet ret=0
MP4 frame 1406/1500: sequence=1410 pts=56200000 us key=0 nv12=4478976 h264=13155 acquire=13.097 ms encode=26.789 ms mux=0.184 ms
start encode NV12 with RV1106 vendor packet ABI, frame=1406
encode_put_frame ret=0
encode_get_packet ret=0 handle=0xaead1930 expected=0xaead1930
vendor packet: mpi_buf_id=177 len=13042 buf_size=1495040 offset=572800 data_num=1 flag=0x00000000 pts=1406
valloc packet buffer: mpi_buf_id=177 dma_buf_fd=11 size=0
H264 first bytes: 00 00 00 01 41 e0 00 c0 01 86 1f 09 cc 61 c2 7b
encode_release_packet ret=0
MP4 frame 1407/1500: sequence=1411 pts=56240000 us key=0 nv12=4478976 h264=13042 acquire=12.535 ms encode=26.252 ms mux=0.183 ms
start encode NV12 with RV1106 vendor packet ABI, frame=1407
encode_put_frame ret=0
encode_get_packet ret=0 handle=0xaead1930 expected=0xaead1930
vendor packet: mpi_buf_id=177 len=12703 buf_size=1495040 offset=585856 data_num=1 flag=0x00000000 pts=1407
valloc packet buffer: mpi_buf_id=177 dma_buf_fd=11 size=0
H264 first bytes: 00 00 00 01 41 e0 00 e0 01 c6 1f 02 d5 38 46 3f
encode_release_packet ret=0
MP4 frame 1408/1500: sequence=1412 pts=56280000 us key=0 nv12=4478976 h264=12703 acquire=13.082 ms encode=26.969 ms mux=0.173 ms
start encode NV12 with RV1106 vendor packet ABI, frame=1408
encode_put_frame ret=0
encode_get_packet ret=0 handle=0xaead1930 expected=0xaead1930
vendor packet: mpi_buf_id=177 len=12628 buf_size=1495040 offset=598656 data_num=1 flag=0x00000000 pts=1408
valloc packet buffer: mpi_buf_id=177 dma_buf_fd=11 size=0
H264 first bytes: 00 00 00 01 41 e0 01 00 02 06 1f 03 3e 68 46 77
encode_release_packet ret=0
MP4 frame 1409/1500: sequence=1413 pts=56320000 us key=0 nv12=4478976 h264=12628 acquire=12.368 ms encode=26.260 ms mux=0.173 ms
start encode NV12 with RV1106 vendor packet ABI, frame=1409
encode_put_frame ret=0
encode_get_packet ret=0 handle=0xaead1930 expected=0xaead1930
vendor packet: mpi_buf_id=177 len=13064 buf_size=1495040 offset=611328 data_num=1 flag=0x00000000 pts=1409
valloc packet buffer: mpi_buf_id=177 dma_buf_fd=11 size=0
H264 first bytes: 00 00 00 01 41 e0 01 20 02 46 1f 53 eb 50 33 56
encode_release_packet ret=0
MP4 frame 1410/1500: sequence=1414 pts=56360000 us key=0 nv12=4478976 h264=13064 acquire=13.077 ms encode=26.843 ms mux=0.178 ms
start encode NV12 with RV1106 vendor packet ABI, frame=1410
encode_put_frame ret=0
encode_get_packet ret=0 handle=0xaead1930 expected=0xaead1930
vendor packet: mpi_buf_id=177 len=10158 buf_size=1495040 offset=624512 data_num=1 flag=0x00000000 pts=1410
valloc packet buffer: mpi_buf_id=177 dma_buf_fd=11 size=0
H264 first bytes: 00 00 00 01 41 e0 01 40 02 86 3c 1e e6 84 26 51
encode_release_packet ret=0
MP4 frame 1411/1500: sequence=1415 pts=56400000 us key=0 nv12=4478976 h264=10158 acquire=12.479 ms encode=26.265 ms mux=0.148 ms
start encode NV12 with RV1106 vendor packet ABI, frame=1411
encode_put_frame ret=0
encode_get_packet ret=0 handle=0xaead1930 expected=0xaead1930
vendor packet: mpi_buf_id=177 len=12308 buf_size=1495040 offset=634752 data_num=1 flag=0x00000000 pts=1411
valloc packet buffer: mpi_buf_id=177 dma_buf_fd=11 size=0
H264 first bytes: 00 00 00 01 41 e0 01 60 02 c6 1f 7a 9b 3c 54 34
encode_release_packet ret=0
MP4 frame 1412/1500: sequence=1416 pts=56440000 us key=0 nv12=4478976 h264=12308 acquire=13.104 ms encode=26.838 ms mux=0.177 ms
start encode NV12 with RV1106 vendor packet ABI, frame=1412
encode_put_frame ret=0
encode_get_packet ret=0 handle=0xaead1930 expected=0xaead1930
vendor packet: mpi_buf_id=177 len=11853 buf_size=1495040 offset=647168 data_num=1 flag=0x00000000 pts=1412
valloc packet buffer: mpi_buf_id=177 dma_buf_fd=11 size=0
H264 first bytes: 00 00 00 01 41 e0 01 80 03 06 1f 0a c3 c1 91 82
encode_release_packet ret=0
MP4 frame 1413/1500: sequence=1417 pts=56480000 us key=0 nv12=4478976 h264=11853 acquire=12.500 ms encode=26.307 ms mux=0.168 ms
start encode NV12 with RV1106 vendor packet ABI, frame=1413
encode_put_frame ret=0
encode_get_packet ret=0 handle=0xaead1930 expected=0xaead1930
vendor packet: mpi_buf_id=177 len=12062 buf_size=1495040 offset=659072 data_num=1 flag=0x00000000 pts=1413
valloc packet buffer: mpi_buf_id=177 dma_buf_fd=11 size=0
H264 first bytes: 00 00 00 01 41 e0 01 a0 03 46 1f 06 54 71 c2 5f
encode_release_packet ret=0
MP4 frame 1414/1500: sequence=1418 pts=56520000 us key=0 nv12=4478976 h264=12062 acquire=13.040 ms encode=27.228 ms mux=0.170 ms
start encode NV12 with RV1106 vendor packet ABI, frame=1414
encode_put_frame ret=0
encode_get_packet ret=0 handle=0xaead1930 expected=0xaead1930
vendor packet: mpi_buf_id=177 len=11965 buf_size=1495040 offset=671232 data_num=1 flag=0x00000000 pts=1414
valloc packet buffer: mpi_buf_id=177 dma_buf_fd=11 size=0
H264 first bytes: 00 00 00 01 41 e0 01 c0 03 86 1f 24 f9 29 b2 a9
encode_release_packet ret=0
MP4 frame 1415/1500: sequence=1419 pts=56560000 us key=0 nv12=4478976 h264=11965 acquire=12.111 ms encode=26.230 ms mux=0.166 ms
start encode NV12 with RV1106 vendor packet ABI, frame=1415
encode_put_frame ret=0
encode_get_packet ret=0 handle=0xaead1930 expected=0xaead1930
vendor packet: mpi_buf_id=177 len=12333 buf_size=1495040 offset=683264 data_num=1 flag=0x00000000 pts=1415
valloc packet buffer: mpi_buf_id=177 dma_buf_fd=11 size=0
H264 first bytes: 00 00 00 01 41 e0 01 e0 03 c6 1f 07 b4 69 6d c1
encode_release_packet ret=0
MP4 frame 1416/1500: sequence=1420 pts=56600000 us key=0 nv12=4478976 h264=12333 acquire=13.004 ms encode=26.853 ms mux=0.177 ms
start encode NV12 with RV1106 vendor packet ABI, frame=1416
encode_put_frame ret=0
encode_get_packet ret=0 handle=0xaead1930 expected=0xaead1930
vendor packet: mpi_buf_id=177 len=12031 buf_size=1495040 offset=695680 data_num=1 flag=0x00000000 pts=1416
valloc packet buffer: mpi_buf_id=177 dma_buf_fd=11 size=0
H264 first bytes: 00 00 00 01 41 e0 02 00 04 06 1f 0d ce 85 95 ad
encode_release_packet ret=0
MP4 frame 1417/1500: sequence=1421 pts=56640000 us key=0 nv12=4478976 h264=12031 acquire=12.477 ms encode=26.237 ms mux=0.196 ms
start encode NV12 with RV1106 vendor packet ABI, frame=1417
encode_put_frame ret=0
encode_get_packet ret=0 handle=0xaead1930 expected=0xaead1930
vendor packet: mpi_buf_id=177 len=12731 buf_size=1495040 offset=707712 data_num=1 flag=0x00000000 pts=1417
valloc packet buffer: mpi_buf_id=177 dma_buf_fd=11 size=0
H264 first bytes: 00 00 00 01 41 e0 02 20 04 46 1f 1d 9b 98 20 30
encode_release_packet ret=0
MP4 frame 1418/1500: sequence=1422 pts=56680000 us key=0 nv12=4478976 h264=12731 acquire=13.074 ms encode=26.838 ms mux=0.176 ms
start encode NV12 with RV1106 vendor packet ABI, frame=1418
encode_put_frame ret=0
encode_get_packet ret=0 handle=0xaead1930 expected=0xaead1930
vendor packet: mpi_buf_id=177 len=12749 buf_size=1495040 offset=720512 data_num=1 flag=0x00000000 pts=1418
valloc packet buffer: mpi_buf_id=177 dma_buf_fd=11 size=0
H264 first bytes: 00 00 00 01 41 e0 02 40 04 86 1f 3c c7 1d be 86
encode_release_packet ret=0
MP4 frame 1419/1500: sequence=1423 pts=56720000 us key=0 nv12=4478976 h264=12749 acquire=12.494 ms encode=26.221 ms mux=0.178 ms
start encode NV12 with RV1106 vendor packet ABI, frame=1419
encode_put_frame ret=0
encode_get_packet ret=0 handle=0xaead1930 expected=0xaead1930
vendor packet: mpi_buf_id=177 len=12095 buf_size=1495040 offset=733312 data_num=1 flag=0x00000000 pts=1419
valloc packet buffer: mpi_buf_id=177 dma_buf_fd=11 size=0
H264 first bytes: 00 00 00 01 41 e0 02 60 04 c6 1f 05 12 6e 94 f3
encode_release_packet ret=0
MP4 frame 1420/1500: sequence=1424 pts=56760000 us key=0 nv12=4478976 h264=12095 acquire=13.109 ms encode=26.938 ms mux=0.173 ms
start encode NV12 with RV1106 vendor packet ABI, frame=1420
encode_put_frame ret=0
encode_get_packet ret=0 handle=0xaead1930 expected=0xaead1930
vendor packet: mpi_buf_id=177 len=12121 buf_size=1495040 offset=745472 data_num=1 flag=0x00000000 pts=1420
valloc packet buffer: mpi_buf_id=177 dma_buf_fd=11 size=0
H264 first bytes: 00 00 00 01 41 e0 02 80 05 06 0b c9 5b b8 e9 a8
encode_release_packet ret=0
MP4 frame 1421/1500: sequence=1425 pts=56800000 us key=0 nv12=4478976 h264=12121 acquire=12.403 ms encode=26.202 ms mux=0.169 ms
start encode NV12 with RV1106 vendor packet ABI, frame=1421
encode_put_frame ret=0
encode_get_packet ret=0 handle=0xaead1930 expected=0xaead1930
vendor packet: mpi_buf_id=177 len=12835 buf_size=1495040 offset=757632 data_num=1 flag=0x00000000 pts=1421
valloc packet buffer: mpi_buf_id=177 dma_buf_fd=11 size=0
H264 first bytes: 00 00 00 01 41 e0 02 a0 05 46 0b f6 79 b8 eb 8f
encode_release_packet ret=0
MP4 frame 1422/1500: sequence=1426 pts=56840000 us key=0 nv12=4478976 h264=12835 acquire=13.142 ms encode=26.820 ms mux=1.052 ms
start encode NV12 with RV1106 vendor packet ABI, frame=1422
encode_put_frame ret=0
encode_get_packet ret=0 handle=0xaead1930 expected=0xaead1930
vendor packet: mpi_buf_id=177 len=12799 buf_size=1495040 offset=770560 data_num=1 flag=0x00000000 pts=1422
valloc packet buffer: mpi_buf_id=177 dma_buf_fd=11 size=0
H264 first bytes: 00 00 00 01 41 e0 02 c0 05 86 0b c2 96 50 88 9c
encode_release_packet ret=0
MP4 frame 1423/1500: sequence=1427 pts=56880000 us key=0 nv12=4478976 h264=12799 acquire=11.630 ms encode=26.474 ms mux=0.180 ms
start encode NV12 with RV1106 vendor packet ABI, frame=1423
encode_put_frame ret=0
encode_get_packet ret=0 handle=0xaead1930 expected=0xaead1930
vendor packet: mpi_buf_id=177 len=12996 buf_size=1495040 offset=783360 data_num=1 flag=0x00000000 pts=1423
valloc packet buffer: mpi_buf_id=177 dma_buf_fd=11 size=0
H264 first bytes: 00 00 00 01 41 e0 02 e0 05 c6 0b c7 e3 86 09 2a
encode_release_packet ret=0
MP4 frame 1424/1500: sequence=1428 pts=56920000 us key=0 nv12=4478976 h264=12996 acquire=12.845 ms encode=26.936 ms mux=0.181 ms
start encode NV12 with RV1106 vendor packet ABI, frame=1424
encode_put_frame ret=0
encode_get_packet ret=0 handle=0xaead1930 expected=0xaead1930
vendor packet: mpi_buf_id=177 len=13434 buf_size=1495040 offset=796416 data_num=1 flag=0x00000000 pts=1424
valloc packet buffer: mpi_buf_id=177 dma_buf_fd=11 size=0
H264 first bytes: 00 00 00 01 41 e0 03 00 06 06 0b c5 74 54 ec 4c
encode_release_packet ret=0
MP4 frame 1425/1500: sequence=1429 pts=56960000 us key=0 nv12=4478976 h264=13434 acquire=12.403 ms encode=26.263 ms mux=0.181 ms
start encode NV12 with RV1106 vendor packet ABI, frame=1425
encode_put_frame ret=0
encode_get_packet ret=0 handle=0xaead1930 expected=0xaead1930
vendor packet: mpi_buf_id=177 len=189693 buf_size=1495040 offset=809856 data_num=1 flag=0x00000010 pts=1425
valloc packet buffer: mpi_buf_id=177 dma_buf_fd=11 size=0
H264 first bytes: 00 00 00 01 65 b8 00 00 a0 00 00 4f 0a 44 82 90
encode_release_packet ret=0
MP4 frame 1426/1500: sequence=1430 pts=57000000 us key=1 nv12=4478976 h264=189693 acquire=13.065 ms encode=26.777 ms mux=3.158 ms
start encode NV12 with RV1106 vendor packet ABI, frame=1426
encode_put_frame ret=0
encode_get_packet ret=0 handle=0xaead1930 expected=0xaead1930
vendor packet: mpi_buf_id=177 len=13096 buf_size=1495040 offset=999552 data_num=1 flag=0x00000000 pts=1426
valloc packet buffer: mpi_buf_id=177 dma_buf_fd=11 size=0
H264 first bytes: 00 00 00 01 41 e0 00 20 00 46 0b c5 f3 96 5f 4d
encode_release_packet ret=0
MP4 frame 1427/1500: sequence=1431 pts=57040000 us key=0 nv12=4478976 h264=13096 acquire=9.571 ms encode=26.246 ms mux=0.183 ms
start encode NV12 with RV1106 vendor packet ABI, frame=1427
encode_put_frame ret=0
encode_get_packet ret=0 handle=0xaead1930 expected=0xaead1930
vendor packet: mpi_buf_id=177 len=12767 buf_size=1495040 offset=1012736 data_num=1 flag=0x00000000 pts=1427
valloc packet buffer: mpi_buf_id=177 dma_buf_fd=11 size=0
H264 first bytes: 00 00 00 01 41 e0 00 40 00 86 0b cb 58 cc 78 c1
encode_release_packet ret=0
MP4 frame 1428/1500: sequence=1432 pts=57080000 us key=0 nv12=4478976 h264=12767 acquire=13.073 ms encode=26.887 ms mux=0.178 ms
start encode NV12 with RV1106 vendor packet ABI, frame=1428
encode_put_frame ret=0
encode_get_packet ret=0 handle=0xaead1930 expected=0xaead1930
vendor packet: mpi_buf_id=177 len=13665 buf_size=1495040 offset=1025536 data_num=1 flag=0x00000000 pts=1428
valloc packet buffer: mpi_buf_id=177 dma_buf_fd=11 size=0
H264 first bytes: 00 00 00 01 41 e0 00 60 00 c6 0b c4 54 12 94 75
encode_release_packet ret=0
MP4 frame 1429/1500: sequence=1433 pts=57120000 us key=0 nv12=4478976 h264=13665 acquire=12.443 ms encode=26.192 ms mux=0.194 ms
start encode NV12 with RV1106 vendor packet ABI, frame=1429
encode_put_frame ret=0
encode_get_packet ret=0 handle=0xaead1930 expected=0xaead1930
vendor packet: mpi_buf_id=177 len=13638 buf_size=1495040 offset=1039232 data_num=1 flag=0x00000000 pts=1429
valloc packet buffer: mpi_buf_id=177 dma_buf_fd=11 size=0
H264 first bytes: 00 00 00 01 41 e0 00 80 01 06 0b c4 ea 78 f2 84
encode_release_packet ret=0
MP4 frame 1430/1500: sequence=1434 pts=57160000 us key=0 nv12=4478976 h264=13638 acquire=13.122 ms encode=26.874 ms mux=0.186 ms
start encode NV12 with RV1106 vendor packet ABI, frame=1430
encode_put_frame ret=0
encode_get_packet ret=0 handle=0xaead1930 expected=0xaead1930
vendor packet: mpi_buf_id=177 len=13499 buf_size=1495040 offset=1052928 data_num=1 flag=0x00000000 pts=1430
valloc packet buffer: mpi_buf_id=177 dma_buf_fd=11 size=0
H264 first bytes: 00 00 00 01 41 e0 00 a0 01 46 0b cf 68 65 19 18
encode_release_packet ret=0
MP4 frame 1431/1500: sequence=1435 pts=57200000 us key=0 nv12=4478976 h264=13499 acquire=12.451 ms encode=26.359 ms mux=0.183 ms
start encode NV12 with RV1106 vendor packet ABI, frame=1431
encode_put_frame ret=0
encode_get_packet ret=0 handle=0xaead1930 expected=0xaead1930
vendor packet: mpi_buf_id=177 len=13207 buf_size=1495040 offset=1066496 data_num=1 flag=0x00000000 pts=1431
valloc packet buffer: mpi_buf_id=177 dma_buf_fd=11 size=0
H264 first bytes: 00 00 00 01 41 e0 00 c0 01 86 0b dd 98 40 96 e9
encode_release_packet ret=0
MP4 frame 1432/1500: sequence=1436 pts=57240000 us key=0 nv12=4478976 h264=13207 acquire=12.977 ms encode=27.132 ms mux=0.189 ms
start encode NV12 with RV1106 vendor packet ABI, frame=1432
encode_put_frame ret=0
encode_get_packet ret=0 handle=0xaead1930 expected=0xaead1930
vendor packet: mpi_buf_id=177 len=13772 buf_size=1495040 offset=1079808 data_num=1 flag=0x00000000 pts=1432
valloc packet buffer: mpi_buf_id=177 dma_buf_fd=11 size=0
H264 first bytes: 00 00 00 01 41 e0 00 e0 01 c6 0b c2 14 c6 09 52
encode_release_packet ret=0
MP4 frame 1433/1500: sequence=1437 pts=57280000 us key=0 nv12=4478976 h264=13772 acquire=12.201 ms encode=26.201 ms mux=0.181 ms
start encode NV12 with RV1106 vendor packet ABI, frame=1433
encode_put_frame ret=0
encode_get_packet ret=0 handle=0xaead1930 expected=0xaead1930
vendor packet: mpi_buf_id=177 len=13009 buf_size=1495040 offset=1093632 data_num=1 flag=0x00000000 pts=1433
valloc packet buffer: mpi_buf_id=177 dma_buf_fd=11 size=0
H264 first bytes: 00 00 00 01 41 e0 01 00 02 06 1f cf 84 28 70 81
encode_release_packet ret=0
MP4 frame 1434/1500: sequence=1438 pts=57320000 us key=0 nv12=4478976 h264=13009 acquire=13.111 ms encode=26.855 ms mux=0.181 ms
start encode NV12 with RV1106 vendor packet ABI, frame=1434
encode_put_frame ret=0
encode_get_packet ret=0 handle=0xaead1930 expected=0xaead1930
vendor packet: mpi_buf_id=177 len=12334 buf_size=1495040 offset=1106688 data_num=1 flag=0x00000000 pts=1434
valloc packet buffer: mpi_buf_id=177 dma_buf_fd=11 size=0
H264 first bytes: 00 00 00 01 41 e0 01 20 02 46 1f 0d ce 82 05 ed
encode_release_packet ret=0
MP4 frame 1435/1500: sequence=1439 pts=57360000 us key=0 nv12=4478976 h264=12334 acquire=12.476 ms encode=26.358 ms mux=0.174 ms
start encode NV12 with RV1106 vendor packet ABI, frame=1435
encode_put_frame ret=0
encode_get_packet ret=0 handle=0xaead1930 expected=0xaead1930
vendor packet: mpi_buf_id=177 len=13629 buf_size=1495040 offset=1119104 data_num=1 flag=0x00000000 pts=1435
valloc packet buffer: mpi_buf_id=177 dma_buf_fd=11 size=0
H264 first bytes: 00 00 00 01 41 e0 01 40 02 86 0b c9 cd e2 e3 38
encode_release_packet ret=0
MP4 frame 1436/1500: sequence=1440 pts=57400000 us key=0 nv12=4478976 h264=13629 acquire=12.976 ms encode=26.786 ms mux=0.187 ms
start encode NV12 with RV1106 vendor packet ABI, frame=1436
encode_put_frame ret=0
encode_get_packet ret=0 handle=0xaead1930 expected=0xaead1930
vendor packet: mpi_buf_id=177 len=13432 buf_size=1495040 offset=1132800 data_num=1 flag=0x00000000 pts=1436
valloc packet buffer: mpi_buf_id=177 dma_buf_fd=11 size=0
H264 first bytes: 00 00 00 01 41 e0 01 60 02 c6 1f 0a 4e 70 90 9e
encode_release_packet ret=0
MP4 frame 1437/1500: sequence=1441 pts=57440000 us key=0 nv12=4478976 h264=13432 acquire=12.545 ms encode=26.221 ms mux=0.184 ms
start encode NV12 with RV1106 vendor packet ABI, frame=1437
encode_put_frame ret=0
encode_get_packet ret=0 handle=0xaead1930 expected=0xaead1930
vendor packet: mpi_buf_id=177 len=12771 buf_size=1495040 offset=1146240 data_num=1 flag=0x00000000 pts=1437
valloc packet buffer: mpi_buf_id=177 dma_buf_fd=11 size=0
H264 first bytes: 00 00 00 01 41 e0 01 80 03 06 1f 0b 51 c7 09 a4
encode_release_packet ret=0
MP4 frame 1438/1500: sequence=1442 pts=57480000 us key=0 nv12=4478976 h264=12771 acquire=13.096 ms encode=26.889 ms mux=0.176 ms
start encode NV12 with RV1106 vendor packet ABI, frame=1438
encode_put_frame ret=0
encode_get_packet ret=0 handle=0xaead1930 expected=0xaead1930
vendor packet: mpi_buf_id=177 len=12322 buf_size=1495040 offset=1159040 data_num=1 flag=0x00000000 pts=1438
valloc packet buffer: mpi_buf_id=177 dma_buf_fd=11 size=0
H264 first bytes: 00 00 00 01 41 e0 01 a0 03 46 1f 11 78 9b 16 30
encode_release_packet ret=0
MP4 frame 1439/1500: sequence=1443 pts=57520000 us key=0 nv12=4478976 h264=12322 acquire=12.346 ms encode=26.251 ms mux=0.172 ms
start encode NV12 with RV1106 vendor packet ABI, frame=1439
encode_put_frame ret=0
encode_get_packet ret=0 handle=0xaead1930 expected=0xaead1930
vendor packet: mpi_buf_id=177 len=12709 buf_size=1495040 offset=1171456 data_num=1 flag=0x00000000 pts=1439
valloc packet buffer: mpi_buf_id=177 dma_buf_fd=11 size=0
H264 first bytes: 00 00 00 01 41 e0 01 c0 03 86 1f 08 46 c6 09 b4
encode_release_packet ret=0
MP4 frame 1440/1500: sequence=1444 pts=57560000 us key=0 nv12=4478976 h264=12709 acquire=13.092 ms encode=26.881 ms mux=0.174 ms
start encode NV12 with RV1106 vendor packet ABI, frame=1440
encode_put_frame ret=0
encode_get_packet ret=0 handle=0xaead1930 expected=0xaead1930
vendor packet: mpi_buf_id=177 len=12194 buf_size=1495040 offset=1184256 data_num=1 flag=0x00000000 pts=1440
valloc packet buffer: mpi_buf_id=177 dma_buf_fd=11 size=0
H264 first bytes: 00 00 00 01 41 e0 01 e0 03 c6 1f 02 04 ea 14 9b
encode_release_packet ret=0
MP4 frame 1441/1500: sequence=1445 pts=57600000 us key=0 nv12=4478976 h264=12194 acquire=12.456 ms encode=26.263 ms mux=0.168 ms
start encode NV12 with RV1106 vendor packet ABI, frame=1441
encode_put_frame ret=0
encode_get_packet ret=0 handle=0xaead1930 expected=0xaead1930
vendor packet: mpi_buf_id=177 len=12465 buf_size=1495040 offset=1196544 data_num=1 flag=0x00000000 pts=1441
valloc packet buffer: mpi_buf_id=177 dma_buf_fd=11 size=0
H264 first bytes: 00 00 00 01 41 e0 02 00 04 06 1f 53 28 e8 e4 28
encode_release_packet ret=0
MP4 frame 1442/1500: sequence=1446 pts=57640000 us key=0 nv12=4478976 h264=12465 acquire=13.080 ms encode=26.805 ms mux=0.178 ms
start encode NV12 with RV1106 vendor packet ABI, frame=1442
encode_put_frame ret=0
encode_get_packet ret=0 handle=0xaead1930 expected=0xaead1930
vendor packet: mpi_buf_id=177 len=12343 buf_size=1495040 offset=1209088 data_num=1 flag=0x00000000 pts=1442
valloc packet buffer: mpi_buf_id=177 dma_buf_fd=11 size=0
H264 first bytes: 00 00 00 01 41 e0 02 20 04 46 1f 17 b8 98 f3 90
encode_release_packet ret=0
MP4 frame 1443/1500: sequence=1447 pts=57680000 us key=0 nv12=4478976 h264=12343 acquire=12.529 ms encode=26.215 ms mux=0.173 ms
start encode NV12 with RV1106 vendor packet ABI, frame=1443
encode_put_frame ret=0
encode_get_packet ret=0 handle=0xaead1930 expected=0xaead1930
vendor packet: mpi_buf_id=177 len=11846 buf_size=1495040 offset=1221504 data_num=1 flag=0x00000000 pts=1443
valloc packet buffer: mpi_buf_id=177 dma_buf_fd=11 size=0
H264 first bytes: 00 00 00 01 41 e0 02 40 04 86 1f 3d 15 dd 8f 13
encode_release_packet ret=0
MP4 frame 1444/1500: sequence=1448 pts=57720000 us key=0 nv12=4478976 h264=11846 acquire=13.111 ms encode=26.875 ms mux=0.164 ms
start encode NV12 with RV1106 vendor packet ABI, frame=1444
encode_put_frame ret=0
encode_get_packet ret=0 handle=0xaead1930 expected=0xaead1930
vendor packet: mpi_buf_id=177 len=12503 buf_size=1495040 offset=1233408 data_num=1 flag=0x00000000 pts=1444
valloc packet buffer: mpi_buf_id=177 dma_buf_fd=11 size=0
H264 first bytes: 00 00 00 01 41 e0 02 60 04 c6 0b c6 5a 15 a6 d9
encode_release_packet ret=0
MP4 frame 1445/1500: sequence=1449 pts=57760000 us key=0 nv12=4478976 h264=12503 acquire=12.479 ms encode=26.168 ms mux=0.169 ms
start encode NV12 with RV1106 vendor packet ABI, frame=1445
encode_put_frame ret=0
encode_get_packet ret=0 handle=0xaead1930 expected=0xaead1930
vendor packet: mpi_buf_id=177 len=13002 buf_size=1495040 offset=1245952 data_num=1 flag=0x00000000 pts=1445
valloc packet buffer: mpi_buf_id=177 dma_buf_fd=11 size=0
H264 first bytes: 00 00 00 01 41 e0 02 80 05 06 0b c0 93 65 81 16
encode_release_packet ret=0
MP4 frame 1446/1500: sequence=1450 pts=57800000 us key=0 nv12=4478976 h264=13002 acquire=13.176 ms encode=27.102 ms mux=0.179 ms
start encode NV12 with RV1106 vendor packet ABI, frame=1446
encode_put_frame ret=0
encode_get_packet ret=0 handle=0xaead1930 expected=0xaead1930
vendor packet: mpi_buf_id=177 len=13212 buf_size=1495040 offset=1259008 data_num=1 flag=0x00000000 pts=1446
valloc packet buffer: mpi_buf_id=177 dma_buf_fd=11 size=0
H264 first bytes: 00 00 00 01 41 e0 02 a0 05 46 0b cf 39 81 74 f1
encode_release_packet ret=0
MP4 frame 1447/1500: sequence=1451 pts=57840000 us key=0 nv12=4478976 h264=13212 acquire=12.227 ms encode=26.182 ms mux=1.067 ms
start encode NV12 with RV1106 vendor packet ABI, frame=1447
encode_put_frame ret=0
encode_get_packet ret=0 handle=0xaead1930 expected=0xaead1930
vendor packet: mpi_buf_id=177 len=13007 buf_size=1495040 offset=1272320 data_num=1 flag=0x00000000 pts=1447
valloc packet buffer: mpi_buf_id=177 dma_buf_fd=11 size=0
H264 first bytes: 00 00 00 01 41 e0 02 c0 05 86 0b c2 d6 3c 70 94
encode_release_packet ret=0
MP4 frame 1448/1500: sequence=1452 pts=57880000 us key=0 nv12=4478976 h264=13007 acquire=12.261 ms encode=26.868 ms mux=0.186 ms
start encode NV12 with RV1106 vendor packet ABI, frame=1448
encode_put_frame ret=0
encode_get_packet ret=0 handle=0xaead1930 expected=0xaead1930
vendor packet: mpi_buf_id=177 len=13125 buf_size=1495040 offset=1285376 data_num=1 flag=0x00000000 pts=1448
valloc packet buffer: mpi_buf_id=177 dma_buf_fd=11 size=0
H264 first bytes: 00 00 00 01 41 e0 02 e0 05 c6 0b cd a8 9e 30 4b
encode_release_packet ret=0
MP4 frame 1449/1500: sequence=1453 pts=57920000 us key=0 nv12=4478976 h264=13125 acquire=12.441 ms encode=26.295 ms mux=0.180 ms
start encode NV12 with RV1106 vendor packet ABI, frame=1449
encode_put_frame ret=0
encode_get_packet ret=0 handle=0xaead1930 expected=0xaead1930
vendor packet: mpi_buf_id=177 len=13592 buf_size=1495040 offset=1298560 data_num=1 flag=0x00000000 pts=1449
valloc packet buffer: mpi_buf_id=177 dma_buf_fd=11 size=0
H264 first bytes: 00 00 00 01 41 e0 03 00 06 06 0b cf c4 51 19 4f
encode_release_packet ret=0
MP4 frame 1450/1500: sequence=1454 pts=57960000 us key=0 nv12=4478976 h264=13592 acquire=13.041 ms encode=26.869 ms mux=0.187 ms
start encode NV12 with RV1106 vendor packet ABI, frame=1450
encode_put_frame ret=0
encode_get_packet ret=0 handle=0xaead1930 expected=0xaead1930
vendor packet: mpi_buf_id=177 len=190180 buf_size=1495040 offset=1312256 data_num=1 flag=0x00000010 pts=1450
valloc packet buffer: mpi_buf_id=177 dma_buf_fd=11 size=0
H264 first bytes: 00 00 00 01 65 b8 00 00 b0 00 00 4f 0a 44 84 44
encode_release_packet ret=0
MP4 frame 1451/1500: sequence=1455 pts=58000000 us key=1 nv12=4478976 h264=190180 acquire=12.451 ms encode=26.181 ms mux=3.250 ms
start encode NV12 with RV1106 vendor packet ABI, frame=1451
encode_put_frame ret=0
encode_get_packet ret=0 handle=0xaead1930 expected=0xaead1930
vendor packet: mpi_buf_id=177 len=12973 buf_size=1495040 offset=7424 data_num=1 flag=0x00000000 pts=1451
valloc packet buffer: mpi_buf_id=177 dma_buf_fd=11 size=0
H264 first bytes: 00 00 00 01 41 e0 00 20 00 46 0b c5 52 ee 8a 55
encode_release_packet ret=0
MP4 frame 1452/1500: sequence=1456 pts=58040000 us key=0 nv12=4478976 h264=12973 acquire=10.085 ms encode=26.883 ms mux=0.177 ms
start encode NV12 with RV1106 vendor packet ABI, frame=1452
encode_put_frame ret=0
encode_get_packet ret=0 handle=0xaead1930 expected=0xaead1930
vendor packet: mpi_buf_id=177 len=13512 buf_size=1495040 offset=20480 data_num=1 flag=0x00000000 pts=1452
valloc packet buffer: mpi_buf_id=177 dma_buf_fd=11 size=0
H264 first bytes: 00 00 00 01 41 e0 00 40 00 86 0b c4 6c 41 4f ab
encode_release_packet ret=0
MP4 frame 1453/1500: sequence=1457 pts=58080000 us key=0 nv12=4478976 h264=13512 acquire=12.435 ms encode=26.236 ms mux=0.188 ms
start encode NV12 with RV1106 vendor packet ABI, frame=1453
encode_put_frame ret=0
encode_get_packet ret=0 handle=0xaead1930 expected=0xaead1930
vendor packet: mpi_buf_id=177 len=13557 buf_size=1495040 offset=34048 data_num=1 flag=0x00000000 pts=1453
valloc packet buffer: mpi_buf_id=177 dma_buf_fd=11 size=0
H264 first bytes: 00 00 00 01 41 e0 00 60 00 c6 0b cf 68 65 0e f4
encode_release_packet ret=0
MP4 frame 1454/1500: sequence=1458 pts=58120000 us key=0 nv12=4478976 h264=13557 acquire=13.085 ms encode=27.018 ms mux=0.183 ms
start encode NV12 with RV1106 vendor packet ABI, frame=1454
encode_put_frame ret=0
encode_get_packet ret=0 handle=0xaead1930 expected=0xaead1930
vendor packet: mpi_buf_id=177 len=13707 buf_size=1495040 offset=47616 data_num=1 flag=0x00000000 pts=1454
valloc packet buffer: mpi_buf_id=177 dma_buf_fd=11 size=0
H264 first bytes: 00 00 00 01 41 e0 00 80 01 06 0b c2 b3 9c 60 93
encode_release_packet ret=0
MP4 frame 1455/1500: sequence=1459 pts=58160000 us key=0 nv12=4478976 h264=13707 acquire=12.315 ms encode=26.198 ms mux=0.188 ms
start encode NV12 with RV1106 vendor packet ABI, frame=1455
encode_put_frame ret=0
encode_get_packet ret=0 handle=0xaead1930 expected=0xaead1930
vendor packet: mpi_buf_id=177 len=13868 buf_size=1495040 offset=61440 data_num=1 flag=0x00000000 pts=1455
valloc packet buffer: mpi_buf_id=177 dma_buf_fd=11 size=0
H264 first bytes: 00 00 00 01 41 e0 00 a0 01 46 0b c2 d4 82 82 6c
encode_release_packet ret=0
MP4 frame 1456/1500: sequence=1460 pts=58200000 us key=0 nv12=4478976 h264=13868 acquire=13.117 ms encode=26.841 ms mux=0.186 ms
start encode NV12 with RV1106 vendor packet ABI, frame=1456
encode_put_frame ret=0
encode_get_packet ret=0 handle=0xaead1930 expected=0xaead1930
vendor packet: mpi_buf_id=177 len=13311 buf_size=1495040 offset=75392 data_num=1 flag=0x00000000 pts=1456
valloc packet buffer: mpi_buf_id=177 dma_buf_fd=11 size=0
H264 first bytes: 00 00 00 01 41 e0 00 c0 01 86 0b c2 96 86 09 ce
encode_release_packet ret=0
MP4 frame 1457/1500: sequence=1461 pts=58240000 us key=0 nv12=4478976 h264=13311 acquire=12.484 ms encode=26.271 ms mux=0.182 ms
start encode NV12 with RV1106 vendor packet ABI, frame=1457
encode_put_frame ret=0
encode_get_packet ret=0 handle=0xaead1930 expected=0xaead1930
vendor packet: mpi_buf_id=177 len=12869 buf_size=1495040 offset=88704 data_num=1 flag=0x00000000 pts=1457
valloc packet buffer: mpi_buf_id=177 dma_buf_fd=11 size=0
H264 first bytes: 00 00 00 01 41 e0 00 e0 01 c6 0b f4 68 e2 f8 a3
encode_release_packet ret=0
MP4 frame 1458/1500: sequence=1462 pts=58280000 us key=0 nv12=4478976 h264=12869 acquire=13.060 ms encode=26.842 ms mux=0.175 ms
start encode NV12 with RV1106 vendor packet ABI, frame=1458
encode_put_frame ret=0
encode_get_packet ret=0 handle=0xaead1930 expected=0xaead1930
vendor packet: mpi_buf_id=177 len=13195 buf_size=1495040 offset=101632 data_num=1 flag=0x00000000 pts=1458
valloc packet buffer: mpi_buf_id=177 dma_buf_fd=11 size=0
H264 first bytes: 00 00 00 01 41 e0 01 00 02 06 0b c2 d6 38 60 91
encode_release_packet ret=0
MP4 frame 1459/1500: sequence=1463 pts=58320000 us key=0 nv12=4478976 h264=13195 acquire=12.497 ms encode=26.213 ms mux=0.179 ms
start encode NV12 with RV1106 vendor packet ABI, frame=1459
encode_put_frame ret=0
encode_get_packet ret=0 handle=0xaead1930 expected=0xaead1930
vendor packet: mpi_buf_id=177 len=13350 buf_size=1495040 offset=114944 data_num=1 flag=0x00000000 pts=1459
valloc packet buffer: mpi_buf_id=177 dma_buf_fd=11 size=0
H264 first bytes: 00 00 00 01 41 e0 01 20 02 46 0b c2 16 17 08 89
encode_release_packet ret=0
MP4 frame 1460/1500: sequence=1464 pts=58360000 us key=0 nv12=4478976 h264=13350 acquire=13.119 ms encode=26.826 ms mux=0.182 ms
start encode NV12 with RV1106 vendor packet ABI, frame=1460
encode_put_frame ret=0
encode_get_packet ret=0 handle=0xaead1930 expected=0xaead1930
vendor packet: mpi_buf_id=177 len=13464 buf_size=1495040 offset=128384 data_num=1 flag=0x00000000 pts=1460
valloc packet buffer: mpi_buf_id=177 dma_buf_fd=11 size=0
H264 first bytes: 00 00 00 01 41 e0 01 40 02 86 0b c2 f3 0f 18 24
encode_release_packet ret=0
MP4 frame 1461/1500: sequence=1465 pts=58400000 us key=0 nv12=4478976 h264=13464 acquire=12.498 ms encode=26.246 ms mux=0.187 ms
start encode NV12 with RV1106 vendor packet ABI, frame=1461
encode_put_frame ret=0
encode_get_packet ret=0 handle=0xaead1930 expected=0xaead1930
vendor packet: mpi_buf_id=177 len=12802 buf_size=1495040 offset=141952 data_num=1 flag=0x00000000 pts=1461
valloc packet buffer: mpi_buf_id=177 dma_buf_fd=11 size=0
H264 first bytes: 00 00 00 01 41 e0 01 60 02 c6 1f 73 63 a8 c2 04
encode_release_packet ret=0
MP4 frame 1462/1500: sequence=1466 pts=58440000 us key=0 nv12=4478976 h264=12802 acquire=13.073 ms encode=26.933 ms mux=0.184 ms
start encode NV12 with RV1106 vendor packet ABI, frame=1462
encode_put_frame ret=0
encode_get_packet ret=0 handle=0xaead1930 expected=0xaead1930
vendor packet: mpi_buf_id=177 len=12357 buf_size=1495040 offset=154880 data_num=1 flag=0x00000000 pts=1462
valloc packet buffer: mpi_buf_id=177 dma_buf_fd=11 size=0
H264 first bytes: 00 00 00 01 41 e0 01 80 03 06 1f 15 9e 2e 8e 3c
encode_release_packet ret=0
MP4 frame 1463/1500: sequence=1467 pts=58480000 us key=0 nv12=4478976 h264=12357 acquire=12.400 ms encode=26.233 ms mux=0.170 ms
start encode NV12 with RV1106 vendor packet ABI, frame=1463
encode_put_frame ret=0
encode_get_packet ret=0 handle=0xaead1930 expected=0xaead1930
vendor packet: mpi_buf_id=177 len=13721 buf_size=1495040 offset=167296 data_num=1 flag=0x00000000 pts=1463
valloc packet buffer: mpi_buf_id=177 dma_buf_fd=11 size=0
H264 first bytes: 00 00 00 01 41 e0 01 a0 03 46 0b cf 51 96 33 b2
encode_release_packet ret=0
MP4 frame 1464/1500: sequence=1468 pts=58520000 us key=0 nv12=4478976 h264=13721 acquire=13.108 ms encode=26.839 ms mux=0.179 ms
start encode NV12 with RV1106 vendor packet ABI, frame=1464
encode_put_frame ret=0
encode_get_packet ret=0 handle=0xaead1930 expected=0xaead1930
vendor packet: mpi_buf_id=177 len=12849 buf_size=1495040 offset=181120 data_num=1 flag=0x00000000 pts=1464
valloc packet buffer: mpi_buf_id=177 dma_buf_fd=11 size=0
H264 first bytes: 00 00 00 01 41 e0 01 c0 03 86 0b c3 11 47 18 24
encode_release_packet ret=0
MP4 frame 1465/1500: sequence=1469 pts=58560000 us key=0 nv12=4478976 h264=12849 acquire=12.491 ms encode=26.232 ms mux=0.178 ms
start encode NV12 with RV1106 vendor packet ABI, frame=1465
encode_put_frame ret=0
encode_get_packet ret=0 handle=0xaead1930 expected=0xaead1930
vendor packet: mpi_buf_id=177 len=12983 buf_size=1495040 offset=194048 data_num=1 flag=0x00000000 pts=1465
valloc packet buffer: mpi_buf_id=177 dma_buf_fd=11 size=0
H264 first bytes: 00 00 00 01 41 e0 01 e0 03 c6 0b c7 c9 0a 09 cc
encode_release_packet ret=0
MP4 frame 1466/1500: sequence=1470 pts=58600000 us key=0 nv12=4478976 h264=12983 acquire=13.098 ms encode=26.842 ms mux=0.185 ms
start encode NV12 with RV1106 vendor packet ABI, frame=1466
encode_put_frame ret=0
encode_get_packet ret=0 handle=0xaead1930 expected=0xaead1930
vendor packet: mpi_buf_id=177 len=12800 buf_size=1495040 offset=207104 data_num=1 flag=0x00000000 pts=1466
valloc packet buffer: mpi_buf_id=177 dma_buf_fd=11 size=0
H264 first bytes: 00 00 00 01 41 e0 02 00 04 06 0b c6 66 15 d0 13
encode_release_packet ret=0
MP4 frame 1467/1500: sequence=1471 pts=58640000 us key=0 nv12=4478976 h264=12800 acquire=12.496 ms encode=26.241 ms mux=0.182 ms
start encode NV12 with RV1106 vendor packet ABI, frame=1467
encode_put_frame ret=0
encode_get_packet ret=0 handle=0xaead1930 expected=0xaead1930
vendor packet: mpi_buf_id=177 len=12288 buf_size=1495040 offset=219904 data_num=1 flag=0x00000000 pts=1467
valloc packet buffer: mpi_buf_id=177 dma_buf_fd=11 size=0
H264 first bytes: 00 00 00 01 41 e0 02 20 04 46 1f 1f 1e 84 17 95
encode_release_packet ret=0
MP4 frame 1468/1500: sequence=1472 pts=58680000 us key=0 nv12=4478976 h264=12288 acquire=13.087 ms encode=26.943 ms mux=0.166 ms
start encode NV12 with RV1106 vendor packet ABI, frame=1468
encode_put_frame ret=0
encode_get_packet ret=0 handle=0xaead1930 expected=0xaead1930
vendor packet: mpi_buf_id=177 len=12893 buf_size=1495040 offset=232192 data_num=1 flag=0x00000000 pts=1468
valloc packet buffer: mpi_buf_id=177 dma_buf_fd=11 size=0
H264 first bytes: 00 00 00 01 41 e0 02 40 04 86 1f 15 a4 5f 4b 09
encode_release_packet ret=0
MP4 frame 1469/1500: sequence=1473 pts=58720000 us key=0 nv12=4478976 h264=12893 acquire=12.398 ms encode=26.226 ms mux=0.177 ms
start encode NV12 with RV1106 vendor packet ABI, frame=1469
encode_put_frame ret=0
encode_get_packet ret=0 handle=0xaead1930 expected=0xaead1930
vendor packet: mpi_buf_id=177 len=13288 buf_size=1495040 offset=245120 data_num=1 flag=0x00000000 pts=1469
valloc packet buffer: mpi_buf_id=177 dma_buf_fd=11 size=0
H264 first bytes: 00 00 00 01 41 e0 02 60 04 c6 1f 0c 4c 70 a0 9b
encode_release_packet ret=0
MP4 frame 1470/1500: sequence=1474 pts=58760000 us key=0 nv12=4478976 h264=13288 acquire=12.983 ms encode=27.000 ms mux=0.181 ms
start encode NV12 with RV1106 vendor packet ABI, frame=1470
encode_put_frame ret=0
encode_get_packet ret=0 handle=0xaead1930 expected=0xaead1930
vendor packet: mpi_buf_id=177 len=9154 buf_size=1495040 offset=258432 data_num=1 flag=0x00000000 pts=1470
valloc packet buffer: mpi_buf_id=177 dma_buf_fd=11 size=0
H264 first bytes: 00 00 00 01 41 e0 02 80 05 06 3c 19 4e 4b a5 0c
encode_release_packet ret=0
MP4 frame 1471/1500: sequence=1475 pts=58800000 us key=0 nv12=4478976 h264=9154 acquire=12.333 ms encode=26.260 ms mux=0.134 ms
start encode NV12 with RV1106 vendor packet ABI, frame=1471
encode_put_frame ret=0
encode_get_packet ret=0 handle=0xaead1930 expected=0xaead1930
vendor packet: mpi_buf_id=177 len=11952 buf_size=1495040 offset=267648 data_num=1 flag=0x00000000 pts=1471
valloc packet buffer: mpi_buf_id=177 dma_buf_fd=11 size=0
H264 first bytes: 00 00 00 01 41 e0 02 a0 05 46 1f 19 73 7a 10 11
encode_release_packet ret=0
MP4 frame 1472/1500: sequence=1476 pts=58840000 us key=0 nv12=4478976 h264=11952 acquire=13.122 ms encode=26.848 ms mux=1.049 ms
start encode NV12 with RV1106 vendor packet ABI, frame=1472
encode_put_frame ret=0
encode_get_packet ret=0 handle=0xaead1930 expected=0xaead1930
vendor packet: mpi_buf_id=177 len=12637 buf_size=1495040 offset=279680 data_num=1 flag=0x00000000 pts=1472
valloc packet buffer: mpi_buf_id=177 dma_buf_fd=11 size=0
H264 first bytes: 00 00 00 01 41 e0 02 c0 05 86 0b cf 68 76 79 19
encode_release_packet ret=0
MP4 frame 1473/1500: sequence=1477 pts=58880000 us key=0 nv12=4478976 h264=12637 acquire=11.616 ms encode=26.248 ms mux=0.175 ms
start encode NV12 with RV1106 vendor packet ABI, frame=1473
encode_put_frame ret=0
encode_get_packet ret=0 handle=0xaead1930 expected=0xaead1930
vendor packet: mpi_buf_id=177 len=11964 buf_size=1495040 offset=292352 data_num=1 flag=0x00000000 pts=1473
valloc packet buffer: mpi_buf_id=177 dma_buf_fd=11 size=0
H264 first bytes: 00 00 00 01 41 e0 02 e0 05 c6 0b f4 a1 6b 43 04
encode_release_packet ret=0
MP4 frame 1474/1500: sequence=1478 pts=58920000 us key=0 nv12=4478976 h264=11964 acquire=13.079 ms encode=26.830 ms mux=0.171 ms
start encode NV12 with RV1106 vendor packet ABI, frame=1474
encode_put_frame ret=0
encode_get_packet ret=0 handle=0xaead1930 expected=0xaead1930
vendor packet: mpi_buf_id=177 len=12528 buf_size=1495040 offset=304384 data_num=1 flag=0x00000000 pts=1474
valloc packet buffer: mpi_buf_id=177 dma_buf_fd=11 size=0
H264 first bytes: 00 00 00 01 41 e0 03 00 06 06 0b d5 60 9e 73 02
encode_release_packet ret=0
MP4 frame 1475/1500: sequence=1479 pts=58960000 us key=0 nv12=4478976 h264=12528 acquire=12.508 ms encode=26.206 ms mux=0.178 ms
start encode NV12 with RV1106 vendor packet ABI, frame=1475
encode_put_frame ret=0
encode_get_packet ret=0 handle=0xaead1930 expected=0xaead1930
vendor packet: mpi_buf_id=177 len=189986 buf_size=1495040 offset=316928 data_num=1 flag=0x00000010 pts=1475
valloc packet buffer: mpi_buf_id=177 dma_buf_fd=11 size=0
H264 first bytes: 00 00 00 01 65 b8 00 00 c0 00 00 4f 0a 44 81 06
encode_release_packet ret=0
MP4 frame 1476/1500: sequence=1480 pts=59000000 us key=1 nv12=4478976 h264=189986 acquire=13.127 ms encode=26.817 ms mux=3.145 ms
start encode NV12 with RV1106 vendor packet ABI, frame=1476
encode_put_frame ret=0
encode_get_packet ret=0 handle=0xaead1930 expected=0xaead1930
vendor packet: mpi_buf_id=177 len=12970 buf_size=1495040 offset=507008 data_num=1 flag=0x00000000 pts=1476
valloc packet buffer: mpi_buf_id=177 dma_buf_fd=11 size=0
H264 first bytes: 00 00 00 01 41 e0 00 20 00 46 0b cb 6a 7d 0a f2
encode_release_packet ret=0
MP4 frame 1477/1500: sequence=1481 pts=59040000 us key=0 nv12=4478976 h264=12970 acquire=9.549 ms encode=26.367 ms mux=0.180 ms
start encode NV12 with RV1106 vendor packet ABI, frame=1477
encode_put_frame ret=0
encode_get_packet ret=0 handle=0xaead1930 expected=0xaead1930
vendor packet: mpi_buf_id=177 len=13265 buf_size=1495040 offset=520064 data_num=1 flag=0x00000000 pts=1477
valloc packet buffer: mpi_buf_id=177 dma_buf_fd=11 size=0
H264 first bytes: 00 00 00 01 41 e0 00 40 00 86 0b cd 6a b4 ca 86
encode_release_packet ret=0
MP4 frame 1478/1500: sequence=1482 pts=59080000 us key=0 nv12=4478976 h264=13265 acquire=12.936 ms encode=26.801 ms mux=0.186 ms
start encode NV12 with RV1106 vendor packet ABI, frame=1478
encode_put_frame ret=0
encode_get_packet ret=0 handle=0xaead1930 expected=0xaead1930
vendor packet: mpi_buf_id=177 len=12861 buf_size=1495040 offset=533376 data_num=1 flag=0x00000000 pts=1478
valloc packet buffer: mpi_buf_id=177 dma_buf_fd=11 size=0
H264 first bytes: 00 00 00 01 41 e0 00 60 00 c6 0b c4 97 ff 9a 7c
encode_release_packet ret=0
MP4 frame 1479/1500: sequence=1483 pts=59120000 us key=0 nv12=4478976 h264=12861 acquire=12.532 ms encode=26.281 ms mux=0.183 ms
start encode NV12 with RV1106 vendor packet ABI, frame=1479
encode_put_frame ret=0
encode_get_packet ret=0 handle=0xaead1930 expected=0xaead1930
vendor packet: mpi_buf_id=177 len=13862 buf_size=1495040 offset=546304 data_num=1 flag=0x00000000 pts=1479
valloc packet buffer: mpi_buf_id=177 dma_buf_fd=11 size=0
H264 first bytes: 00 00 00 01 41 e0 00 80 01 06 0b cf 68 11 f2 54
encode_release_packet ret=0
MP4 frame 1480/1500: sequence=1484 pts=59160000 us key=0 nv12=4478976 h264=13862 acquire=13.041 ms encode=26.873 ms mux=0.185 ms
start encode NV12 with RV1106 vendor packet ABI, frame=1480
encode_put_frame ret=0
encode_get_packet ret=0 handle=0xaead1930 expected=0xaead1930
vendor packet: mpi_buf_id=177 len=13131 buf_size=1495040 offset=560256 data_num=1 flag=0x00000000 pts=1480
valloc packet buffer: mpi_buf_id=177 dma_buf_fd=11 size=0
H264 first bytes: 00 00 00 01 41 e0 00 a0 01 46 0b c2 13 21 82 6b
encode_release_packet ret=0
MP4 frame 1481/1500: sequence=1485 pts=59200000 us key=0 nv12=4478976 h264=13131 acquire=12.451 ms encode=26.201 ms mux=0.183 ms
start encode NV12 with RV1106 vendor packet ABI, frame=1481
encode_put_frame ret=0
encode_get_packet ret=0 handle=0xaead1930 expected=0xaead1930
vendor packet: mpi_buf_id=177 len=13184 buf_size=1495040 offset=573440 data_num=1 flag=0x00000000 pts=1481
valloc packet buffer: mpi_buf_id=177 dma_buf_fd=11 size=0
H264 first bytes: 00 00 00 01 41 e0 00 c0 01 86 0b c2 76 71 e2 5e
encode_release_packet ret=0
MP4 frame 1482/1500: sequence=1486 pts=59240000 us key=0 nv12=4478976 h264=13184 acquire=13.132 ms encode=26.830 ms mux=0.188 ms
start encode NV12 with RV1106 vendor packet ABI, frame=1482
encode_put_frame ret=0
encode_get_packet ret=0 handle=0xaead1930 expected=0xaead1930
vendor packet: mpi_buf_id=177 len=13211 buf_size=1495040 offset=586624 data_num=1 flag=0x00000000 pts=1482
valloc packet buffer: mpi_buf_id=177 dma_buf_fd=11 size=0
H264 first bytes: 00 00 00 01 41 e0 00 e0 01 c6 1f 0a 71 82 46 6a
encode_release_packet ret=0
MP4 frame 1483/1500: sequence=1487 pts=59280000 us key=0 nv12=4478976 h264=13211 acquire=12.492 ms encode=26.264 ms mux=0.186 ms
start encode NV12 with RV1106 vendor packet ABI, frame=1483
encode_put_frame ret=0
encode_get_packet ret=0 handle=0xaead1930 expected=0xaead1930
vendor packet: mpi_buf_id=177 len=12529 buf_size=1495040 offset=599936 data_num=1 flag=0x00000000 pts=1483
valloc packet buffer: mpi_buf_id=177 dma_buf_fd=11 size=0
H264 first bytes: 00 00 00 01 41 e0 01 00 02 06 1f 0c 53 18 25 2c
encode_release_packet ret=0
MP4 frame 1484/1500: sequence=1488 pts=59320000 us key=0 nv12=4478976 h264=12529 acquire=13.058 ms encode=26.851 ms mux=0.175 ms
start encode NV12 with RV1106 vendor packet ABI, frame=1484
encode_put_frame ret=0
encode_get_packet ret=0 handle=0xaead1930 expected=0xaead1930
vendor packet: mpi_buf_id=177 len=13794 buf_size=1495040 offset=612480 data_num=1 flag=0x00000000 pts=1484
valloc packet buffer: mpi_buf_id=177 dma_buf_fd=11 size=0
H264 first bytes: 00 00 00 01 41 e0 01 20 02 46 0b c2 18 d1 82 6e
encode_release_packet ret=0
MP4 frame 1485/1500: sequence=1489 pts=59360000 us key=0 nv12=4478976 h264=13794 acquire=12.494 ms encode=26.351 ms mux=0.186 ms
start encode NV12 with RV1106 vendor packet ABI, frame=1485
encode_put_frame ret=0
encode_get_packet ret=0 handle=0xaead1930 expected=0xaead1930
vendor packet: mpi_buf_id=177 len=12653 buf_size=1495040 offset=626304 data_num=1 flag=0x00000000 pts=1485
valloc packet buffer: mpi_buf_id=177 dma_buf_fd=11 size=0
H264 first bytes: 00 00 00 01 41 e0 01 40 02 86 1f 06 73 9e 36 47
encode_release_packet ret=0
MP4 frame 1486/1500: sequence=1490 pts=59400000 us key=0 nv12=4478976 h264=12653 acquire=12.962 ms encode=26.861 ms mux=0.177 ms
start encode NV12 with RV1106 vendor packet ABI, frame=1486
encode_put_frame ret=0
encode_get_packet ret=0 handle=0xaead1930 expected=0xaead1930
vendor packet: mpi_buf_id=177 len=12941 buf_size=1495040 offset=638976 data_num=1 flag=0x00000000 pts=1486
valloc packet buffer: mpi_buf_id=177 dma_buf_fd=11 size=0
H264 first bytes: 00 00 00 01 41 e0 01 60 02 c6 1f 19 c5 78 95 4c
encode_release_packet ret=0
MP4 frame 1487/1500: sequence=1491 pts=59440000 us key=0 nv12=4478976 h264=12941 acquire=12.485 ms encode=26.235 ms mux=0.187 ms
start encode NV12 with RV1106 vendor packet ABI, frame=1487
encode_put_frame ret=0
encode_get_packet ret=0 handle=0xaead1930 expected=0xaead1930
vendor packet: mpi_buf_id=177 len=13041 buf_size=1495040 offset=652032 data_num=1 flag=0x00000000 pts=1487
valloc packet buffer: mpi_buf_id=177 dma_buf_fd=11 size=0
H264 first bytes: 00 00 00 01 41 e0 01 80 03 06 1f 05 33 b1 02 52
encode_release_packet ret=0
MP4 frame 1488/1500: sequence=1492 pts=59480000 us key=0 nv12=4478976 h264=13041 acquire=13.085 ms encode=26.865 ms mux=0.181 ms
start encode NV12 with RV1106 vendor packet ABI, frame=1488
encode_put_frame ret=0
encode_get_packet ret=0 handle=0xaead1930 expected=0xaead1930
vendor packet: mpi_buf_id=177 len=13178 buf_size=1495040 offset=665088 data_num=1 flag=0x00000000 pts=1488
valloc packet buffer: mpi_buf_id=177 dma_buf_fd=11 size=0
H264 first bytes: 00 00 00 01 41 e0 01 a0 03 46 0b c2 15 18 25 cf
encode_release_packet ret=0
MP4 frame 1489/1500: sequence=1493 pts=59520000 us key=0 nv12=4478976 h264=13178 acquire=12.460 ms encode=26.230 ms mux=0.185 ms
start encode NV12 with RV1106 vendor packet ABI, frame=1489
encode_put_frame ret=0
encode_get_packet ret=0 handle=0xaead1930 expected=0xaead1930
vendor packet: mpi_buf_id=177 len=13031 buf_size=1495040 offset=678272 data_num=1 flag=0x00000000 pts=1489
valloc packet buffer: mpi_buf_id=177 dma_buf_fd=11 size=0
H264 first bytes: 00 00 00 01 41 e0 01 c0 03 86 0b f3 18 40 9d eb
encode_release_packet ret=0
MP4 frame 1490/1500: sequence=1494 pts=59560000 us key=0 nv12=4478976 h264=13031 acquire=13.096 ms encode=26.911 ms mux=0.176 ms
start encode NV12 with RV1106 vendor packet ABI, frame=1490
encode_put_frame ret=0
encode_get_packet ret=0 handle=0xaead1930 expected=0xaead1930
vendor packet: mpi_buf_id=177 len=12608 buf_size=1495040 offset=691328 data_num=1 flag=0x00000000 pts=1490
valloc packet buffer: mpi_buf_id=177 dma_buf_fd=11 size=0
H264 first bytes: 00 00 00 01 41 e0 01 e0 03 c6 0b c4 5a 65 60 54
encode_release_packet ret=0
MP4 frame 1491/1500: sequence=1495 pts=59600000 us key=0 nv12=4478976 h264=12608 acquire=12.432 ms encode=26.221 ms mux=0.175 ms
start encode NV12 with RV1106 vendor packet ABI, frame=1491
encode_put_frame ret=0
encode_get_packet ret=0 handle=0xaead1930 expected=0xaead1930
vendor packet: mpi_buf_id=177 len=13059 buf_size=1495040 offset=704000 data_num=1 flag=0x00000000 pts=1491
valloc packet buffer: mpi_buf_id=177 dma_buf_fd=11 size=0
H264 first bytes: 00 00 00 01 41 e0 02 00 04 06 0b c2 53 21 82 73
encode_release_packet ret=0
MP4 frame 1492/1500: sequence=1496 pts=59640000 us key=0 nv12=4478976 h264=13059 acquire=13.113 ms encode=26.849 ms mux=0.178 ms
start encode NV12 with RV1106 vendor packet ABI, frame=1492
encode_put_frame ret=0
encode_get_packet ret=0 handle=0xaead1930 expected=0xaead1930
vendor packet: mpi_buf_id=177 len=13789 buf_size=1495040 offset=717184 data_num=1 flag=0x00000000 pts=1492
valloc packet buffer: mpi_buf_id=177 dma_buf_fd=11 size=0
H264 first bytes: 00 00 00 01 41 e0 02 20 04 46 0b c4 4c 76 54 ef
encode_release_packet ret=0
MP4 frame 1493/1500: sequence=1497 pts=59680000 us key=0 nv12=4478976 h264=13789 acquire=12.378 ms encode=26.216 ms mux=0.184 ms
start encode NV12 with RV1106 vendor packet ABI, frame=1493
encode_put_frame ret=0
encode_get_packet ret=0 handle=0xaead1930 expected=0xaead1930
vendor packet: mpi_buf_id=177 len=12975 buf_size=1495040 offset=731008 data_num=1 flag=0x00000000 pts=1493
valloc packet buffer: mpi_buf_id=177 dma_buf_fd=11 size=0
H264 first bytes: 00 00 00 01 41 e0 02 40 04 86 0b c5 48 79 b8 c1
encode_release_packet ret=0
MP4 frame 1494/1500: sequence=1498 pts=59720000 us key=0 nv12=4478976 h264=12975 acquire=13.107 ms encode=26.857 ms mux=0.177 ms
start encode NV12 with RV1106 vendor packet ABI, frame=1494
encode_put_frame ret=0
encode_get_packet ret=0 handle=0xaead1930 expected=0xaead1930
vendor packet: mpi_buf_id=177 len=13243 buf_size=1495040 offset=744064 data_num=1 flag=0x00000000 pts=1494
valloc packet buffer: mpi_buf_id=177 dma_buf_fd=11 size=0
H264 first bytes: 00 00 00 01 41 e0 02 60 04 c6 0b c7 52 9e 74 30
encode_release_packet ret=0
MP4 frame 1495/1500: sequence=1499 pts=59760000 us key=0 nv12=4478976 h264=13243 acquire=12.472 ms encode=26.226 ms mux=0.182 ms
start encode NV12 with RV1106 vendor packet ABI, frame=1495
encode_put_frame ret=0
encode_get_packet ret=0 handle=0xaead1930 expected=0xaead1930
vendor packet: mpi_buf_id=177 len=13173 buf_size=1495040 offset=757376 data_num=1 flag=0x00000000 pts=1495
valloc packet buffer: mpi_buf_id=177 dma_buf_fd=11 size=0
H264 first bytes: 00 00 00 01 41 e0 02 80 05 06 0b dc aa 19 9a 33
encode_release_packet ret=0
MP4 frame 1496/1500: sequence=1500 pts=59800000 us key=0 nv12=4478976 h264=13173 acquire=13.105 ms encode=26.883 ms mux=1.046 ms
start encode NV12 with RV1106 vendor packet ABI, frame=1496
encode_put_frame ret=0
encode_get_packet ret=0 handle=0xaead1930 expected=0xaead1930
vendor packet: mpi_buf_id=177 len=12790 buf_size=1495040 offset=770560 data_num=1 flag=0x00000000 pts=1496
valloc packet buffer: mpi_buf_id=177 dma_buf_fd=11 size=0
H264 first bytes: 00 00 00 01 41 e0 02 a0 05 46 0b cb 4e 33 1a 30
encode_release_packet ret=0
MP4 frame 1497/1500: sequence=1501 pts=59840000 us key=0 nv12=4478976 h264=12790 acquire=11.590 ms encode=26.229 ms mux=0.180 ms
start encode NV12 with RV1106 vendor packet ABI, frame=1497
encode_put_frame ret=0
encode_get_packet ret=0 handle=0xaead1930 expected=0xaead1930
vendor packet: mpi_buf_id=177 len=13174 buf_size=1495040 offset=783360 data_num=1 flag=0x00000000 pts=1497
valloc packet buffer: mpi_buf_id=177 dma_buf_fd=11 size=0
H264 first bytes: 00 00 00 01 41 e0 02 c0 05 86 0b c7 d9 c6 09 45
encode_release_packet ret=0
MP4 frame 1498/1500: sequence=1502 pts=59880000 us key=0 nv12=4478976 h264=13174 acquire=13.086 ms encode=26.852 ms mux=0.185 ms
start encode NV12 with RV1106 vendor packet ABI, frame=1498
encode_put_frame ret=0
encode_get_packet ret=0 handle=0xaead1930 expected=0xaead1930
vendor packet: mpi_buf_id=177 len=12929 buf_size=1495040 offset=796544 data_num=1 flag=0x00000000 pts=1498
valloc packet buffer: mpi_buf_id=177 dma_buf_fd=11 size=0
H264 first bytes: 00 00 00 01 41 e0 02 e0 05 c6 0b cf b1 32 47 a9
encode_release_packet ret=0
MP4 frame 1499/1500: sequence=1503 pts=59920000 us key=0 nv12=4478976 h264=12929 acquire=12.472 ms encode=26.220 ms mux=0.187 ms
start encode NV12 with RV1106 vendor packet ABI, frame=1499
encode_put_frame ret=0
encode_get_packet ret=0 handle=0xaead1930 expected=0xaead1930
vendor packet: mpi_buf_id=177 len=13049 buf_size=1495040 offset=809600 data_num=1 flag=0x00000000 pts=1499
valloc packet buffer: mpi_buf_id=177 dma_buf_fd=11 size=0
H264 first bytes: 00 00 00 01 41 e0 03 00 06 06 0b c2 12 0c 18 27
encode_release_packet ret=0
MP4 frame 1500/1500: sequence=1504 pts=59960000 us key=0 nv12=4478976 h264=13049 acquire=13.108 ms encode=26.940 ms mux=0.182 ms
MP4 muxer closed: frames=1500 key_frames=60 last_pts=59960000 us

live camera MP4 summary
encoded frames      : 1500/1500
key frames          : 60
total H264 bytes    : 27638530
sequence gaps       : 0 frame(s)
average acquire wait: 12.580 ms/frame
average encode time : 26.608 ms/frame
average mux time    : 0.323 ms/frame
average packet size : 18425.69 bytes/frame
timeline duration   : 60.000 s
encode-only speed   : 37.58 fps
wall-clock time     : 60.006 s
end-to-end speed    : 25.00 fps
live MP4 saved to   : output_camera_v9_1_60s.mp4
