mpp[582]: mpp_buffer: mpi_buf_id = 226, dma_buf_fd = 4

mpp[582]: mpp_buffer: mpi_buf_id = 227, dma_buf_fd = 6

mpp[582]: mpp_info: mpp version: 16e796a4 author: hdl           2024-02-20 [venc540c]: Adding scene_mode of IPC_PTZ.

continuous encode test
input       : frame_nv12.yuv
output      : /dev/null
resolution  : 2304x1296 NV12
frame size  : 4478976 bytes
frame count : 300

The NV12 file will be read once, then reused from memory.
Only compressed H264 packets are written in the loop.
input NV12 loaded into memory once
MPP encoder build: stable-vendor-packet-v8
NV12 visible_size=4478976 allocated_buffer_size=4644864
pre-create frm_buf ret=0 buf=0x2a1e0 ptr=0xa6468000
pre-create auxiliary buf ret=0 buf=0x2a280 ptr=0xa5ffa000
before mpp_create
after mpp_create: ret=0 ctx=0x2a320 mpi=0xa6f1f39c
MppApi sizeof=132 api_size=132 version=0 release_packet=0xa6ef29c4
after mpp_init_ext: ret=0
MPP_SET_OUTPUT_TIMEOUT ret=0
MPP encoder init success
start encode NV12 with RV1106 vendor packet ABI, frame=0
encode_put_frame ret=0
encode_get_packet ret=0 handle=0xae81ca60 expected=0xae81ca60
vendor packet: mpi_buf_id=230 len=26408 buf_size=1495040 offset=0 data_num=1 flag=0x00000010 pts=0
valloc packet buffer: mpi_buf_id=230 dma_buf_fd=10 size=0
H264 first bytes: 00 00 00 01 67 42 c0 32 8d 8d 50 12 00 51 90 80
encode_release_packet ret=0
continuous frame 1/300: h264=26408 bytes encode=38.438 ms write=0.025 ms
start encode NV12 with RV1106 vendor packet ABI, frame=1
encode_put_frame ret=0
encode_get_packet ret=0 handle=0xae81ca60 expected=0xae81ca60
vendor packet: mpi_buf_id=230 len=272 buf_size=1495040 offset=26496 data_num=1 flag=0x00000000 pts=1
valloc packet buffer: mpi_buf_id=230 dma_buf_fd=10 size=0
H264 first bytes: 00 00 00 01 41 e0 00 20 00 46 17 01 af a8 56 94
encode_release_packet ret=0
continuous frame 2/300: h264=272 bytes encode=38.514 ms write=0.002 ms
start encode NV12 with RV1106 vendor packet ABI, frame=2
encode_put_frame ret=0
encode_get_packet ret=0 handle=0xae81ca60 expected=0xae81ca60
vendor packet: mpi_buf_id=230 len=427 buf_size=1495040 offset=26880 data_num=1 flag=0x00000000 pts=2
valloc packet buffer: mpi_buf_id=230 dma_buf_fd=10 size=0
H264 first bytes: 00 00 00 01 41 e0 00 40 00 86 1f 01 59 aa a5 05
encode_release_packet ret=0
continuous frame 3/300: h264=427 bytes encode=35.778 ms write=0.005 ms
start encode NV12 with RV1106 vendor packet ABI, frame=3
encode_put_frame ret=0
encode_get_packet ret=0 handle=0xae81ca60 expected=0xae81ca60
vendor packet: mpi_buf_id=230 len=48 buf_size=1495040 offset=27392 data_num=1 flag=0x00000000 pts=3
valloc packet buffer: mpi_buf_id=230 dma_buf_fd=10 size=0
H264 first bytes: 00 00 00 01 41 e0 00 60 00 c6 1f 00 53 54 a0 03
encode_release_packet ret=0
continuous frame 4/300: h264=48 bytes encode=37.848 ms write=0.004 ms
start encode NV12 with RV1106 vendor packet ABI, frame=4
encode_put_frame ret=0
encode_get_packet ret=0 handle=0xae81ca60 expected=0xae81ca60
vendor packet: mpi_buf_id=230 len=325 buf_size=1495040 offset=27520 data_num=1 flag=0x00000000 pts=4
valloc packet buffer: mpi_buf_id=230 dma_buf_fd=10 size=0
H264 first bytes: 00 00 00 01 41 e0 00 80 01 06 0b c0 70 5e 06 9a
encode_release_packet ret=0
continuous frame 5/300: h264=325 bytes encode=35.934 ms write=0.004 ms
start encode NV12 with RV1106 vendor packet ABI, frame=5
encode_put_frame ret=0
encode_get_packet ret=0 handle=0xae81ca60 expected=0xae81ca60
vendor packet: mpi_buf_id=230 len=447 buf_size=1495040 offset=27904 data_num=1 flag=0x00000000 pts=5
valloc packet buffer: mpi_buf_id=230 dma_buf_fd=10 size=0
H264 first bytes: 00 00 00 01 41 e0 00 a0 01 46 0f c0 63 6e 3a b0
encode_release_packet ret=0
continuous frame 6/300: h264=447 bytes encode=39.924 ms write=0.004 ms
start encode NV12 with RV1106 vendor packet ABI, frame=6
encode_put_frame ret=0
encode_get_packet ret=0 handle=0xae81ca60 expected=0xae81ca60
vendor packet: mpi_buf_id=230 len=2293 buf_size=1495040 offset=28416 data_num=1 flag=0x00000000 pts=6
valloc packet buffer: mpi_buf_id=230 dma_buf_fd=10 size=0
H264 first bytes: 00 00 00 01 41 e0 00 c0 01 86 05 f0 2e ea 01 15
encode_release_packet ret=0
continuous frame 7/300: h264=2293 bytes encode=39.962 ms write=0.004 ms
start encode NV12 with RV1106 vendor packet ABI, frame=7
encode_put_frame ret=0
encode_get_packet ret=0 handle=0xae81ca60 expected=0xae81ca60
vendor packet: mpi_buf_id=230 len=233 buf_size=1495040 offset=30720 data_num=1 flag=0x00000000 pts=7
valloc packet buffer: mpi_buf_id=230 dma_buf_fd=10 size=0
H264 first bytes: 00 00 00 01 41 e0 00 e0 01 c6 05 f0 07 e7 a8 09
encode_release_packet ret=0
continuous frame 8/300: h264=233 bytes encode=40.076 ms write=0.005 ms
start encode NV12 with RV1106 vendor packet ABI, frame=8
encode_put_frame ret=0
encode_get_packet ret=0 handle=0xae81ca60 expected=0xae81ca60
vendor packet: mpi_buf_id=230 len=4274 buf_size=1495040 offset=30976 data_num=1 flag=0x00000000 pts=8
valloc packet buffer: mpi_buf_id=230 dma_buf_fd=10 size=0
H264 first bytes: 00 00 00 01 41 e0 01 00 02 06 06 f0 1d ba 09 8b
encode_release_packet ret=0
continuous frame 9/300: h264=4274 bytes encode=39.838 ms write=0.011 ms
start encode NV12 with RV1106 vendor packet ABI, frame=9
encode_put_frame ret=0
encode_get_packet ret=0 handle=0xae81ca60 expected=0xae81ca60
vendor packet: mpi_buf_id=230 len=441 buf_size=1495040 offset=35328 data_num=1 flag=0x00000000 pts=9
valloc packet buffer: mpi_buf_id=230 dma_buf_fd=10 size=0
H264 first bytes: 00 00 00 01 41 e0 01 20 02 46 06 f0 0c 6d 60 f6
encode_release_packet ret=0
continuous frame 10/300: h264=441 bytes encode=39.955 ms write=0.003 ms
start encode NV12 with RV1106 vendor packet ABI, frame=10
encode_put_frame ret=0
encode_get_packet ret=0 handle=0xae81ca60 expected=0xae81ca60
vendor packet: mpi_buf_id=230 len=6745 buf_size=1495040 offset=35840 data_num=1 flag=0x00000000 pts=10
valloc packet buffer: mpi_buf_id=230 dma_buf_fd=10 size=0
H264 first bytes: 00 00 00 01 41 e0 01 40 02 86 02 3c ba 8a e3 84
encode_release_packet ret=0
continuous frame 11/300: h264=6745 bytes encode=39.953 ms write=0.010 ms
start encode NV12 with RV1106 vendor packet ABI, frame=11
encode_put_frame ret=0
encode_get_packet ret=0 handle=0xae81ca60 expected=0xae81ca60
vendor packet: mpi_buf_id=230 len=9770 buf_size=1495040 offset=42624 data_num=1 flag=0x00000000 pts=11
valloc packet buffer: mpi_buf_id=230 dma_buf_fd=10 size=0
H264 first bytes: 00 00 00 01 41 e0 01 60 02 c6 02 3c 05 66 81 60
encode_release_packet ret=0
continuous frame 12/300: h264=9770 bytes encode=39.971 ms write=0.010 ms
start encode NV12 with RV1106 vendor packet ABI, frame=12
encode_put_frame ret=0
encode_get_packet ret=0 handle=0xae81ca60 expected=0xae81ca60
vendor packet: mpi_buf_id=230 len=8037 buf_size=1495040 offset=52480 data_num=1 flag=0x00000000 pts=12
valloc packet buffer: mpi_buf_id=230 dma_buf_fd=10 size=0
H264 first bytes: 00 00 00 01 41 e0 01 80 03 06 02 3c 02 4d 48 58
encode_release_packet ret=0
continuous frame 13/300: h264=8037 bytes encode=40.128 ms write=0.009 ms
start encode NV12 with RV1106 vendor packet ABI, frame=13
encode_put_frame ret=0
encode_get_packet ret=0 handle=0xae81ca60 expected=0xae81ca60
vendor packet: mpi_buf_id=230 len=17414 buf_size=1495040 offset=60544 data_num=1 flag=0x00000000 pts=13
valloc packet buffer: mpi_buf_id=230 dma_buf_fd=10 size=0
H264 first bytes: 00 00 00 01 41 e0 01 a0 03 46 02 7c 37 c6 09 3f
encode_release_packet ret=0
continuous frame 14/300: h264=17414 bytes encode=39.807 ms write=0.010 ms
start encode NV12 with RV1106 vendor packet ABI, frame=14
encode_put_frame ret=0
encode_get_packet ret=0 handle=0xae81ca60 expected=0xae81ca60
vendor packet: mpi_buf_id=230 len=3500 buf_size=1495040 offset=78080 data_num=1 flag=0x00000000 pts=14
valloc packet buffer: mpi_buf_id=230 dma_buf_fd=10 size=0
H264 first bytes: 00 00 00 01 41 e0 01 c0 03 86 02 3c 01 78 d2 0a
encode_release_packet ret=0
continuous frame 15/300: h264=3500 bytes encode=39.952 ms write=0.008 ms
start encode NV12 with RV1106 vendor packet ABI, frame=15
encode_put_frame ret=0
encode_get_packet ret=0 handle=0xae81ca60 expected=0xae81ca60
vendor packet: mpi_buf_id=230 len=12567 buf_size=1495040 offset=81664 data_num=1 flag=0x00000000 pts=15
valloc packet buffer: mpi_buf_id=230 dma_buf_fd=10 size=0
H264 first bytes: 00 00 00 01 41 e0 01 e0 03 c6 02 7c 05 26 c2 82
encode_release_packet ret=0
continuous frame 16/300: h264=12567 bytes encode=39.949 ms write=0.009 ms
start encode NV12 with RV1106 vendor packet ABI, frame=16
encode_put_frame ret=0
encode_get_packet ret=0 handle=0xae81ca60 expected=0xae81ca60
vendor packet: mpi_buf_id=230 len=11791 buf_size=1495040 offset=94336 data_num=1 flag=0x00000000 pts=16
valloc packet buffer: mpi_buf_id=230 dma_buf_fd=10 size=0
H264 first bytes: 00 00 00 01 41 e0 02 00 04 06 02 7c 02 6b c6 0d
encode_release_packet ret=0
continuous frame 17/300: h264=11791 bytes encode=39.804 ms write=0.009 ms
start encode NV12 with RV1106 vendor packet ABI, frame=17
encode_put_frame ret=0
encode_get_packet ret=0 handle=0xae81ca60 expected=0xae81ca60
vendor packet: mpi_buf_id=230 len=18105 buf_size=1495040 offset=106240 data_num=1 flag=0x00000000 pts=17
valloc packet buffer: mpi_buf_id=230 dma_buf_fd=10 size=0
H264 first bytes: 00 00 00 01 41 e0 02 20 04 46 02 bc fc 10 89 12
encode_release_packet ret=0
continuous frame 18/300: h264=18105 bytes encode=40.053 ms write=0.014 ms
start encode NV12 with RV1106 vendor packet ABI, frame=18
encode_put_frame ret=0
encode_get_packet ret=0 handle=0xae81ca60 expected=0xae81ca60
vendor packet: mpi_buf_id=230 len=15722 buf_size=1495040 offset=124416 data_num=1 flag=0x00000000 pts=18
valloc packet buffer: mpi_buf_id=230 dma_buf_fd=10 size=0
H264 first bytes: 00 00 00 01 41 e0 02 40 04 86 02 bc 05 46 82 82
encode_release_packet ret=0
continuous frame 19/300: h264=15722 bytes encode=39.871 ms write=0.009 ms
start encode NV12 with RV1106 vendor packet ABI, frame=19
encode_put_frame ret=0
encode_get_packet ret=0 handle=0xae81ca60 expected=0xae81ca60
vendor packet: mpi_buf_id=230 len=14088 buf_size=1495040 offset=140160 data_num=1 flag=0x00000000 pts=19
valloc packet buffer: mpi_buf_id=230 dma_buf_fd=10 size=0
H264 first bytes: 00 00 00 01 41 e0 02 60 04 c6 02 bc 02 51 48 60
encode_release_packet ret=0
continuous frame 20/300: h264=14088 bytes encode=39.942 ms write=0.010 ms
start encode NV12 with RV1106 vendor packet ABI, frame=20
encode_put_frame ret=0
encode_get_packet ret=0 handle=0xae81ca60 expected=0xae81ca60
vendor packet: mpi_buf_id=230 len=1216 buf_size=1495040 offset=154368 data_num=1 flag=0x00000000 pts=20
valloc packet buffer: mpi_buf_id=230 dma_buf_fd=10 size=0
H264 first bytes: 00 00 00 01 41 e0 02 80 05 06 02 bc 00 b9 59 02
encode_release_packet ret=0
continuous frame 21/300: h264=1216 bytes encode=39.947 ms write=0.004 ms
start encode NV12 with RV1106 vendor packet ABI, frame=21
encode_put_frame ret=0
encode_get_packet ret=0 handle=0xae81ca60 expected=0xae81ca60
vendor packet: mpi_buf_id=230 len=6755 buf_size=1495040 offset=155648 data_num=1 flag=0x00000000 pts=21
valloc packet buffer: mpi_buf_id=230 dma_buf_fd=10 size=0
H264 first bytes: 00 00 00 01 41 e0 02 a0 05 46 03 3c 67 0a 09 b4
encode_release_packet ret=0
continuous frame 22/300: h264=6755 bytes encode=39.887 ms write=0.013 ms
start encode NV12 with RV1106 vendor packet ABI, frame=22
encode_put_frame ret=0
encode_get_packet ret=0 handle=0xae81ca60 expected=0xae81ca60
vendor packet: mpi_buf_id=230 len=710 buf_size=1495040 offset=162432 data_num=1 flag=0x00000000 pts=22
valloc packet buffer: mpi_buf_id=230 dma_buf_fd=10 size=0
H264 first bytes: 00 00 00 01 41 e0 02 c0 05 86 03 3c 14 d2 0a 09
encode_release_packet ret=0
continuous frame 23/300: h264=710 bytes encode=40.020 ms write=0.005 ms
start encode NV12 with RV1106 vendor packet ABI, frame=23
encode_put_frame ret=0
encode_get_packet ret=0 handle=0xae81ca60 expected=0xae81ca60
vendor packet: mpi_buf_id=230 len=1842 buf_size=1495040 offset=163200 data_num=1 flag=0x00000000 pts=23
valloc packet buffer: mpi_buf_id=230 dma_buf_fd=10 size=0
H264 first bytes: 00 00 00 01 41 e0 02 e0 05 c6 03 7c 4d 42 87 b6
encode_release_packet ret=0
continuous frame 24/300: h264=1842 bytes encode=39.930 ms write=0.008 ms
start encode NV12 with RV1106 vendor packet ABI, frame=24
encode_put_frame ret=0
encode_get_packet ret=0 handle=0xae81ca60 expected=0xae81ca60
vendor packet: mpi_buf_id=230 len=1807 buf_size=1495040 offset=165120 data_num=1 flag=0x00000000 pts=24
valloc packet buffer: mpi_buf_id=230 dma_buf_fd=10 size=0
H264 first bytes: 00 00 00 01 41 e0 03 00 06 06 03 bc 00 f8 f2 94
encode_release_packet ret=0
continuous frame 25/300: h264=1807 bytes encode=40.167 ms write=0.010 ms
start encode NV12 with RV1106 vendor packet ABI, frame=25
encode_put_frame ret=0
encode_get_packet ret=0 handle=0xae81ca60 expected=0xae81ca60
vendor packet: mpi_buf_id=230 len=313 buf_size=1495040 offset=167040 data_num=1 flag=0x00000000 pts=25
valloc packet buffer: mpi_buf_id=230 dma_buf_fd=10 size=0
H264 first bytes: 00 00 00 01 41 e0 03 20 06 46 01 0f 00 1a a3 90
encode_release_packet ret=0
continuous frame 26/300: h264=313 bytes encode=39.817 ms write=0.004 ms
start encode NV12 with RV1106 vendor packet ABI, frame=26
encode_put_frame ret=0
encode_get_packet ret=0 handle=0xae81ca60 expected=0xae81ca60
vendor packet: mpi_buf_id=230 len=21 buf_size=1495040 offset=167424 data_num=1 flag=0x00000000 pts=26
valloc packet buffer: mpi_buf_id=230 dma_buf_fd=10 size=0
H264 first bytes: 00 00 00 01 41 e0 03 40 06 86 01 0f 00 04 8b bd
encode_release_packet ret=0
continuous frame 27/300: h264=21 bytes encode=39.928 ms write=0.003 ms
start encode NV12 with RV1106 vendor packet ABI, frame=27
encode_put_frame ret=0
encode_get_packet ret=0 handle=0xae81ca60 expected=0xae81ca60
vendor packet: mpi_buf_id=230 len=16 buf_size=1495040 offset=167552 data_num=1 flag=0x00000000 pts=27
valloc packet buffer: mpi_buf_id=230 dma_buf_fd=10 size=0
H264 first bytes: 00 00 00 01 41 e0 03 60 06 c6 01 0f 00 05 b2 30
encode_release_packet ret=0
continuous frame 28/300: h264=16 bytes encode=39.999 ms write=0.003 ms
start encode NV12 with RV1106 vendor packet ABI, frame=28
encode_put_frame ret=0
encode_get_packet ret=0 handle=0xae81ca60 expected=0xae81ca60
vendor packet: mpi_buf_id=230 len=16 buf_size=1495040 offset=167680 data_num=1 flag=0x00000000 pts=28
valloc packet buffer: mpi_buf_id=230 dma_buf_fd=10 size=0
H264 first bytes: 00 00 00 01 41 e0 03 80 07 06 01 0f 00 05 b2 30
encode_release_packet ret=0
continuous frame 29/300: h264=16 bytes encode=39.980 ms write=0.003 ms
start encode NV12 with RV1106 vendor packet ABI, frame=29
encode_put_frame ret=0
encode_get_packet ret=0 handle=0xae81ca60 expected=0xae81ca60
vendor packet: mpi_buf_id=230 len=16 buf_size=1495040 offset=167808 data_num=1 flag=0x00000000 pts=29
valloc packet buffer: mpi_buf_id=230 dma_buf_fd=10 size=0
H264 first bytes: 00 00 00 01 41 e0 03 a0 07 46 01 0f 00 05 b2 30
encode_release_packet ret=0
continuous frame 30/300: h264=16 bytes encode=39.917 ms write=0.003 ms
start encode NV12 with RV1106 vendor packet ABI, frame=30
encode_put_frame ret=0
encode_get_packet ret=0 handle=0xae81ca60 expected=0xae81ca60
vendor packet: mpi_buf_id=230 len=252064 buf_size=1495040 offset=167936 data_num=1 flag=0x00000010 pts=30
valloc packet buffer: mpi_buf_id=230 dma_buf_fd=10 size=0
H264 first bytes: 00 00 00 01 65 b8 00 02 00 00 03 02 7c 29 12 28
encode_release_packet ret=0
continuous frame 31/300: h264=252064 bytes encode=40.529 ms write=0.015 ms
start encode NV12 with RV1106 vendor packet ABI, frame=31
encode_put_frame ret=0
encode_get_packet ret=0 handle=0xae81ca60 expected=0xae81ca60
vendor packet: mpi_buf_id=230 len=3787 buf_size=1495040 offset=420096 data_num=1 flag=0x00000000 pts=31
valloc packet buffer: mpi_buf_id=230 dma_buf_fd=10 size=0
H264 first bytes: 00 00 00 01 41 e0 00 20 00 46 01 0f 00 3e 39 79
encode_release_packet ret=0
continuous frame 32/300: h264=3787 bytes encode=39.435 ms write=0.009 ms
start encode NV12 with RV1106 vendor packet ABI, frame=32
encode_put_frame ret=0
encode_get_packet ret=0 handle=0xae81ca60 expected=0xae81ca60
vendor packet: mpi_buf_id=230 len=1835 buf_size=1495040 offset=423936 data_num=1 flag=0x00000000 pts=32
valloc packet buffer: mpi_buf_id=230 dma_buf_fd=10 size=0
H264 first bytes: 00 00 00 01 41 e0 00 40 00 86 01 0f 00 09 8b 17
encode_release_packet ret=0
continuous frame 33/300: h264=1835 bytes encode=39.939 ms write=0.011 ms
start encode NV12 with RV1106 vendor packet ABI, frame=33
encode_put_frame ret=0
encode_get_packet ret=0 handle=0xae81ca60 expected=0xae81ca60
vendor packet: mpi_buf_id=230 len=804 buf_size=1495040 offset=425856 data_num=1 flag=0x00000000 pts=33
valloc packet buffer: mpi_buf_id=230 dma_buf_fd=10 size=0
H264 first bytes: 00 00 00 01 41 e0 00 60 00 c6 01 0f 00 0c db 71
encode_release_packet ret=0
continuous frame 34/300: h264=804 bytes encode=40.088 ms write=0.005 ms
start encode NV12 with RV1106 vendor packet ABI, frame=34
encode_put_frame ret=0
encode_get_packet ret=0 handle=0xae81ca60 expected=0xae81ca60
vendor packet: mpi_buf_id=230 len=16 buf_size=1495040 offset=426752 data_num=1 flag=0x00000000 pts=34
valloc packet buffer: mpi_buf_id=230 dma_buf_fd=10 size=0
H264 first bytes: 00 00 00 01 41 e0 00 80 01 06 01 0f 00 05 b2 30
encode_release_packet ret=0
continuous frame 35/300: h264=16 bytes encode=44.318 ms write=0.004 ms
start encode NV12 with RV1106 vendor packet ABI, frame=35
encode_put_frame ret=0
encode_get_packet ret=0 handle=0xae81ca60 expected=0xae81ca60
vendor packet: mpi_buf_id=230 len=16 buf_size=1495040 offset=426880 data_num=1 flag=0x00000000 pts=35
valloc packet buffer: mpi_buf_id=230 dma_buf_fd=10 size=0
H264 first bytes: 00 00 00 01 41 e0 00 a0 01 46 01 0f 00 05 b2 30
encode_release_packet ret=0
continuous frame 36/300: h264=16 bytes encode=35.452 ms write=0.003 ms
start encode NV12 with RV1106 vendor packet ABI, frame=36
encode_put_frame ret=0
encode_get_packet ret=0 handle=0xae81ca60 expected=0xae81ca60
vendor packet: mpi_buf_id=230 len=16 buf_size=1495040 offset=427008 data_num=1 flag=0x00000000 pts=36
valloc packet buffer: mpi_buf_id=230 dma_buf_fd=10 size=0
H264 first bytes: 00 00 00 01 41 e0 00 c0 01 86 01 0f 00 05 b2 30
encode_release_packet ret=0
continuous frame 37/300: h264=16 bytes encode=39.976 ms write=0.004 ms
start encode NV12 with RV1106 vendor packet ABI, frame=37
encode_put_frame ret=0
encode_get_packet ret=0 handle=0xae81ca60 expected=0xae81ca60
vendor packet: mpi_buf_id=230 len=16 buf_size=1495040 offset=427136 data_num=1 flag=0x00000000 pts=37
valloc packet buffer: mpi_buf_id=230 dma_buf_fd=10 size=0
H264 first bytes: 00 00 00 01 41 e0 00 e0 01 c6 01 0f 00 05 b2 30
encode_release_packet ret=0
continuous frame 38/300: h264=16 bytes encode=39.969 ms write=0.004 ms
start encode NV12 with RV1106 vendor packet ABI, frame=38
encode_put_frame ret=0
encode_get_packet ret=0 handle=0xae81ca60 expected=0xae81ca60
vendor packet: mpi_buf_id=230 len=16 buf_size=1495040 offset=427264 data_num=1 flag=0x00000000 pts=38
valloc packet buffer: mpi_buf_id=230 dma_buf_fd=10 size=0
H264 first bytes: 00 00 00 01 41 e0 01 00 02 06 01 0f 00 05 b2 30
encode_release_packet ret=0
continuous frame 39/300: h264=16 bytes encode=36.644 ms write=0.003 ms
start encode NV12 with RV1106 vendor packet ABI, frame=39
encode_put_frame ret=0
encode_get_packet ret=0 handle=0xae81ca60 expected=0xae81ca60
vendor packet: mpi_buf_id=230 len=16 buf_size=1495040 offset=427392 data_num=1 flag=0x00000000 pts=39
valloc packet buffer: mpi_buf_id=230 dma_buf_fd=10 size=0
H264 first bytes: 00 00 00 01 41 e0 01 20 02 46 01 0f 00 05 b2 30
encode_release_packet ret=0
continuous frame 40/300: h264=16 bytes encode=42.979 ms write=0.002 ms
start encode NV12 with RV1106 vendor packet ABI, frame=40
encode_put_frame ret=0
encode_get_packet ret=0 handle=0xae81ca60 expected=0xae81ca60
vendor packet: mpi_buf_id=230 len=16 buf_size=1495040 offset=427520 data_num=1 flag=0x00000000 pts=40
valloc packet buffer: mpi_buf_id=230 dma_buf_fd=10 size=0
H264 first bytes: 00 00 00 01 41 e0 01 40 02 86 01 0f 00 05 b2 30
encode_release_packet ret=0
continuous frame 41/300: h264=16 bytes encode=40.286 ms write=0.003 ms
start encode NV12 with RV1106 vendor packet ABI, frame=41
encode_put_frame ret=0
encode_get_packet ret=0 handle=0xae81ca60 expected=0xae81ca60
vendor packet: mpi_buf_id=230 len=16 buf_size=1495040 offset=427648 data_num=1 flag=0x00000000 pts=41
valloc packet buffer: mpi_buf_id=230 dma_buf_fd=10 size=0
H264 first bytes: 00 00 00 01 41 e0 01 60 02 c6 01 0f 00 05 b2 30
encode_release_packet ret=0
continuous frame 42/300: h264=16 bytes encode=39.953 ms write=0.003 ms
start encode NV12 with RV1106 vendor packet ABI, frame=42
encode_put_frame ret=0
encode_get_packet ret=0 handle=0xae81ca60 expected=0xae81ca60
vendor packet: mpi_buf_id=230 len=16 buf_size=1495040 offset=427776 data_num=1 flag=0x00000000 pts=42
valloc packet buffer: mpi_buf_id=230 dma_buf_fd=10 size=0
H264 first bytes: 00 00 00 01 41 e0 01 80 03 06 01 0f 00 05 b2 30
encode_release_packet ret=0
continuous frame 43/300: h264=16 bytes encode=39.942 ms write=0.003 ms
start encode NV12 with RV1106 vendor packet ABI, frame=43
encode_put_frame ret=0
encode_get_packet ret=0 handle=0xae81ca60 expected=0xae81ca60
vendor packet: mpi_buf_id=230 len=16 buf_size=1495040 offset=427904 data_num=1 flag=0x00000000 pts=43
valloc packet buffer: mpi_buf_id=230 dma_buf_fd=10 size=0
H264 first bytes: 00 00 00 01 41 e0 01 a0 03 46 01 0f 00 05 b2 30
encode_release_packet ret=0
continuous frame 44/300: h264=16 bytes encode=39.987 ms write=0.004 ms
start encode NV12 with RV1106 vendor packet ABI, frame=44
encode_put_frame ret=0
encode_get_packet ret=0 handle=0xae81ca60 expected=0xae81ca60
vendor packet: mpi_buf_id=230 len=16 buf_size=1495040 offset=428032 data_num=1 flag=0x00000000 pts=44
valloc packet buffer: mpi_buf_id=230 dma_buf_fd=10 size=0
H264 first bytes: 00 00 00 01 41 e0 01 c0 03 86 01 0f 00 05 b2 30
encode_release_packet ret=0
continuous frame 45/300: h264=16 bytes encode=39.974 ms write=0.004 ms
start encode NV12 with RV1106 vendor packet ABI, frame=45
encode_put_frame ret=0
encode_get_packet ret=0 handle=0xae81ca60 expected=0xae81ca60
vendor packet: mpi_buf_id=230 len=16 buf_size=1495040 offset=428160 data_num=1 flag=0x00000000 pts=45
valloc packet buffer: mpi_buf_id=230 dma_buf_fd=10 size=0
H264 first bytes: 00 00 00 01 41 e0 01 e0 03 c6 01 0f 00 05 b2 30
encode_release_packet ret=0
continuous frame 46/300: h264=16 bytes encode=39.918 ms write=0.004 ms
start encode NV12 with RV1106 vendor packet ABI, frame=46
encode_put_frame ret=0
encode_get_packet ret=0 handle=0xae81ca60 expected=0xae81ca60
vendor packet: mpi_buf_id=230 len=16 buf_size=1495040 offset=428288 data_num=1 flag=0x00000000 pts=46
valloc packet buffer: mpi_buf_id=230 dma_buf_fd=10 size=0
H264 first bytes: 00 00 00 01 41 e0 02 00 04 06 01 0f 00 05 b2 30
encode_release_packet ret=0
continuous frame 47/300: h264=16 bytes encode=40.010 ms write=0.003 ms
start encode NV12 with RV1106 vendor packet ABI, frame=47
encode_put_frame ret=0
encode_get_packet ret=0 handle=0xae81ca60 expected=0xae81ca60
vendor packet: mpi_buf_id=230 len=16 buf_size=1495040 offset=428416 data_num=1 flag=0x00000000 pts=47
valloc packet buffer: mpi_buf_id=230 dma_buf_fd=10 size=0
H264 first bytes: 00 00 00 01 41 e0 02 20 04 46 01 0f 00 05 b2 30
encode_release_packet ret=0
continuous frame 48/300: h264=16 bytes encode=39.925 ms write=0.005 ms
start encode NV12 with RV1106 vendor packet ABI, frame=48
encode_put_frame ret=0
encode_get_packet ret=0 handle=0xae81ca60 expected=0xae81ca60
vendor packet: mpi_buf_id=230 len=16 buf_size=1495040 offset=428544 data_num=1 flag=0x00000000 pts=48
valloc packet buffer: mpi_buf_id=230 dma_buf_fd=10 size=0
H264 first bytes: 00 00 00 01 41 e0 02 40 04 86 01 0f 00 05 b2 30
encode_release_packet ret=0
continuous frame 49/300: h264=16 bytes encode=40.017 ms write=0.003 ms
start encode NV12 with RV1106 vendor packet ABI, frame=49
encode_put_frame ret=0
encode_get_packet ret=0 handle=0xae81ca60 expected=0xae81ca60
vendor packet: mpi_buf_id=230 len=16 buf_size=1495040 offset=428672 data_num=1 flag=0x00000000 pts=49
valloc packet buffer: mpi_buf_id=230 dma_buf_fd=10 size=0
H264 first bytes: 00 00 00 01 41 e0 02 60 04 c6 01 0f 00 05 b2 30
encode_release_packet ret=0
continuous frame 50/300: h264=16 bytes encode=39.965 ms write=0.003 ms
start encode NV12 with RV1106 vendor packet ABI, frame=50
encode_put_frame ret=0
encode_get_packet ret=0 handle=0xae81ca60 expected=0xae81ca60
vendor packet: mpi_buf_id=230 len=16 buf_size=1495040 offset=428800 data_num=1 flag=0x00000000 pts=50
valloc packet buffer: mpi_buf_id=230 dma_buf_fd=10 size=0
H264 first bytes: 00 00 00 01 41 e0 02 80 05 06 01 0f 00 05 b2 30
encode_release_packet ret=0
continuous frame 51/300: h264=16 bytes encode=39.939 ms write=0.004 ms
start encode NV12 with RV1106 vendor packet ABI, frame=51
encode_put_frame ret=0
encode_get_packet ret=0 handle=0xae81ca60 expected=0xae81ca60
vendor packet: mpi_buf_id=230 len=16 buf_size=1495040 offset=428928 data_num=1 flag=0x00000000 pts=51
valloc packet buffer: mpi_buf_id=230 dma_buf_fd=10 size=0
H264 first bytes: 00 00 00 01 41 e0 02 a0 05 46 01 0f 00 05 b2 30
encode_release_packet ret=0
continuous frame 52/300: h264=16 bytes encode=39.807 ms write=0.003 ms
start encode NV12 with RV1106 vendor packet ABI, frame=52
encode_put_frame ret=0
encode_get_packet ret=0 handle=0xae81ca60 expected=0xae81ca60
vendor packet: mpi_buf_id=230 len=16 buf_size=1495040 offset=429056 data_num=1 flag=0x00000000 pts=52
valloc packet buffer: mpi_buf_id=230 dma_buf_fd=10 size=0
H264 first bytes: 00 00 00 01 41 e0 02 c0 05 86 01 0f 00 05 b2 30
encode_release_packet ret=0
continuous frame 53/300: h264=16 bytes encode=40.021 ms write=0.003 ms
start encode NV12 with RV1106 vendor packet ABI, frame=53
encode_put_frame ret=0
encode_get_packet ret=0 handle=0xae81ca60 expected=0xae81ca60
vendor packet: mpi_buf_id=230 len=16 buf_size=1495040 offset=429184 data_num=1 flag=0x00000000 pts=53
valloc packet buffer: mpi_buf_id=230 dma_buf_fd=10 size=0
H264 first bytes: 00 00 00 01 41 e0 02 e0 05 c6 01 0f 00 05 b2 30
encode_release_packet ret=0
continuous frame 54/300: h264=16 bytes encode=39.954 ms write=0.003 ms
start encode NV12 with RV1106 vendor packet ABI, frame=54
encode_put_frame ret=0
encode_get_packet ret=0 handle=0xae81ca60 expected=0xae81ca60
vendor packet: mpi_buf_id=230 len=16 buf_size=1495040 offset=429312 data_num=1 flag=0x00000000 pts=54
valloc packet buffer: mpi_buf_id=230 dma_buf_fd=10 size=0
H264 first bytes: 00 00 00 01 41 e0 03 00 06 06 01 0f 00 05 b2 30
encode_release_packet ret=0
continuous frame 55/300: h264=16 bytes encode=39.976 ms write=0.002 ms
start encode NV12 with RV1106 vendor packet ABI, frame=55
encode_put_frame ret=0
encode_get_packet ret=0 handle=0xae81ca60 expected=0xae81ca60
vendor packet: mpi_buf_id=230 len=16 buf_size=1495040 offset=429440 data_num=1 flag=0x00000000 pts=55
valloc packet buffer: mpi_buf_id=230 dma_buf_fd=10 size=0
H264 first bytes: 00 00 00 01 41 e0 03 20 06 46 01 0f 00 05 b2 30
encode_release_packet ret=0
continuous frame 56/300: h264=16 bytes encode=39.962 ms write=0.003 ms
start encode NV12 with RV1106 vendor packet ABI, frame=56
encode_put_frame ret=0
encode_get_packet ret=0 handle=0xae81ca60 expected=0xae81ca60
vendor packet: mpi_buf_id=230 len=16 buf_size=1495040 offset=429568 data_num=1 flag=0x00000000 pts=56
valloc packet buffer: mpi_buf_id=230 dma_buf_fd=10 size=0
H264 first bytes: 00 00 00 01 41 e0 03 40 06 86 01 0f 00 05 b2 30
encode_release_packet ret=0
continuous frame 57/300: h264=16 bytes encode=39.981 ms write=0.003 ms
start encode NV12 with RV1106 vendor packet ABI, frame=57
encode_put_frame ret=0
encode_get_packet ret=0 handle=0xae81ca60 expected=0xae81ca60
vendor packet: mpi_buf_id=230 len=16 buf_size=1495040 offset=429696 data_num=1 flag=0x00000000 pts=57
valloc packet buffer: mpi_buf_id=230 dma_buf_fd=10 size=0
H264 first bytes: 00 00 00 01 41 e0 03 60 06 c6 01 0f 00 05 b2 30
encode_release_packet ret=0
continuous frame 58/300: h264=16 bytes encode=39.892 ms write=0.002 ms
start encode NV12 with RV1106 vendor packet ABI, frame=58
encode_put_frame ret=0
encode_get_packet ret=0 handle=0xae81ca60 expected=0xae81ca60
vendor packet: mpi_buf_id=230 len=16 buf_size=1495040 offset=429824 data_num=1 flag=0x00000000 pts=58
valloc packet buffer: mpi_buf_id=230 dma_buf_fd=10 size=0
H264 first bytes: 00 00 00 01 41 e0 03 80 07 06 01 0f 00 05 b2 30
encode_release_packet ret=0
continuous frame 59/300: h264=16 bytes encode=40.073 ms write=0.002 ms
start encode NV12 with RV1106 vendor packet ABI, frame=59
encode_put_frame ret=0
encode_get_packet ret=0 handle=0xae81ca60 expected=0xae81ca60
vendor packet: mpi_buf_id=230 len=16 buf_size=1495040 offset=429952 data_num=1 flag=0x00000000 pts=59
valloc packet buffer: mpi_buf_id=230 dma_buf_fd=10 size=0
H264 first bytes: 00 00 00 01 41 e0 03 a0 07 46 01 0f 00 05 b2 30
encode_release_packet ret=0
continuous frame 60/300: h264=16 bytes encode=40.136 ms write=0.004 ms
start encode NV12 with RV1106 vendor packet ABI, frame=60
encode_put_frame ret=0
encode_get_packet ret=0 handle=0xae81ca60 expected=0xae81ca60
vendor packet: mpi_buf_id=230 len=373271 buf_size=1495040 offset=430080 data_num=1 flag=0x00000010 pts=60
valloc packet buffer: mpi_buf_id=230 dma_buf_fd=10 size=0
H264 first bytes: 00 00 00 01 65 b8 00 03 00 00 03 01 0f 0a 62 80
encode_release_packet ret=0
continuous frame 61/300: h264=373271 bytes encode=40.974 ms write=0.014 ms
start encode NV12 with RV1106 vendor packet ABI, frame=61
encode_put_frame ret=0
encode_get_packet ret=0 handle=0xae81ca60 expected=0xae81ca60
vendor packet: mpi_buf_id=230 len=136 buf_size=1495040 offset=803456 data_num=1 flag=0x00000000 pts=61
valloc packet buffer: mpi_buf_id=230 dma_buf_fd=10 size=0
H264 first bytes: 00 00 00 01 41 e0 00 20 00 46 01 0f 01 6b c1 1d
encode_release_packet ret=0
continuous frame 62/300: h264=136 bytes encode=36.478 ms write=0.004 ms
start encode NV12 with RV1106 vendor packet ABI, frame=62
encode_put_frame ret=0
encode_get_packet ret=0 handle=0xae81ca60 expected=0xae81ca60
vendor packet: mpi_buf_id=230 len=16 buf_size=1495040 offset=803712 data_num=1 flag=0x00000000 pts=62
valloc packet buffer: mpi_buf_id=230 dma_buf_fd=10 size=0
H264 first bytes: 00 00 00 01 41 e0 00 40 00 86 01 0f 00 05 b2 30
encode_release_packet ret=0
continuous frame 63/300: h264=16 bytes encode=39.896 ms write=0.003 ms
start encode NV12 with RV1106 vendor packet ABI, frame=63
encode_put_frame ret=0
encode_get_packet ret=0 handle=0xae81ca60 expected=0xae81ca60
vendor packet: mpi_buf_id=230 len=16 buf_size=1495040 offset=803840 data_num=1 flag=0x00000000 pts=63
valloc packet buffer: mpi_buf_id=230 dma_buf_fd=10 size=0
H264 first bytes: 00 00 00 01 41 e0 00 60 00 c6 01 0f 00 05 b2 30
encode_release_packet ret=0
continuous frame 64/300: h264=16 bytes encode=40.197 ms write=0.003 ms
start encode NV12 with RV1106 vendor packet ABI, frame=64
encode_put_frame ret=0
encode_get_packet ret=0 handle=0xae81ca60 expected=0xae81ca60
vendor packet: mpi_buf_id=230 len=16 buf_size=1495040 offset=803968 data_num=1 flag=0x00000000 pts=64
valloc packet buffer: mpi_buf_id=230 dma_buf_fd=10 size=0
H264 first bytes: 00 00 00 01 41 e0 00 80 01 06 01 0f 00 05 b2 30
encode_release_packet ret=0
continuous frame 65/300: h264=16 bytes encode=39.765 ms write=0.003 ms
start encode NV12 with RV1106 vendor packet ABI, frame=65
encode_put_frame ret=0
encode_get_packet ret=0 handle=0xae81ca60 expected=0xae81ca60
vendor packet: mpi_buf_id=230 len=16 buf_size=1495040 offset=804096 data_num=1 flag=0x00000000 pts=65
valloc packet buffer: mpi_buf_id=230 dma_buf_fd=10 size=0
H264 first bytes: 00 00 00 01 41 e0 00 a0 01 46 01 0f 00 05 b2 30
encode_release_packet ret=0
continuous frame 66/300: h264=16 bytes encode=39.946 ms write=0.003 ms
start encode NV12 with RV1106 vendor packet ABI, frame=66
encode_put_frame ret=0
encode_get_packet ret=0 handle=0xae81ca60 expected=0xae81ca60
vendor packet: mpi_buf_id=230 len=16 buf_size=1495040 offset=804224 data_num=1 flag=0x00000000 pts=66
valloc packet buffer: mpi_buf_id=230 dma_buf_fd=10 size=0
H264 first bytes: 00 00 00 01 41 e0 00 c0 01 86 01 0f 00 05 b2 30
encode_release_packet ret=0
continuous frame 67/300: h264=16 bytes encode=39.956 ms write=0.003 ms
start encode NV12 with RV1106 vendor packet ABI, frame=67
encode_put_frame ret=0
encode_get_packet ret=0 handle=0xae81ca60 expected=0xae81ca60
vendor packet: mpi_buf_id=230 len=16 buf_size=1495040 offset=804352 data_num=1 flag=0x00000000 pts=67
valloc packet buffer: mpi_buf_id=230 dma_buf_fd=10 size=0
H264 first bytes: 00 00 00 01 41 e0 00 e0 01 c6 01 0f 00 05 b2 30
encode_release_packet ret=0
continuous frame 68/300: h264=16 bytes encode=39.992 ms write=0.004 ms
start encode NV12 with RV1106 vendor packet ABI, frame=68
encode_put_frame ret=0
encode_get_packet ret=0 handle=0xae81ca60 expected=0xae81ca60
vendor packet: mpi_buf_id=230 len=16 buf_size=1495040 offset=804480 data_num=1 flag=0x00000000 pts=68
valloc packet buffer: mpi_buf_id=230 dma_buf_fd=10 size=0
H264 first bytes: 00 00 00 01 41 e0 01 00 02 06 01 0f 00 05 b2 30
encode_release_packet ret=0
continuous frame 69/300: h264=16 bytes encode=40.070 ms write=0.003 ms
start encode NV12 with RV1106 vendor packet ABI, frame=69
encode_put_frame ret=0
encode_get_packet ret=0 handle=0xae81ca60 expected=0xae81ca60
vendor packet: mpi_buf_id=230 len=16 buf_size=1495040 offset=804608 data_num=1 flag=0x00000000 pts=69
valloc packet buffer: mpi_buf_id=230 dma_buf_fd=10 size=0
H264 first bytes: 00 00 00 01 41 e0 01 20 02 46 01 0f 00 05 b2 30
encode_release_packet ret=0
continuous frame 70/300: h264=16 bytes encode=39.860 ms write=0.004 ms
start encode NV12 with RV1106 vendor packet ABI, frame=70
encode_put_frame ret=0
encode_get_packet ret=0 handle=0xae81ca60 expected=0xae81ca60
vendor packet: mpi_buf_id=230 len=16 buf_size=1495040 offset=804736 data_num=1 flag=0x00000000 pts=70
valloc packet buffer: mpi_buf_id=230 dma_buf_fd=10 size=0
H264 first bytes: 00 00 00 01 41 e0 01 40 02 86 01 0f 00 05 b2 30
encode_release_packet ret=0
continuous frame 71/300: h264=16 bytes encode=39.949 ms write=0.003 ms
start encode NV12 with RV1106 vendor packet ABI, frame=71
encode_put_frame ret=0
encode_get_packet ret=0 handle=0xae81ca60 expected=0xae81ca60
vendor packet: mpi_buf_id=230 len=16 buf_size=1495040 offset=804864 data_num=1 flag=0x00000000 pts=71
valloc packet buffer: mpi_buf_id=230 dma_buf_fd=10 size=0
H264 first bytes: 00 00 00 01 41 e0 01 60 02 c6 01 0f 00 05 b2 30
encode_release_packet ret=0
continuous frame 72/300: h264=16 bytes encode=39.984 ms write=0.003 ms
start encode NV12 with RV1106 vendor packet ABI, frame=72
encode_put_frame ret=0
encode_get_packet ret=0 handle=0xae81ca60 expected=0xae81ca60
vendor packet: mpi_buf_id=230 len=16 buf_size=1495040 offset=804992 data_num=1 flag=0x00000000 pts=72
valloc packet buffer: mpi_buf_id=230 dma_buf_fd=10 size=0
H264 first bytes: 00 00 00 01 41 e0 01 80 03 06 01 0f 00 05 b2 30
encode_release_packet ret=0
continuous frame 73/300: h264=16 bytes encode=39.963 ms write=0.003 ms
start encode NV12 with RV1106 vendor packet ABI, frame=73
encode_put_frame ret=0
encode_get_packet ret=0 handle=0xae81ca60 expected=0xae81ca60
vendor packet: mpi_buf_id=230 len=16 buf_size=1495040 offset=805120 data_num=1 flag=0x00000000 pts=73
valloc packet buffer: mpi_buf_id=230 dma_buf_fd=10 size=0
H264 first bytes: 00 00 00 01 41 e0 01 a0 03 46 01 0f 00 05 b2 30
encode_release_packet ret=0
continuous frame 74/300: h264=16 bytes encode=39.989 ms write=0.003 ms
start encode NV12 with RV1106 vendor packet ABI, frame=74
encode_put_frame ret=0
encode_get_packet ret=0 handle=0xae81ca60 expected=0xae81ca60
vendor packet: mpi_buf_id=230 len=16 buf_size=1495040 offset=805248 data_num=1 flag=0x00000000 pts=74
valloc packet buffer: mpi_buf_id=230 dma_buf_fd=10 size=0
H264 first bytes: 00 00 00 01 41 e0 01 c0 03 86 01 0f 00 05 b2 30
encode_release_packet ret=0
continuous frame 75/300: h264=16 bytes encode=39.897 ms write=0.003 ms
start encode NV12 with RV1106 vendor packet ABI, frame=75
encode_put_frame ret=0
encode_get_packet ret=0 handle=0xae81ca60 expected=0xae81ca60
vendor packet: mpi_buf_id=230 len=16 buf_size=1495040 offset=805376 data_num=1 flag=0x00000000 pts=75
valloc packet buffer: mpi_buf_id=230 dma_buf_fd=10 size=0
H264 first bytes: 00 00 00 01 41 e0 01 e0 03 c6 01 0f 00 05 b2 30
encode_release_packet ret=0
continuous frame 76/300: h264=16 bytes encode=40.008 ms write=0.003 ms
start encode NV12 with RV1106 vendor packet ABI, frame=76
encode_put_frame ret=0
encode_get_packet ret=0 handle=0xae81ca60 expected=0xae81ca60
vendor packet: mpi_buf_id=230 len=16 buf_size=1495040 offset=805504 data_num=1 flag=0x00000000 pts=76
valloc packet buffer: mpi_buf_id=230 dma_buf_fd=10 size=0
H264 first bytes: 00 00 00 01 41 e0 02 00 04 06 01 0f 00 05 b2 30
encode_release_packet ret=0
continuous frame 77/300: h264=16 bytes encode=39.971 ms write=0.003 ms
start encode NV12 with RV1106 vendor packet ABI, frame=77
encode_put_frame ret=0
encode_get_packet ret=0 handle=0xae81ca60 expected=0xae81ca60
vendor packet: mpi_buf_id=230 len=16 buf_size=1495040 offset=805632 data_num=1 flag=0x00000000 pts=77
valloc packet buffer: mpi_buf_id=230 dma_buf_fd=10 size=0
H264 first bytes: 00 00 00 01 41 e0 02 20 04 46 01 0f 00 05 b2 30
encode_release_packet ret=0
continuous frame 78/300: h264=16 bytes encode=39.974 ms write=0.003 ms
start encode NV12 with RV1106 vendor packet ABI, frame=78
encode_put_frame ret=0
encode_get_packet ret=0 handle=0xae81ca60 expected=0xae81ca60
vendor packet: mpi_buf_id=230 len=16 buf_size=1495040 offset=805760 data_num=1 flag=0x00000000 pts=78
valloc packet buffer: mpi_buf_id=230 dma_buf_fd=10 size=0
H264 first bytes: 00 00 00 01 41 e0 02 40 04 86 01 0f 00 05 b2 30
encode_release_packet ret=0
continuous frame 79/300: h264=16 bytes encode=39.996 ms write=0.003 ms
start encode NV12 with RV1106 vendor packet ABI, frame=79
encode_put_frame ret=0
encode_get_packet ret=0 handle=0xae81ca60 expected=0xae81ca60
vendor packet: mpi_buf_id=230 len=16 buf_size=1495040 offset=805888 data_num=1 flag=0x00000000 pts=79
valloc packet buffer: mpi_buf_id=230 dma_buf_fd=10 size=0
H264 first bytes: 00 00 00 01 41 e0 02 60 04 c6 01 0f 00 05 b2 30
encode_release_packet ret=0
continuous frame 80/300: h264=16 bytes encode=39.926 ms write=0.004 ms
start encode NV12 with RV1106 vendor packet ABI, frame=80
encode_put_frame ret=0
encode_get_packet ret=0 handle=0xae81ca60 expected=0xae81ca60
vendor packet: mpi_buf_id=230 len=16 buf_size=1495040 offset=806016 data_num=1 flag=0x00000000 pts=80
valloc packet buffer: mpi_buf_id=230 dma_buf_fd=10 size=0
H264 first bytes: 00 00 00 01 41 e0 02 80 05 06 01 0f 00 05 b2 30
encode_release_packet ret=0
continuous frame 81/300: h264=16 bytes encode=39.954 ms write=0.003 ms
start encode NV12 with RV1106 vendor packet ABI, frame=81
encode_put_frame ret=0
encode_get_packet ret=0 handle=0xae81ca60 expected=0xae81ca60
vendor packet: mpi_buf_id=230 len=16 buf_size=1495040 offset=806144 data_num=1 flag=0x00000000 pts=81
valloc packet buffer: mpi_buf_id=230 dma_buf_fd=10 size=0
H264 first bytes: 00 00 00 01 41 e0 02 a0 05 46 01 0f 00 05 b2 30
encode_release_packet ret=0
continuous frame 82/300: h264=16 bytes encode=40.041 ms write=0.002 ms
start encode NV12 with RV1106 vendor packet ABI, frame=82
encode_put_frame ret=0
encode_get_packet ret=0 handle=0xae81ca60 expected=0xae81ca60
vendor packet: mpi_buf_id=230 len=16 buf_size=1495040 offset=806272 data_num=1 flag=0x00000000 pts=82
valloc packet buffer: mpi_buf_id=230 dma_buf_fd=10 size=0
H264 first bytes: 00 00 00 01 41 e0 02 c0 05 86 01 0f 00 05 b2 30
encode_release_packet ret=0
continuous frame 83/300: h264=16 bytes encode=39.910 ms write=0.003 ms
start encode NV12 with RV1106 vendor packet ABI, frame=83
encode_put_frame ret=0
encode_get_packet ret=0 handle=0xae81ca60 expected=0xae81ca60
vendor packet: mpi_buf_id=230 len=16 buf_size=1495040 offset=806400 data_num=1 flag=0x00000000 pts=83
valloc packet buffer: mpi_buf_id=230 dma_buf_fd=10 size=0
H264 first bytes: 00 00 00 01 41 e0 02 e0 05 c6 01 0f 00 05 b2 30
encode_release_packet ret=0
continuous frame 84/300: h264=16 bytes encode=39.963 ms write=0.003 ms
start encode NV12 with RV1106 vendor packet ABI, frame=84
encode_put_frame ret=0
encode_get_packet ret=0 handle=0xae81ca60 expected=0xae81ca60
vendor packet: mpi_buf_id=230 len=16 buf_size=1495040 offset=806528 data_num=1 flag=0x00000000 pts=84
valloc packet buffer: mpi_buf_id=230 dma_buf_fd=10 size=0
H264 first bytes: 00 00 00 01 41 e0 03 00 06 06 01 0f 00 05 b2 30
encode_release_packet ret=0
continuous frame 85/300: h264=16 bytes encode=39.964 ms write=0.004 ms
start encode NV12 with RV1106 vendor packet ABI, frame=85
encode_put_frame ret=0
encode_get_packet ret=0 handle=0xae81ca60 expected=0xae81ca60
vendor packet: mpi_buf_id=230 len=16 buf_size=1495040 offset=806656 data_num=1 flag=0x00000000 pts=85
valloc packet buffer: mpi_buf_id=230 dma_buf_fd=10 size=0
H264 first bytes: 00 00 00 01 41 e0 03 20 06 46 01 0f 00 05 b2 30
encode_release_packet ret=0
continuous frame 86/300: h264=16 bytes encode=39.982 ms write=0.003 ms
start encode NV12 with RV1106 vendor packet ABI, frame=86
encode_put_frame ret=0
encode_get_packet ret=0 handle=0xae81ca60 expected=0xae81ca60
vendor packet: mpi_buf_id=230 len=16 buf_size=1495040 offset=806784 data_num=1 flag=0x00000000 pts=86
valloc packet buffer: mpi_buf_id=230 dma_buf_fd=10 size=0
H264 first bytes: 00 00 00 01 41 e0 03 40 06 86 01 0f 00 05 b2 30
encode_release_packet ret=0
continuous frame 87/300: h264=16 bytes encode=39.853 ms write=0.003 ms
start encode NV12 with RV1106 vendor packet ABI, frame=87
encode_put_frame ret=0
encode_get_packet ret=0 handle=0xae81ca60 expected=0xae81ca60
vendor packet: mpi_buf_id=230 len=16 buf_size=1495040 offset=806912 data_num=1 flag=0x00000000 pts=87
valloc packet buffer: mpi_buf_id=230 dma_buf_fd=10 size=0
H264 first bytes: 00 00 00 01 41 e0 03 60 06 c6 01 0f 00 05 b2 30
encode_release_packet ret=0
continuous frame 88/300: h264=16 bytes encode=39.925 ms write=0.003 ms
start encode NV12 with RV1106 vendor packet ABI, frame=88
encode_put_frame ret=0
encode_get_packet ret=0 handle=0xae81ca60 expected=0xae81ca60
vendor packet: mpi_buf_id=230 len=16 buf_size=1495040 offset=807040 data_num=1 flag=0x00000000 pts=88
valloc packet buffer: mpi_buf_id=230 dma_buf_fd=10 size=0
H264 first bytes: 00 00 00 01 41 e0 03 80 07 06 01 0f 00 05 b2 30
encode_release_packet ret=0
continuous frame 89/300: h264=16 bytes encode=36.665 ms write=0.003 ms
start encode NV12 with RV1106 vendor packet ABI, frame=89
encode_put_frame ret=0
encode_get_packet ret=0 handle=0xae81ca60 expected=0xae81ca60
vendor packet: mpi_buf_id=230 len=16 buf_size=1495040 offset=807168 data_num=1 flag=0x00000000 pts=89
valloc packet buffer: mpi_buf_id=230 dma_buf_fd=10 size=0
H264 first bytes: 00 00 00 01 41 e0 03 a0 07 46 01 0f 00 05 b2 30
encode_release_packet ret=0
continuous frame 90/300: h264=16 bytes encode=43.043 ms write=0.004 ms
start encode NV12 with RV1106 vendor packet ABI, frame=90
encode_put_frame ret=0
encode_get_packet ret=0 handle=0xae81ca60 expected=0xae81ca60
vendor packet: mpi_buf_id=230 len=373271 buf_size=1495040 offset=807296 data_num=1 flag=0x00000010 pts=90
valloc packet buffer: mpi_buf_id=230 dma_buf_fd=10 size=0
H264 first bytes: 00 00 00 01 65 b8 00 01 00 00 03 00 43 c2 98 a0
encode_release_packet ret=0
continuous frame 91/300: h264=373271 bytes encode=41.284 ms write=0.015 ms
start encode NV12 with RV1106 vendor packet ABI, frame=91
encode_put_frame ret=0
encode_get_packet ret=0 handle=0xae81ca60 expected=0xae81ca60
vendor packet: mpi_buf_id=230 len=136 buf_size=1495040 offset=1180672 data_num=1 flag=0x00000000 pts=91
valloc packet buffer: mpi_buf_id=230 dma_buf_fd=10 size=0
H264 first bytes: 00 00 00 01 41 e0 00 20 00 46 01 0f 01 6b c1 1d
encode_release_packet ret=0
continuous frame 92/300: h264=136 bytes encode=38.838 ms write=0.004 ms
start encode NV12 with RV1106 vendor packet ABI, frame=92
encode_put_frame ret=0
encode_get_packet ret=0 handle=0xae81ca60 expected=0xae81ca60
vendor packet: mpi_buf_id=230 len=16 buf_size=1495040 offset=1180928 data_num=1 flag=0x00000000 pts=92
valloc packet buffer: mpi_buf_id=230 dma_buf_fd=10 size=0
H264 first bytes: 00 00 00 01 41 e0 00 40 00 86 01 0f 00 05 b2 30
encode_release_packet ret=0
continuous frame 93/300: h264=16 bytes encode=39.875 ms write=0.002 ms
start encode NV12 with RV1106 vendor packet ABI, frame=93
encode_put_frame ret=0
encode_get_packet ret=0 handle=0xae81ca60 expected=0xae81ca60
vendor packet: mpi_buf_id=230 len=16 buf_size=1495040 offset=1181056 data_num=1 flag=0x00000000 pts=93
valloc packet buffer: mpi_buf_id=230 dma_buf_fd=10 size=0
H264 first bytes: 00 00 00 01 41 e0 00 60 00 c6 01 0f 00 05 b2 30
encode_release_packet ret=0
continuous frame 94/300: h264=16 bytes encode=39.998 ms write=0.003 ms
start encode NV12 with RV1106 vendor packet ABI, frame=94
encode_put_frame ret=0
encode_get_packet ret=0 handle=0xae81ca60 expected=0xae81ca60
vendor packet: mpi_buf_id=230 len=16 buf_size=1495040 offset=1181184 data_num=1 flag=0x00000000 pts=94
valloc packet buffer: mpi_buf_id=230 dma_buf_fd=10 size=0
H264 first bytes: 00 00 00 01 41 e0 00 80 01 06 01 0f 00 05 b2 30
encode_release_packet ret=0
continuous frame 95/300: h264=16 bytes encode=40.055 ms write=0.003 ms
start encode NV12 with RV1106 vendor packet ABI, frame=95
encode_put_frame ret=0
encode_get_packet ret=0 handle=0xae81ca60 expected=0xae81ca60
vendor packet: mpi_buf_id=230 len=16 buf_size=1495040 offset=1181312 data_num=1 flag=0x00000000 pts=95
valloc packet buffer: mpi_buf_id=230 dma_buf_fd=10 size=0
H264 first bytes: 00 00 00 01 41 e0 00 a0 01 46 01 0f 00 05 b2 30
encode_release_packet ret=0
continuous frame 96/300: h264=16 bytes encode=39.838 ms write=0.003 ms
start encode NV12 with RV1106 vendor packet ABI, frame=96
encode_put_frame ret=0
encode_get_packet ret=0 handle=0xae81ca60 expected=0xae81ca60
vendor packet: mpi_buf_id=230 len=16 buf_size=1495040 offset=1181440 data_num=1 flag=0x00000000 pts=96
valloc packet buffer: mpi_buf_id=230 dma_buf_fd=10 size=0
H264 first bytes: 00 00 00 01 41 e0 00 c0 01 86 01 0f 00 05 b2 30
encode_release_packet ret=0
continuous frame 97/300: h264=16 bytes encode=39.956 ms write=0.004 ms
start encode NV12 with RV1106 vendor packet ABI, frame=97
encode_put_frame ret=0
encode_get_packet ret=0 handle=0xae81ca60 expected=0xae81ca60
vendor packet: mpi_buf_id=230 len=16 buf_size=1495040 offset=1181568 data_num=1 flag=0x00000000 pts=97
valloc packet buffer: mpi_buf_id=230 dma_buf_fd=10 size=0
H264 first bytes: 00 00 00 01 41 e0 00 e0 01 c6 01 0f 00 05 b2 30
encode_release_packet ret=0
continuous frame 98/300: h264=16 bytes encode=39.979 ms write=0.002 ms
start encode NV12 with RV1106 vendor packet ABI, frame=98
encode_put_frame ret=0
encode_get_packet ret=0 handle=0xae81ca60 expected=0xae81ca60
vendor packet: mpi_buf_id=230 len=16 buf_size=1495040 offset=1181696 data_num=1 flag=0x00000000 pts=98
valloc packet buffer: mpi_buf_id=230 dma_buf_fd=10 size=0
H264 first bytes: 00 00 00 01 41 e0 01 00 02 06 01 0f 00 05 b2 30
encode_release_packet ret=0
continuous frame 99/300: h264=16 bytes encode=39.958 ms write=0.002 ms
start encode NV12 with RV1106 vendor packet ABI, frame=99
encode_put_frame ret=0
encode_get_packet ret=0 handle=0xae81ca60 expected=0xae81ca60
vendor packet: mpi_buf_id=230 len=16 buf_size=1495040 offset=1181824 data_num=1 flag=0x00000000 pts=99
valloc packet buffer: mpi_buf_id=230 dma_buf_fd=10 size=0
H264 first bytes: 00 00 00 01 41 e0 01 20 02 46 01 0f 00 05 b2 30
encode_release_packet ret=0
continuous frame 100/300: h264=16 bytes encode=39.996 ms write=0.003 ms
start encode NV12 with RV1106 vendor packet ABI, frame=100
encode_put_frame ret=0
encode_get_packet ret=0 handle=0xae81ca60 expected=0xae81ca60
vendor packet: mpi_buf_id=230 len=16 buf_size=1495040 offset=1181952 data_num=1 flag=0x00000000 pts=100
valloc packet buffer: mpi_buf_id=230 dma_buf_fd=10 size=0
H264 first bytes: 00 00 00 01 41 e0 01 40 02 86 01 0f 00 05 b2 30
encode_release_packet ret=0
continuous frame 101/300: h264=16 bytes encode=39.960 ms write=0.003 ms
start encode NV12 with RV1106 vendor packet ABI, frame=101
encode_put_frame ret=0
encode_get_packet ret=0 handle=0xae81ca60 expected=0xae81ca60
vendor packet: mpi_buf_id=230 len=16 buf_size=1495040 offset=1182080 data_num=1 flag=0x00000000 pts=101
valloc packet buffer: mpi_buf_id=230 dma_buf_fd=10 size=0
H264 first bytes: 00 00 00 01 41 e0 01 60 02 c6 01 0f 00 05 b2 30
encode_release_packet ret=0
continuous frame 102/300: h264=16 bytes encode=39.936 ms write=0.004 ms
start encode NV12 with RV1106 vendor packet ABI, frame=102
encode_put_frame ret=0
encode_get_packet ret=0 handle=0xae81ca60 expected=0xae81ca60
vendor packet: mpi_buf_id=230 len=16 buf_size=1495040 offset=1182208 data_num=1 flag=0x00000000 pts=102
valloc packet buffer: mpi_buf_id=230 dma_buf_fd=10 size=0
H264 first bytes: 00 00 00 01 41 e0 01 80 03 06 01 0f 00 05 b2 30
encode_release_packet ret=0
continuous frame 103/300: h264=16 bytes encode=40.015 ms write=0.002 ms
start encode NV12 with RV1106 vendor packet ABI, frame=103
encode_put_frame ret=0
encode_get_packet ret=0 handle=0xae81ca60 expected=0xae81ca60
vendor packet: mpi_buf_id=230 len=16 buf_size=1495040 offset=1182336 data_num=1 flag=0x00000000 pts=103
valloc packet buffer: mpi_buf_id=230 dma_buf_fd=10 size=0
H264 first bytes: 00 00 00 01 41 e0 01 a0 03 46 01 0f 00 05 b2 30
encode_release_packet ret=0
continuous frame 104/300: h264=16 bytes encode=40.189 ms write=0.003 ms
start encode NV12 with RV1106 vendor packet ABI, frame=104
encode_put_frame ret=0
encode_get_packet ret=0 handle=0xae81ca60 expected=0xae81ca60
vendor packet: mpi_buf_id=230 len=16 buf_size=1495040 offset=1182464 data_num=1 flag=0x00000000 pts=104
valloc packet buffer: mpi_buf_id=230 dma_buf_fd=10 size=0
H264 first bytes: 00 00 00 01 41 e0 01 c0 03 86 01 0f 00 05 b2 30
encode_release_packet ret=0
continuous frame 105/300: h264=16 bytes encode=39.743 ms write=0.003 ms
start encode NV12 with RV1106 vendor packet ABI, frame=105
encode_put_frame ret=0
encode_get_packet ret=0 handle=0xae81ca60 expected=0xae81ca60
vendor packet: mpi_buf_id=230 len=16 buf_size=1495040 offset=1182592 data_num=1 flag=0x00000000 pts=105
valloc packet buffer: mpi_buf_id=230 dma_buf_fd=10 size=0
H264 first bytes: 00 00 00 01 41 e0 01 e0 03 c6 01 0f 00 05 b2 30
encode_release_packet ret=0
continuous frame 106/300: h264=16 bytes encode=39.935 ms write=0.002 ms
start encode NV12 with RV1106 vendor packet ABI, frame=106
encode_put_frame ret=0
encode_get_packet ret=0 handle=0xae81ca60 expected=0xae81ca60
vendor packet: mpi_buf_id=230 len=16 buf_size=1495040 offset=1182720 data_num=1 flag=0x00000000 pts=106
valloc packet buffer: mpi_buf_id=230 dma_buf_fd=10 size=0
H264 first bytes: 00 00 00 01 41 e0 02 00 04 06 01 0f 00 05 b2 30
encode_release_packet ret=0
continuous frame 107/300: h264=16 bytes encode=39.973 ms write=0.002 ms
start encode NV12 with RV1106 vendor packet ABI, frame=107
encode_put_frame ret=0
encode_get_packet ret=0 handle=0xae81ca60 expected=0xae81ca60
vendor packet: mpi_buf_id=230 len=16 buf_size=1495040 offset=1182848 data_num=1 flag=0x00000000 pts=107
valloc packet buffer: mpi_buf_id=230 dma_buf_fd=10 size=0
H264 first bytes: 00 00 00 01 41 e0 02 20 04 46 01 0f 00 05 b2 30
encode_release_packet ret=0
continuous frame 108/300: h264=16 bytes encode=39.949 ms write=0.002 ms
start encode NV12 with RV1106 vendor packet ABI, frame=108
encode_put_frame ret=0
encode_get_packet ret=0 handle=0xae81ca60 expected=0xae81ca60
vendor packet: mpi_buf_id=230 len=16 buf_size=1495040 offset=1182976 data_num=1 flag=0x00000000 pts=108
valloc packet buffer: mpi_buf_id=230 dma_buf_fd=10 size=0
H264 first bytes: 00 00 00 01 41 e0 02 40 04 86 01 0f 00 05 b2 30
encode_release_packet ret=0
continuous frame 109/300: h264=16 bytes encode=39.998 ms write=0.003 ms
start encode NV12 with RV1106 vendor packet ABI, frame=109
encode_put_frame ret=0
encode_get_packet ret=0 handle=0xae81ca60 expected=0xae81ca60
vendor packet: mpi_buf_id=230 len=16 buf_size=1495040 offset=1183104 data_num=1 flag=0x00000000 pts=109
valloc packet buffer: mpi_buf_id=230 dma_buf_fd=10 size=0
H264 first bytes: 00 00 00 01 41 e0 02 60 04 c6 01 0f 00 05 b2 30
encode_release_packet ret=0
continuous frame 110/300: h264=16 bytes encode=39.973 ms write=0.003 ms
start encode NV12 with RV1106 vendor packet ABI, frame=110
encode_put_frame ret=0
encode_get_packet ret=0 handle=0xae81ca60 expected=0xae81ca60
vendor packet: mpi_buf_id=230 len=16 buf_size=1495040 offset=1183232 data_num=1 flag=0x00000000 pts=110
valloc packet buffer: mpi_buf_id=230 dma_buf_fd=10 size=0
H264 first bytes: 00 00 00 01 41 e0 02 80 05 06 01 0f 00 05 b2 30
encode_release_packet ret=0
continuous frame 111/300: h264=16 bytes encode=39.965 ms write=0.002 ms
start encode NV12 with RV1106 vendor packet ABI, frame=111
encode_put_frame ret=0
encode_get_packet ret=0 handle=0xae81ca60 expected=0xae81ca60
vendor packet: mpi_buf_id=230 len=16 buf_size=1495040 offset=1183360 data_num=1 flag=0x00000000 pts=111
valloc packet buffer: mpi_buf_id=230 dma_buf_fd=10 size=0
H264 first bytes: 00 00 00 01 41 e0 02 a0 05 46 01 0f 00 05 b2 30
encode_release_packet ret=0
continuous frame 112/300: h264=16 bytes encode=39.982 ms write=0.002 ms
start encode NV12 with RV1106 vendor packet ABI, frame=112
encode_put_frame ret=0
encode_get_packet ret=0 handle=0xae81ca60 expected=0xae81ca60
vendor packet: mpi_buf_id=230 len=16 buf_size=1495040 offset=1183488 data_num=1 flag=0x00000000 pts=112
valloc packet buffer: mpi_buf_id=230 dma_buf_fd=10 size=0
H264 first bytes: 00 00 00 01 41 e0 02 c0 05 86 01 0f 00 05 b2 30
encode_release_packet ret=0
continuous frame 113/300: h264=16 bytes encode=40.025 ms write=0.003 ms
start encode NV12 with RV1106 vendor packet ABI, frame=113
encode_put_frame ret=0
encode_get_packet ret=0 handle=0xae81ca60 expected=0xae81ca60
vendor packet: mpi_buf_id=230 len=16 buf_size=1495040 offset=1183616 data_num=1 flag=0x00000000 pts=113
valloc packet buffer: mpi_buf_id=230 dma_buf_fd=10 size=0
H264 first bytes: 00 00 00 01 41 e0 02 e0 05 c6 01 0f 00 05 b2 30
encode_release_packet ret=0
continuous frame 114/300: h264=16 bytes encode=40.027 ms write=0.003 ms
start encode NV12 with RV1106 vendor packet ABI, frame=114
encode_put_frame ret=0
encode_get_packet ret=0 handle=0xae81ca60 expected=0xae81ca60
vendor packet: mpi_buf_id=230 len=16 buf_size=1495040 offset=1183744 data_num=1 flag=0x00000000 pts=114
valloc packet buffer: mpi_buf_id=230 dma_buf_fd=10 size=0
H264 first bytes: 00 00 00 01 41 e0 03 00 06 06 01 0f 00 05 b2 30
encode_release_packet ret=0
continuous frame 115/300: h264=16 bytes encode=39.793 ms write=0.003 ms
start encode NV12 with RV1106 vendor packet ABI, frame=115
encode_put_frame ret=0
encode_get_packet ret=0 handle=0xae81ca60 expected=0xae81ca60
vendor packet: mpi_buf_id=230 len=16 buf_size=1495040 offset=1183872 data_num=1 flag=0x00000000 pts=115
valloc packet buffer: mpi_buf_id=230 dma_buf_fd=10 size=0
H264 first bytes: 00 00 00 01 41 e0 03 20 06 46 01 0f 00 05 b2 30
encode_release_packet ret=0
continuous frame 116/300: h264=16 bytes encode=40.017 ms write=0.002 ms
start encode NV12 with RV1106 vendor packet ABI, frame=116
encode_put_frame ret=0
encode_get_packet ret=0 handle=0xae81ca60 expected=0xae81ca60
vendor packet: mpi_buf_id=230 len=16 buf_size=1495040 offset=1184000 data_num=1 flag=0x00000000 pts=116
valloc packet buffer: mpi_buf_id=230 dma_buf_fd=10 size=0
H264 first bytes: 00 00 00 01 41 e0 03 40 06 86 01 0f 00 05 b2 30
encode_release_packet ret=0
continuous frame 117/300: h264=16 bytes encode=39.943 ms write=0.003 ms
start encode NV12 with RV1106 vendor packet ABI, frame=117
encode_put_frame ret=0
encode_get_packet ret=0 handle=0xae81ca60 expected=0xae81ca60
vendor packet: mpi_buf_id=230 len=16 buf_size=1495040 offset=1184128 data_num=1 flag=0x00000000 pts=117
valloc packet buffer: mpi_buf_id=230 dma_buf_fd=10 size=0
H264 first bytes: 00 00 00 01 41 e0 03 60 06 c6 01 0f 00 05 b2 30
encode_release_packet ret=0
continuous frame 118/300: h264=16 bytes encode=39.990 ms write=0.003 ms
start encode NV12 with RV1106 vendor packet ABI, frame=118
encode_put_frame ret=0
encode_get_packet ret=0 handle=0xae81ca60 expected=0xae81ca60
vendor packet: mpi_buf_id=230 len=16 buf_size=1495040 offset=1184256 data_num=1 flag=0x00000000 pts=118
valloc packet buffer: mpi_buf_id=230 dma_buf_fd=10 size=0
H264 first bytes: 00 00 00 01 41 e0 03 80 07 06 01 0f 00 05 b2 30
encode_release_packet ret=0
continuous frame 119/300: h264=16 bytes encode=39.965 ms write=0.003 ms
start encode NV12 with RV1106 vendor packet ABI, frame=119
encode_put_frame ret=0
encode_get_packet ret=0 handle=0xae81ca60 expected=0xae81ca60
vendor packet: mpi_buf_id=230 len=16 buf_size=1495040 offset=1184384 data_num=1 flag=0x00000000 pts=119
valloc packet buffer: mpi_buf_id=230 dma_buf_fd=10 size=0
H264 first bytes: 00 00 00 01 41 e0 03 a0 07 46 01 0f 00 05 b2 30
encode_release_packet ret=0
continuous frame 120/300: h264=16 bytes encode=39.975 ms write=0.003 ms
start encode NV12 with RV1106 vendor packet ABI, frame=120
encode_put_frame ret=0
encode_get_packet ret=0 handle=0xae81ca60 expected=0xae81ca60
vendor packet: mpi_buf_id=230 len=373270 buf_size=1495040 offset=1184512 data_num=1 flag=0x00000010 pts=120
valloc packet buffer: mpi_buf_id=230 dma_buf_fd=10 size=0
H264 first bytes: 00 00 00 01 65 b8 00 01 40 00 00 43 c2 98 a0 00
encode_release_packet ret=0
continuous frame 121/300: h264=373270 bytes encode=41.149 ms write=0.010 ms
start encode NV12 with RV1106 vendor packet ABI, frame=121
encode_put_frame ret=0
encode_get_packet ret=0 handle=0xae81ca60 expected=0xae81ca60
vendor packet: mpi_buf_id=230 len=136 buf_size=1495040 offset=62848 data_num=1 flag=0x00000000 pts=121
valloc packet buffer: mpi_buf_id=230 dma_buf_fd=10 size=0
H264 first bytes: 00 00 00 01 41 e0 00 20 00 46 01 0f 01 6b c1 1d
encode_release_packet ret=0
continuous frame 122/300: h264=136 bytes encode=36.488 ms write=0.004 ms
start encode NV12 with RV1106 vendor packet ABI, frame=122
encode_put_frame ret=0
encode_get_packet ret=0 handle=0xae81ca60 expected=0xae81ca60
vendor packet: mpi_buf_id=230 len=16 buf_size=1495040 offset=63104 data_num=1 flag=0x00000000 pts=122
valloc packet buffer: mpi_buf_id=230 dma_buf_fd=10 size=0
H264 first bytes: 00 00 00 01 41 e0 00 40 00 86 01 0f 00 05 b2 30
encode_release_packet ret=0
continuous frame 123/300: h264=16 bytes encode=39.927 ms write=0.004 ms
start encode NV12 with RV1106 vendor packet ABI, frame=123
encode_put_frame ret=0
encode_get_packet ret=0 handle=0xae81ca60 expected=0xae81ca60
vendor packet: mpi_buf_id=230 len=16 buf_size=1495040 offset=63232 data_num=1 flag=0x00000000 pts=123
valloc packet buffer: mpi_buf_id=230 dma_buf_fd=10 size=0
H264 first bytes: 00 00 00 01 41 e0 00 60 00 c6 01 0f 00 05 b2 30
encode_release_packet ret=0
continuous frame 124/300: h264=16 bytes encode=39.964 ms write=0.003 ms
start encode NV12 with RV1106 vendor packet ABI, frame=124
encode_put_frame ret=0
encode_get_packet ret=0 handle=0xae81ca60 expected=0xae81ca60
vendor packet: mpi_buf_id=230 len=16 buf_size=1495040 offset=63360 data_num=1 flag=0x00000000 pts=124
valloc packet buffer: mpi_buf_id=230 dma_buf_fd=10 size=0
H264 first bytes: 00 00 00 01 41 e0 00 80 01 06 01 0f 00 05 b2 30
encode_release_packet ret=0
continuous frame 125/300: h264=16 bytes encode=39.972 ms write=0.004 ms
start encode NV12 with RV1106 vendor packet ABI, frame=125
encode_put_frame ret=0
encode_get_packet ret=0 handle=0xae81ca60 expected=0xae81ca60
vendor packet: mpi_buf_id=230 len=16 buf_size=1495040 offset=63488 data_num=1 flag=0x00000000 pts=125
valloc packet buffer: mpi_buf_id=230 dma_buf_fd=10 size=0
H264 first bytes: 00 00 00 01 41 e0 00 a0 01 46 01 0f 00 05 b2 30
encode_release_packet ret=0
continuous frame 126/300: h264=16 bytes encode=39.943 ms write=0.003 ms
start encode NV12 with RV1106 vendor packet ABI, frame=126
encode_put_frame ret=0
encode_get_packet ret=0 handle=0xae81ca60 expected=0xae81ca60
vendor packet: mpi_buf_id=230 len=16 buf_size=1495040 offset=63616 data_num=1 flag=0x00000000 pts=126
valloc packet buffer: mpi_buf_id=230 dma_buf_fd=10 size=0
H264 first bytes: 00 00 00 01 41 e0 00 c0 01 86 01 0f 00 05 b2 30
encode_release_packet ret=0
continuous frame 127/300: h264=16 bytes encode=40.242 ms write=0.003 ms
start encode NV12 with RV1106 vendor packet ABI, frame=127
encode_put_frame ret=0
encode_get_packet ret=0 handle=0xae81ca60 expected=0xae81ca60
vendor packet: mpi_buf_id=230 len=16 buf_size=1495040 offset=63744 data_num=1 flag=0x00000000 pts=127
valloc packet buffer: mpi_buf_id=230 dma_buf_fd=10 size=0
H264 first bytes: 00 00 00 01 41 e0 00 e0 01 c6 01 0f 00 05 b2 30
encode_release_packet ret=0
continuous frame 128/300: h264=16 bytes encode=39.747 ms write=0.002 ms
start encode NV12 with RV1106 vendor packet ABI, frame=128
encode_put_frame ret=0
encode_get_packet ret=0 handle=0xae81ca60 expected=0xae81ca60
vendor packet: mpi_buf_id=230 len=16 buf_size=1495040 offset=63872 data_num=1 flag=0x00000000 pts=128
valloc packet buffer: mpi_buf_id=230 dma_buf_fd=10 size=0
H264 first bytes: 00 00 00 01 41 e0 01 00 02 06 01 0f 00 05 b2 30
encode_release_packet ret=0
continuous frame 129/300: h264=16 bytes encode=39.910 ms write=0.003 ms
start encode NV12 with RV1106 vendor packet ABI, frame=129
encode_put_frame ret=0
encode_get_packet ret=0 handle=0xae81ca60 expected=0xae81ca60
vendor packet: mpi_buf_id=230 len=16 buf_size=1495040 offset=64000 data_num=1 flag=0x00000000 pts=129
valloc packet buffer: mpi_buf_id=230 dma_buf_fd=10 size=0
H264 first bytes: 00 00 00 01 41 e0 01 20 02 46 01 0f 00 05 b2 30
encode_release_packet ret=0
continuous frame 130/300: h264=16 bytes encode=40.105 ms write=0.003 ms
start encode NV12 with RV1106 vendor packet ABI, frame=130
encode_put_frame ret=0
encode_get_packet ret=0 handle=0xae81ca60 expected=0xae81ca60
vendor packet: mpi_buf_id=230 len=16 buf_size=1495040 offset=64128 data_num=1 flag=0x00000000 pts=130
valloc packet buffer: mpi_buf_id=230 dma_buf_fd=10 size=0
H264 first bytes: 00 00 00 01 41 e0 01 40 02 86 01 0f 00 05 b2 30
encode_release_packet ret=0
continuous frame 131/300: h264=16 bytes encode=39.829 ms write=0.003 ms
start encode NV12 with RV1106 vendor packet ABI, frame=131
encode_put_frame ret=0
encode_get_packet ret=0 handle=0xae81ca60 expected=0xae81ca60
vendor packet: mpi_buf_id=230 len=16 buf_size=1495040 offset=64256 data_num=1 flag=0x00000000 pts=131
valloc packet buffer: mpi_buf_id=230 dma_buf_fd=10 size=0
H264 first bytes: 00 00 00 01 41 e0 01 60 02 c6 01 0f 00 05 b2 30
encode_release_packet ret=0
continuous frame 132/300: h264=16 bytes encode=39.970 ms write=0.003 ms
start encode NV12 with RV1106 vendor packet ABI, frame=132
encode_put_frame ret=0
encode_get_packet ret=0 handle=0xae81ca60 expected=0xae81ca60
vendor packet: mpi_buf_id=230 len=16 buf_size=1495040 offset=64384 data_num=1 flag=0x00000000 pts=132
valloc packet buffer: mpi_buf_id=230 dma_buf_fd=10 size=0
H264 first bytes: 00 00 00 01 41 e0 01 80 03 06 01 0f 00 05 b2 30
encode_release_packet ret=0
continuous frame 133/300: h264=16 bytes encode=40.016 ms write=0.003 ms
start encode NV12 with RV1106 vendor packet ABI, frame=133
encode_put_frame ret=0
encode_get_packet ret=0 handle=0xae81ca60 expected=0xae81ca60
vendor packet: mpi_buf_id=230 len=16 buf_size=1495040 offset=64512 data_num=1 flag=0x00000000 pts=133
valloc packet buffer: mpi_buf_id=230 dma_buf_fd=10 size=0
H264 first bytes: 00 00 00 01 41 e0 01 a0 03 46 01 0f 00 05 b2 30
encode_release_packet ret=0
continuous frame 134/300: h264=16 bytes encode=39.934 ms write=0.003 ms
start encode NV12 with RV1106 vendor packet ABI, frame=134
encode_put_frame ret=0
encode_get_packet ret=0 handle=0xae81ca60 expected=0xae81ca60
vendor packet: mpi_buf_id=230 len=16 buf_size=1495040 offset=64640 data_num=1 flag=0x00000000 pts=134
valloc packet buffer: mpi_buf_id=230 dma_buf_fd=10 size=0
H264 first bytes: 00 00 00 01 41 e0 01 c0 03 86 01 0f 00 05 b2 30
encode_release_packet ret=0
continuous frame 135/300: h264=16 bytes encode=40.024 ms write=0.004 ms
start encode NV12 with RV1106 vendor packet ABI, frame=135
encode_put_frame ret=0
encode_get_packet ret=0 handle=0xae81ca60 expected=0xae81ca60
vendor packet: mpi_buf_id=230 len=16 buf_size=1495040 offset=64768 data_num=1 flag=0x00000000 pts=135
valloc packet buffer: mpi_buf_id=230 dma_buf_fd=10 size=0
H264 first bytes: 00 00 00 01 41 e0 01 e0 03 c6 01 0f 00 05 b2 30
encode_release_packet ret=0
continuous frame 136/300: h264=16 bytes encode=39.908 ms write=0.003 ms
start encode NV12 with RV1106 vendor packet ABI, frame=136
encode_put_frame ret=0
encode_get_packet ret=0 handle=0xae81ca60 expected=0xae81ca60
vendor packet: mpi_buf_id=230 len=16 buf_size=1495040 offset=64896 data_num=1 flag=0x00000000 pts=136
valloc packet buffer: mpi_buf_id=230 dma_buf_fd=10 size=0
H264 first bytes: 00 00 00 01 41 e0 02 00 04 06 01 0f 00 05 b2 30
encode_release_packet ret=0
continuous frame 137/300: h264=16 bytes encode=39.978 ms write=0.002 ms
start encode NV12 with RV1106 vendor packet ABI, frame=137
encode_put_frame ret=0
encode_get_packet ret=0 handle=0xae81ca60 expected=0xae81ca60
vendor packet: mpi_buf_id=230 len=16 buf_size=1495040 offset=65024 data_num=1 flag=0x00000000 pts=137
valloc packet buffer: mpi_buf_id=230 dma_buf_fd=10 size=0
H264 first bytes: 00 00 00 01 41 e0 02 20 04 46 01 0f 00 05 b2 30
encode_release_packet ret=0
continuous frame 138/300: h264=16 bytes encode=39.933 ms write=0.004 ms
start encode NV12 with RV1106 vendor packet ABI, frame=138
encode_put_frame ret=0
encode_get_packet ret=0 handle=0xae81ca60 expected=0xae81ca60
vendor packet: mpi_buf_id=230 len=16 buf_size=1495040 offset=65152 data_num=1 flag=0x00000000 pts=138
valloc packet buffer: mpi_buf_id=230 dma_buf_fd=10 size=0
H264 first bytes: 00 00 00 01 41 e0 02 40 04 86 01 0f 00 05 b2 30
encode_release_packet ret=0
continuous frame 139/300: h264=16 bytes encode=36.793 ms write=0.004 ms
start encode NV12 with RV1106 vendor packet ABI, frame=139
encode_put_frame ret=0
encode_get_packet ret=0 handle=0xae81ca60 expected=0xae81ca60
vendor packet: mpi_buf_id=230 len=16 buf_size=1495040 offset=65280 data_num=1 flag=0x00000000 pts=139
valloc packet buffer: mpi_buf_id=230 dma_buf_fd=10 size=0
H264 first bytes: 00 00 00 01 41 e0 02 60 04 c6 01 0f 00 05 b2 30
encode_release_packet ret=0
continuous frame 140/300: h264=16 bytes encode=42.861 ms write=0.002 ms
start encode NV12 with RV1106 vendor packet ABI, frame=140
encode_put_frame ret=0
encode_get_packet ret=0 handle=0xae81ca60 expected=0xae81ca60
vendor packet: mpi_buf_id=230 len=16 buf_size=1495040 offset=65408 data_num=1 flag=0x00000000 pts=140
valloc packet buffer: mpi_buf_id=230 dma_buf_fd=10 size=0
H264 first bytes: 00 00 00 01 41 e0 02 80 05 06 01 0f 00 05 b2 30
encode_release_packet ret=0
continuous frame 141/300: h264=16 bytes encode=40.249 ms write=0.003 ms
start encode NV12 with RV1106 vendor packet ABI, frame=141
encode_put_frame ret=0
encode_get_packet ret=0 handle=0xae81ca60 expected=0xae81ca60
vendor packet: mpi_buf_id=230 len=16 buf_size=1495040 offset=65536 data_num=1 flag=0x00000000 pts=141
valloc packet buffer: mpi_buf_id=230 dma_buf_fd=10 size=0
H264 first bytes: 00 00 00 01 41 e0 02 a0 05 46 01 0f 00 05 b2 30
encode_release_packet ret=0
continuous frame 142/300: h264=16 bytes encode=39.976 ms write=0.004 ms
start encode NV12 with RV1106 vendor packet ABI, frame=142
encode_put_frame ret=0
encode_get_packet ret=0 handle=0xae81ca60 expected=0xae81ca60
vendor packet: mpi_buf_id=230 len=16 buf_size=1495040 offset=65664 data_num=1 flag=0x00000000 pts=142
valloc packet buffer: mpi_buf_id=230 dma_buf_fd=10 size=0
H264 first bytes: 00 00 00 01 41 e0 02 c0 05 86 01 0f 00 05 b2 30
encode_release_packet ret=0
continuous frame 143/300: h264=16 bytes encode=39.959 ms write=0.003 ms
start encode NV12 with RV1106 vendor packet ABI, frame=143
encode_put_frame ret=0
encode_get_packet ret=0 handle=0xae81ca60 expected=0xae81ca60
vendor packet: mpi_buf_id=230 len=16 buf_size=1495040 offset=65792 data_num=1 flag=0x00000000 pts=143
valloc packet buffer: mpi_buf_id=230 dma_buf_fd=10 size=0
H264 first bytes: 00 00 00 01 41 e0 02 e0 05 c6 01 0f 00 05 b2 30
encode_release_packet ret=0
continuous frame 144/300: h264=16 bytes encode=39.949 ms write=0.002 ms
start encode NV12 with RV1106 vendor packet ABI, frame=144
encode_put_frame ret=0
encode_get_packet ret=0 handle=0xae81ca60 expected=0xae81ca60
vendor packet: mpi_buf_id=230 len=16 buf_size=1495040 offset=65920 data_num=1 flag=0x00000000 pts=144
valloc packet buffer: mpi_buf_id=230 dma_buf_fd=10 size=0
H264 first bytes: 00 00 00 01 41 e0 03 00 06 06 01 0f 00 05 b2 30
encode_release_packet ret=0
continuous frame 145/300: h264=16 bytes encode=39.975 ms write=0.004 ms
start encode NV12 with RV1106 vendor packet ABI, frame=145
encode_put_frame ret=0
encode_get_packet ret=0 handle=0xae81ca60 expected=0xae81ca60
vendor packet: mpi_buf_id=230 len=16 buf_size=1495040 offset=66048 data_num=1 flag=0x00000000 pts=145
valloc packet buffer: mpi_buf_id=230 dma_buf_fd=10 size=0
H264 first bytes: 00 00 00 01 41 e0 03 20 06 46 01 0f 00 05 b2 30
encode_release_packet ret=0
continuous frame 146/300: h264=16 bytes encode=39.969 ms write=0.002 ms
start encode NV12 with RV1106 vendor packet ABI, frame=146
encode_put_frame ret=0
encode_get_packet ret=0 handle=0xae81ca60 expected=0xae81ca60
vendor packet: mpi_buf_id=230 len=16 buf_size=1495040 offset=66176 data_num=1 flag=0x00000000 pts=146
valloc packet buffer: mpi_buf_id=230 dma_buf_fd=10 size=0
H264 first bytes: 00 00 00 01 41 e0 03 40 06 86 01 0f 00 05 b2 30
encode_release_packet ret=0
continuous frame 147/300: h264=16 bytes encode=39.988 ms write=0.003 ms
start encode NV12 with RV1106 vendor packet ABI, frame=147
encode_put_frame ret=0
encode_get_packet ret=0 handle=0xae81ca60 expected=0xae81ca60
vendor packet: mpi_buf_id=230 len=16 buf_size=1495040 offset=66304 data_num=1 flag=0x00000000 pts=147
valloc packet buffer: mpi_buf_id=230 dma_buf_fd=10 size=0
H264 first bytes: 00 00 00 01 41 e0 03 60 06 c6 01 0f 00 05 b2 30
encode_release_packet ret=0
continuous frame 148/300: h264=16 bytes encode=39.846 ms write=0.003 ms
start encode NV12 with RV1106 vendor packet ABI, frame=148
encode_put_frame ret=0
encode_get_packet ret=0 handle=0xae81ca60 expected=0xae81ca60
vendor packet: mpi_buf_id=230 len=16 buf_size=1495040 offset=66432 data_num=1 flag=0x00000000 pts=148
valloc packet buffer: mpi_buf_id=230 dma_buf_fd=10 size=0
H264 first bytes: 00 00 00 01 41 e0 03 80 07 06 01 0f 00 05 b2 30
encode_release_packet ret=0
continuous frame 149/300: h264=16 bytes encode=39.948 ms write=0.003 ms
start encode NV12 with RV1106 vendor packet ABI, frame=149
encode_put_frame ret=0
encode_get_packet ret=0 handle=0xae81ca60 expected=0xae81ca60
vendor packet: mpi_buf_id=230 len=16 buf_size=1495040 offset=66560 data_num=1 flag=0x00000000 pts=149
valloc packet buffer: mpi_buf_id=230 dma_buf_fd=10 size=0
H264 first bytes: 00 00 00 01 41 e0 03 a0 07 46 01 0f 00 05 b2 30
encode_release_packet ret=0
continuous frame 150/300: h264=16 bytes encode=39.974 ms write=0.004 ms
start encode NV12 with RV1106 vendor packet ABI, frame=150
encode_put_frame ret=0
encode_get_packet ret=0 handle=0xae81ca60 expected=0xae81ca60
vendor packet: mpi_buf_id=230 len=373270 buf_size=1495040 offset=66688 data_num=1 flag=0x00000010 pts=150
valloc packet buffer: mpi_buf_id=230 dma_buf_fd=10 size=0
H264 first bytes: 00 00 00 01 65 b8 00 01 80 00 00 43 c2 98 a0 00
encode_release_packet ret=0
continuous frame 151/300: h264=373270 bytes encode=41.050 ms write=0.011 ms
start encode NV12 with RV1106 vendor packet ABI, frame=151
encode_put_frame ret=0
encode_get_packet ret=0 handle=0xae81ca60 expected=0xae81ca60
vendor packet: mpi_buf_id=230 len=136 buf_size=1495040 offset=440064 data_num=1 flag=0x00000000 pts=151
valloc packet buffer: mpi_buf_id=230 dma_buf_fd=10 size=0
H264 first bytes: 00 00 00 01 41 e0 00 20 00 46 01 0f 01 6b c1 1d
encode_release_packet ret=0
continuous frame 152/300: h264=136 bytes encode=38.728 ms write=0.004 ms
start encode NV12 with RV1106 vendor packet ABI, frame=152
encode_put_frame ret=0
encode_get_packet ret=0 handle=0xae81ca60 expected=0xae81ca60
vendor packet: mpi_buf_id=230 len=16 buf_size=1495040 offset=440320 data_num=1 flag=0x00000000 pts=152
valloc packet buffer: mpi_buf_id=230 dma_buf_fd=10 size=0
H264 first bytes: 00 00 00 01 41 e0 00 40 00 86 01 0f 00 05 b2 30
encode_release_packet ret=0
continuous frame 153/300: h264=16 bytes encode=39.952 ms write=0.004 ms
start encode NV12 with RV1106 vendor packet ABI, frame=153
encode_put_frame ret=0
encode_get_packet ret=0 handle=0xae81ca60 expected=0xae81ca60
vendor packet: mpi_buf_id=230 len=16 buf_size=1495040 offset=440448 data_num=1 flag=0x00000000 pts=153
valloc packet buffer: mpi_buf_id=230 dma_buf_fd=10 size=0
H264 first bytes: 00 00 00 01 41 e0 00 60 00 c6 01 0f 00 05 b2 30
encode_release_packet ret=0
continuous frame 154/300: h264=16 bytes encode=39.952 ms write=0.003 ms
start encode NV12 with RV1106 vendor packet ABI, frame=154
encode_put_frame ret=0
encode_get_packet ret=0 handle=0xae81ca60 expected=0xae81ca60
vendor packet: mpi_buf_id=230 len=16 buf_size=1495040 offset=440576 data_num=1 flag=0x00000000 pts=154
valloc packet buffer: mpi_buf_id=230 dma_buf_fd=10 size=0
H264 first bytes: 00 00 00 01 41 e0 00 80 01 06 01 0f 00 05 b2 30
encode_release_packet ret=0
continuous frame 155/300: h264=16 bytes encode=39.990 ms write=0.003 ms
start encode NV12 with RV1106 vendor packet ABI, frame=155
encode_put_frame ret=0
encode_get_packet ret=0 handle=0xae81ca60 expected=0xae81ca60
vendor packet: mpi_buf_id=230 len=16 buf_size=1495040 offset=440704 data_num=1 flag=0x00000000 pts=155
valloc packet buffer: mpi_buf_id=230 dma_buf_fd=10 size=0
H264 first bytes: 00 00 00 01 41 e0 00 a0 01 46 01 0f 00 05 b2 30
encode_release_packet ret=0
continuous frame 156/300: h264=16 bytes encode=40.149 ms write=0.003 ms
start encode NV12 with RV1106 vendor packet ABI, frame=156
encode_put_frame ret=0
encode_get_packet ret=0 handle=0xae81ca60 expected=0xae81ca60
vendor packet: mpi_buf_id=230 len=16 buf_size=1495040 offset=440832 data_num=1 flag=0x00000000 pts=156
valloc packet buffer: mpi_buf_id=230 dma_buf_fd=10 size=0
H264 first bytes: 00 00 00 01 41 e0 00 c0 01 86 01 0f 00 05 b2 30
encode_release_packet ret=0
continuous frame 157/300: h264=16 bytes encode=39.759 ms write=0.002 ms
start encode NV12 with RV1106 vendor packet ABI, frame=157
encode_put_frame ret=0
encode_get_packet ret=0 handle=0xae81ca60 expected=0xae81ca60
vendor packet: mpi_buf_id=230 len=16 buf_size=1495040 offset=440960 data_num=1 flag=0x00000000 pts=157
valloc packet buffer: mpi_buf_id=230 dma_buf_fd=10 size=0
H264 first bytes: 00 00 00 01 41 e0 00 e0 01 c6 01 0f 00 05 b2 30
encode_release_packet ret=0
continuous frame 158/300: h264=16 bytes encode=39.980 ms write=0.004 ms
start encode NV12 with RV1106 vendor packet ABI, frame=158
encode_put_frame ret=0
encode_get_packet ret=0 handle=0xae81ca60 expected=0xae81ca60
vendor packet: mpi_buf_id=230 len=16 buf_size=1495040 offset=441088 data_num=1 flag=0x00000000 pts=158
valloc packet buffer: mpi_buf_id=230 dma_buf_fd=10 size=0
H264 first bytes: 00 00 00 01 41 e0 01 00 02 06 01 0f 00 05 b2 30
encode_release_packet ret=0
continuous frame 159/300: h264=16 bytes encode=39.966 ms write=0.002 ms
start encode NV12 with RV1106 vendor packet ABI, frame=159
encode_put_frame ret=0
encode_get_packet ret=0 handle=0xae81ca60 expected=0xae81ca60
vendor packet: mpi_buf_id=230 len=16 buf_size=1495040 offset=441216 data_num=1 flag=0x00000000 pts=159
valloc packet buffer: mpi_buf_id=230 dma_buf_fd=10 size=0
H264 first bytes: 00 00 00 01 41 e0 01 20 02 46 01 0f 00 05 b2 30
encode_release_packet ret=0
continuous frame 160/300: h264=16 bytes encode=39.980 ms write=0.003 ms
start encode NV12 with RV1106 vendor packet ABI, frame=160
encode_put_frame ret=0
encode_get_packet ret=0 handle=0xae81ca60 expected=0xae81ca60
vendor packet: mpi_buf_id=230 len=16 buf_size=1495040 offset=441344 data_num=1 flag=0x00000000 pts=160
valloc packet buffer: mpi_buf_id=230 dma_buf_fd=10 size=0
H264 first bytes: 00 00 00 01 41 e0 01 40 02 86 01 0f 00 05 b2 30
encode_release_packet ret=0
continuous frame 161/300: h264=16 bytes encode=39.976 ms write=0.003 ms
start encode NV12 with RV1106 vendor packet ABI, frame=161
encode_put_frame ret=0
encode_get_packet ret=0 handle=0xae81ca60 expected=0xae81ca60
vendor packet: mpi_buf_id=230 len=16 buf_size=1495040 offset=441472 data_num=1 flag=0x00000000 pts=161
valloc packet buffer: mpi_buf_id=230 dma_buf_fd=10 size=0
H264 first bytes: 00 00 00 01 41 e0 01 60 02 c6 01 0f 00 05 b2 30
encode_release_packet ret=0
continuous frame 162/300: h264=16 bytes encode=39.936 ms write=0.002 ms
start encode NV12 with RV1106 vendor packet ABI, frame=162
encode_put_frame ret=0
encode_get_packet ret=0 handle=0xae81ca60 expected=0xae81ca60
vendor packet: mpi_buf_id=230 len=16 buf_size=1495040 offset=441600 data_num=1 flag=0x00000000 pts=162
valloc packet buffer: mpi_buf_id=230 dma_buf_fd=10 size=0
H264 first bytes: 00 00 00 01 41 e0 01 80 03 06 01 0f 00 05 b2 30
encode_release_packet ret=0
continuous frame 163/300: h264=16 bytes encode=40.008 ms write=0.004 ms
start encode NV12 with RV1106 vendor packet ABI, frame=163
encode_put_frame ret=0
encode_get_packet ret=0 handle=0xae81ca60 expected=0xae81ca60
vendor packet: mpi_buf_id=230 len=16 buf_size=1495040 offset=441728 data_num=1 flag=0x00000000 pts=163
valloc packet buffer: mpi_buf_id=230 dma_buf_fd=10 size=0
H264 first bytes: 00 00 00 01 41 e0 01 a0 03 46 01 0f 00 05 b2 30
encode_release_packet ret=0
continuous frame 164/300: h264=16 bytes encode=40.152 ms write=0.004 ms
start encode NV12 with RV1106 vendor packet ABI, frame=164
encode_put_frame ret=0
encode_get_packet ret=0 handle=0xae81ca60 expected=0xae81ca60
vendor packet: mpi_buf_id=230 len=16 buf_size=1495040 offset=441856 data_num=1 flag=0x00000000 pts=164
valloc packet buffer: mpi_buf_id=230 dma_buf_fd=10 size=0
H264 first bytes: 00 00 00 01 41 e0 01 c0 03 86 01 0f 00 05 b2 30
encode_release_packet ret=0
continuous frame 165/300: h264=16 bytes encode=39.843 ms write=0.003 ms
start encode NV12 with RV1106 vendor packet ABI, frame=165
encode_put_frame ret=0
encode_get_packet ret=0 handle=0xae81ca60 expected=0xae81ca60
vendor packet: mpi_buf_id=230 len=16 buf_size=1495040 offset=441984 data_num=1 flag=0x00000000 pts=165
valloc packet buffer: mpi_buf_id=230 dma_buf_fd=10 size=0
H264 first bytes: 00 00 00 01 41 e0 01 e0 03 c6 01 0f 00 05 b2 30
encode_release_packet ret=0
continuous frame 166/300: h264=16 bytes encode=39.863 ms write=0.003 ms
start encode NV12 with RV1106 vendor packet ABI, frame=166
encode_put_frame ret=0
encode_get_packet ret=0 handle=0xae81ca60 expected=0xae81ca60
vendor packet: mpi_buf_id=230 len=16 buf_size=1495040 offset=442112 data_num=1 flag=0x00000000 pts=166
valloc packet buffer: mpi_buf_id=230 dma_buf_fd=10 size=0
H264 first bytes: 00 00 00 01 41 e0 02 00 04 06 01 0f 00 05 b2 30
encode_release_packet ret=0
continuous frame 167/300: h264=16 bytes encode=39.980 ms write=0.003 ms
start encode NV12 with RV1106 vendor packet ABI, frame=167
encode_put_frame ret=0
encode_get_packet ret=0 handle=0xae81ca60 expected=0xae81ca60
vendor packet: mpi_buf_id=230 len=16 buf_size=1495040 offset=442240 data_num=1 flag=0x00000000 pts=167
valloc packet buffer: mpi_buf_id=230 dma_buf_fd=10 size=0
H264 first bytes: 00 00 00 01 41 e0 02 20 04 46 01 0f 00 05 b2 30
encode_release_packet ret=0
continuous frame 168/300: h264=16 bytes encode=39.969 ms write=0.003 ms
start encode NV12 with RV1106 vendor packet ABI, frame=168
encode_put_frame ret=0
encode_get_packet ret=0 handle=0xae81ca60 expected=0xae81ca60
vendor packet: mpi_buf_id=230 len=16 buf_size=1495040 offset=442368 data_num=1 flag=0x00000000 pts=168
valloc packet buffer: mpi_buf_id=230 dma_buf_fd=10 size=0
H264 first bytes: 00 00 00 01 41 e0 02 40 04 86 01 0f 00 05 b2 30
encode_release_packet ret=0
continuous frame 169/300: h264=16 bytes encode=39.964 ms write=0.003 ms
start encode NV12 with RV1106 vendor packet ABI, frame=169
encode_put_frame ret=0
encode_get_packet ret=0 handle=0xae81ca60 expected=0xae81ca60
vendor packet: mpi_buf_id=230 len=16 buf_size=1495040 offset=442496 data_num=1 flag=0x00000000 pts=169
valloc packet buffer: mpi_buf_id=230 dma_buf_fd=10 size=0
H264 first bytes: 00 00 00 01 41 e0 02 60 04 c6 01 0f 00 05 b2 30
encode_release_packet ret=0
continuous frame 170/300: h264=16 bytes encode=39.960 ms write=0.004 ms
start encode NV12 with RV1106 vendor packet ABI, frame=170
encode_put_frame ret=0
encode_get_packet ret=0 handle=0xae81ca60 expected=0xae81ca60
vendor packet: mpi_buf_id=230 len=16 buf_size=1495040 offset=442624 data_num=1 flag=0x00000000 pts=170
valloc packet buffer: mpi_buf_id=230 dma_buf_fd=10 size=0
H264 first bytes: 00 00 00 01 41 e0 02 80 05 06 01 0f 00 05 b2 30
encode_release_packet ret=0
continuous frame 171/300: h264=16 bytes encode=39.951 ms write=0.003 ms
start encode NV12 with RV1106 vendor packet ABI, frame=171
encode_put_frame ret=0
encode_get_packet ret=0 handle=0xae81ca60 expected=0xae81ca60
vendor packet: mpi_buf_id=230 len=16 buf_size=1495040 offset=442752 data_num=1 flag=0x00000000 pts=171
valloc packet buffer: mpi_buf_id=230 dma_buf_fd=10 size=0
H264 first bytes: 00 00 00 01 41 e0 02 a0 05 46 01 0f 00 05 b2 30
encode_release_packet ret=0
continuous frame 172/300: h264=16 bytes encode=39.993 ms write=0.003 ms
start encode NV12 with RV1106 vendor packet ABI, frame=172
encode_put_frame ret=0
encode_get_packet ret=0 handle=0xae81ca60 expected=0xae81ca60
vendor packet: mpi_buf_id=230 len=16 buf_size=1495040 offset=442880 data_num=1 flag=0x00000000 pts=172
valloc packet buffer: mpi_buf_id=230 dma_buf_fd=10 size=0
H264 first bytes: 00 00 00 01 41 e0 02 c0 05 86 01 0f 00 05 b2 30
encode_release_packet ret=0
continuous frame 173/300: h264=16 bytes encode=39.950 ms write=0.003 ms
start encode NV12 with RV1106 vendor packet ABI, frame=173
encode_put_frame ret=0
encode_get_packet ret=0 handle=0xae81ca60 expected=0xae81ca60
vendor packet: mpi_buf_id=230 len=16 buf_size=1495040 offset=443008 data_num=1 flag=0x00000000 pts=173
valloc packet buffer: mpi_buf_id=230 dma_buf_fd=10 size=0
H264 first bytes: 00 00 00 01 41 e0 02 e0 05 c6 01 0f 00 05 b2 30
encode_release_packet ret=0
continuous frame 174/300: h264=16 bytes encode=39.973 ms write=0.002 ms
start encode NV12 with RV1106 vendor packet ABI, frame=174
encode_put_frame ret=0
encode_get_packet ret=0 handle=0xae81ca60 expected=0xae81ca60
vendor packet: mpi_buf_id=230 len=16 buf_size=1495040 offset=443136 data_num=1 flag=0x00000000 pts=174
valloc packet buffer: mpi_buf_id=230 dma_buf_fd=10 size=0
H264 first bytes: 00 00 00 01 41 e0 03 00 06 06 01 0f 00 05 b2 30
encode_release_packet ret=0
continuous frame 175/300: h264=16 bytes encode=39.956 ms write=0.003 ms
start encode NV12 with RV1106 vendor packet ABI, frame=175
encode_put_frame ret=0
encode_get_packet ret=0 handle=0xae81ca60 expected=0xae81ca60
vendor packet: mpi_buf_id=230 len=16 buf_size=1495040 offset=443264 data_num=1 flag=0x00000000 pts=175
valloc packet buffer: mpi_buf_id=230 dma_buf_fd=10 size=0
H264 first bytes: 00 00 00 01 41 e0 03 20 06 46 01 0f 00 05 b2 30
encode_release_packet ret=0
continuous frame 176/300: h264=16 bytes encode=40.105 ms write=0.004 ms
start encode NV12 with RV1106 vendor packet ABI, frame=176
encode_put_frame ret=0
encode_get_packet ret=0 handle=0xae81ca60 expected=0xae81ca60
vendor packet: mpi_buf_id=230 len=16 buf_size=1495040 offset=443392 data_num=1 flag=0x00000000 pts=176
valloc packet buffer: mpi_buf_id=230 dma_buf_fd=10 size=0
H264 first bytes: 00 00 00 01 41 e0 03 40 06 86 01 0f 00 05 b2 30
encode_release_packet ret=0
continuous frame 177/300: h264=16 bytes encode=39.828 ms write=0.004 ms
start encode NV12 with RV1106 vendor packet ABI, frame=177
encode_put_frame ret=0
encode_get_packet ret=0 handle=0xae81ca60 expected=0xae81ca60
vendor packet: mpi_buf_id=230 len=16 buf_size=1495040 offset=443520 data_num=1 flag=0x00000000 pts=177
valloc packet buffer: mpi_buf_id=230 dma_buf_fd=10 size=0
H264 first bytes: 00 00 00 01 41 e0 03 60 06 c6 01 0f 00 05 b2 30
encode_release_packet ret=0
continuous frame 178/300: h264=16 bytes encode=40.004 ms write=0.002 ms
start encode NV12 with RV1106 vendor packet ABI, frame=178
encode_put_frame ret=0
encode_get_packet ret=0 handle=0xae81ca60 expected=0xae81ca60
vendor packet: mpi_buf_id=230 len=16 buf_size=1495040 offset=443648 data_num=1 flag=0x00000000 pts=178
valloc packet buffer: mpi_buf_id=230 dma_buf_fd=10 size=0
H264 first bytes: 00 00 00 01 41 e0 03 80 07 06 01 0f 00 05 b2 30
encode_release_packet ret=0
continuous frame 179/300: h264=16 bytes encode=39.939 ms write=0.004 ms
start encode NV12 with RV1106 vendor packet ABI, frame=179
encode_put_frame ret=0
encode_get_packet ret=0 handle=0xae81ca60 expected=0xae81ca60
vendor packet: mpi_buf_id=230 len=16 buf_size=1495040 offset=443776 data_num=1 flag=0x00000000 pts=179
valloc packet buffer: mpi_buf_id=230 dma_buf_fd=10 size=0
H264 first bytes: 00 00 00 01 41 e0 03 a0 07 46 01 0f 00 05 b2 30
encode_release_packet ret=0
continuous frame 180/300: h264=16 bytes encode=39.969 ms write=0.003 ms
start encode NV12 with RV1106 vendor packet ABI, frame=180
encode_put_frame ret=0
encode_get_packet ret=0 handle=0xae81ca60 expected=0xae81ca60
vendor packet: mpi_buf_id=230 len=373270 buf_size=1495040 offset=443904 data_num=1 flag=0x00000010 pts=180
valloc packet buffer: mpi_buf_id=230 dma_buf_fd=10 size=0
H264 first bytes: 00 00 00 01 65 b8 00 01 c0 00 00 43 c2 98 a0 00
encode_release_packet ret=0
continuous frame 181/300: h264=373270 bytes encode=41.019 ms write=0.013 ms
start encode NV12 with RV1106 vendor packet ABI, frame=181
encode_put_frame ret=0
encode_get_packet ret=0 handle=0xae81ca60 expected=0xae81ca60
vendor packet: mpi_buf_id=230 len=136 buf_size=1495040 offset=817280 data_num=1 flag=0x00000000 pts=181
valloc packet buffer: mpi_buf_id=230 dma_buf_fd=10 size=0
H264 first bytes: 00 00 00 01 41 e0 00 20 00 46 01 0f 01 6b c1 1d
encode_release_packet ret=0
continuous frame 182/300: h264=136 bytes encode=38.929 ms write=0.006 ms
start encode NV12 with RV1106 vendor packet ABI, frame=182
encode_put_frame ret=0
encode_get_packet ret=0 handle=0xae81ca60 expected=0xae81ca60
vendor packet: mpi_buf_id=230 len=16 buf_size=1495040 offset=817536 data_num=1 flag=0x00000000 pts=182
valloc packet buffer: mpi_buf_id=230 dma_buf_fd=10 size=0
H264 first bytes: 00 00 00 01 41 e0 00 40 00 86 01 0f 00 05 b2 30
encode_release_packet ret=0
continuous frame 183/300: h264=16 bytes encode=39.791 ms write=0.003 ms
start encode NV12 with RV1106 vendor packet ABI, frame=183
encode_put_frame ret=0
encode_get_packet ret=0 handle=0xae81ca60 expected=0xae81ca60
vendor packet: mpi_buf_id=230 len=16 buf_size=1495040 offset=817664 data_num=1 flag=0x00000000 pts=183
valloc packet buffer: mpi_buf_id=230 dma_buf_fd=10 size=0
H264 first bytes: 00 00 00 01 41 e0 00 60 00 c6 01 0f 00 05 b2 30
encode_release_packet ret=0
continuous frame 184/300: h264=16 bytes encode=39.951 ms write=0.003 ms
start encode NV12 with RV1106 vendor packet ABI, frame=184
encode_put_frame ret=0
encode_get_packet ret=0 handle=0xae81ca60 expected=0xae81ca60
vendor packet: mpi_buf_id=230 len=16 buf_size=1495040 offset=817792 data_num=1 flag=0x00000000 pts=184
valloc packet buffer: mpi_buf_id=230 dma_buf_fd=10 size=0
H264 first bytes: 00 00 00 01 41 e0 00 80 01 06 01 0f 00 05 b2 30
encode_release_packet ret=0
continuous frame 185/300: h264=16 bytes encode=39.985 ms write=0.003 ms
start encode NV12 with RV1106 vendor packet ABI, frame=185
encode_put_frame ret=0
encode_get_packet ret=0 handle=0xae81ca60 expected=0xae81ca60
vendor packet: mpi_buf_id=230 len=16 buf_size=1495040 offset=817920 data_num=1 flag=0x00000000 pts=185
valloc packet buffer: mpi_buf_id=230 dma_buf_fd=10 size=0
H264 first bytes: 00 00 00 01 41 e0 00 a0 01 46 01 0f 00 05 b2 30
encode_release_packet ret=0
continuous frame 186/300: h264=16 bytes encode=39.958 ms write=0.003 ms
start encode NV12 with RV1106 vendor packet ABI, frame=186
encode_put_frame ret=0
encode_get_packet ret=0 handle=0xae81ca60 expected=0xae81ca60
vendor packet: mpi_buf_id=230 len=16 buf_size=1495040 offset=818048 data_num=1 flag=0x00000000 pts=186
valloc packet buffer: mpi_buf_id=230 dma_buf_fd=10 size=0
H264 first bytes: 00 00 00 01 41 e0 00 c0 01 86 01 0f 00 05 b2 30
encode_release_packet ret=0
continuous frame 187/300: h264=16 bytes encode=40.013 ms write=0.002 ms
start encode NV12 with RV1106 vendor packet ABI, frame=187
encode_put_frame ret=0
encode_get_packet ret=0 handle=0xae81ca60 expected=0xae81ca60
vendor packet: mpi_buf_id=230 len=16 buf_size=1495040 offset=818176 data_num=1 flag=0x00000000 pts=187
valloc packet buffer: mpi_buf_id=230 dma_buf_fd=10 size=0
H264 first bytes: 00 00 00 01 41 e0 00 e0 01 c6 01 0f 00 05 b2 30
encode_release_packet ret=0
continuous frame 188/300: h264=16 bytes encode=40.013 ms write=0.004 ms
start encode NV12 with RV1106 vendor packet ABI, frame=188
encode_put_frame ret=0
encode_get_packet ret=0 handle=0xae81ca60 expected=0xae81ca60
vendor packet: mpi_buf_id=230 len=16 buf_size=1495040 offset=818304 data_num=1 flag=0x00000000 pts=188
valloc packet buffer: mpi_buf_id=230 dma_buf_fd=10 size=0
H264 first bytes: 00 00 00 01 41 e0 01 00 02 06 01 0f 00 05 b2 30
encode_release_packet ret=0
continuous frame 189/300: h264=16 bytes encode=36.566 ms write=0.003 ms
start encode NV12 with RV1106 vendor packet ABI, frame=189
encode_put_frame ret=0
encode_get_packet ret=0 handle=0xae81ca60 expected=0xae81ca60
vendor packet: mpi_buf_id=230 len=16 buf_size=1495040 offset=818432 data_num=1 flag=0x00000000 pts=189
valloc packet buffer: mpi_buf_id=230 dma_buf_fd=10 size=0
H264 first bytes: 00 00 00 01 41 e0 01 20 02 46 01 0f 00 05 b2 30
encode_release_packet ret=0
continuous frame 190/300: h264=16 bytes encode=43.004 ms write=0.003 ms
start encode NV12 with RV1106 vendor packet ABI, frame=190
encode_put_frame ret=0
encode_get_packet ret=0 handle=0xae81ca60 expected=0xae81ca60
vendor packet: mpi_buf_id=230 len=16 buf_size=1495040 offset=818560 data_num=1 flag=0x00000000 pts=190
valloc packet buffer: mpi_buf_id=230 dma_buf_fd=10 size=0
H264 first bytes: 00 00 00 01 41 e0 01 40 02 86 01 0f 00 05 b2 30
encode_release_packet ret=0
continuous frame 191/300: h264=16 bytes encode=40.463 ms write=0.003 ms
start encode NV12 with RV1106 vendor packet ABI, frame=191
encode_put_frame ret=0
encode_get_packet ret=0 handle=0xae81ca60 expected=0xae81ca60
vendor packet: mpi_buf_id=230 len=16 buf_size=1495040 offset=818688 data_num=1 flag=0x00000000 pts=191
valloc packet buffer: mpi_buf_id=230 dma_buf_fd=10 size=0
H264 first bytes: 00 00 00 01 41 e0 01 60 02 c6 01 0f 00 05 b2 30
encode_release_packet ret=0
continuous frame 192/300: h264=16 bytes encode=39.722 ms write=0.003 ms
start encode NV12 with RV1106 vendor packet ABI, frame=192
encode_put_frame ret=0
encode_get_packet ret=0 handle=0xae81ca60 expected=0xae81ca60
vendor packet: mpi_buf_id=230 len=16 buf_size=1495040 offset=818816 data_num=1 flag=0x00000000 pts=192
valloc packet buffer: mpi_buf_id=230 dma_buf_fd=10 size=0
H264 first bytes: 00 00 00 01 41 e0 01 80 03 06 01 0f 00 05 b2 30
encode_release_packet ret=0
continuous frame 193/300: h264=16 bytes encode=39.994 ms write=0.004 ms
start encode NV12 with RV1106 vendor packet ABI, frame=193
encode_put_frame ret=0
encode_get_packet ret=0 handle=0xae81ca60 expected=0xae81ca60
vendor packet: mpi_buf_id=230 len=16 buf_size=1495040 offset=818944 data_num=1 flag=0x00000000 pts=193
valloc packet buffer: mpi_buf_id=230 dma_buf_fd=10 size=0
H264 first bytes: 00 00 00 01 41 e0 01 a0 03 46 01 0f 00 05 b2 30
encode_release_packet ret=0
continuous frame 194/300: h264=16 bytes encode=39.966 ms write=0.004 ms
start encode NV12 with RV1106 vendor packet ABI, frame=194
encode_put_frame ret=0
encode_get_packet ret=0 handle=0xae81ca60 expected=0xae81ca60
vendor packet: mpi_buf_id=230 len=16 buf_size=1495040 offset=819072 data_num=1 flag=0x00000000 pts=194
valloc packet buffer: mpi_buf_id=230 dma_buf_fd=10 size=0
H264 first bytes: 00 00 00 01 41 e0 01 c0 03 86 01 0f 00 05 b2 30
encode_release_packet ret=0
continuous frame 195/300: h264=16 bytes encode=39.958 ms write=0.003 ms
start encode NV12 with RV1106 vendor packet ABI, frame=195
encode_put_frame ret=0
encode_get_packet ret=0 handle=0xae81ca60 expected=0xae81ca60
vendor packet: mpi_buf_id=230 len=16 buf_size=1495040 offset=819200 data_num=1 flag=0x00000000 pts=195
valloc packet buffer: mpi_buf_id=230 dma_buf_fd=10 size=0
H264 first bytes: 00 00 00 01 41 e0 01 e0 03 c6 01 0f 00 05 b2 30
encode_release_packet ret=0
continuous frame 196/300: h264=16 bytes encode=39.957 ms write=0.002 ms
start encode NV12 with RV1106 vendor packet ABI, frame=196
encode_put_frame ret=0
encode_get_packet ret=0 handle=0xae81ca60 expected=0xae81ca60
vendor packet: mpi_buf_id=230 len=16 buf_size=1495040 offset=819328 data_num=1 flag=0x00000000 pts=196
valloc packet buffer: mpi_buf_id=230 dma_buf_fd=10 size=0
H264 first bytes: 00 00 00 01 41 e0 02 00 04 06 01 0f 00 05 b2 30
encode_release_packet ret=0
continuous frame 197/300: h264=16 bytes encode=40.061 ms write=0.003 ms
start encode NV12 with RV1106 vendor packet ABI, frame=197
encode_put_frame ret=0
encode_get_packet ret=0 handle=0xae81ca60 expected=0xae81ca60
vendor packet: mpi_buf_id=230 len=16 buf_size=1495040 offset=819456 data_num=1 flag=0x00000000 pts=197
valloc packet buffer: mpi_buf_id=230 dma_buf_fd=10 size=0
H264 first bytes: 00 00 00 01 41 e0 02 20 04 46 01 0f 00 05 b2 30
encode_release_packet ret=0
continuous frame 198/300: h264=16 bytes encode=39.869 ms write=0.003 ms
start encode NV12 with RV1106 vendor packet ABI, frame=198
encode_put_frame ret=0
encode_get_packet ret=0 handle=0xae81ca60 expected=0xae81ca60
vendor packet: mpi_buf_id=230 len=16 buf_size=1495040 offset=819584 data_num=1 flag=0x00000000 pts=198
valloc packet buffer: mpi_buf_id=230 dma_buf_fd=10 size=0
H264 first bytes: 00 00 00 01 41 e0 02 40 04 86 01 0f 00 05 b2 30
encode_release_packet ret=0
continuous frame 199/300: h264=16 bytes encode=39.968 ms write=0.003 ms
start encode NV12 with RV1106 vendor packet ABI, frame=199
encode_put_frame ret=0
encode_get_packet ret=0 handle=0xae81ca60 expected=0xae81ca60
vendor packet: mpi_buf_id=230 len=16 buf_size=1495040 offset=819712 data_num=1 flag=0x00000000 pts=199
valloc packet buffer: mpi_buf_id=230 dma_buf_fd=10 size=0
H264 first bytes: 00 00 00 01 41 e0 02 60 04 c6 01 0f 00 05 b2 30
encode_release_packet ret=0
continuous frame 200/300: h264=16 bytes encode=40.149 ms write=0.004 ms
start encode NV12 with RV1106 vendor packet ABI, frame=200
encode_put_frame ret=0
encode_get_packet ret=0 handle=0xae81ca60 expected=0xae81ca60
vendor packet: mpi_buf_id=230 len=16 buf_size=1495040 offset=819840 data_num=1 flag=0x00000000 pts=200
valloc packet buffer: mpi_buf_id=230 dma_buf_fd=10 size=0
H264 first bytes: 00 00 00 01 41 e0 02 80 05 06 01 0f 00 05 b2 30
encode_release_packet ret=0
continuous frame 201/300: h264=16 bytes encode=39.785 ms write=0.002 ms
start encode NV12 with RV1106 vendor packet ABI, frame=201
encode_put_frame ret=0
encode_get_packet ret=0 handle=0xae81ca60 expected=0xae81ca60
vendor packet: mpi_buf_id=230 len=16 buf_size=1495040 offset=819968 data_num=1 flag=0x00000000 pts=201
valloc packet buffer: mpi_buf_id=230 dma_buf_fd=10 size=0
H264 first bytes: 00 00 00 01 41 e0 02 a0 05 46 01 0f 00 05 b2 30
encode_release_packet ret=0
continuous frame 202/300: h264=16 bytes encode=39.987 ms write=0.004 ms
start encode NV12 with RV1106 vendor packet ABI, frame=202
encode_put_frame ret=0
encode_get_packet ret=0 handle=0xae81ca60 expected=0xae81ca60
vendor packet: mpi_buf_id=230 len=16 buf_size=1495040 offset=820096 data_num=1 flag=0x00000000 pts=202
valloc packet buffer: mpi_buf_id=230 dma_buf_fd=10 size=0
H264 first bytes: 00 00 00 01 41 e0 02 c0 05 86 01 0f 00 05 b2 30
encode_release_packet ret=0
continuous frame 203/300: h264=16 bytes encode=39.958 ms write=0.002 ms
start encode NV12 with RV1106 vendor packet ABI, frame=203
encode_put_frame ret=0
encode_get_packet ret=0 handle=0xae81ca60 expected=0xae81ca60
vendor packet: mpi_buf_id=230 len=16 buf_size=1495040 offset=820224 data_num=1 flag=0x00000000 pts=203
valloc packet buffer: mpi_buf_id=230 dma_buf_fd=10 size=0
H264 first bytes: 00 00 00 01 41 e0 02 e0 05 c6 01 0f 00 05 b2 30
encode_release_packet ret=0
continuous frame 204/300: h264=16 bytes encode=39.979 ms write=0.003 ms
start encode NV12 with RV1106 vendor packet ABI, frame=204
encode_put_frame ret=0
encode_get_packet ret=0 handle=0xae81ca60 expected=0xae81ca60
vendor packet: mpi_buf_id=230 len=16 buf_size=1495040 offset=820352 data_num=1 flag=0x00000000 pts=204
valloc packet buffer: mpi_buf_id=230 dma_buf_fd=10 size=0
H264 first bytes: 00 00 00 01 41 e0 03 00 06 06 01 0f 00 05 b2 30
encode_release_packet ret=0
continuous frame 205/300: h264=16 bytes encode=39.957 ms write=0.004 ms
start encode NV12 with RV1106 vendor packet ABI, frame=205
encode_put_frame ret=0
encode_get_packet ret=0 handle=0xae81ca60 expected=0xae81ca60
vendor packet: mpi_buf_id=230 len=16 buf_size=1495040 offset=820480 data_num=1 flag=0x00000000 pts=205
valloc packet buffer: mpi_buf_id=230 dma_buf_fd=10 size=0
H264 first bytes: 00 00 00 01 41 e0 03 20 06 46 01 0f 00 05 b2 30
encode_release_packet ret=0
continuous frame 206/300: h264=16 bytes encode=39.969 ms write=0.003 ms
start encode NV12 with RV1106 vendor packet ABI, frame=206
encode_put_frame ret=0
encode_get_packet ret=0 handle=0xae81ca60 expected=0xae81ca60
vendor packet: mpi_buf_id=230 len=16 buf_size=1495040 offset=820608 data_num=1 flag=0x00000000 pts=206
valloc packet buffer: mpi_buf_id=230 dma_buf_fd=10 size=0
H264 first bytes: 00 00 00 01 41 e0 03 40 06 86 01 0f 00 05 b2 30
encode_release_packet ret=0
continuous frame 207/300: h264=16 bytes encode=40.038 ms write=0.002 ms
start encode NV12 with RV1106 vendor packet ABI, frame=207
encode_put_frame ret=0
encode_get_packet ret=0 handle=0xae81ca60 expected=0xae81ca60
vendor packet: mpi_buf_id=230 len=16 buf_size=1495040 offset=820736 data_num=1 flag=0x00000000 pts=207
valloc packet buffer: mpi_buf_id=230 dma_buf_fd=10 size=0
H264 first bytes: 00 00 00 01 41 e0 03 60 06 c6 01 0f 00 05 b2 30
encode_release_packet ret=0
continuous frame 208/300: h264=16 bytes encode=50.781 ms write=0.005 ms
start encode NV12 with RV1106 vendor packet ABI, frame=208
encode_put_frame ret=0
encode_get_packet ret=0 handle=0xae81ca60 expected=0xae81ca60
vendor packet: mpi_buf_id=230 len=16 buf_size=1495040 offset=820864 data_num=1 flag=0x00000000 pts=208
valloc packet buffer: mpi_buf_id=230 dma_buf_fd=10 size=0
H264 first bytes: 00 00 00 01 41 e0 03 80 07 06 01 0f 00 05 b2 30
encode_release_packet ret=0
continuous frame 209/300: h264=16 bytes encode=36.710 ms write=0.003 ms
start encode NV12 with RV1106 vendor packet ABI, frame=209
encode_put_frame ret=0
encode_get_packet ret=0 handle=0xae81ca60 expected=0xae81ca60
vendor packet: mpi_buf_id=230 len=16 buf_size=1495040 offset=820992 data_num=1 flag=0x00000000 pts=209
valloc packet buffer: mpi_buf_id=230 dma_buf_fd=10 size=0
H264 first bytes: 00 00 00 01 41 e0 03 a0 07 46 01 0f 00 05 b2 30
encode_release_packet ret=0
continuous frame 210/300: h264=16 bytes encode=36.710 ms write=0.003 ms
start encode NV12 with RV1106 vendor packet ABI, frame=210
encode_put_frame ret=0
encode_get_packet ret=0 handle=0xae81ca60 expected=0xae81ca60
vendor packet: mpi_buf_id=230 len=373270 buf_size=1495040 offset=821120 data_num=1 flag=0x00000010 pts=210
valloc packet buffer: mpi_buf_id=230 dma_buf_fd=10 size=0
H264 first bytes: 00 00 00 01 65 b8 00 00 80 00 00 10 f0 a6 28 00
encode_release_packet ret=0
continuous frame 211/300: h264=373270 bytes encode=40.138 ms write=0.013 ms
start encode NV12 with RV1106 vendor packet ABI, frame=211
encode_put_frame ret=0
encode_get_packet ret=0 handle=0xae81ca60 expected=0xae81ca60
vendor packet: mpi_buf_id=230 len=136 buf_size=1495040 offset=1194496 data_num=1 flag=0x00000000 pts=211
valloc packet buffer: mpi_buf_id=230 dma_buf_fd=10 size=0
H264 first bytes: 00 00 00 01 41 e0 00 20 00 46 01 0f 01 6b c1 1d
encode_release_packet ret=0
continuous frame 212/300: h264=136 bytes encode=35.289 ms write=0.003 ms
start encode NV12 with RV1106 vendor packet ABI, frame=212
encode_put_frame ret=0
encode_get_packet ret=0 handle=0xae81ca60 expected=0xae81ca60
vendor packet: mpi_buf_id=230 len=16 buf_size=1495040 offset=1194752 data_num=1 flag=0x00000000 pts=212
valloc packet buffer: mpi_buf_id=230 dma_buf_fd=10 size=0
H264 first bytes: 00 00 00 01 41 e0 00 40 00 86 01 0f 00 05 b2 30
encode_release_packet ret=0
continuous frame 213/300: h264=16 bytes encode=39.923 ms write=0.003 ms
start encode NV12 with RV1106 vendor packet ABI, frame=213
encode_put_frame ret=0
encode_get_packet ret=0 handle=0xae81ca60 expected=0xae81ca60
vendor packet: mpi_buf_id=230 len=16 buf_size=1495040 offset=1194880 data_num=1 flag=0x00000000 pts=213
valloc packet buffer: mpi_buf_id=230 dma_buf_fd=10 size=0
H264 first bytes: 00 00 00 01 41 e0 00 60 00 c6 01 0f 00 05 b2 30
encode_release_packet ret=0
continuous frame 214/300: h264=16 bytes encode=39.930 ms write=0.003 ms
start encode NV12 with RV1106 vendor packet ABI, frame=214
encode_put_frame ret=0
encode_get_packet ret=0 handle=0xae81ca60 expected=0xae81ca60
vendor packet: mpi_buf_id=230 len=16 buf_size=1495040 offset=1195008 data_num=1 flag=0x00000000 pts=214
valloc packet buffer: mpi_buf_id=230 dma_buf_fd=10 size=0
H264 first bytes: 00 00 00 01 41 e0 00 80 01 06 01 0f 00 05 b2 30
encode_release_packet ret=0
continuous frame 215/300: h264=16 bytes encode=40.209 ms write=0.003 ms
start encode NV12 with RV1106 vendor packet ABI, frame=215
encode_put_frame ret=0
encode_get_packet ret=0 handle=0xae81ca60 expected=0xae81ca60
vendor packet: mpi_buf_id=230 len=16 buf_size=1495040 offset=1195136 data_num=1 flag=0x00000000 pts=215
valloc packet buffer: mpi_buf_id=230 dma_buf_fd=10 size=0
H264 first bytes: 00 00 00 01 41 e0 00 a0 01 46 01 0f 00 05 b2 30
encode_release_packet ret=0
continuous frame 216/300: h264=16 bytes encode=39.756 ms write=0.002 ms
start encode NV12 with RV1106 vendor packet ABI, frame=216
encode_put_frame ret=0
encode_get_packet ret=0 handle=0xae81ca60 expected=0xae81ca60
vendor packet: mpi_buf_id=230 len=16 buf_size=1495040 offset=1195264 data_num=1 flag=0x00000000 pts=216
valloc packet buffer: mpi_buf_id=230 dma_buf_fd=10 size=0
H264 first bytes: 00 00 00 01 41 e0 00 c0 01 86 01 0f 00 05 b2 30
encode_release_packet ret=0
continuous frame 217/300: h264=16 bytes encode=40.156 ms write=0.004 ms
start encode NV12 with RV1106 vendor packet ABI, frame=217
encode_put_frame ret=0
encode_get_packet ret=0 handle=0xae81ca60 expected=0xae81ca60
vendor packet: mpi_buf_id=230 len=16 buf_size=1495040 offset=1195392 data_num=1 flag=0x00000000 pts=217
valloc packet buffer: mpi_buf_id=230 dma_buf_fd=10 size=0
H264 first bytes: 00 00 00 01 41 e0 00 e0 01 c6 01 0f 00 05 b2 30
encode_release_packet ret=0
continuous frame 218/300: h264=16 bytes encode=39.813 ms write=0.003 ms
start encode NV12 with RV1106 vendor packet ABI, frame=218
encode_put_frame ret=0
encode_get_packet ret=0 handle=0xae81ca60 expected=0xae81ca60
vendor packet: mpi_buf_id=230 len=16 buf_size=1495040 offset=1195520 data_num=1 flag=0x00000000 pts=218
valloc packet buffer: mpi_buf_id=230 dma_buf_fd=10 size=0
H264 first bytes: 00 00 00 01 41 e0 01 00 02 06 01 0f 00 05 b2 30
encode_release_packet ret=0
continuous frame 219/300: h264=16 bytes encode=39.981 ms write=0.003 ms
start encode NV12 with RV1106 vendor packet ABI, frame=219
encode_put_frame ret=0
encode_get_packet ret=0 handle=0xae81ca60 expected=0xae81ca60
vendor packet: mpi_buf_id=230 len=16 buf_size=1495040 offset=1195648 data_num=1 flag=0x00000000 pts=219
valloc packet buffer: mpi_buf_id=230 dma_buf_fd=10 size=0
H264 first bytes: 00 00 00 01 41 e0 01 20 02 46 01 0f 00 05 b2 30
encode_release_packet ret=0
continuous frame 220/300: h264=16 bytes encode=39.886 ms write=0.003 ms
start encode NV12 with RV1106 vendor packet ABI, frame=220
encode_put_frame ret=0
encode_get_packet ret=0 handle=0xae81ca60 expected=0xae81ca60
vendor packet: mpi_buf_id=230 len=16 buf_size=1495040 offset=1195776 data_num=1 flag=0x00000000 pts=220
valloc packet buffer: mpi_buf_id=230 dma_buf_fd=10 size=0
H264 first bytes: 00 00 00 01 41 e0 01 40 02 86 01 0f 00 05 b2 30
encode_release_packet ret=0
continuous frame 221/300: h264=16 bytes encode=40.020 ms write=0.003 ms
start encode NV12 with RV1106 vendor packet ABI, frame=221
encode_put_frame ret=0
encode_get_packet ret=0 handle=0xae81ca60 expected=0xae81ca60
vendor packet: mpi_buf_id=230 len=16 buf_size=1495040 offset=1195904 data_num=1 flag=0x00000000 pts=221
valloc packet buffer: mpi_buf_id=230 dma_buf_fd=10 size=0
H264 first bytes: 00 00 00 01 41 e0 01 60 02 c6 01 0f 00 05 b2 30
encode_release_packet ret=0
continuous frame 222/300: h264=16 bytes encode=39.942 ms write=0.003 ms
start encode NV12 with RV1106 vendor packet ABI, frame=222
encode_put_frame ret=0
encode_get_packet ret=0 handle=0xae81ca60 expected=0xae81ca60
vendor packet: mpi_buf_id=230 len=16 buf_size=1495040 offset=1196032 data_num=1 flag=0x00000000 pts=222
valloc packet buffer: mpi_buf_id=230 dma_buf_fd=10 size=0
H264 first bytes: 00 00 00 01 41 e0 01 80 03 06 01 0f 00 05 b2 30
encode_release_packet ret=0
continuous frame 223/300: h264=16 bytes encode=39.943 ms write=0.004 ms
start encode NV12 with RV1106 vendor packet ABI, frame=223
encode_put_frame ret=0
encode_get_packet ret=0 handle=0xae81ca60 expected=0xae81ca60
vendor packet: mpi_buf_id=230 len=16 buf_size=1495040 offset=1196160 data_num=1 flag=0x00000000 pts=223
valloc packet buffer: mpi_buf_id=230 dma_buf_fd=10 size=0
H264 first bytes: 00 00 00 01 41 e0 01 a0 03 46 01 0f 00 05 b2 30
encode_release_packet ret=0
continuous frame 224/300: h264=16 bytes encode=40.001 ms write=0.002 ms
start encode NV12 with RV1106 vendor packet ABI, frame=224
encode_put_frame ret=0
encode_get_packet ret=0 handle=0xae81ca60 expected=0xae81ca60
vendor packet: mpi_buf_id=230 len=16 buf_size=1495040 offset=1196288 data_num=1 flag=0x00000000 pts=224
valloc packet buffer: mpi_buf_id=230 dma_buf_fd=10 size=0
H264 first bytes: 00 00 00 01 41 e0 01 c0 03 86 01 0f 00 05 b2 30
encode_release_packet ret=0
continuous frame 225/300: h264=16 bytes encode=39.981 ms write=0.002 ms
start encode NV12 with RV1106 vendor packet ABI, frame=225
encode_put_frame ret=0
encode_get_packet ret=0 handle=0xae81ca60 expected=0xae81ca60
vendor packet: mpi_buf_id=230 len=16 buf_size=1495040 offset=1196416 data_num=1 flag=0x00000000 pts=225
valloc packet buffer: mpi_buf_id=230 dma_buf_fd=10 size=0
H264 first bytes: 00 00 00 01 41 e0 01 e0 03 c6 01 0f 00 05 b2 30
encode_release_packet ret=0
continuous frame 226/300: h264=16 bytes encode=40.154 ms write=0.003 ms
start encode NV12 with RV1106 vendor packet ABI, frame=226
encode_put_frame ret=0
encode_get_packet ret=0 handle=0xae81ca60 expected=0xae81ca60
vendor packet: mpi_buf_id=230 len=16 buf_size=1495040 offset=1196544 data_num=1 flag=0x00000000 pts=226
valloc packet buffer: mpi_buf_id=230 dma_buf_fd=10 size=0
H264 first bytes: 00 00 00 01 41 e0 02 00 04 06 01 0f 00 05 b2 30
encode_release_packet ret=0
continuous frame 227/300: h264=16 bytes encode=39.787 ms write=0.003 ms
start encode NV12 with RV1106 vendor packet ABI, frame=227
encode_put_frame ret=0
encode_get_packet ret=0 handle=0xae81ca60 expected=0xae81ca60
vendor packet: mpi_buf_id=230 len=16 buf_size=1495040 offset=1196672 data_num=1 flag=0x00000000 pts=227
valloc packet buffer: mpi_buf_id=230 dma_buf_fd=10 size=0
H264 first bytes: 00 00 00 01 41 e0 02 20 04 46 01 0f 00 05 b2 30
encode_release_packet ret=0
continuous frame 228/300: h264=16 bytes encode=39.951 ms write=0.003 ms
start encode NV12 with RV1106 vendor packet ABI, frame=228
encode_put_frame ret=0
encode_get_packet ret=0 handle=0xae81ca60 expected=0xae81ca60
vendor packet: mpi_buf_id=230 len=16 buf_size=1495040 offset=1196800 data_num=1 flag=0x00000000 pts=228
valloc packet buffer: mpi_buf_id=230 dma_buf_fd=10 size=0
H264 first bytes: 00 00 00 01 41 e0 02 40 04 86 01 0f 00 05 b2 30
encode_release_packet ret=0
continuous frame 229/300: h264=16 bytes encode=40.003 ms write=0.003 ms
start encode NV12 with RV1106 vendor packet ABI, frame=229
encode_put_frame ret=0
encode_get_packet ret=0 handle=0xae81ca60 expected=0xae81ca60
vendor packet: mpi_buf_id=230 len=16 buf_size=1495040 offset=1196928 data_num=1 flag=0x00000000 pts=229
valloc packet buffer: mpi_buf_id=230 dma_buf_fd=10 size=0
H264 first bytes: 00 00 00 01 41 e0 02 60 04 c6 01 0f 00 05 b2 30
encode_release_packet ret=0
continuous frame 230/300: h264=16 bytes encode=39.923 ms write=0.003 ms
start encode NV12 with RV1106 vendor packet ABI, frame=230
encode_put_frame ret=0
encode_get_packet ret=0 handle=0xae81ca60 expected=0xae81ca60
vendor packet: mpi_buf_id=230 len=16 buf_size=1495040 offset=1197056 data_num=1 flag=0x00000000 pts=230
valloc packet buffer: mpi_buf_id=230 dma_buf_fd=10 size=0
H264 first bytes: 00 00 00 01 41 e0 02 80 05 06 01 0f 00 05 b2 30
encode_release_packet ret=0
continuous frame 231/300: h264=16 bytes encode=39.977 ms write=0.004 ms
start encode NV12 with RV1106 vendor packet ABI, frame=231
encode_put_frame ret=0
encode_get_packet ret=0 handle=0xae81ca60 expected=0xae81ca60
vendor packet: mpi_buf_id=230 len=16 buf_size=1495040 offset=1197184 data_num=1 flag=0x00000000 pts=231
valloc packet buffer: mpi_buf_id=230 dma_buf_fd=10 size=0
H264 first bytes: 00 00 00 01 41 e0 02 a0 05 46 01 0f 00 05 b2 30
encode_release_packet ret=0
continuous frame 232/300: h264=16 bytes encode=39.992 ms write=0.003 ms
start encode NV12 with RV1106 vendor packet ABI, frame=232
encode_put_frame ret=0
encode_get_packet ret=0 handle=0xae81ca60 expected=0xae81ca60
vendor packet: mpi_buf_id=230 len=16 buf_size=1495040 offset=1197312 data_num=1 flag=0x00000000 pts=232
valloc packet buffer: mpi_buf_id=230 dma_buf_fd=10 size=0
H264 first bytes: 00 00 00 01 41 e0 02 c0 05 86 01 0f 00 05 b2 30
encode_release_packet ret=0
continuous frame 233/300: h264=16 bytes encode=39.974 ms write=0.003 ms
start encode NV12 with RV1106 vendor packet ABI, frame=233
encode_put_frame ret=0
encode_get_packet ret=0 handle=0xae81ca60 expected=0xae81ca60
vendor packet: mpi_buf_id=230 len=16 buf_size=1495040 offset=1197440 data_num=1 flag=0x00000000 pts=233
valloc packet buffer: mpi_buf_id=230 dma_buf_fd=10 size=0
H264 first bytes: 00 00 00 01 41 e0 02 e0 05 c6 01 0f 00 05 b2 30
encode_release_packet ret=0
continuous frame 234/300: h264=16 bytes encode=39.924 ms write=0.003 ms
start encode NV12 with RV1106 vendor packet ABI, frame=234
encode_put_frame ret=0
encode_get_packet ret=0 handle=0xae81ca60 expected=0xae81ca60
vendor packet: mpi_buf_id=230 len=16 buf_size=1495040 offset=1197568 data_num=1 flag=0x00000000 pts=234
valloc packet buffer: mpi_buf_id=230 dma_buf_fd=10 size=0
H264 first bytes: 00 00 00 01 41 e0 03 00 06 06 01 0f 00 05 b2 30
encode_release_packet ret=0
continuous frame 235/300: h264=16 bytes encode=39.984 ms write=0.003 ms
start encode NV12 with RV1106 vendor packet ABI, frame=235
encode_put_frame ret=0
encode_get_packet ret=0 handle=0xae81ca60 expected=0xae81ca60
vendor packet: mpi_buf_id=230 len=16 buf_size=1495040 offset=1197696 data_num=1 flag=0x00000000 pts=235
valloc packet buffer: mpi_buf_id=230 dma_buf_fd=10 size=0
H264 first bytes: 00 00 00 01 41 e0 03 20 06 46 01 0f 00 05 b2 30
encode_release_packet ret=0
continuous frame 236/300: h264=16 bytes encode=39.975 ms write=0.003 ms
start encode NV12 with RV1106 vendor packet ABI, frame=236
encode_put_frame ret=0
encode_get_packet ret=0 handle=0xae81ca60 expected=0xae81ca60
vendor packet: mpi_buf_id=230 len=16 buf_size=1495040 offset=1197824 data_num=1 flag=0x00000000 pts=236
valloc packet buffer: mpi_buf_id=230 dma_buf_fd=10 size=0
H264 first bytes: 00 00 00 01 41 e0 03 40 06 86 01 0f 00 05 b2 30
encode_release_packet ret=0
continuous frame 237/300: h264=16 bytes encode=39.988 ms write=0.003 ms
start encode NV12 with RV1106 vendor packet ABI, frame=237
encode_put_frame ret=0
encode_get_packet ret=0 handle=0xae81ca60 expected=0xae81ca60
vendor packet: mpi_buf_id=230 len=16 buf_size=1495040 offset=1197952 data_num=1 flag=0x00000000 pts=237
valloc packet buffer: mpi_buf_id=230 dma_buf_fd=10 size=0
H264 first bytes: 00 00 00 01 41 e0 03 60 06 c6 01 0f 00 05 b2 30
encode_release_packet ret=0
continuous frame 238/300: h264=16 bytes encode=39.926 ms write=0.003 ms
start encode NV12 with RV1106 vendor packet ABI, frame=238
encode_put_frame ret=0
encode_get_packet ret=0 handle=0xae81ca60 expected=0xae81ca60
vendor packet: mpi_buf_id=230 len=16 buf_size=1495040 offset=1198080 data_num=1 flag=0x00000000 pts=238
valloc packet buffer: mpi_buf_id=230 dma_buf_fd=10 size=0
H264 first bytes: 00 00 00 01 41 e0 03 80 07 06 01 0f 00 05 b2 30
encode_release_packet ret=0
continuous frame 239/300: h264=16 bytes encode=36.626 ms write=0.004 ms
start encode NV12 with RV1106 vendor packet ABI, frame=239
encode_put_frame ret=0
encode_get_packet ret=0 handle=0xae81ca60 expected=0xae81ca60
vendor packet: mpi_buf_id=230 len=16 buf_size=1495040 offset=1198208 data_num=1 flag=0x00000000 pts=239
valloc packet buffer: mpi_buf_id=230 dma_buf_fd=10 size=0
H264 first bytes: 00 00 00 01 41 e0 03 a0 07 46 01 0f 00 05 b2 30
encode_release_packet ret=0
continuous frame 240/300: h264=16 bytes encode=42.998 ms write=0.003 ms
start encode NV12 with RV1106 vendor packet ABI, frame=240
encode_put_frame ret=0
encode_get_packet ret=0 handle=0xae81ca60 expected=0xae81ca60
vendor packet: mpi_buf_id=230 len=373270 buf_size=1495040 offset=1198336 data_num=1 flag=0x00000010 pts=240
valloc packet buffer: mpi_buf_id=230 dma_buf_fd=10 size=0
H264 first bytes: 00 00 00 01 65 b8 00 00 90 00 00 10 f0 a6 28 00
encode_release_packet ret=0
continuous frame 241/300: h264=373270 bytes encode=41.320 ms write=0.015 ms
start encode NV12 with RV1106 vendor packet ABI, frame=241
encode_put_frame ret=0
encode_get_packet ret=0 handle=0xae81ca60 expected=0xae81ca60
vendor packet: mpi_buf_id=230 len=136 buf_size=1495040 offset=76672 data_num=1 flag=0x00000000 pts=241
valloc packet buffer: mpi_buf_id=230 dma_buf_fd=10 size=0
H264 first bytes: 00 00 00 01 41 e0 00 20 00 46 01 0f 01 6b c1 1d
encode_release_packet ret=0
continuous frame 242/300: h264=136 bytes encode=38.789 ms write=0.004 ms
start encode NV12 with RV1106 vendor packet ABI, frame=242
encode_put_frame ret=0
encode_get_packet ret=0 handle=0xae81ca60 expected=0xae81ca60
vendor packet: mpi_buf_id=230 len=16 buf_size=1495040 offset=76928 data_num=1 flag=0x00000000 pts=242
valloc packet buffer: mpi_buf_id=230 dma_buf_fd=10 size=0
H264 first bytes: 00 00 00 01 41 e0 00 40 00 86 01 0f 00 05 b2 30
encode_release_packet ret=0
continuous frame 243/300: h264=16 bytes encode=40.072 ms write=0.006 ms
start encode NV12 with RV1106 vendor packet ABI, frame=243
encode_put_frame ret=0
encode_get_packet ret=0 handle=0xae81ca60 expected=0xae81ca60
vendor packet: mpi_buf_id=230 len=16 buf_size=1495040 offset=77056 data_num=1 flag=0x00000000 pts=243
valloc packet buffer: mpi_buf_id=230 dma_buf_fd=10 size=0
H264 first bytes: 00 00 00 01 41 e0 00 60 00 c6 01 0f 00 05 b2 30
encode_release_packet ret=0
continuous frame 244/300: h264=16 bytes encode=39.866 ms write=0.003 ms
start encode NV12 with RV1106 vendor packet ABI, frame=244
encode_put_frame ret=0
encode_get_packet ret=0 handle=0xae81ca60 expected=0xae81ca60
vendor packet: mpi_buf_id=230 len=16 buf_size=1495040 offset=77184 data_num=1 flag=0x00000000 pts=244
valloc packet buffer: mpi_buf_id=230 dma_buf_fd=10 size=0
H264 first bytes: 00 00 00 01 41 e0 00 80 01 06 01 0f 00 05 b2 30
encode_release_packet ret=0
continuous frame 245/300: h264=16 bytes encode=39.936 ms write=0.003 ms
start encode NV12 with RV1106 vendor packet ABI, frame=245
encode_put_frame ret=0
encode_get_packet ret=0 handle=0xae81ca60 expected=0xae81ca60
vendor packet: mpi_buf_id=230 len=16 buf_size=1495040 offset=77312 data_num=1 flag=0x00000000 pts=245
valloc packet buffer: mpi_buf_id=230 dma_buf_fd=10 size=0
H264 first bytes: 00 00 00 01 41 e0 00 a0 01 46 01 0f 00 05 b2 30
encode_release_packet ret=0
continuous frame 246/300: h264=16 bytes encode=39.930 ms write=0.003 ms
start encode NV12 with RV1106 vendor packet ABI, frame=246
encode_put_frame ret=0
encode_get_packet ret=0 handle=0xae81ca60 expected=0xae81ca60
vendor packet: mpi_buf_id=230 len=16 buf_size=1495040 offset=77440 data_num=1 flag=0x00000000 pts=246
valloc packet buffer: mpi_buf_id=230 dma_buf_fd=10 size=0
H264 first bytes: 00 00 00 01 41 e0 00 c0 01 86 01 0f 00 05 b2 30
encode_release_packet ret=0
continuous frame 247/300: h264=16 bytes encode=39.999 ms write=0.004 ms
start encode NV12 with RV1106 vendor packet ABI, frame=247
encode_put_frame ret=0
encode_get_packet ret=0 handle=0xae81ca60 expected=0xae81ca60
vendor packet: mpi_buf_id=230 len=16 buf_size=1495040 offset=77568 data_num=1 flag=0x00000000 pts=247
valloc packet buffer: mpi_buf_id=230 dma_buf_fd=10 size=0
H264 first bytes: 00 00 00 01 41 e0 00 e0 01 c6 01 0f 00 05 b2 30
encode_release_packet ret=0
continuous frame 248/300: h264=16 bytes encode=39.988 ms write=0.003 ms
start encode NV12 with RV1106 vendor packet ABI, frame=248
encode_put_frame ret=0
encode_get_packet ret=0 handle=0xae81ca60 expected=0xae81ca60
vendor packet: mpi_buf_id=230 len=16 buf_size=1495040 offset=77696 data_num=1 flag=0x00000000 pts=248
valloc packet buffer: mpi_buf_id=230 dma_buf_fd=10 size=0
H264 first bytes: 00 00 00 01 41 e0 01 00 02 06 01 0f 00 05 b2 30
encode_release_packet ret=0
continuous frame 249/300: h264=16 bytes encode=39.942 ms write=0.002 ms
start encode NV12 with RV1106 vendor packet ABI, frame=249
encode_put_frame ret=0
encode_get_packet ret=0 handle=0xae81ca60 expected=0xae81ca60
vendor packet: mpi_buf_id=230 len=16 buf_size=1495040 offset=77824 data_num=1 flag=0x00000000 pts=249
valloc packet buffer: mpi_buf_id=230 dma_buf_fd=10 size=0
H264 first bytes: 00 00 00 01 41 e0 01 20 02 46 01 0f 00 05 b2 30
encode_release_packet ret=0
continuous frame 250/300: h264=16 bytes encode=39.977 ms write=0.002 ms
start encode NV12 with RV1106 vendor packet ABI, frame=250
encode_put_frame ret=0
encode_get_packet ret=0 handle=0xae81ca60 expected=0xae81ca60
vendor packet: mpi_buf_id=230 len=16 buf_size=1495040 offset=77952 data_num=1 flag=0x00000000 pts=250
valloc packet buffer: mpi_buf_id=230 dma_buf_fd=10 size=0
H264 first bytes: 00 00 00 01 41 e0 01 40 02 86 01 0f 00 05 b2 30
encode_release_packet ret=0
continuous frame 251/300: h264=16 bytes encode=39.980 ms write=0.003 ms
start encode NV12 with RV1106 vendor packet ABI, frame=251
encode_put_frame ret=0
encode_get_packet ret=0 handle=0xae81ca60 expected=0xae81ca60
vendor packet: mpi_buf_id=230 len=16 buf_size=1495040 offset=78080 data_num=1 flag=0x00000000 pts=251
valloc packet buffer: mpi_buf_id=230 dma_buf_fd=10 size=0
H264 first bytes: 00 00 00 01 41 e0 01 60 02 c6 01 0f 00 05 b2 30
encode_release_packet ret=0
continuous frame 252/300: h264=16 bytes encode=40.159 ms write=0.002 ms
start encode NV12 with RV1106 vendor packet ABI, frame=252
encode_put_frame ret=0
encode_get_packet ret=0 handle=0xae81ca60 expected=0xae81ca60
vendor packet: mpi_buf_id=230 len=16 buf_size=1495040 offset=78208 data_num=1 flag=0x00000000 pts=252
valloc packet buffer: mpi_buf_id=230 dma_buf_fd=10 size=0
H264 first bytes: 00 00 00 01 41 e0 01 80 03 06 01 0f 00 05 b2 30
encode_release_packet ret=0
continuous frame 253/300: h264=16 bytes encode=39.774 ms write=0.003 ms
start encode NV12 with RV1106 vendor packet ABI, frame=253
encode_put_frame ret=0
encode_get_packet ret=0 handle=0xae81ca60 expected=0xae81ca60
vendor packet: mpi_buf_id=230 len=16 buf_size=1495040 offset=78336 data_num=1 flag=0x00000000 pts=253
valloc packet buffer: mpi_buf_id=230 dma_buf_fd=10 size=0
H264 first bytes: 00 00 00 01 41 e0 01 a0 03 46 01 0f 00 05 b2 30
encode_release_packet ret=0
continuous frame 254/300: h264=16 bytes encode=39.967 ms write=0.004 ms
start encode NV12 with RV1106 vendor packet ABI, frame=254
encode_put_frame ret=0
encode_get_packet ret=0 handle=0xae81ca60 expected=0xae81ca60
vendor packet: mpi_buf_id=230 len=16 buf_size=1495040 offset=78464 data_num=1 flag=0x00000000 pts=254
valloc packet buffer: mpi_buf_id=230 dma_buf_fd=10 size=0
H264 first bytes: 00 00 00 01 41 e0 01 c0 03 86 01 0f 00 05 b2 30
encode_release_packet ret=0
continuous frame 255/300: h264=16 bytes encode=39.964 ms write=0.003 ms
start encode NV12 with RV1106 vendor packet ABI, frame=255
encode_put_frame ret=0
encode_get_packet ret=0 handle=0xae81ca60 expected=0xae81ca60
vendor packet: mpi_buf_id=230 len=16 buf_size=1495040 offset=78592 data_num=1 flag=0x00000000 pts=255
valloc packet buffer: mpi_buf_id=230 dma_buf_fd=10 size=0
H264 first bytes: 00 00 00 01 41 e0 01 e0 03 c6 01 0f 00 05 b2 30
encode_release_packet ret=0
continuous frame 256/300: h264=16 bytes encode=40.006 ms write=0.003 ms
start encode NV12 with RV1106 vendor packet ABI, frame=256
encode_put_frame ret=0
encode_get_packet ret=0 handle=0xae81ca60 expected=0xae81ca60
vendor packet: mpi_buf_id=230 len=16 buf_size=1495040 offset=78720 data_num=1 flag=0x00000000 pts=256
valloc packet buffer: mpi_buf_id=230 dma_buf_fd=10 size=0
H264 first bytes: 00 00 00 01 41 e0 02 00 04 06 01 0f 00 05 b2 30
encode_release_packet ret=0
continuous frame 257/300: h264=16 bytes encode=39.914 ms write=0.003 ms
start encode NV12 with RV1106 vendor packet ABI, frame=257
encode_put_frame ret=0
encode_get_packet ret=0 handle=0xae81ca60 expected=0xae81ca60
vendor packet: mpi_buf_id=230 len=16 buf_size=1495040 offset=78848 data_num=1 flag=0x00000000 pts=257
valloc packet buffer: mpi_buf_id=230 dma_buf_fd=10 size=0
H264 first bytes: 00 00 00 01 41 e0 02 20 04 46 01 0f 00 05 b2 30
encode_release_packet ret=0
continuous frame 258/300: h264=16 bytes encode=39.931 ms write=0.003 ms
start encode NV12 with RV1106 vendor packet ABI, frame=258
encode_put_frame ret=0
encode_get_packet ret=0 handle=0xae81ca60 expected=0xae81ca60
vendor packet: mpi_buf_id=230 len=16 buf_size=1495040 offset=78976 data_num=1 flag=0x00000000 pts=258
valloc packet buffer: mpi_buf_id=230 dma_buf_fd=10 size=0
H264 first bytes: 00 00 00 01 41 e0 02 40 04 86 01 0f 00 05 b2 30
encode_release_packet ret=0
continuous frame 259/300: h264=16 bytes encode=40.049 ms write=0.003 ms
start encode NV12 with RV1106 vendor packet ABI, frame=259
encode_put_frame ret=0
encode_get_packet ret=0 handle=0xae81ca60 expected=0xae81ca60
vendor packet: mpi_buf_id=230 len=16 buf_size=1495040 offset=79104 data_num=1 flag=0x00000000 pts=259
valloc packet buffer: mpi_buf_id=230 dma_buf_fd=10 size=0
H264 first bytes: 00 00 00 01 41 e0 02 60 04 c6 01 0f 00 05 b2 30
encode_release_packet ret=0
continuous frame 260/300: h264=16 bytes encode=39.957 ms write=0.003 ms
start encode NV12 with RV1106 vendor packet ABI, frame=260
encode_put_frame ret=0
encode_get_packet ret=0 handle=0xae81ca60 expected=0xae81ca60
vendor packet: mpi_buf_id=230 len=16 buf_size=1495040 offset=79232 data_num=1 flag=0x00000000 pts=260
valloc packet buffer: mpi_buf_id=230 dma_buf_fd=10 size=0
H264 first bytes: 00 00 00 01 41 e0 02 80 05 06 01 0f 00 05 b2 30
encode_release_packet ret=0
continuous frame 261/300: h264=16 bytes encode=40.054 ms write=0.003 ms
start encode NV12 with RV1106 vendor packet ABI, frame=261
encode_put_frame ret=0
encode_get_packet ret=0 handle=0xae81ca60 expected=0xae81ca60
vendor packet: mpi_buf_id=230 len=16 buf_size=1495040 offset=79360 data_num=1 flag=0x00000000 pts=261
valloc packet buffer: mpi_buf_id=230 dma_buf_fd=10 size=0
H264 first bytes: 00 00 00 01 41 e0 02 a0 05 46 01 0f 00 05 b2 30
encode_release_packet ret=0
continuous frame 262/300: h264=16 bytes encode=40.041 ms write=0.003 ms
start encode NV12 with RV1106 vendor packet ABI, frame=262
encode_put_frame ret=0
encode_get_packet ret=0 handle=0xae81ca60 expected=0xae81ca60
vendor packet: mpi_buf_id=230 len=16 buf_size=1495040 offset=79488 data_num=1 flag=0x00000000 pts=262
valloc packet buffer: mpi_buf_id=230 dma_buf_fd=10 size=0
H264 first bytes: 00 00 00 01 41 e0 02 c0 05 86 01 0f 00 05 b2 30
encode_release_packet ret=0
continuous frame 263/300: h264=16 bytes encode=39.789 ms write=0.003 ms
start encode NV12 with RV1106 vendor packet ABI, frame=263
encode_put_frame ret=0
encode_get_packet ret=0 handle=0xae81ca60 expected=0xae81ca60
vendor packet: mpi_buf_id=230 len=16 buf_size=1495040 offset=79616 data_num=1 flag=0x00000000 pts=263
valloc packet buffer: mpi_buf_id=230 dma_buf_fd=10 size=0
H264 first bytes: 00 00 00 01 41 e0 02 e0 05 c6 01 0f 00 05 b2 30
encode_release_packet ret=0
continuous frame 264/300: h264=16 bytes encode=40.553 ms write=0.002 ms
start encode NV12 with RV1106 vendor packet ABI, frame=264
encode_put_frame ret=0
encode_get_packet ret=0 handle=0xae81ca60 expected=0xae81ca60
vendor packet: mpi_buf_id=230 len=16 buf_size=1495040 offset=79744 data_num=1 flag=0x00000000 pts=264
valloc packet buffer: mpi_buf_id=230 dma_buf_fd=10 size=0
H264 first bytes: 00 00 00 01 41 e0 03 00 06 06 01 0f 00 05 b2 30
encode_release_packet ret=0
continuous frame 265/300: h264=16 bytes encode=39.426 ms write=0.004 ms
start encode NV12 with RV1106 vendor packet ABI, frame=265
encode_put_frame ret=0
encode_get_packet ret=0 handle=0xae81ca60 expected=0xae81ca60
vendor packet: mpi_buf_id=230 len=16 buf_size=1495040 offset=79872 data_num=1 flag=0x00000000 pts=265
valloc packet buffer: mpi_buf_id=230 dma_buf_fd=10 size=0
H264 first bytes: 00 00 00 01 41 e0 03 20 06 46 01 0f 00 05 b2 30
encode_release_packet ret=0
continuous frame 266/300: h264=16 bytes encode=39.890 ms write=0.003 ms
start encode NV12 with RV1106 vendor packet ABI, frame=266
encode_put_frame ret=0
encode_get_packet ret=0 handle=0xae81ca60 expected=0xae81ca60
vendor packet: mpi_buf_id=230 len=16 buf_size=1495040 offset=80000 data_num=1 flag=0x00000000 pts=266
valloc packet buffer: mpi_buf_id=230 dma_buf_fd=10 size=0
H264 first bytes: 00 00 00 01 41 e0 03 40 06 86 01 0f 00 05 b2 30
encode_release_packet ret=0
continuous frame 267/300: h264=16 bytes encode=39.970 ms write=0.003 ms
start encode NV12 with RV1106 vendor packet ABI, frame=267
encode_put_frame ret=0
encode_get_packet ret=0 handle=0xae81ca60 expected=0xae81ca60
vendor packet: mpi_buf_id=230 len=16 buf_size=1495040 offset=80128 data_num=1 flag=0x00000000 pts=267
valloc packet buffer: mpi_buf_id=230 dma_buf_fd=10 size=0
H264 first bytes: 00 00 00 01 41 e0 03 60 06 c6 01 0f 00 05 b2 30
encode_release_packet ret=0
continuous frame 268/300: h264=16 bytes encode=39.972 ms write=0.003 ms
start encode NV12 with RV1106 vendor packet ABI, frame=268
encode_put_frame ret=0
encode_get_packet ret=0 handle=0xae81ca60 expected=0xae81ca60
vendor packet: mpi_buf_id=230 len=16 buf_size=1495040 offset=80256 data_num=1 flag=0x00000000 pts=268
valloc packet buffer: mpi_buf_id=230 dma_buf_fd=10 size=0
H264 first bytes: 00 00 00 01 41 e0 03 80 07 06 01 0f 00 05 b2 30
encode_release_packet ret=0
continuous frame 269/300: h264=16 bytes encode=39.993 ms write=0.002 ms
start encode NV12 with RV1106 vendor packet ABI, frame=269
encode_put_frame ret=0
encode_get_packet ret=0 handle=0xae81ca60 expected=0xae81ca60
vendor packet: mpi_buf_id=230 len=16 buf_size=1495040 offset=80384 data_num=1 flag=0x00000000 pts=269
valloc packet buffer: mpi_buf_id=230 dma_buf_fd=10 size=0
H264 first bytes: 00 00 00 01 41 e0 03 a0 07 46 01 0f 00 05 b2 30
encode_release_packet ret=0
continuous frame 270/300: h264=16 bytes encode=39.941 ms write=0.003 ms
start encode NV12 with RV1106 vendor packet ABI, frame=270
encode_put_frame ret=0
encode_get_packet ret=0 handle=0xae81ca60 expected=0xae81ca60
vendor packet: mpi_buf_id=230 len=373270 buf_size=1495040 offset=80512 data_num=1 flag=0x00000010 pts=270
valloc packet buffer: mpi_buf_id=230 dma_buf_fd=10 size=0
H264 first bytes: 00 00 00 01 65 b8 00 00 a0 00 00 10 f0 a6 28 00
encode_release_packet ret=0
continuous frame 271/300: h264=373270 bytes encode=41.003 ms write=0.014 ms
start encode NV12 with RV1106 vendor packet ABI, frame=271
encode_put_frame ret=0
encode_get_packet ret=0 handle=0xae81ca60 expected=0xae81ca60
vendor packet: mpi_buf_id=230 len=136 buf_size=1495040 offset=453888 data_num=1 flag=0x00000000 pts=271
valloc packet buffer: mpi_buf_id=230 dma_buf_fd=10 size=0
H264 first bytes: 00 00 00 01 41 e0 00 20 00 46 01 0f 01 6b c1 1d
encode_release_packet ret=0
continuous frame 272/300: h264=136 bytes encode=38.795 ms write=0.003 ms
start encode NV12 with RV1106 vendor packet ABI, frame=272
encode_put_frame ret=0
encode_get_packet ret=0 handle=0xae81ca60 expected=0xae81ca60
vendor packet: mpi_buf_id=230 len=16 buf_size=1495040 offset=454144 data_num=1 flag=0x00000000 pts=272
valloc packet buffer: mpi_buf_id=230 dma_buf_fd=10 size=0
H264 first bytes: 00 00 00 01 41 e0 00 40 00 86 01 0f 00 05 b2 30
encode_release_packet ret=0
continuous frame 273/300: h264=16 bytes encode=39.941 ms write=0.003 ms
start encode NV12 with RV1106 vendor packet ABI, frame=273
encode_put_frame ret=0
encode_get_packet ret=0 handle=0xae81ca60 expected=0xae81ca60
vendor packet: mpi_buf_id=230 len=16 buf_size=1495040 offset=454272 data_num=1 flag=0x00000000 pts=273
valloc packet buffer: mpi_buf_id=230 dma_buf_fd=10 size=0
H264 first bytes: 00 00 00 01 41 e0 00 60 00 c6 01 0f 00 05 b2 30
encode_release_packet ret=0
continuous frame 274/300: h264=16 bytes encode=39.977 ms write=0.003 ms
start encode NV12 with RV1106 vendor packet ABI, frame=274
encode_put_frame ret=0
encode_get_packet ret=0 handle=0xae81ca60 expected=0xae81ca60
vendor packet: mpi_buf_id=230 len=16 buf_size=1495040 offset=454400 data_num=1 flag=0x00000000 pts=274
valloc packet buffer: mpi_buf_id=230 dma_buf_fd=10 size=0
H264 first bytes: 00 00 00 01 41 e0 00 80 01 06 01 0f 00 05 b2 30
encode_release_packet ret=0
continuous frame 275/300: h264=16 bytes encode=39.937 ms write=0.002 ms
start encode NV12 with RV1106 vendor packet ABI, frame=275
encode_put_frame ret=0
encode_get_packet ret=0 handle=0xae81ca60 expected=0xae81ca60
vendor packet: mpi_buf_id=230 len=16 buf_size=1495040 offset=454528 data_num=1 flag=0x00000000 pts=275
valloc packet buffer: mpi_buf_id=230 dma_buf_fd=10 size=0
H264 first bytes: 00 00 00 01 41 e0 00 a0 01 46 01 0f 00 05 b2 30
encode_release_packet ret=0
continuous frame 276/300: h264=16 bytes encode=39.985 ms write=0.003 ms
start encode NV12 with RV1106 vendor packet ABI, frame=276
encode_put_frame ret=0
encode_get_packet ret=0 handle=0xae81ca60 expected=0xae81ca60
vendor packet: mpi_buf_id=230 len=16 buf_size=1495040 offset=454656 data_num=1 flag=0x00000000 pts=276
valloc packet buffer: mpi_buf_id=230 dma_buf_fd=10 size=0
H264 first bytes: 00 00 00 01 41 e0 00 c0 01 86 01 0f 00 05 b2 30
encode_release_packet ret=0
continuous frame 277/300: h264=16 bytes encode=39.953 ms write=0.003 ms
start encode NV12 with RV1106 vendor packet ABI, frame=277
encode_put_frame ret=0
encode_get_packet ret=0 handle=0xae81ca60 expected=0xae81ca60
vendor packet: mpi_buf_id=230 len=16 buf_size=1495040 offset=454784 data_num=1 flag=0x00000000 pts=277
valloc packet buffer: mpi_buf_id=230 dma_buf_fd=10 size=0
H264 first bytes: 00 00 00 01 41 e0 00 e0 01 c6 01 0f 00 05 b2 30
encode_release_packet ret=0
continuous frame 278/300: h264=16 bytes encode=40.063 ms write=0.006 ms
start encode NV12 with RV1106 vendor packet ABI, frame=278
encode_put_frame ret=0
encode_get_packet ret=0 handle=0xae81ca60 expected=0xae81ca60
vendor packet: mpi_buf_id=230 len=16 buf_size=1495040 offset=454912 data_num=1 flag=0x00000000 pts=278
valloc packet buffer: mpi_buf_id=230 dma_buf_fd=10 size=0
H264 first bytes: 00 00 00 01 41 e0 01 00 02 06 01 0f 00 05 b2 30
encode_release_packet ret=0
continuous frame 279/300: h264=16 bytes encode=39.800 ms write=0.003 ms
start encode NV12 with RV1106 vendor packet ABI, frame=279
encode_put_frame ret=0
encode_get_packet ret=0 handle=0xae81ca60 expected=0xae81ca60
vendor packet: mpi_buf_id=230 len=16 buf_size=1495040 offset=455040 data_num=1 flag=0x00000000 pts=279
valloc packet buffer: mpi_buf_id=230 dma_buf_fd=10 size=0
H264 first bytes: 00 00 00 01 41 e0 01 20 02 46 01 0f 00 05 b2 30
encode_release_packet ret=0
continuous frame 280/300: h264=16 bytes encode=39.985 ms write=0.003 ms
start encode NV12 with RV1106 vendor packet ABI, frame=280
encode_put_frame ret=0
encode_get_packet ret=0 handle=0xae81ca60 expected=0xae81ca60
vendor packet: mpi_buf_id=230 len=16 buf_size=1495040 offset=455168 data_num=1 flag=0x00000000 pts=280
valloc packet buffer: mpi_buf_id=230 dma_buf_fd=10 size=0
H264 first bytes: 00 00 00 01 41 e0 01 40 02 86 01 0f 00 05 b2 30
encode_release_packet ret=0
continuous frame 281/300: h264=16 bytes encode=39.983 ms write=0.003 ms
start encode NV12 with RV1106 vendor packet ABI, frame=281
encode_put_frame ret=0
encode_get_packet ret=0 handle=0xae81ca60 expected=0xae81ca60
vendor packet: mpi_buf_id=230 len=16 buf_size=1495040 offset=455296 data_num=1 flag=0x00000000 pts=281
valloc packet buffer: mpi_buf_id=230 dma_buf_fd=10 size=0
H264 first bytes: 00 00 00 01 41 e0 01 60 02 c6 01 0f 00 05 b2 30
encode_release_packet ret=0
continuous frame 282/300: h264=16 bytes encode=39.940 ms write=0.003 ms
start encode NV12 with RV1106 vendor packet ABI, frame=282
encode_put_frame ret=0
encode_get_packet ret=0 handle=0xae81ca60 expected=0xae81ca60
vendor packet: mpi_buf_id=230 len=16 buf_size=1495040 offset=455424 data_num=1 flag=0x00000000 pts=282
valloc packet buffer: mpi_buf_id=230 dma_buf_fd=10 size=0
H264 first bytes: 00 00 00 01 41 e0 01 80 03 06 01 0f 00 05 b2 30
encode_release_packet ret=0
continuous frame 283/300: h264=16 bytes encode=39.993 ms write=0.004 ms
start encode NV12 with RV1106 vendor packet ABI, frame=283
encode_put_frame ret=0
encode_get_packet ret=0 handle=0xae81ca60 expected=0xae81ca60
vendor packet: mpi_buf_id=230 len=16 buf_size=1495040 offset=455552 data_num=1 flag=0x00000000 pts=283
valloc packet buffer: mpi_buf_id=230 dma_buf_fd=10 size=0
H264 first bytes: 00 00 00 01 41 e0 01 a0 03 46 01 0f 00 05 b2 30
encode_release_packet ret=0
continuous frame 284/300: h264=16 bytes encode=43.873 ms write=0.003 ms
start encode NV12 with RV1106 vendor packet ABI, frame=284
encode_put_frame ret=0
encode_get_packet ret=0 handle=0xae81ca60 expected=0xae81ca60
vendor packet: mpi_buf_id=230 len=16 buf_size=1495040 offset=455680 data_num=1 flag=0x00000000 pts=284
valloc packet buffer: mpi_buf_id=230 dma_buf_fd=10 size=0
H264 first bytes: 00 00 00 01 41 e0 01 c0 03 86 01 0f 00 05 b2 30
encode_release_packet ret=0
continuous frame 285/300: h264=16 bytes encode=36.045 ms write=0.003 ms
start encode NV12 with RV1106 vendor packet ABI, frame=285
encode_put_frame ret=0
encode_get_packet ret=0 handle=0xae81ca60 expected=0xae81ca60
vendor packet: mpi_buf_id=230 len=16 buf_size=1495040 offset=455808 data_num=1 flag=0x00000000 pts=285
valloc packet buffer: mpi_buf_id=230 dma_buf_fd=10 size=0
H264 first bytes: 00 00 00 01 41 e0 01 e0 03 c6 01 0f 00 05 b2 30
encode_release_packet ret=0
continuous frame 286/300: h264=16 bytes encode=39.863 ms write=0.004 ms
start encode NV12 with RV1106 vendor packet ABI, frame=286
encode_put_frame ret=0
encode_get_packet ret=0 handle=0xae81ca60 expected=0xae81ca60
vendor packet: mpi_buf_id=230 len=16 buf_size=1495040 offset=455936 data_num=1 flag=0x00000000 pts=286
valloc packet buffer: mpi_buf_id=230 dma_buf_fd=10 size=0
H264 first bytes: 00 00 00 01 41 e0 02 00 04 06 01 0f 00 05 b2 30
encode_release_packet ret=0
continuous frame 287/300: h264=16 bytes encode=40.324 ms write=0.003 ms
start encode NV12 with RV1106 vendor packet ABI, frame=287
encode_put_frame ret=0
encode_get_packet ret=0 handle=0xae81ca60 expected=0xae81ca60
vendor packet: mpi_buf_id=230 len=16 buf_size=1495040 offset=456064 data_num=1 flag=0x00000000 pts=287
valloc packet buffer: mpi_buf_id=230 dma_buf_fd=10 size=0
H264 first bytes: 00 00 00 01 41 e0 02 20 04 46 01 0f 00 05 b2 30
encode_release_packet ret=0
continuous frame 288/300: h264=16 bytes encode=39.674 ms write=0.003 ms
start encode NV12 with RV1106 vendor packet ABI, frame=288
encode_put_frame ret=0
encode_get_packet ret=0 handle=0xae81ca60 expected=0xae81ca60
vendor packet: mpi_buf_id=230 len=16 buf_size=1495040 offset=456192 data_num=1 flag=0x00000000 pts=288
valloc packet buffer: mpi_buf_id=230 dma_buf_fd=10 size=0
H264 first bytes: 00 00 00 01 41 e0 02 40 04 86 01 0f 00 05 b2 30
encode_release_packet ret=0
continuous frame 289/300: h264=16 bytes encode=36.629 ms write=0.004 ms
start encode NV12 with RV1106 vendor packet ABI, frame=289
encode_put_frame ret=0
encode_get_packet ret=0 handle=0xae81ca60 expected=0xae81ca60
vendor packet: mpi_buf_id=230 len=16 buf_size=1495040 offset=456320 data_num=1 flag=0x00000000 pts=289
valloc packet buffer: mpi_buf_id=230 dma_buf_fd=10 size=0
H264 first bytes: 00 00 00 01 41 e0 02 60 04 c6 01 0f 00 05 b2 30
encode_release_packet ret=0
continuous frame 290/300: h264=16 bytes encode=43.043 ms write=0.003 ms
start encode NV12 with RV1106 vendor packet ABI, frame=290
encode_put_frame ret=0
encode_get_packet ret=0 handle=0xae81ca60 expected=0xae81ca60
vendor packet: mpi_buf_id=230 len=16 buf_size=1495040 offset=456448 data_num=1 flag=0x00000000 pts=290
valloc packet buffer: mpi_buf_id=230 dma_buf_fd=10 size=0
H264 first bytes: 00 00 00 01 41 e0 02 80 05 06 01 0f 00 05 b2 30
encode_release_packet ret=0
continuous frame 291/300: h264=16 bytes encode=40.238 ms write=0.004 ms
start encode NV12 with RV1106 vendor packet ABI, frame=291
encode_put_frame ret=0
encode_get_packet ret=0 handle=0xae81ca60 expected=0xae81ca60
vendor packet: mpi_buf_id=230 len=16 buf_size=1495040 offset=456576 data_num=1 flag=0x00000000 pts=291
valloc packet buffer: mpi_buf_id=230 dma_buf_fd=10 size=0
H264 first bytes: 00 00 00 01 41 e0 02 a0 05 46 01 0f 00 05 b2 30
encode_release_packet ret=0
continuous frame 292/300: h264=16 bytes encode=39.965 ms write=0.004 ms
start encode NV12 with RV1106 vendor packet ABI, frame=292
encode_put_frame ret=0
encode_get_packet ret=0 handle=0xae81ca60 expected=0xae81ca60
vendor packet: mpi_buf_id=230 len=16 buf_size=1495040 offset=456704 data_num=1 flag=0x00000000 pts=292
valloc packet buffer: mpi_buf_id=230 dma_buf_fd=10 size=0
H264 first bytes: 00 00 00 01 41 e0 02 c0 05 86 01 0f 00 05 b2 30
encode_release_packet ret=0
continuous frame 293/300: h264=16 bytes encode=39.954 ms write=0.004 ms
start encode NV12 with RV1106 vendor packet ABI, frame=293
encode_put_frame ret=0
encode_get_packet ret=0 handle=0xae81ca60 expected=0xae81ca60
vendor packet: mpi_buf_id=230 len=16 buf_size=1495040 offset=456832 data_num=1 flag=0x00000000 pts=293
valloc packet buffer: mpi_buf_id=230 dma_buf_fd=10 size=0
H264 first bytes: 00 00 00 01 41 e0 02 e0 05 c6 01 0f 00 05 b2 30
encode_release_packet ret=0
continuous frame 294/300: h264=16 bytes encode=39.976 ms write=0.002 ms
start encode NV12 with RV1106 vendor packet ABI, frame=294
encode_put_frame ret=0
encode_get_packet ret=0 handle=0xae81ca60 expected=0xae81ca60
vendor packet: mpi_buf_id=230 len=16 buf_size=1495040 offset=456960 data_num=1 flag=0x00000000 pts=294
valloc packet buffer: mpi_buf_id=230 dma_buf_fd=10 size=0
H264 first bytes: 00 00 00 01 41 e0 03 00 06 06 01 0f 00 05 b2 30
encode_release_packet ret=0
continuous frame 295/300: h264=16 bytes encode=39.991 ms write=0.003 ms
start encode NV12 with RV1106 vendor packet ABI, frame=295
encode_put_frame ret=0
encode_get_packet ret=0 handle=0xae81ca60 expected=0xae81ca60
vendor packet: mpi_buf_id=230 len=16 buf_size=1495040 offset=457088 data_num=1 flag=0x00000000 pts=295
valloc packet buffer: mpi_buf_id=230 dma_buf_fd=10 size=0
H264 first bytes: 00 00 00 01 41 e0 03 20 06 46 01 0f 00 05 b2 30
encode_release_packet ret=0
continuous frame 296/300: h264=16 bytes encode=40.043 ms write=0.004 ms
start encode NV12 with RV1106 vendor packet ABI, frame=296
encode_put_frame ret=0
encode_get_packet ret=0 handle=0xae81ca60 expected=0xae81ca60
vendor packet: mpi_buf_id=230 len=16 buf_size=1495040 offset=457216 data_num=1 flag=0x00000000 pts=296
valloc packet buffer: mpi_buf_id=230 dma_buf_fd=10 size=0
H264 first bytes: 00 00 00 01 41 e0 03 40 06 86 01 0f 00 05 b2 30
encode_release_packet ret=0
continuous frame 297/300: h264=16 bytes encode=39.855 ms write=0.003 ms
start encode NV12 with RV1106 vendor packet ABI, frame=297
encode_put_frame ret=0
encode_get_packet ret=0 handle=0xae81ca60 expected=0xae81ca60
vendor packet: mpi_buf_id=230 len=16 buf_size=1495040 offset=457344 data_num=1 flag=0x00000000 pts=297
valloc packet buffer: mpi_buf_id=230 dma_buf_fd=10 size=0
H264 first bytes: 00 00 00 01 41 e0 03 60 06 c6 01 0f 00 05 b2 30
encode_release_packet ret=0
continuous frame 298/300: h264=16 bytes encode=39.916 ms write=0.003 ms
start encode NV12 with RV1106 vendor packet ABI, frame=298
encode_put_frame ret=0
encode_get_packet ret=0 handle=0xae81ca60 expected=0xae81ca60
vendor packet: mpi_buf_id=230 len=16 buf_size=1495040 offset=457472 data_num=1 flag=0x00000000 pts=298
valloc packet buffer: mpi_buf_id=230 dma_buf_fd=10 size=0
H264 first bytes: 00 00 00 01 41 e0 03 80 07 06 01 0f 00 05 b2 30
encode_release_packet ret=0
continuous frame 299/300: h264=16 bytes encode=40.031 ms write=0.003 ms
start encode NV12 with RV1106 vendor packet ABI, frame=299
encode_put_frame ret=0
encode_get_packet ret=0 handle=0xae81ca60 expected=0xae81ca60
vendor packet: mpi_buf_id=230 len=16 buf_size=1495040 offset=457600 data_num=1 flag=0x00000000 pts=299
valloc packet buffer: mpi_buf_id=230 dma_buf_fd=10 size=0
H264 first bytes: 00 00 00 01 41 e0 03 a0 07 46 01 0f 00 05 b2 30
encode_release_packet ret=0
continuous frame 300/300: h264=16 bytes encode=39.954 ms write=0.003 ms

continuous encode summary
encoded frames     : 300/300
total H264 bytes   : 3415359
average encode time: 39.900 ms/frame
encode-only speed  : 25.06 fps
average write time : 0.004 ms/frame
average packet size: 11384.53 bytes/frame
wall-clock time    : 11.987 s
overall speed      : 25.03 fps
continuous H264 saved to: /dev/null
