mpp[3098]: mpp_buffer: mpi_buf_id = 173, dma_buf_fd = 5

mpp[3098]: mpp_buffer: mpi_buf_id = 174, dma_buf_fd = 7

mpp[3098]: mpp_info: mpp version: 16e796a4 author: hdl           2024-02-20 [venc540c]: Adding scene_mode of IPC_PTZ.

live camera MP4 test
device       : /dev/video11
output       : output_camera_60s.mp4
resolution   : 2304x1296 NV12
frame rate   : 25 fps
bit rate     : 4000000 bps
expected NV12: 4478976 bytes/frame
frame count  : 1500
warmup frames: 5
raw NV12 intermediate files: disabled
raw H264 intermediate files: disabled
capture format: 2304x1296 fourcc=NV12 planes=1 bytesperline=2304 sizeimage=4478976
warning: VIDIOC_S_PARM 25 fps failed: Inappropriate ioctl for device
capture frame interval: 1/0 s (0.00 fps)
capture buffer 0: addr=0xa6817000 length=4478976
capture buffer 1: addr=0xa63d1000 length=4478976
capture buffer 2: addr=0xa5f8b000 length=4478976
capture buffer 3: addr=0xa5b45000 length=4478976
warmup frame 1/0: sequence=4478976 size=2800830448
warmup frame 2/1: sequence=4478976 size=2800830448
warmup frame 3/2: sequence=4478976 size=2800830448
warmup frame 4/3: sequence=4478976 size=2800830448
warmup frame 5/4: sequence=4478976 size=2800830448
MPP encoder build: stable-vendor-packet-v8
NV12 visible_size=4478976 allocated_buffer_size=4644864
pre-create frm_buf ret=0 buf=0x2c1c0 ptr=0xa56d7000
pre-create auxiliary buf ret=0 buf=0x2c260 ptr=0xa5269000
before mpp_create
after mpp_create: ret=0 ctx=0x2c300 mpi=0xa6efd39c
MppApi sizeof=132 api_size=132 version=0 release_packet=0xa6ed09c4
after mpp_init_ext: ret=0
MPP_SET_OUTPUT_TIMEOUT ret=0
MPP encoder init success
MP4 muxer init success: id=0 output=output_camera_60s.mp4
MP4 video parameter: codec=H.264 format=NV12 size=2304x1296 fps=25 bitrate=4000000 profile=66 level=52
start encode NV12 with RV1106 vendor packet ABI, frame=0
encode_put_frame ret=0
encode_get_packet ret=0 handle=0xae9cf958 expected=0xae9cf958
vendor packet: mpi_buf_id=177 len=23698 buf_size=1495040 offset=0 data_num=1 flag=0x00000010 pts=0
valloc packet buffer: mpi_buf_id=177 dma_buf_fd=10 size=0
H264 first bytes: 00 00 00 01 67 42 c0 32 8d 8d 50 12 00 51 90 80
encode_release_packet ret=0
MP4 frame 1/1500: sequence=5 pts=0 us key=1 nv12=4478976 h264=23698 acquire=7.232 ms encode=30.824 ms mux=1.275 ms
start encode NV12 with RV1106 vendor packet ABI, frame=1
encode_put_frame ret=0
encode_get_packet ret=0 handle=0xae9cf958 expected=0xae9cf958
vendor packet: mpi_buf_id=177 len=7979 buf_size=1495040 offset=23808 data_num=1 flag=0x00000000 pts=1
valloc packet buffer: mpi_buf_id=177 dma_buf_fd=11 size=0
H264 first bytes: 00 00 00 01 41 e0 00 20 00 46 17 34 0d e0 ff 81
encode_release_packet ret=0
MP4 frame 2/1500: sequence=6 pts=40000 us key=0 nv12=4478976 h264=7979 acquire=7.319 ms encode=30.216 ms mux=0.130 ms
start encode NV12 with RV1106 vendor packet ABI, frame=2
encode_put_frame ret=0
encode_get_packet ret=0 handle=0xae9cf958 expected=0xae9cf958
vendor packet: mpi_buf_id=177 len=9636 buf_size=1495040 offset=31872 data_num=1 flag=0x00000000 pts=2
valloc packet buffer: mpi_buf_id=177 dma_buf_fd=11 size=0
H264 first bytes: 00 00 00 01 41 e0 00 40 00 86 3c b8 7c c2 77 8c
encode_release_packet ret=0
MP4 frame 3/1500: sequence=7 pts=80000 us key=0 nv12=4478976 h264=9636 acquire=9.171 ms encode=26.255 ms mux=0.142 ms
start encode NV12 with RV1106 vendor packet ABI, frame=3
encode_put_frame ret=0
encode_get_packet ret=0 handle=0xae9cf958 expected=0xae9cf958
vendor packet: mpi_buf_id=177 len=8768 buf_size=1495040 offset=41600 data_num=1 flag=0x00000000 pts=3
valloc packet buffer: mpi_buf_id=177 dma_buf_fd=11 size=0
H264 first bytes: 00 00 00 01 41 e0 00 60 00 c6 3c 98 7c 20 26 fd
encode_release_packet ret=0
MP4 frame 4/1500: sequence=8 pts=120000 us key=0 nv12=4478976 h264=8768 acquire=13.118 ms encode=26.896 ms mux=0.159 ms
start encode NV12 with RV1106 vendor packet ABI, frame=4
encode_put_frame ret=0
encode_get_packet ret=0 handle=0xae9cf958 expected=0xae9cf958
vendor packet: mpi_buf_id=177 len=13306 buf_size=1495040 offset=50432 data_num=1 flag=0x00000000 pts=4
valloc packet buffer: mpi_buf_id=177 dma_buf_fd=11 size=0
H264 first bytes: 00 00 00 01 41 e0 00 80 01 06 1f 62 22 45 6b 0f
encode_release_packet ret=0
MP4 frame 5/1500: sequence=9 pts=160000 us key=0 nv12=4478976 h264=13306 acquire=12.462 ms encode=26.260 ms mux=0.223 ms
start encode NV12 with RV1106 vendor packet ABI, frame=5
encode_put_frame ret=0
encode_get_packet ret=0 handle=0xae9cf958 expected=0xae9cf958
vendor packet: mpi_buf_id=177 len=10380 buf_size=1495040 offset=63744 data_num=1 flag=0x00000000 pts=5
valloc packet buffer: mpi_buf_id=177 dma_buf_fd=11 size=0
H264 first bytes: 00 00 00 01 41 e0 00 a0 01 46 04 70 28 c0 0c 03
encode_release_packet ret=0
MP4 frame 6/1500: sequence=10 pts=200000 us key=0 nv12=4478976 h264=10380 acquire=12.915 ms encode=26.969 ms mux=0.190 ms
start encode NV12 with RV1106 vendor packet ABI, frame=6
encode_put_frame ret=0
encode_get_packet ret=0 handle=0xae9cf958 expected=0xae9cf958
vendor packet: mpi_buf_id=177 len=12386 buf_size=1495040 offset=74240 data_num=1 flag=0x00000000 pts=6
valloc packet buffer: mpi_buf_id=177 dma_buf_fd=11 size=0
H264 first bytes: 00 00 00 01 41 e0 00 c0 01 86 04 72 e0 66 ec 10
encode_release_packet ret=0
MP4 frame 7/1500: sequence=11 pts=240000 us key=0 nv12=4478976 h264=12386 acquire=12.360 ms encode=26.204 ms mux=0.212 ms
start encode NV12 with RV1106 vendor packet ABI, frame=7
encode_put_frame ret=0
encode_get_packet ret=0 handle=0xae9cf958 expected=0xae9cf958
vendor packet: mpi_buf_id=177 len=13708 buf_size=1495040 offset=86656 data_num=1 flag=0x00000000 pts=7
valloc packet buffer: mpi_buf_id=177 dma_buf_fd=11 size=0
H264 first bytes: 00 00 00 01 41 e0 00 e0 01 c6 04 77 02 f7 8d f0
encode_release_packet ret=0
MP4 frame 8/1500: sequence=12 pts=280000 us key=0 nv12=4478976 h264=13708 acquire=13.090 ms encode=26.857 ms mux=0.221 ms
start encode NV12 with RV1106 vendor packet ABI, frame=8
encode_put_frame ret=0
encode_get_packet ret=0 handle=0xae9cf958 expected=0xae9cf958
vendor packet: mpi_buf_id=177 len=12991 buf_size=1495040 offset=100480 data_num=1 flag=0x00000000 pts=8
valloc packet buffer: mpi_buf_id=177 dma_buf_fd=11 size=0
H264 first bytes: 00 00 00 01 41 e0 01 00 02 06 05 73 e0 d3 c3 1e
encode_release_packet ret=0
MP4 frame 9/1500: sequence=13 pts=320000 us key=0 nv12=4478976 h264=12991 acquire=12.434 ms encode=26.263 ms mux=0.216 ms
start encode NV12 with RV1106 vendor packet ABI, frame=9
encode_put_frame ret=0
encode_get_packet ret=0 handle=0xae9cf958 expected=0xae9cf958
vendor packet: mpi_buf_id=177 len=10648 buf_size=1495040 offset=113536 data_num=1 flag=0x00000000 pts=9
valloc packet buffer: mpi_buf_id=177 dma_buf_fd=11 size=0
H264 first bytes: 00 00 00 01 41 e0 01 20 02 46 05 70 ec 3c a6 c1
encode_release_packet ret=0
MP4 frame 10/1500: sequence=14 pts=360000 us key=0 nv12=4478976 h264=10648 acquire=13.044 ms encode=26.855 ms mux=0.190 ms
start encode NV12 with RV1106 vendor packet ABI, frame=10
encode_put_frame ret=0
encode_get_packet ret=0 handle=0xae9cf958 expected=0xae9cf958
vendor packet: mpi_buf_id=177 len=6756 buf_size=1495040 offset=124288 data_num=1 flag=0x00000000 pts=10
valloc packet buffer: mpi_buf_id=177 dma_buf_fd=11 size=0
H264 first bytes: 00 00 00 01 41 e0 01 40 02 86 05 70 4b 9a f3 4f
encode_release_packet ret=0
MP4 frame 11/1500: sequence=15 pts=400000 us key=0 nv12=4478976 h264=6756 acquire=12.473 ms encode=26.235 ms mux=0.144 ms
start encode NV12 with RV1106 vendor packet ABI, frame=11
encode_put_frame ret=0
encode_get_packet ret=0 handle=0xae9cf958 expected=0xae9cf958
vendor packet: mpi_buf_id=177 len=2790 buf_size=1495040 offset=131072 data_num=1 flag=0x00000000 pts=11
valloc packet buffer: mpi_buf_id=177 dma_buf_fd=11 size=0
H264 first bytes: 00 00 00 01 41 e0 01 60 02 c6 05 70 53 ab d4 3b
encode_release_packet ret=0
MP4 frame 12/1500: sequence=16 pts=440000 us key=0 nv12=4478976 h264=2790 acquire=13.134 ms encode=26.833 ms mux=0.075 ms
start encode NV12 with RV1106 vendor packet ABI, frame=12
encode_put_frame ret=0
encode_get_packet ret=0 handle=0xae9cf958 expected=0xae9cf958
vendor packet: mpi_buf_id=177 len=4603 buf_size=1495040 offset=133888 data_num=1 flag=0x00000000 pts=12
valloc packet buffer: mpi_buf_id=177 dma_buf_fd=11 size=0
H264 first bytes: 00 00 00 01 41 e0 01 80 03 06 05 70 f4 ca 0b e0
encode_release_packet ret=0
MP4 frame 13/1500: sequence=17 pts=480000 us key=0 nv12=4478976 h264=4603 acquire=12.602 ms encode=26.276 ms mux=0.113 ms
start encode NV12 with RV1106 vendor packet ABI, frame=13
encode_put_frame ret=0
encode_get_packet ret=0 handle=0xae9cf958 expected=0xae9cf958
vendor packet: mpi_buf_id=177 len=6898 buf_size=1495040 offset=138496 data_num=1 flag=0x00000000 pts=13
valloc packet buffer: mpi_buf_id=177 dma_buf_fd=11 size=0
H264 first bytes: 00 00 00 01 41 e0 01 a0 03 46 05 70 5d a8 6f 06
encode_release_packet ret=0
MP4 frame 14/1500: sequence=18 pts=520000 us key=0 nv12=4478976 h264=6898 acquire=13.023 ms encode=26.913 ms mux=0.151 ms
start encode NV12 with RV1106 vendor packet ABI, frame=14
encode_put_frame ret=0
encode_get_packet ret=0 handle=0xae9cf958 expected=0xae9cf958
vendor packet: mpi_buf_id=177 len=10506 buf_size=1495040 offset=145408 data_num=1 flag=0x00000000 pts=14
valloc packet buffer: mpi_buf_id=177 dma_buf_fd=11 size=0
H264 first bytes: 00 00 00 01 41 e0 01 c0 03 86 05 70 47 0c 61 11
encode_release_packet ret=0
MP4 frame 15/1500: sequence=19 pts=560000 us key=0 nv12=4478976 h264=10506 acquire=12.458 ms encode=26.177 ms mux=0.189 ms
start encode NV12 with RV1106 vendor packet ABI, frame=15
encode_put_frame ret=0
encode_get_packet ret=0 handle=0xae9cf958 expected=0xae9cf958
vendor packet: mpi_buf_id=177 len=10600 buf_size=1495040 offset=156032 data_num=1 flag=0x00000000 pts=15
valloc packet buffer: mpi_buf_id=177 dma_buf_fd=11 size=0
H264 first bytes: 00 00 00 01 41 e0 01 e0 03 c6 05 73 d8 3f e8 7f
encode_release_packet ret=0
MP4 frame 16/1500: sequence=20 pts=600000 us key=0 nv12=4478976 h264=10600 acquire=13.154 ms encode=26.833 ms mux=0.193 ms
start encode NV12 with RV1106 vendor packet ABI, frame=16
encode_put_frame ret=0
encode_get_packet ret=0 handle=0xae9cf958 expected=0xae9cf958
vendor packet: mpi_buf_id=177 len=8864 buf_size=1495040 offset=166656 data_num=1 flag=0x00000000 pts=16
valloc packet buffer: mpi_buf_id=177 dma_buf_fd=11 size=0
H264 first bytes: 00 00 00 01 41 e0 02 00 04 06 05 72 e0 ef cd c3
encode_release_packet ret=0
MP4 frame 17/1500: sequence=21 pts=640000 us key=0 nv12=4478976 h264=8864 acquire=12.487 ms encode=26.363 ms mux=0.168 ms
start encode NV12 with RV1106 vendor packet ABI, frame=17
encode_put_frame ret=0
encode_get_packet ret=0 handle=0xae9cf958 expected=0xae9cf958
vendor packet: mpi_buf_id=177 len=8715 buf_size=1495040 offset=175616 data_num=1 flag=0x00000000 pts=17
valloc packet buffer: mpi_buf_id=177 dma_buf_fd=11 size=0
H264 first bytes: 00 00 00 01 41 e0 02 20 04 46 05 72 09 89 15 e0
encode_release_packet ret=0
MP4 frame 18/1500: sequence=22 pts=680000 us key=0 nv12=4478976 h264=8715 acquire=12.978 ms encode=26.840 ms mux=0.169 ms
start encode NV12 with RV1106 vendor packet ABI, frame=18
encode_put_frame ret=0
encode_get_packet ret=0 handle=0xae9cf958 expected=0xae9cf958
vendor packet: mpi_buf_id=177 len=8230 buf_size=1495040 offset=184448 data_num=1 flag=0x00000000 pts=18
valloc packet buffer: mpi_buf_id=177 dma_buf_fd=11 size=0
H264 first bytes: 00 00 00 01 41 e0 02 40 04 86 05 72 c0 3f fe 1a
encode_release_packet ret=0
MP4 frame 19/1500: sequence=23 pts=720000 us key=0 nv12=4478976 h264=8230 acquire=12.509 ms encode=26.232 ms mux=0.160 ms
start encode NV12 with RV1106 vendor packet ABI, frame=19
encode_put_frame ret=0
encode_get_packet ret=0 handle=0xae9cf958 expected=0xae9cf958
vendor packet: mpi_buf_id=177 len=6304 buf_size=1495040 offset=192768 data_num=1 flag=0x00000000 pts=19
valloc packet buffer: mpi_buf_id=177 dma_buf_fd=11 size=0
H264 first bytes: 00 00 00 01 41 e0 02 60 04 c6 05 70 78 32 24 51
encode_release_packet ret=0
MP4 frame 20/1500: sequence=24 pts=760000 us key=0 nv12=4478976 h264=6304 acquire=13.118 ms encode=26.879 ms mux=0.144 ms
start encode NV12 with RV1106 vendor packet ABI, frame=20
encode_put_frame ret=0
encode_get_packet ret=0 handle=0xae9cf958 expected=0xae9cf958
vendor packet: mpi_buf_id=177 len=7921 buf_size=1495040 offset=199168 data_num=1 flag=0x00000000 pts=20
valloc packet buffer: mpi_buf_id=177 dma_buf_fd=11 size=0
H264 first bytes: 00 00 00 01 41 e0 02 80 05 06 05 70 6b 00 ec 78
encode_release_packet ret=0
MP4 frame 21/1500: sequence=25 pts=800000 us key=0 nv12=4478976 h264=7921 acquire=12.488 ms encode=26.308 ms mux=0.153 ms
start encode NV12 with RV1106 vendor packet ABI, frame=21
encode_put_frame ret=0
encode_get_packet ret=0 handle=0xae9cf958 expected=0xae9cf958
vendor packet: mpi_buf_id=177 len=9803 buf_size=1495040 offset=207104 data_num=1 flag=0x00000000 pts=21
valloc packet buffer: mpi_buf_id=177 dma_buf_fd=11 size=0
H264 first bytes: 00 00 00 01 41 e0 02 a0 05 46 05 70 43 00 26 17
encode_release_packet ret=0
MP4 frame 22/1500: sequence=26 pts=840000 us key=0 nv12=4478976 h264=9803 acquire=13.062 ms encode=26.881 ms mux=0.178 ms
start encode NV12 with RV1106 vendor packet ABI, frame=22
encode_put_frame ret=0
encode_get_packet ret=0 handle=0xae9cf958 expected=0xae9cf958
vendor packet: mpi_buf_id=177 len=7708 buf_size=1495040 offset=216960 data_num=1 flag=0x00000000 pts=22
valloc packet buffer: mpi_buf_id=177 dma_buf_fd=11 size=0
H264 first bytes: 00 00 00 01 41 e0 02 c0 05 86 05 70 cc 00 80 5f
encode_release_packet ret=0
MP4 frame 23/1500: sequence=27 pts=880000 us key=0 nv12=4478976 h264=7708 acquire=12.454 ms encode=26.336 ms mux=0.154 ms
start encode NV12 with RV1106 vendor packet ABI, frame=23
encode_put_frame ret=0
encode_get_packet ret=0 handle=0xae9cf958 expected=0xae9cf958
vendor packet: mpi_buf_id=177 len=6161 buf_size=1495040 offset=224768 data_num=1 flag=0x00000000 pts=23
valloc packet buffer: mpi_buf_id=177 dma_buf_fd=11 size=0
H264 first bytes: 00 00 00 01 41 e0 02 e0 05 c6 05 70 4d 01 21 e0
encode_release_packet ret=0
MP4 frame 24/1500: sequence=28 pts=920000 us key=0 nv12=4478976 h264=6161 acquire=13.017 ms encode=26.940 ms mux=0.145 ms
start encode NV12 with RV1106 vendor packet ABI, frame=24
encode_put_frame ret=0
encode_get_packet ret=0 handle=0xae9cf958 expected=0xae9cf958
vendor packet: mpi_buf_id=177 len=4051 buf_size=1495040 offset=231040 data_num=1 flag=0x00000000 pts=24
valloc packet buffer: mpi_buf_id=177 dma_buf_fd=11 size=0
H264 first bytes: 00 00 00 01 41 e0 03 00 06 06 05 70 b0 88 91 78
encode_release_packet ret=0
MP4 frame 25/1500: sequence=29 pts=960000 us key=0 nv12=4478976 h264=4051 acquire=12.435 ms encode=26.245 ms mux=0.111 ms
start encode NV12 with RV1106 vendor packet ABI, frame=25
encode_put_frame ret=0
encode_get_packet ret=0 handle=0xae9cf958 expected=0xae9cf958
vendor packet: mpi_buf_id=177 len=5642 buf_size=1495040 offset=235136 data_num=1 flag=0x00000000 pts=25
valloc packet buffer: mpi_buf_id=177 dma_buf_fd=11 size=0
H264 first bytes: 00 00 00 01 41 e0 03 20 06 46 05 70 43 00 f5 f8
encode_release_packet ret=0
MP4 frame 26/1500: sequence=30 pts=1000000 us key=0 nv12=4478976 h264=5642 acquire=13.154 ms encode=26.892 ms mux=0.127 ms
start encode NV12 with RV1106 vendor packet ABI, frame=26
encode_put_frame ret=0
encode_get_packet ret=0 handle=0xae9cf958 expected=0xae9cf958
vendor packet: mpi_buf_id=177 len=6784 buf_size=1495040 offset=240896 data_num=1 flag=0x00000000 pts=26
valloc packet buffer: mpi_buf_id=177 dma_buf_fd=11 size=0
H264 first bytes: 00 00 00 01 41 e0 03 40 06 86 05 72 e0 15 ef 13
encode_release_packet ret=0
MP4 frame 27/1500: sequence=31 pts=1040000 us key=0 nv12=4478976 h264=6784 acquire=12.500 ms encode=26.317 ms mux=0.143 ms
start encode NV12 with RV1106 vendor packet ABI, frame=27
encode_put_frame ret=0
encode_get_packet ret=0 handle=0xae9cf958 expected=0xae9cf958
vendor packet: mpi_buf_id=177 len=6262 buf_size=1495040 offset=247680 data_num=1 flag=0x00000000 pts=27
valloc packet buffer: mpi_buf_id=177 dma_buf_fd=11 size=0
H264 first bytes: 00 00 00 01 41 e0 03 60 06 c6 05 72 4c 1e 1e 27
encode_release_packet ret=0
MP4 frame 28/1500: sequence=32 pts=1080000 us key=0 nv12=4478976 h264=6262 acquire=13.056 ms encode=26.944 ms mux=0.136 ms
start encode NV12 with RV1106 vendor packet ABI, frame=28
encode_put_frame ret=0
encode_get_packet ret=0 handle=0xae9cf958 expected=0xae9cf958
vendor packet: mpi_buf_id=177 len=8765 buf_size=1495040 offset=253952 data_num=1 flag=0x00000000 pts=28
valloc packet buffer: mpi_buf_id=177 dma_buf_fd=11 size=0
H264 first bytes: 00 00 00 01 41 e0 03 80 07 06 05 72 61 ef f9 bc
encode_release_packet ret=0
MP4 frame 29/1500: sequence=33 pts=1120000 us key=0 nv12=4478976 h264=8765 acquire=12.421 ms encode=26.454 ms mux=0.173 ms
start encode NV12 with RV1106 vendor packet ABI, frame=29
encode_put_frame ret=0
encode_get_packet ret=0 handle=0xae9cf958 expected=0xae9cf958
vendor packet: mpi_buf_id=177 len=6894 buf_size=1495040 offset=262784 data_num=1 flag=0x00000000 pts=29
valloc packet buffer: mpi_buf_id=177 dma_buf_fd=11 size=0
H264 first bytes: 00 00 00 01 41 e0 03 a0 07 46 05 71 b8 04 83 c2
encode_release_packet ret=0
MP4 frame 30/1500: sequence=34 pts=1160000 us key=0 nv12=4478976 h264=6894 acquire=12.895 ms encode=26.857 ms mux=0.150 ms
start encode NV12 with RV1106 vendor packet ABI, frame=30
encode_put_frame ret=0
encode_get_packet ret=0 handle=0xae9cf958 expected=0xae9cf958
vendor packet: mpi_buf_id=177 len=23028 buf_size=1495040 offset=269696 data_num=1 flag=0x00000010 pts=30
valloc packet buffer: mpi_buf_id=177 dma_buf_fd=11 size=0
H264 first bytes: 00 00 00 01 65 b8 00 02 00 00 0d c4 44 8a 00 02
encode_release_packet ret=0
MP4 frame 31/1500: sequence=35 pts=1200000 us key=1 nv12=4478976 h264=23028 acquire=12.507 ms encode=25.960 ms mux=1.251 ms
start encode NV12 with RV1106 vendor packet ABI, frame=31
encode_put_frame ret=0
encode_get_packet ret=0 handle=0xae9cf958 expected=0xae9cf958
vendor packet: mpi_buf_id=177 len=1580 buf_size=1495040 offset=292736 data_num=1 flag=0x00000000 pts=31
valloc packet buffer: mpi_buf_id=177 dma_buf_fd=11 size=0
H264 first bytes: 00 00 00 01 41 e0 00 20 00 46 05 70 34 c0 0a ff
encode_release_packet ret=0
MP4 frame 32/1500: sequence=36 pts=1240000 us key=0 nv12=4478976 h264=1580 acquire=12.299 ms encode=26.887 ms mux=0.065 ms
start encode NV12 with RV1106 vendor packet ABI, frame=32
encode_put_frame ret=0
encode_get_packet ret=0 handle=0xae9cf958 expected=0xae9cf958
vendor packet: mpi_buf_id=177 len=1087 buf_size=1495040 offset=294400 data_num=1 flag=0x00000000 pts=32
valloc packet buffer: mpi_buf_id=177 dma_buf_fd=11 size=0
H264 first bytes: 00 00 00 01 41 e0 00 40 00 86 05 70 25 47 ea 1b
encode_release_packet ret=0
MP4 frame 33/1500: sequence=37 pts=1280000 us key=0 nv12=4478976 h264=1087 acquire=12.549 ms encode=26.260 ms mux=0.057 ms
start encode NV12 with RV1106 vendor packet ABI, frame=33
encode_put_frame ret=0
encode_get_packet ret=0 handle=0xae9cf958 expected=0xae9cf958
vendor packet: mpi_buf_id=177 len=1315 buf_size=1495040 offset=295552 data_num=1 flag=0x00000000 pts=33
valloc packet buffer: mpi_buf_id=177 dma_buf_fd=11 size=0
H264 first bytes: 00 00 00 01 41 e0 00 60 00 c6 04 70 25 43 3a 82
encode_release_packet ret=0
MP4 frame 34/1500: sequence=38 pts=1320000 us key=0 nv12=4478976 h264=1315 acquire=13.207 ms encode=26.890 ms mux=0.060 ms
start encode NV12 with RV1106 vendor packet ABI, frame=34
encode_put_frame ret=0
encode_get_packet ret=0 handle=0xae9cf958 expected=0xae9cf958
vendor packet: mpi_buf_id=177 len=1631 buf_size=1495040 offset=296960 data_num=1 flag=0x00000000 pts=34
valloc packet buffer: mpi_buf_id=177 dma_buf_fd=11 size=0
H264 first bytes: 00 00 00 01 41 e0 00 80 01 06 04 70 26 43 a4 e1
encode_release_packet ret=0
MP4 frame 35/1500: sequence=39 pts=1360000 us key=0 nv12=4478976 h264=1631 acquire=12.568 ms encode=26.245 ms mux=0.063 ms
start encode NV12 with RV1106 vendor packet ABI, frame=35
encode_put_frame ret=0
encode_get_packet ret=0 handle=0xae9cf958 expected=0xae9cf958
vendor packet: mpi_buf_id=177 len=2072 buf_size=1495040 offset=298624 data_num=1 flag=0x00000000 pts=35
valloc packet buffer: mpi_buf_id=177 dma_buf_fd=11 size=0
H264 first bytes: 00 00 00 01 41 e0 00 a0 01 46 0d c0 9b 83 cb c0
encode_release_packet ret=0
MP4 frame 36/1500: sequence=40 pts=1400000 us key=0 nv12=4478976 h264=2072 acquire=13.196 ms encode=26.885 ms mux=0.071 ms
start encode NV12 with RV1106 vendor packet ABI, frame=36
encode_put_frame ret=0
encode_get_packet ret=0 handle=0xae9cf958 expected=0xae9cf958
vendor packet: mpi_buf_id=177 len=2451 buf_size=1495040 offset=300800 data_num=1 flag=0x00000000 pts=36
valloc packet buffer: mpi_buf_id=177 dma_buf_fd=11 size=0
H264 first bytes: 00 00 00 01 41 e0 00 c0 01 86 0d c0 9b 05 78 30
encode_release_packet ret=0
MP4 frame 37/1500: sequence=41 pts=1440000 us key=0 nv12=4478976 h264=2451 acquire=12.563 ms encode=26.347 ms mux=0.079 ms
start encode NV12 with RV1106 vendor packet ABI, frame=37
encode_put_frame ret=0
encode_get_packet ret=0 handle=0xae9cf958 expected=0xae9cf958
vendor packet: mpi_buf_id=177 len=3224 buf_size=1495040 offset=303360 data_num=1 flag=0x00000000 pts=37
valloc packet buffer: mpi_buf_id=177 dma_buf_fd=11 size=0
H264 first bytes: 00 00 00 01 41 e0 00 e0 01 c6 04 70 26 e0 e3 c1
encode_release_packet ret=0
MP4 frame 38/1500: sequence=42 pts=1480000 us key=0 nv12=4478976 h264=3224 acquire=13.086 ms encode=26.996 ms mux=0.081 ms
start encode NV12 with RV1106 vendor packet ABI, frame=38
encode_put_frame ret=0
encode_get_packet ret=0 handle=0xae9cf958 expected=0xae9cf958
vendor packet: mpi_buf_id=177 len=4985 buf_size=1495040 offset=306688 data_num=1 flag=0x00000000 pts=38
valloc packet buffer: mpi_buf_id=177 dma_buf_fd=11 size=0
H264 first bytes: 00 00 00 01 41 e0 01 00 02 06 04 70 2a c0 61 6e
encode_release_packet ret=0
MP4 frame 39/1500: sequence=43 pts=1520000 us key=0 nv12=4478976 h264=4985 acquire=12.437 ms encode=26.343 ms mux=0.102 ms
start encode NV12 with RV1106 vendor packet ABI, frame=39
encode_put_frame ret=0
encode_get_packet ret=0 handle=0xae9cf958 expected=0xae9cf958
vendor packet: mpi_buf_id=177 len=5471 buf_size=1495040 offset=311680 data_num=1 flag=0x00000000 pts=39
valloc packet buffer: mpi_buf_id=177 dma_buf_fd=11 size=0
H264 first bytes: 00 00 00 01 41 e0 01 20 02 46 04 70 24 c1 60 1a
encode_release_packet ret=0
MP4 frame 40/1500: sequence=44 pts=1560000 us key=0 nv12=4478976 h264=5471 acquire=13.081 ms encode=26.823 ms mux=0.102 ms
start encode NV12 with RV1106 vendor packet ABI, frame=40
encode_put_frame ret=0
encode_get_packet ret=0 handle=0xae9cf958 expected=0xae9cf958
vendor packet: mpi_buf_id=177 len=11169 buf_size=1495040 offset=317184 data_num=1 flag=0x00000000 pts=40
valloc packet buffer: mpi_buf_id=177 dma_buf_fd=11 size=0
H264 first bytes: 00 00 00 01 41 e0 01 40 02 86 04 70 49 0e 62 a6
encode_release_packet ret=0
MP4 frame 41/1500: sequence=45 pts=1600000 us key=0 nv12=4478976 h264=11169 acquire=12.591 ms encode=26.249 ms mux=0.162 ms
start encode NV12 with RV1106 vendor packet ABI, frame=41
encode_put_frame ret=0
encode_get_packet ret=0 handle=0xae9cf958 expected=0xae9cf958
vendor packet: mpi_buf_id=177 len=10711 buf_size=1495040 offset=328448 data_num=1 flag=0x00000000 pts=41
valloc packet buffer: mpi_buf_id=177 dma_buf_fd=11 size=0
H264 first bytes: 00 00 00 01 41 e0 01 60 02 c6 04 72 43 fa c3 ff
encode_release_packet ret=0
MP4 frame 42/1500: sequence=46 pts=1640000 us key=0 nv12=4478976 h264=10711 acquire=13.104 ms encode=26.793 ms mux=0.157 ms
start encode NV12 with RV1106 vendor packet ABI, frame=42
encode_put_frame ret=0
encode_get_packet ret=0 handle=0xae9cf958 expected=0xae9cf958
vendor packet: mpi_buf_id=177 len=7674 buf_size=1495040 offset=339200 data_num=1 flag=0x00000000 pts=42
valloc packet buffer: mpi_buf_id=177 dma_buf_fd=11 size=0
H264 first bytes: 00 00 00 01 41 e0 01 80 03 06 04 72 e1 fa c3 ff
encode_release_packet ret=0
MP4 frame 43/1500: sequence=47 pts=1680000 us key=0 nv12=4478976 h264=7674 acquire=12.562 ms encode=26.238 ms mux=0.123 ms
start encode NV12 with RV1106 vendor packet ABI, frame=43
encode_put_frame ret=0
encode_get_packet ret=0 handle=0xae9cf958 expected=0xae9cf958
vendor packet: mpi_buf_id=177 len=5234 buf_size=1495040 offset=346880 data_num=1 flag=0x00000000 pts=43
valloc packet buffer: mpi_buf_id=177 dma_buf_fd=11 size=0
H264 first bytes: 00 00 00 01 41 e0 01 a0 03 46 05 70 ec 0f fe 05
encode_release_packet ret=0
MP4 frame 44/1500: sequence=48 pts=1720000 us key=0 nv12=4478976 h264=5234 acquire=13.159 ms encode=26.855 ms mux=0.098 ms
start encode NV12 with RV1106 vendor packet ABI, frame=44
encode_put_frame ret=0
encode_get_packet ret=0 handle=0xae9cf958 expected=0xae9cf958
vendor packet: mpi_buf_id=177 len=5137 buf_size=1495040 offset=352128 data_num=1 flag=0x00000000 pts=44
valloc packet buffer: mpi_buf_id=177 dma_buf_fd=11 size=0
H264 first bytes: 00 00 00 01 41 e0 01 c0 03 86 05 71 22 22 45 1c
encode_release_packet ret=0
MP4 frame 45/1500: sequence=49 pts=1760000 us key=0 nv12=4478976 h264=5137 acquire=12.553 ms encode=26.381 ms mux=0.103 ms
start encode NV12 with RV1106 vendor packet ABI, frame=45
encode_put_frame ret=0
encode_get_packet ret=0 handle=0xae9cf958 expected=0xae9cf958
vendor packet: mpi_buf_id=177 len=5386 buf_size=1495040 offset=357376 data_num=1 flag=0x00000000 pts=45
valloc packet buffer: mpi_buf_id=177 dma_buf_fd=11 size=0
H264 first bytes: 00 00 00 01 41 e0 01 e0 03 c6 05 71 90 13 9c 44
encode_release_packet ret=0
MP4 frame 46/1500: sequence=50 pts=1800000 us key=0 nv12=4478976 h264=5386 acquire=13.036 ms encode=26.809 ms mux=0.105 ms
start encode NV12 with RV1106 vendor packet ABI, frame=46
encode_put_frame ret=0
encode_get_packet ret=0 handle=0xae9cf958 expected=0xae9cf958
vendor packet: mpi_buf_id=177 len=6444 buf_size=1495040 offset=362880 data_num=1 flag=0x00000000 pts=46
valloc packet buffer: mpi_buf_id=177 dma_buf_fd=11 size=0
H264 first bytes: 00 00 00 01 41 e0 02 00 04 06 05 73 60 5f 10 25
encode_release_packet ret=0
MP4 frame 47/1500: sequence=51 pts=1840000 us key=0 nv12=4478976 h264=6444 acquire=12.602 ms encode=26.275 ms mux=0.112 ms
start encode NV12 with RV1106 vendor packet ABI, frame=47
encode_put_frame ret=0
encode_get_packet ret=0 handle=0xae9cf958 expected=0xae9cf958
vendor packet: mpi_buf_id=177 len=5996 buf_size=1495040 offset=369408 data_num=1 flag=0x00000000 pts=47
valloc packet buffer: mpi_buf_id=177 dma_buf_fd=11 size=0
H264 first bytes: 00 00 00 01 41 e0 02 20 04 46 05 72 c3 80 5f 10
encode_release_packet ret=0
MP4 frame 48/1500: sequence=52 pts=1880000 us key=0 nv12=4478976 h264=5996 acquire=13.122 ms encode=26.855 ms mux=0.111 ms
start encode NV12 with RV1106 vendor packet ABI, frame=48
encode_put_frame ret=0
encode_get_packet ret=0 handle=0xae9cf958 expected=0xae9cf958
vendor packet: mpi_buf_id=177 len=4898 buf_size=1495040 offset=375424 data_num=1 flag=0x00000000 pts=48
valloc packet buffer: mpi_buf_id=177 dma_buf_fd=11 size=0
H264 first bytes: 00 00 00 01 41 e0 02 40 04 86 05 72 08 89 15 82
encode_release_packet ret=0
MP4 frame 49/1500: sequence=53 pts=1920000 us key=0 nv12=4478976 h264=4898 acquire=12.552 ms encode=26.244 ms mux=0.095 ms
start encode NV12 with RV1106 vendor packet ABI, frame=49
encode_put_frame ret=0
encode_get_packet ret=0 handle=0xae9cf958 expected=0xae9cf958
vendor packet: mpi_buf_id=177 len=5430 buf_size=1495040 offset=380416 data_num=1 flag=0x00000000 pts=49
valloc packet buffer: mpi_buf_id=177 dma_buf_fd=11 size=0
H264 first bytes: 00 00 00 01 41 e0 02 60 04 c6 05 70 26 c1 df 89
encode_release_packet ret=0
MP4 frame 50/1500: sequence=54 pts=1960000 us key=0 nv12=4478976 h264=5430 acquire=13.171 ms encode=26.957 ms mux=0.107 ms
start encode NV12 with RV1106 vendor packet ABI, frame=50
encode_put_frame ret=0
encode_get_packet ret=0 handle=0xae9cf958 expected=0xae9cf958
vendor packet: mpi_buf_id=177 len=7026 buf_size=1495040 offset=385920 data_num=1 flag=0x00000000 pts=50
valloc packet buffer: mpi_buf_id=177 dma_buf_fd=11 size=0
H264 first bytes: 00 00 00 01 41 e0 02 80 05 06 05 70 6b 00 4f fe
encode_release_packet ret=0
MP4 frame 51/1500: sequence=55 pts=2000000 us key=0 nv12=4478976 h264=7026 acquire=12.459 ms encode=26.215 ms mux=0.119 ms
start encode NV12 with RV1106 vendor packet ABI, frame=51
encode_put_frame ret=0
encode_get_packet ret=0 handle=0xae9cf958 expected=0xae9cf958
vendor packet: mpi_buf_id=177 len=7729 buf_size=1495040 offset=392960 data_num=1 flag=0x00000000 pts=51
valloc packet buffer: mpi_buf_id=177 dma_buf_fd=11 size=0
H264 first bytes: 00 00 00 01 41 e0 02 a0 05 46 05 72 e0 42 f0 51
encode_release_packet ret=0
MP4 frame 52/1500: sequence=56 pts=2040000 us key=0 nv12=4478976 h264=7729 acquire=13.187 ms encode=26.854 ms mux=0.144 ms
start encode NV12 with RV1106 vendor packet ABI, frame=52
encode_put_frame ret=0
encode_get_packet ret=0 handle=0xae9cf958 expected=0xae9cf958
vendor packet: mpi_buf_id=177 len=8057 buf_size=1495040 offset=400768 data_num=1 flag=0x00000000 pts=52
valloc packet buffer: mpi_buf_id=177 dma_buf_fd=11 size=0
H264 first bytes: 00 00 00 01 41 e0 02 c0 05 86 05 72 4c 6b c0 a1
encode_release_packet ret=0
MP4 frame 53/1500: sequence=57 pts=2080000 us key=0 nv12=4478976 h264=8057 acquire=12.512 ms encode=26.466 ms mux=0.127 ms
start encode NV12 with RV1106 vendor packet ABI, frame=53
encode_put_frame ret=0
encode_get_packet ret=0 handle=0xae9cf958 expected=0xae9cf958
vendor packet: mpi_buf_id=177 len=11383 buf_size=1495040 offset=408832 data_num=1 flag=0x00000000 pts=53
valloc packet buffer: mpi_buf_id=177 dma_buf_fd=11 size=0
H264 first bytes: 00 00 00 01 41 e0 02 e0 05 c6 05 72 50 7b b0 87
encode_release_packet ret=0
MP4 frame 54/1500: sequence=58 pts=2120000 us key=0 nv12=4478976 h264=11383 acquire=12.924 ms encode=26.816 ms mux=0.162 ms
start encode NV12 with RV1106 vendor packet ABI, frame=54
encode_put_frame ret=0
encode_get_packet ret=0 handle=0xae9cf958 expected=0xae9cf958
vendor packet: mpi_buf_id=177 len=8703 buf_size=1495040 offset=420224 data_num=1 flag=0x00000000 pts=54
valloc packet buffer: mpi_buf_id=177 dma_buf_fd=11 size=0
H264 first bytes: 00 00 00 01 41 e0 03 00 06 06 05 71 b8 04 8b 87
encode_release_packet ret=0
MP4 frame 55/1500: sequence=59 pts=2160000 us key=0 nv12=4478976 h264=8703 acquire=12.538 ms encode=26.245 ms mux=0.135 ms
start encode NV12 with RV1106 vendor packet ABI, frame=55
encode_put_frame ret=0
encode_get_packet ret=0 handle=0xae9cf958 expected=0xae9cf958
vendor packet: mpi_buf_id=177 len=6733 buf_size=1495040 offset=428928 data_num=1 flag=0x00000000 pts=55
valloc packet buffer: mpi_buf_id=177 dma_buf_fd=11 size=0
H264 first bytes: 00 00 00 01 41 e0 03 20 06 46 05 70 45 40 9a f1
encode_release_packet ret=0
MP4 frame 56/1500: sequence=60 pts=2200000 us key=0 nv12=4478976 h264=6733 acquire=13.133 ms encode=26.918 ms mux=0.119 ms
start encode NV12 with RV1106 vendor packet ABI, frame=56
encode_put_frame ret=0
encode_get_packet ret=0 handle=0xae9cf958 expected=0xae9cf958
vendor packet: mpi_buf_id=177 len=5820 buf_size=1495040 offset=435712 data_num=1 flag=0x00000000 pts=56
valloc packet buffer: mpi_buf_id=177 dma_buf_fd=11 size=0
H264 first bytes: 00 00 00 01 41 e0 03 40 06 86 05 70 f4 df cf 9b
encode_release_packet ret=0
MP4 frame 57/1500: sequence=61 pts=2240000 us key=0 nv12=4478976 h264=5820 acquire=12.477 ms encode=26.227 ms mux=0.110 ms
start encode NV12 with RV1106 vendor packet ABI, frame=57
encode_put_frame ret=0
encode_get_packet ret=0 handle=0xae9cf958 expected=0xae9cf958
vendor packet: mpi_buf_id=177 len=3760 buf_size=1495040 offset=441600 data_num=1 flag=0x00000000 pts=57
valloc packet buffer: mpi_buf_id=177 dma_buf_fd=11 size=0
H264 first bytes: 00 00 00 01 41 e0 03 60 06 c6 05 72 4c 68 26 d4
encode_release_packet ret=0
MP4 frame 58/1500: sequence=62 pts=2280000 us key=0 nv12=4478976 h264=3760 acquire=13.179 ms encode=26.839 ms mux=0.086 ms
start encode NV12 with RV1106 vendor packet ABI, frame=58
encode_put_frame ret=0
encode_get_packet ret=0 handle=0xae9cf958 expected=0xae9cf958
vendor packet: mpi_buf_id=177 len=2141 buf_size=1495040 offset=445440 data_num=1 flag=0x00000000 pts=58
valloc packet buffer: mpi_buf_id=177 dma_buf_fd=11 size=0
H264 first bytes: 00 00 00 01 41 e0 03 80 07 06 05 70 43 3a 84 a0
encode_release_packet ret=0
MP4 frame 59/1500: sequence=63 pts=2320000 us key=0 nv12=4478976 h264=2141 acquire=12.596 ms encode=26.297 ms mux=0.069 ms
start encode NV12 with RV1106 vendor packet ABI, frame=59
encode_put_frame ret=0
encode_get_packet ret=0 handle=0xae9cf958 expected=0xae9cf958
vendor packet: mpi_buf_id=177 len=2678 buf_size=1495040 offset=447616 data_num=1 flag=0x00000000 pts=59
valloc packet buffer: mpi_buf_id=177 dma_buf_fd=11 size=0
H264 first bytes: 00 00 00 01 41 e0 03 a0 07 46 05 70 47 61 e8 e8
encode_release_packet ret=0
MP4 frame 60/1500: sequence=64 pts=2360000 us key=0 nv12=4478976 h264=2678 acquire=13.152 ms encode=26.837 ms mux=0.076 ms
start encode NV12 with RV1106 vendor packet ABI, frame=60
encode_put_frame ret=0
encode_get_packet ret=0 handle=0xae9cf958 expected=0xae9cf958
vendor packet: mpi_buf_id=177 len=22653 buf_size=1495040 offset=450304 data_num=1 flag=0x00000010 pts=60
valloc packet buffer: mpi_buf_id=177 dma_buf_fd=11 size=0
H264 first bytes: 00 00 00 01 65 b8 00 03 00 00 0d c4 44 8a 00 02
encode_release_packet ret=0
MP4 frame 61/1500: sequence=65 pts=2400000 us key=1 nv12=4478976 h264=22653 acquire=12.603 ms encode=26.130 ms mux=0.880 ms
start encode NV12 with RV1106 vendor packet ABI, frame=61
encode_put_frame ret=0
encode_get_packet ret=0 handle=0xae9cf958 expected=0xae9cf958
vendor packet: mpi_buf_id=177 len=9223 buf_size=1495040 offset=472960 data_num=1 flag=0x00000000 pts=61
valloc packet buffer: mpi_buf_id=177 dma_buf_fd=11 size=0
H264 first bytes: 00 00 00 01 41 e0 00 20 00 46 04 70 43 0c 6e 1c
encode_release_packet ret=0
MP4 frame 62/1500: sequence=66 pts=2440000 us key=0 nv12=4478976 h264=9223 acquire=12.501 ms encode=26.846 ms mux=0.140 ms
start encode NV12 with RV1106 vendor packet ABI, frame=62
encode_put_frame ret=0
encode_get_packet ret=0 handle=0xae9cf958 expected=0xae9cf958
vendor packet: mpi_buf_id=177 len=10889 buf_size=1495040 offset=482304 data_num=1 flag=0x00000000 pts=62
valloc packet buffer: mpi_buf_id=177 dma_buf_fd=11 size=0
H264 first bytes: 00 00 00 01 41 e0 00 40 00 86 05 73 61 f9 a0 78
encode_release_packet ret=0
MP4 frame 63/1500: sequence=67 pts=2480000 us key=0 nv12=4478976 h264=10889 acquire=12.521 ms encode=26.230 ms mux=0.158 ms
start encode NV12 with RV1106 vendor packet ABI, frame=63
encode_put_frame ret=0
encode_get_packet ret=0 handle=0xae9cf958 expected=0xae9cf958
vendor packet: mpi_buf_id=177 len=8415 buf_size=1495040 offset=493312 data_num=1 flag=0x00000000 pts=63
valloc packet buffer: mpi_buf_id=177 dma_buf_fd=11 size=0
H264 first bytes: 00 00 00 01 41 e0 00 60 00 c6 05 72 e0 cf c6 c9
encode_release_packet ret=0
MP4 frame 64/1500: sequence=68 pts=2520000 us key=0 nv12=4478976 h264=8415 acquire=13.127 ms encode=26.850 ms mux=0.134 ms
start encode NV12 with RV1106 vendor packet ABI, frame=64
encode_put_frame ret=0
encode_get_packet ret=0 handle=0xae9cf958 expected=0xae9cf958
vendor packet: mpi_buf_id=177 len=8808 buf_size=1495040 offset=501760 data_num=1 flag=0x00000000 pts=64
valloc packet buffer: mpi_buf_id=177 dma_buf_fd=11 size=0
H264 first bytes: 00 00 00 01 41 e0 00 80 01 06 05 77 03 ff 86 7c
encode_release_packet ret=0
MP4 frame 65/1500: sequence=69 pts=2560000 us key=0 nv12=4478976 h264=8808 acquire=12.535 ms encode=26.287 ms mux=0.140 ms
start encode NV12 with RV1106 vendor packet ABI, frame=65
encode_put_frame ret=0
encode_get_packet ret=0 handle=0xae9cf958 expected=0xae9cf958
vendor packet: mpi_buf_id=177 len=6358 buf_size=1495040 offset=510592 data_num=1 flag=0x00000000 pts=65
valloc packet buffer: mpi_buf_id=177 dma_buf_fd=11 size=0
H264 first bytes: 00 00 00 01 41 e0 00 a0 01 46 05 72 08 89 14 1c
encode_release_packet ret=0
MP4 frame 66/1500: sequence=70 pts=2600000 us key=0 nv12=4478976 h264=6358 acquire=13.087 ms encode=26.841 ms mux=0.112 ms
start encode NV12 with RV1106 vendor packet ABI, frame=66
encode_put_frame ret=0
encode_get_packet ret=0 handle=0xae9cf958 expected=0xae9cf958
vendor packet: mpi_buf_id=177 len=4702 buf_size=1495040 offset=516992 data_num=1 flag=0x00000000 pts=66
valloc packet buffer: mpi_buf_id=177 dma_buf_fd=11 size=0
H264 first bytes: 00 00 00 01 41 e0 00 c0 01 86 05 70 73 00 2f e0
encode_release_packet ret=0
MP4 frame 67/1500: sequence=71 pts=2640000 us key=0 nv12=4478976 h264=4702 acquire=12.568 ms encode=26.196 ms mux=0.094 ms
start encode NV12 with RV1106 vendor packet ABI, frame=67
encode_put_frame ret=0
encode_get_packet ret=0 handle=0xae9cf958 expected=0xae9cf958
vendor packet: mpi_buf_id=177 len=3929 buf_size=1495040 offset=521728 data_num=1 flag=0x00000000 pts=67
valloc packet buffer: mpi_buf_id=177 dma_buf_fd=11 size=0
H264 first bytes: 00 00 00 01 41 e0 00 e0 01 c6 05 70 6a 32 24 50
encode_release_packet ret=0
MP4 frame 68/1500: sequence=72 pts=2680000 us key=0 nv12=4478976 h264=3929 acquire=13.220 ms encode=26.878 ms mux=0.089 ms
start encode NV12 with RV1106 vendor packet ABI, frame=68
encode_put_frame ret=0
encode_get_packet ret=0 handle=0xae9cf958 expected=0xae9cf958
vendor packet: mpi_buf_id=177 len=2222 buf_size=1495040 offset=525696 data_num=1 flag=0x00000000 pts=68
valloc packet buffer: mpi_buf_id=177 dma_buf_fd=11 size=0
H264 first bytes: 00 00 00 01 41 e0 01 00 02 06 05 70 26 43 d2 09
encode_release_packet ret=0
MP4 frame 69/1500: sequence=73 pts=2720000 us key=0 nv12=4478976 h264=2222 acquire=12.442 ms encode=26.277 ms mux=0.070 ms
start encode NV12 with RV1106 vendor packet ABI, frame=69
encode_put_frame ret=0
encode_get_packet ret=0 handle=0xae9cf958 expected=0xae9cf958
vendor packet: mpi_buf_id=177 len=3230 buf_size=1495040 offset=528000 data_num=1 flag=0x00000000 pts=69
valloc packet buffer: mpi_buf_id=177 dma_buf_fd=11 size=0
H264 first bytes: 00 00 00 01 41 e0 01 20 02 46 05 70 6b 03 af 80
encode_release_packet ret=0
MP4 frame 70/1500: sequence=74 pts=2760000 us key=0 nv12=4478976 h264=3230 acquire=13.162 ms encode=26.802 ms mux=0.082 ms
start encode NV12 with RV1106 vendor packet ABI, frame=70
encode_put_frame ret=0
encode_get_packet ret=0 handle=0xae9cf958 expected=0xae9cf958
vendor packet: mpi_buf_id=177 len=4071 buf_size=1495040 offset=531328 data_num=1 flag=0x00000000 pts=70
valloc packet buffer: mpi_buf_id=177 dma_buf_fd=11 size=0
H264 first bytes: 00 00 00 01 41 e0 01 40 02 86 05 7e 01 08 f0 20
encode_release_packet ret=0
MP4 frame 71/1500: sequence=75 pts=2800000 us key=0 nv12=4478976 h264=4071 acquire=12.626 ms encode=26.281 ms mux=0.089 ms
start encode NV12 with RV1106 vendor packet ABI, frame=71
encode_put_frame ret=0
encode_get_packet ret=0 handle=0xae9cf958 expected=0xae9cf958
vendor packet: mpi_buf_id=177 len=6542 buf_size=1495040 offset=535424 data_num=1 flag=0x00000000 pts=71
valloc packet buffer: mpi_buf_id=177 dma_buf_fd=11 size=0
H264 first bytes: 00 00 00 01 41 e0 01 60 02 c6 05 72 e0 6a f0 e7
encode_release_packet ret=0
MP4 frame 72/1500: sequence=76 pts=2840000 us key=0 nv12=4478976 h264=6542 acquire=13.146 ms encode=26.961 ms mux=0.116 ms
start encode NV12 with RV1106 vendor packet ABI, frame=72
encode_put_frame ret=0
encode_get_packet ret=0 handle=0xae9cf958 expected=0xae9cf958
vendor packet: mpi_buf_id=177 len=10746 buf_size=1495040 offset=542080 data_num=1 flag=0x00000000 pts=72
valloc packet buffer: mpi_buf_id=177 dma_buf_fd=11 size=0
H264 first bytes: 00 00 00 01 41 e0 01 80 03 06 05 72 4c 1e ac 09
encode_release_packet ret=0
MP4 frame 73/1500: sequence=77 pts=2880000 us key=0 nv12=4478976 h264=10746 acquire=12.452 ms encode=26.262 ms mux=0.158 ms
start encode NV12 with RV1106 vendor packet ABI, frame=73
encode_put_frame ret=0
encode_get_packet ret=0 handle=0xae9cf958 expected=0xae9cf958
vendor packet: mpi_buf_id=177 len=14210 buf_size=1495040 offset=552832 data_num=1 flag=0x00000000 pts=73
valloc packet buffer: mpi_buf_id=177 dma_buf_fd=11 size=0
H264 first bytes: 00 00 00 01 41 e0 01 a0 03 46 05 75 02 d0 7b 90
encode_release_packet ret=0
MP4 frame 74/1500: sequence=78 pts=2920000 us key=0 nv12=4478976 h264=14210 acquire=13.089 ms encode=26.920 ms mux=0.191 ms
start encode NV12 with RV1106 vendor packet ABI, frame=74
encode_put_frame ret=0
encode_get_packet ret=0 handle=0xae9cf958 expected=0xae9cf958
vendor packet: mpi_buf_id=177 len=12024 buf_size=1495040 offset=567168 data_num=1 flag=0x00000000 pts=74
valloc packet buffer: mpi_buf_id=177 dma_buf_fd=11 size=0
H264 first bytes: 00 00 00 01 41 e0 01 c0 03 86 05 71 76 0f 26 c0
encode_release_packet ret=0
MP4 frame 75/1500: sequence=79 pts=2960000 us key=0 nv12=4478976 h264=12024 acquire=12.403 ms encode=26.170 ms mux=0.179 ms
start encode NV12 with RV1106 vendor packet ABI, frame=75
encode_put_frame ret=0
encode_get_packet ret=0 handle=0xae9cf958 expected=0xae9cf958
vendor packet: mpi_buf_id=177 len=6896 buf_size=1495040 offset=579200 data_num=1 flag=0x00000000 pts=75
valloc packet buffer: mpi_buf_id=177 dma_buf_fd=11 size=0
H264 first bytes: 00 00 00 01 41 e0 01 e0 03 c6 05 70 fc d8 8c d0
encode_release_packet ret=0
MP4 frame 76/1500: sequence=80 pts=3000000 us key=0 nv12=4478976 h264=6896 acquire=13.161 ms encode=26.855 ms mux=0.117 ms
start encode NV12 with RV1106 vendor packet ABI, frame=76
encode_put_frame ret=0
encode_get_packet ret=0 handle=0xae9cf958 expected=0xae9cf958
vendor packet: mpi_buf_id=177 len=3543 buf_size=1495040 offset=586112 data_num=1 flag=0x00000000 pts=76
valloc packet buffer: mpi_buf_id=177 dma_buf_fd=11 size=0
H264 first bytes: 00 00 00 01 41 e0 02 00 04 06 05 70 39 08 89 14
encode_release_packet ret=0
MP4 frame 77/1500: sequence=81 pts=3040000 us key=0 nv12=4478976 h264=3543 acquire=12.438 ms encode=26.188 ms mux=0.081 ms
start encode NV12 with RV1106 vendor packet ABI, frame=77
encode_put_frame ret=0
encode_get_packet ret=0 handle=0xae9cf958 expected=0xae9cf958
vendor packet: mpi_buf_id=177 len=1336 buf_size=1495040 offset=589696 data_num=1 flag=0x00000000 pts=77
valloc packet buffer: mpi_buf_id=177 dma_buf_fd=11 size=0
H264 first bytes: 00 00 00 01 41 e0 02 20 04 46 05 70 25 43 ed 89
encode_release_packet ret=0
MP4 frame 78/1500: sequence=82 pts=3080000 us key=0 nv12=4478976 h264=1336 acquire=13.238 ms encode=26.887 ms mux=0.062 ms
start encode NV12 with RV1106 vendor packet ABI, frame=78
encode_put_frame ret=0
encode_get_packet ret=0 handle=0xae9cf958 expected=0xae9cf958
vendor packet: mpi_buf_id=177 len=1035 buf_size=1495040 offset=591104 data_num=1 flag=0x00000000 pts=78
valloc packet buffer: mpi_buf_id=177 dma_buf_fd=11 size=0
H264 first bytes: 00 00 00 01 41 e0 02 40 04 86 05 70 ed 1a 0b e1
encode_release_packet ret=0
MP4 frame 79/1500: sequence=83 pts=3120000 us key=0 nv12=4478976 h264=1035 acquire=12.576 ms encode=26.214 ms mux=0.059 ms
start encode NV12 with RV1106 vendor packet ABI, frame=79
encode_put_frame ret=0
encode_get_packet ret=0 handle=0xae9cf958 expected=0xae9cf958
vendor packet: mpi_buf_id=177 len=822 buf_size=1495040 offset=592256 data_num=1 flag=0x00000000 pts=79
valloc packet buffer: mpi_buf_id=177 dma_buf_fd=11 size=0
H264 first bytes: 00 00 00 01 41 e0 02 60 04 c6 05 70 ed 60 c2 05
encode_release_packet ret=0
MP4 frame 80/1500: sequence=84 pts=3160000 us key=0 nv12=4478976 h264=822 acquire=13.239 ms encode=26.852 ms mux=0.056 ms
start encode NV12 with RV1106 vendor packet ABI, frame=80
encode_put_frame ret=0
encode_get_packet ret=0 handle=0xae9cf958 expected=0xae9cf958
vendor packet: mpi_buf_id=177 len=1385 buf_size=1495040 offset=593152 data_num=1 flag=0x00000000 pts=80
valloc packet buffer: mpi_buf_id=177 dma_buf_fd=11 size=0
H264 first bytes: 00 00 00 01 41 e0 02 80 05 06 04 70 26 ca 05 ce
encode_release_packet ret=0
MP4 frame 81/1500: sequence=85 pts=3200000 us key=0 nv12=4478976 h264=1385 acquire=12.610 ms encode=26.203 ms mux=0.061 ms
start encode NV12 with RV1106 vendor packet ABI, frame=81
encode_put_frame ret=0
encode_get_packet ret=0 handle=0xae9cf958 expected=0xae9cf958
vendor packet: mpi_buf_id=177 len=2065 buf_size=1495040 offset=594560 data_num=1 flag=0x00000000 pts=81
valloc packet buffer: mpi_buf_id=177 dma_buf_fd=11 size=0
H264 first bytes: 00 00 00 01 41 e0 02 a0 05 46 0d dd 18 40 95 55
encode_release_packet ret=0
MP4 frame 82/1500: sequence=86 pts=3240000 us key=0 nv12=4478976 h264=2065 acquire=13.251 ms encode=26.885 ms mux=0.068 ms
start encode NV12 with RV1106 vendor packet ABI, frame=82
encode_put_frame ret=0
encode_get_packet ret=0 handle=0xae9cf958 expected=0xae9cf958
vendor packet: mpi_buf_id=177 len=1647 buf_size=1495040 offset=596736 data_num=1 flag=0x00000000 pts=82
valloc packet buffer: mpi_buf_id=177 dma_buf_fd=11 size=0
H264 first bytes: 00 00 00 01 41 e0 02 c0 05 86 0d c4 51 a0 41 a8
encode_release_packet ret=0
MP4 frame 83/1500: sequence=87 pts=3280000 us key=0 nv12=4478976 h264=1647 acquire=12.567 ms encode=26.340 ms mux=0.065 ms
start encode NV12 with RV1106 vendor packet ABI, frame=83
encode_put_frame ret=0
encode_get_packet ret=0 handle=0xae9cf958 expected=0xae9cf958
vendor packet: mpi_buf_id=177 len=2302 buf_size=1495040 offset=598400 data_num=1 flag=0x00000000 pts=83
valloc packet buffer: mpi_buf_id=177 dma_buf_fd=11 size=0
H264 first bytes: 00 00 00 01 41 e0 02 e0 05 c6 0d cb 46 ef f9 67
encode_release_packet ret=0
MP4 frame 84/1500: sequence=88 pts=3320000 us key=0 nv12=4478976 h264=2302 acquire=13.102 ms encode=26.973 ms mux=0.074 ms
start encode NV12 with RV1106 vendor packet ABI, frame=84
encode_put_frame ret=0
encode_get_packet ret=0 handle=0xae9cf958 expected=0xae9cf958
vendor packet: mpi_buf_id=177 len=4389 buf_size=1495040 offset=600704 data_num=1 flag=0x00000000 pts=84
valloc packet buffer: mpi_buf_id=177 dma_buf_fd=11 size=0
H264 first bytes: 00 00 00 01 41 e0 03 00 06 06 0d c0 9d 0b 51 7a
encode_release_packet ret=0
MP4 frame 85/1500: sequence=89 pts=3360000 us key=0 nv12=4478976 h264=4389 acquire=12.481 ms encode=26.167 ms mux=0.094 ms
start encode NV12 with RV1106 vendor packet ABI, frame=85
encode_put_frame ret=0
encode_get_packet ret=0 handle=0xae9cf958 expected=0xae9cf958
vendor packet: mpi_buf_id=177 len=5036 buf_size=1495040 offset=605184 data_num=1 flag=0x00000000 pts=85
valloc packet buffer: mpi_buf_id=177 dma_buf_fd=11 size=0
H264 first bytes: 00 00 00 01 41 e0 03 20 06 46 04 70 30 c0 12 17
encode_release_packet ret=0
MP4 frame 86/1500: sequence=90 pts=3400000 us key=0 nv12=4478976 h264=5036 acquire=13.247 ms encode=26.886 ms mux=0.096 ms
start encode NV12 with RV1106 vendor packet ABI, frame=86
encode_put_frame ret=0
encode_get_packet ret=0 handle=0xae9cf958 expected=0xae9cf958
vendor packet: mpi_buf_id=177 len=7874 buf_size=1495040 offset=610304 data_num=1 flag=0x00000000 pts=86
valloc packet buffer: mpi_buf_id=177 dma_buf_fd=11 size=0
H264 first bytes: 00 00 00 01 41 e0 03 40 06 86 04 70 26 09 89 17
encode_release_packet ret=0
MP4 frame 87/1500: sequence=91 pts=3440000 us key=0 nv12=4478976 h264=7874 acquire=12.543 ms encode=26.211 ms mux=0.127 ms
start encode NV12 with RV1106 vendor packet ABI, frame=87
encode_put_frame ret=0
encode_get_packet ret=0 handle=0xae9cf958 expected=0xae9cf958
vendor packet: mpi_buf_id=177 len=12967 buf_size=1495040 offset=618240 data_num=1 flag=0x00000000 pts=87
valloc packet buffer: mpi_buf_id=177 dma_buf_fd=11 size=0
H264 first bytes: 00 00 00 01 41 e0 03 60 06 c6 04 70 b4 03 ff e1
encode_release_packet ret=0
MP4 frame 88/1500: sequence=92 pts=3480000 us key=0 nv12=4478976 h264=12967 acquire=13.254 ms encode=37.079 ms mux=0.180 ms
start encode NV12 with RV1106 vendor packet ABI, frame=88
encode_put_frame ret=0
encode_get_packet ret=0 handle=0xae9cf958 expected=0xae9cf958
vendor packet: mpi_buf_id=177 len=10360 buf_size=1495040 offset=631296 data_num=1 flag=0x00000000 pts=88
valloc packet buffer: mpi_buf_id=177 dma_buf_fd=11 size=0
H264 first bytes: 00 00 00 01 41 e0 03 80 07 06 04 72 e1 bf 2f aa
encode_release_packet ret=0
MP4 frame 89/1500: sequence=93 pts=3520000 us key=0 nv12=4478976 h264=10360 acquire=2.169 ms encode=26.311 ms mux=0.150 ms
start encode NV12 with RV1106 vendor packet ABI, frame=89
encode_put_frame ret=0
encode_get_packet ret=0 handle=0xae9cf958 expected=0xae9cf958
vendor packet: mpi_buf_id=177 len=6421 buf_size=1495040 offset=641664 data_num=1 flag=0x00000000 pts=89
valloc packet buffer: mpi_buf_id=177 dma_buf_fd=11 size=0
H264 first bytes: 00 00 00 01 41 e0 03 a0 07 46 04 70 9f 18 25 dd
encode_release_packet ret=0
MP4 frame 90/1500: sequence=94 pts=3560000 us key=0 nv12=4478976 h264=6421 acquire=13.056 ms encode=26.847 ms mux=0.114 ms
start encode NV12 with RV1106 vendor packet ABI, frame=90
encode_put_frame ret=0
encode_get_packet ret=0 handle=0xae9cf958 expected=0xae9cf958
vendor packet: mpi_buf_id=177 len=17672 buf_size=1495040 offset=648192 data_num=1 flag=0x00000010 pts=90
valloc packet buffer: mpi_buf_id=177 dma_buf_fd=11 size=0
H264 first bytes: 00 00 00 01 65 b8 00 01 00 00 03 02 71 11 22 80
encode_release_packet ret=0
MP4 frame 91/1500: sequence=95 pts=3600000 us key=1 nv12=4478976 h264=17672 acquire=12.557 ms encode=25.812 ms mux=0.851 ms
start encode NV12 with RV1106 vendor packet ABI, frame=91
encode_put_frame ret=0
encode_get_packet ret=0 handle=0xae9cf958 expected=0xae9cf958
vendor packet: mpi_buf_id=177 len=3608 buf_size=1495040 offset=665984 data_num=1 flag=0x00000000 pts=91
valloc packet buffer: mpi_buf_id=177 dma_buf_fd=11 size=0
H264 first bytes: 00 00 00 01 41 e0 00 20 00 46 04 70 42 27 00 fe
encode_release_packet ret=0
MP4 frame 92/1500: sequence=96 pts=3640000 us key=0 nv12=4478976 h264=3608 acquire=12.840 ms encode=27.013 ms mux=0.083 ms
start encode NV12 with RV1106 vendor packet ABI, frame=92
encode_put_frame ret=0
encode_get_packet ret=0 handle=0xae9cf958 expected=0xae9cf958
vendor packet: mpi_buf_id=177 len=4078 buf_size=1495040 offset=669696 data_num=1 flag=0x00000000 pts=92
valloc packet buffer: mpi_buf_id=177 dma_buf_fd=11 size=0
H264 first bytes: 00 00 00 01 41 e0 00 40 00 86 05 70 41 1b 14 5e
encode_release_packet ret=0
MP4 frame 93/1500: sequence=97 pts=3680000 us key=0 nv12=4478976 h264=4078 acquire=12.414 ms encode=26.218 ms mux=0.091 ms
start encode NV12 with RV1106 vendor packet ABI, frame=93
encode_put_frame ret=0
encode_get_packet ret=0 handle=0xae9cf958 expected=0xae9cf958
vendor packet: mpi_buf_id=177 len=5806 buf_size=1495040 offset=673792 data_num=1 flag=0x00000000 pts=93
valloc packet buffer: mpi_buf_id=177 dma_buf_fd=11 size=0
H264 first bytes: 00 00 00 01 41 e0 00 60 00 c6 05 70 e8 88 95 88
encode_release_packet ret=0
MP4 frame 94/1500: sequence=98 pts=3720000 us key=0 nv12=4478976 h264=5806 acquire=13.210 ms encode=26.954 ms mux=0.106 ms
start encode NV12 with RV1106 vendor packet ABI, frame=94
encode_put_frame ret=0
encode_get_packet ret=0 handle=0xae9cf958 expected=0xae9cf958
vendor packet: mpi_buf_id=177 len=7215 buf_size=1495040 offset=679680 data_num=1 flag=0x00000000 pts=94
valloc packet buffer: mpi_buf_id=177 dma_buf_fd=11 size=0
H264 first bytes: 00 00 00 01 41 e0 00 80 01 06 05 70 43 80 34 2f
encode_release_packet ret=0
MP4 frame 95/1500: sequence=99 pts=3760000 us key=0 nv12=4478976 h264=7215 acquire=12.459 ms encode=26.279 ms mux=0.123 ms
start encode NV12 with RV1106 vendor packet ABI, frame=95
encode_put_frame ret=0
encode_get_packet ret=0 handle=0xae9cf958 expected=0xae9cf958
vendor packet: mpi_buf_id=177 len=9323 buf_size=1495040 offset=686976 data_num=1 flag=0x00000000 pts=95
valloc packet buffer: mpi_buf_id=177 dma_buf_fd=11 size=0
H264 first bytes: 00 00 00 01 41 e0 00 a0 01 46 05 70 ee 00 e6 bc
encode_release_packet ret=0
MP4 frame 96/1500: sequence=100 pts=3800000 us key=0 nv12=4478976 h264=9323 acquire=13.107 ms encode=26.842 ms mux=0.145 ms
start encode NV12 with RV1106 vendor packet ABI, frame=96
encode_put_frame ret=0
encode_get_packet ret=0 handle=0xae9cf958 expected=0xae9cf958
vendor packet: mpi_buf_id=177 len=7616 buf_size=1495040 offset=696320 data_num=1 flag=0x00000000 pts=96
valloc packet buffer: mpi_buf_id=177 dma_buf_fd=11 size=0
H264 first bytes: 00 00 00 01 41 e0 00 c0 01 86 05 72 e1 e8 62 80
encode_release_packet ret=0
MP4 frame 97/1500: sequence=101 pts=3840000 us key=0 nv12=4478976 h264=7616 acquire=12.529 ms encode=26.338 ms mux=0.124 ms
start encode NV12 with RV1106 vendor packet ABI, frame=97
encode_put_frame ret=0
encode_get_packet ret=0 handle=0xae9cf958 expected=0xae9cf958
vendor packet: mpi_buf_id=177 len=10278 buf_size=1495040 offset=704000 data_num=1 flag=0x00000000 pts=97
valloc packet buffer: mpi_buf_id=177 dma_buf_fd=11 size=0
H264 first bytes: 00 00 00 01 41 e0 00 e0 01 c6 05 72 61 aa c3 5e
encode_release_packet ret=0
MP4 frame 98/1500: sequence=102 pts=3880000 us key=0 nv12=4478976 h264=10278 acquire=13.059 ms encode=26.905 ms mux=0.151 ms
start encode NV12 with RV1106 vendor packet ABI, frame=98
encode_put_frame ret=0
encode_get_packet ret=0 handle=0xae9cf958 expected=0xae9cf958
vendor packet: mpi_buf_id=177 len=6698 buf_size=1495040 offset=714368 data_num=1 flag=0x00000000 pts=98
valloc packet buffer: mpi_buf_id=177 dma_buf_fd=11 size=0
H264 first bytes: 00 00 00 01 41 e0 01 00 02 06 05 70 80 88 91 4e
encode_release_packet ret=0
MP4 frame 99/1500: sequence=103 pts=3920000 us key=0 nv12=4478976 h264=6698 acquire=12.459 ms encode=26.251 ms mux=0.118 ms
start encode NV12 with RV1106 vendor packet ABI, frame=99
encode_put_frame ret=0
encode_get_packet ret=0 handle=0xae9cf958 expected=0xae9cf958
vendor packet: mpi_buf_id=177 len=3256 buf_size=1495040 offset=721152 data_num=1 flag=0x00000000 pts=99
valloc packet buffer: mpi_buf_id=177 dma_buf_fd=11 size=0
H264 first bytes: 00 00 00 01 41 e0 01 20 02 46 05 70 72 26 25 e2
encode_release_packet ret=0
MP4 frame 100/1500: sequence=104 pts=3960000 us key=0 nv12=4478976 h264=3256 acquire=13.150 ms encode=26.958 ms mux=0.079 ms
start encode NV12 with RV1106 vendor packet ABI, frame=100
encode_put_frame ret=0
encode_get_packet ret=0 handle=0xae9cf958 expected=0xae9cf958
vendor packet: mpi_buf_id=177 len=1754 buf_size=1495040 offset=724480 data_num=1 flag=0x00000000 pts=100
valloc packet buffer: mpi_buf_id=177 dma_buf_fd=11 size=0
H264 first bytes: 00 00 00 01 41 e0 01 40 02 86 05 70 23 c0 6b f8
encode_release_packet ret=0
MP4 frame 101/1500: sequence=105 pts=4000000 us key=0 nv12=4478976 h264=1754 acquire=12.478 ms encode=26.317 ms mux=0.067 ms
start encode NV12 with RV1106 vendor packet ABI, frame=101
encode_put_frame ret=0
encode_get_packet ret=0 handle=0xae9cf958 expected=0xae9cf958
vendor packet: mpi_buf_id=177 len=1150 buf_size=1495040 offset=726272 data_num=1 flag=0x00000000 pts=101
valloc packet buffer: mpi_buf_id=177 dma_buf_fd=11 size=0
H264 first bytes: 00 00 00 01 41 e0 01 60 02 c6 05 70 30 c0 1f 67
encode_release_packet ret=0
MP4 frame 102/1500: sequence=106 pts=4040000 us key=0 nv12=4478976 h264=1150 acquire=13.125 ms encode=26.852 ms mux=0.059 ms
start encode NV12 with RV1106 vendor packet ABI, frame=102
encode_put_frame ret=0
encode_get_packet ret=0 handle=0xae9cf958 expected=0xae9cf958
vendor packet: mpi_buf_id=177 len=1183 buf_size=1495040 offset=727424 data_num=1 flag=0x00000000 pts=102
valloc packet buffer: mpi_buf_id=177 dma_buf_fd=11 size=0
H264 first bytes: 00 00 00 01 41 e0 01 80 03 06 05 70 31 40 42 f8
encode_release_packet ret=0
MP4 frame 103/1500: sequence=107 pts=4080000 us key=0 nv12=4478976 h264=1183 acquire=12.607 ms encode=26.225 ms mux=0.061 ms
start encode NV12 with RV1106 vendor packet ABI, frame=103
encode_put_frame ret=0
encode_get_packet ret=0 handle=0xae9cf958 expected=0xae9cf958
vendor packet: mpi_buf_id=177 len=3090 buf_size=1495040 offset=728704 data_num=1 flag=0x00000000 pts=103
valloc packet buffer: mpi_buf_id=177 dma_buf_fd=11 size=0
H264 first bytes: 00 00 00 01 41 e0 01 a0 03 46 04 77 32 aa 35 ea
encode_release_packet ret=0
MP4 frame 104/1500: sequence=108 pts=4120000 us key=0 nv12=4478976 h264=3090 acquire=13.228 ms encode=26.859 ms mux=0.082 ms
start encode NV12 with RV1106 vendor packet ABI, frame=104
encode_put_frame ret=0
encode_get_packet ret=0 handle=0xae9cf958 expected=0xae9cf958
vendor packet: mpi_buf_id=177 len=5694 buf_size=1495040 offset=731904 data_num=1 flag=0x00000000 pts=104
valloc packet buffer: mpi_buf_id=177 dma_buf_fd=11 size=0
H264 first bytes: 00 00 00 01 41 e0 01 c0 03 86 0d cf 46 81 0e 1b
encode_release_packet ret=0
MP4 frame 105/1500: sequence=109 pts=4160000 us key=0 nv12=4478976 h264=5694 acquire=12.577 ms encode=26.358 ms mux=0.108 ms
start encode NV12 with RV1106 vendor packet ABI, frame=105
encode_put_frame ret=0
encode_get_packet ret=0 handle=0xae9cf958 expected=0xae9cf958
vendor packet: mpi_buf_id=177 len=2242 buf_size=1495040 offset=737664 data_num=1 flag=0x00000000 pts=105
valloc packet buffer: mpi_buf_id=177 dma_buf_fd=11 size=0
H264 first bytes: 00 00 00 01 41 e0 01 e0 03 c6 0d c4 6a 04 58 14
encode_release_packet ret=0
MP4 frame 106/1500: sequence=110 pts=4200000 us key=0 nv12=4478976 h264=2242 acquire=13.056 ms encode=26.813 ms mux=0.071 ms
start encode NV12 with RV1106 vendor packet ABI, frame=106
encode_put_frame ret=0
encode_get_packet ret=0 handle=0xae9cf958 expected=0xae9cf958
vendor packet: mpi_buf_id=177 len=2192 buf_size=1495040 offset=739968 data_num=1 flag=0x00000000 pts=106
valloc packet buffer: mpi_buf_id=177 dma_buf_fd=11 size=0
H264 first bytes: 00 00 00 01 41 e0 02 00 04 06 0d cb af c0 8e 36
encode_release_packet ret=0
MP4 frame 107/1500: sequence=111 pts=4240000 us key=0 nv12=4478976 h264=2192 acquire=12.629 ms encode=26.251 ms mux=0.073 ms
start encode NV12 with RV1106 vendor packet ABI, frame=107
encode_put_frame ret=0
encode_get_packet ret=0 handle=0xae9cf958 expected=0xae9cf958
vendor packet: mpi_buf_id=177 len=2545 buf_size=1495040 offset=742272 data_num=1 flag=0x00000000 pts=107
valloc packet buffer: mpi_buf_id=177 dma_buf_fd=11 size=0
H264 first bytes: 00 00 00 01 41 e0 02 20 04 46 0d c6 4e a0 41 81
encode_release_packet ret=0
MP4 frame 108/1500: sequence=112 pts=4280000 us key=0 nv12=4478976 h264=2545 acquire=13.188 ms encode=26.917 ms mux=0.074 ms
start encode NV12 with RV1106 vendor packet ABI, frame=108
encode_put_frame ret=0
encode_get_packet ret=0 handle=0xae9cf958 expected=0xae9cf958
vendor packet: mpi_buf_id=177 len=9576 buf_size=1495040 offset=744832 data_num=1 flag=0x00000000 pts=108
valloc packet buffer: mpi_buf_id=177 dma_buf_fd=11 size=0
H264 first bytes: 00 00 00 01 41 e0 02 40 04 86 17 e8 60 95 55 55
encode_release_packet ret=0
MP4 frame 109/1500: sequence=113 pts=4320000 us key=0 nv12=4478976 h264=9576 acquire=12.526 ms encode=26.230 ms mux=0.148 ms
start encode NV12 with RV1106 vendor packet ABI, frame=109
encode_put_frame ret=0
encode_get_packet ret=0 handle=0xae9cf958 expected=0xae9cf958
vendor packet: mpi_buf_id=177 len=13183 buf_size=1495040 offset=754432 data_num=1 flag=0x00000000 pts=109
valloc packet buffer: mpi_buf_id=177 dma_buf_fd=11 size=0
H264 first bytes: 00 00 00 01 41 e0 02 60 04 c6 1f 15 aa bc 23 5a
encode_release_packet ret=0
MP4 frame 110/1500: sequence=114 pts=4360000 us key=0 nv12=4478976 h264=13183 acquire=13.138 ms encode=26.883 ms mux=0.188 ms
start encode NV12 with RV1106 vendor packet ABI, frame=110
encode_put_frame ret=0
encode_get_packet ret=0 handle=0xae9cf958 expected=0xae9cf958
vendor packet: mpi_buf_id=177 len=15125 buf_size=1495040 offset=767616 data_num=1 flag=0x00000000 pts=110
valloc packet buffer: mpi_buf_id=177 dma_buf_fd=11 size=0
H264 first bytes: 00 00 00 01 41 e0 02 80 05 06 0b dd 1a f4 84 bf
encode_release_packet ret=0
MP4 frame 111/1500: sequence=115 pts=4400000 us key=0 nv12=4478976 h264=15125 acquire=12.444 ms encode=26.209 ms mux=0.204 ms
start encode NV12 with RV1106 vendor packet ABI, frame=111
encode_put_frame ret=0
encode_get_packet ret=0 handle=0xae9cf958 expected=0xae9cf958
vendor packet: mpi_buf_id=177 len=15044 buf_size=1495040 offset=782848 data_num=1 flag=0x00000000 pts=111
valloc packet buffer: mpi_buf_id=177 dma_buf_fd=11 size=0
H264 first bytes: 00 00 00 01 41 e0 02 a0 05 46 0b c5 ea af 04 52
encode_release_packet ret=0
MP4 frame 112/1500: sequence=116 pts=4440000 us key=0 nv12=4478976 h264=15044 acquire=13.102 ms encode=26.809 ms mux=0.199 ms
start encode NV12 with RV1106 vendor packet ABI, frame=112
encode_put_frame ret=0
encode_get_packet ret=0 handle=0xae9cf958 expected=0xae9cf958
vendor packet: mpi_buf_id=177 len=7558 buf_size=1495040 offset=797952 data_num=1 flag=0x00000000 pts=112
valloc packet buffer: mpi_buf_id=177 dma_buf_fd=11 size=0
H264 first bytes: 00 00 00 01 41 e0 02 c0 05 86 04 70 7a 22 24 4f
encode_release_packet ret=0
MP4 frame 113/1500: sequence=117 pts=4480000 us key=0 nv12=4478976 h264=7558 acquire=12.502 ms encode=26.261 ms mux=0.129 ms
start encode NV12 with RV1106 vendor packet ABI, frame=113
encode_put_frame ret=0
encode_get_packet ret=0 handle=0xae9cf958 expected=0xae9cf958
vendor packet: mpi_buf_id=177 len=13134 buf_size=1495040 offset=805632 data_num=1 flag=0x00000000 pts=113
valloc packet buffer: mpi_buf_id=177 dma_buf_fd=11 size=0
H264 first bytes: 00 00 00 01 41 e0 02 e0 05 c6 04 70 ec 18 f8 5b
encode_release_packet ret=0
MP4 frame 114/1500: sequence=118 pts=4520000 us key=0 nv12=4478976 h264=13134 acquire=13.125 ms encode=26.829 ms mux=0.185 ms
start encode NV12 with RV1106 vendor packet ABI, frame=114
encode_put_frame ret=0
encode_get_packet ret=0 handle=0xae9cf958 expected=0xae9cf958
vendor packet: mpi_buf_id=177 len=9533 buf_size=1495040 offset=818816 data_num=1 flag=0x00000000 pts=114
valloc packet buffer: mpi_buf_id=177 dma_buf_fd=11 size=0
H264 first bytes: 00 00 00 01 41 e0 03 00 06 06 04 72 61 ff ff d7
encode_release_packet ret=0
MP4 frame 115/1500: sequence=119 pts=4560000 us key=0 nv12=4478976 h264=9533 acquire=12.508 ms encode=26.270 ms mux=0.147 ms
start encode NV12 with RV1106 vendor packet ABI, frame=115
encode_put_frame ret=0
encode_get_packet ret=0 handle=0xae9cf958 expected=0xae9cf958
vendor packet: mpi_buf_id=177 len=5487 buf_size=1495040 offset=828416 data_num=1 flag=0x00000000 pts=115
valloc packet buffer: mpi_buf_id=177 dma_buf_fd=11 size=0
H264 first bytes: 00 00 00 01 41 e0 03 20 06 46 05 70 f4 37 b8 38
encode_release_packet ret=0
MP4 frame 116/1500: sequence=120 pts=4600000 us key=0 nv12=4478976 h264=5487 acquire=12.988 ms encode=27.049 ms mux=0.108 ms
start encode NV12 with RV1106 vendor packet ABI, frame=116
encode_put_frame ret=0
encode_get_packet ret=0 handle=0xae9cf958 expected=0xae9cf958
vendor packet: mpi_buf_id=177 len=4955 buf_size=1495040 offset=833920 data_num=1 flag=0x00000000 pts=116
valloc packet buffer: mpi_buf_id=177 dma_buf_fd=11 size=0
H264 first bytes: 00 00 00 01 41 e0 03 40 06 86 05 70 f4 0a 7e 01
encode_release_packet ret=0
MP4 frame 117/1500: sequence=121 pts=4640000 us key=0 nv12=4478976 h264=4955 acquire=12.354 ms encode=26.250 ms mux=0.097 ms
start encode NV12 with RV1106 vendor packet ABI, frame=117
encode_put_frame ret=0
encode_get_packet ret=0 handle=0xae9cf958 expected=0xae9cf958
vendor packet: mpi_buf_id=177 len=5517 buf_size=1495040 offset=838912 data_num=1 flag=0x00000000 pts=117
valloc packet buffer: mpi_buf_id=177 dma_buf_fd=11 size=0
H264 first bytes: 00 00 00 01 41 e0 03 60 06 c6 05 70 ec 02 f8 1f
encode_release_packet ret=0
MP4 frame 118/1500: sequence=122 pts=4680000 us key=0 nv12=4478976 h264=5517 acquire=13.165 ms encode=26.892 ms mux=0.105 ms
start encode NV12 with RV1106 vendor packet ABI, frame=118
encode_put_frame ret=0
encode_get_packet ret=0 handle=0xae9cf958 expected=0xae9cf958
vendor packet: mpi_buf_id=177 len=3950 buf_size=1495040 offset=844544 data_num=1 flag=0x00000000 pts=118
valloc packet buffer: mpi_buf_id=177 dma_buf_fd=11 size=0
H264 first bytes: 00 00 00 01 41 e0 03 80 07 06 05 70 72 22 24 50
encode_release_packet ret=0
MP4 frame 119/1500: sequence=123 pts=4720000 us key=0 nv12=4478976 h264=3950 acquire=12.512 ms encode=26.281 ms mux=0.091 ms
start encode NV12 with RV1106 vendor packet ABI, frame=119
encode_put_frame ret=0
encode_get_packet ret=0 handle=0xae9cf958 expected=0xae9cf958
vendor packet: mpi_buf_id=177 len=2984 buf_size=1495040 offset=848512 data_num=1 flag=0x00000000 pts=119
valloc packet buffer: mpi_buf_id=177 dma_buf_fd=11 size=0
H264 first bytes: 00 00 00 01 41 e0 03 a0 07 46 05 70 e0 c8 91 47
encode_release_packet ret=0
MP4 frame 120/1500: sequence=124 pts=4760000 us key=0 nv12=4478976 h264=2984 acquire=13.162 ms encode=26.869 ms mux=0.079 ms
start encode NV12 with RV1106 vendor packet ABI, frame=120
encode_put_frame ret=0
encode_get_packet ret=0 handle=0xae9cf958 expected=0xae9cf958
vendor packet: mpi_buf_id=177 len=16019 buf_size=1495040 offset=851584 data_num=1 flag=0x00000010 pts=120
valloc packet buffer: mpi_buf_id=177 dma_buf_fd=11 size=0
H264 first bytes: 00 00 00 01 65 b8 00 01 40 00 03 71 11 22 80 00
encode_release_packet ret=0
MP4 frame 121/1500: sequence=125 pts=4800000 us key=1 nv12=4478976 h264=16019 acquire=12.560 ms encode=25.966 ms mux=0.899 ms
start encode NV12 with RV1106 vendor packet ABI, frame=121
encode_put_frame ret=0
encode_get_packet ret=0 handle=0xae9cf958 expected=0xae9cf958
vendor packet: mpi_buf_id=177 len=3201 buf_size=1495040 offset=867712 data_num=1 flag=0x00000000 pts=121
valloc packet buffer: mpi_buf_id=177 dma_buf_fd=11 size=0
H264 first bytes: 00 00 00 01 41 e0 00 20 00 46 05 70 7b 01 db e0
encode_release_packet ret=0
MP4 frame 122/1500: sequence=126 pts=4840000 us key=0 nv12=4478976 h264=3201 acquire=12.653 ms encode=26.885 ms mux=0.079 ms
start encode NV12 with RV1106 vendor packet ABI, frame=122
encode_put_frame ret=0
encode_get_packet ret=0 handle=0xae9cf958 expected=0xae9cf958
vendor packet: mpi_buf_id=177 len=5395 buf_size=1495040 offset=871040 data_num=1 flag=0x00000000 pts=122
valloc packet buffer: mpi_buf_id=177 dma_buf_fd=11 size=0
H264 first bytes: 00 00 00 01 41 e0 00 40 00 86 05 70 7b 00 30 ff
encode_release_packet ret=0
MP4 frame 123/1500: sequence=127 pts=4880000 us key=0 nv12=4478976 h264=5395 acquire=12.538 ms encode=26.211 ms mux=0.105 ms
start encode NV12 with RV1106 vendor packet ABI, frame=123
encode_put_frame ret=0
encode_get_packet ret=0 handle=0xae9cf958 expected=0xae9cf958
vendor packet: mpi_buf_id=177 len=8331 buf_size=1495040 offset=876544 data_num=1 flag=0x00000000 pts=123
valloc packet buffer: mpi_buf_id=177 dma_buf_fd=11 size=0
H264 first bytes: 00 00 00 01 41 e0 00 60 00 c6 05 70 e8 88 91 40
encode_release_packet ret=0
MP4 frame 124/1500: sequence=128 pts=4920000 us key=0 nv12=4478976 h264=8331 acquire=13.088 ms encode=26.826 ms mux=0.137 ms
start encode NV12 with RV1106 vendor packet ABI, frame=124
encode_put_frame ret=0
encode_get_packet ret=0 handle=0xae9cf958 expected=0xae9cf958
vendor packet: mpi_buf_id=177 len=9828 buf_size=1495040 offset=884992 data_num=1 flag=0x00000000 pts=124
valloc packet buffer: mpi_buf_id=177 dma_buf_fd=11 size=0
H264 first bytes: 00 00 00 01 41 e0 00 80 01 06 05 70 e0 88 91 43
encode_release_packet ret=0
MP4 frame 125/1500: sequence=129 pts=4960000 us key=0 nv12=4478976 h264=9828 acquire=12.543 ms encode=26.278 ms mux=0.146 ms
start encode NV12 with RV1106 vendor packet ABI, frame=125
encode_put_frame ret=0
encode_get_packet ret=0 handle=0xae9cf958 expected=0xae9cf958
vendor packet: mpi_buf_id=177 len=13157 buf_size=1495040 offset=894848 data_num=1 flag=0x00000000 pts=125
valloc packet buffer: mpi_buf_id=177 dma_buf_fd=11 size=0
H264 first bytes: 00 00 00 01 41 e0 00 a0 01 46 05 72 61 ef 08 79
encode_release_packet ret=0
MP4 frame 126/1500: sequence=130 pts=5000000 us key=0 nv12=4478976 h264=13157 acquire=13.101 ms encode=26.854 ms mux=0.182 ms
start encode NV12 with RV1106 vendor packet ABI, frame=126
encode_put_frame ret=0
encode_get_packet ret=0 handle=0xae9cf958 expected=0xae9cf958
vendor packet: mpi_buf_id=177 len=9843 buf_size=1495040 offset=908032 data_num=1 flag=0x00000000 pts=126
valloc packet buffer: mpi_buf_id=177 dma_buf_fd=11 size=0
H264 first bytes: 00 00 00 01 41 e0 00 c0 01 86 05 70 ec 3c af 0f
encode_release_packet ret=0
MP4 frame 127/1500: sequence=131 pts=5040000 us key=0 nv12=4478976 h264=9843 acquire=12.473 ms encode=26.337 ms mux=0.145 ms
start encode NV12 with RV1106 vendor packet ABI, frame=127
encode_put_frame ret=0
encode_get_packet ret=0 handle=0xae9cf958 expected=0xae9cf958
vendor packet: mpi_buf_id=177 len=5887 buf_size=1495040 offset=917888 data_num=1 flag=0x00000000 pts=127
valloc packet buffer: mpi_buf_id=177 dma_buf_fd=11 size=0
H264 first bytes: 00 00 00 01 41 e0 00 e0 01 c6 05 71 96 6b 11 12
encode_release_packet ret=0
MP4 frame 128/1500: sequence=132 pts=5080000 us key=0 nv12=4478976 h264=5887 acquire=13.036 ms encode=26.849 ms mux=0.108 ms
start encode NV12 with RV1106 vendor packet ABI, frame=128
encode_put_frame ret=0
encode_get_packet ret=0 handle=0xae9cf958 expected=0xae9cf958
vendor packet: mpi_buf_id=177 len=5200 buf_size=1495040 offset=923776 data_num=1 flag=0x00000000 pts=128
valloc packet buffer: mpi_buf_id=177 dma_buf_fd=11 size=0
H264 first bytes: 00 00 00 01 41 e0 01 00 02 06 05 71 96 68 56 77
encode_release_packet ret=0
MP4 frame 129/1500: sequence=133 pts=5120000 us key=0 nv12=4478976 h264=5200 acquire=12.546 ms encode=26.262 ms mux=0.103 ms
start encode NV12 with RV1106 vendor packet ABI, frame=129
encode_put_frame ret=0
encode_get_packet ret=0 handle=0xae9cf958 expected=0xae9cf958
vendor packet: mpi_buf_id=177 len=5238 buf_size=1495040 offset=929024 data_num=1 flag=0x00000000 pts=129
valloc packet buffer: mpi_buf_id=177 dma_buf_fd=11 size=0
H264 first bytes: 00 00 00 01 41 e0 01 20 02 46 05 70 f4 d9 67 35
encode_release_packet ret=0
MP4 frame 130/1500: sequence=134 pts=5160000 us key=0 nv12=4478976 h264=5238 acquire=13.160 ms encode=26.840 ms mux=0.103 ms
start encode NV12 with RV1106 vendor packet ABI, frame=130
encode_put_frame ret=0
encode_get_packet ret=0 handle=0xae9cf958 expected=0xae9cf958
vendor packet: mpi_buf_id=177 len=3600 buf_size=1495040 offset=934272 data_num=1 flag=0x00000000 pts=130
valloc packet buffer: mpi_buf_id=177 dma_buf_fd=11 size=0
H264 first bytes: 00 00 00 01 41 e0 01 40 02 86 05 70 29 40 bf e1
encode_release_packet ret=0
MP4 frame 131/1500: sequence=135 pts=5200000 us key=0 nv12=4478976 h264=3600 acquire=12.568 ms encode=26.434 ms mux=0.088 ms
start encode NV12 with RV1106 vendor packet ABI, frame=131
encode_put_frame ret=0
encode_get_packet ret=0 handle=0xae9cf958 expected=0xae9cf958
vendor packet: mpi_buf_id=177 len=2683 buf_size=1495040 offset=937984 data_num=1 flag=0x00000000 pts=131
valloc packet buffer: mpi_buf_id=177 dma_buf_fd=11 size=0
H264 first bytes: 00 00 00 01 41 e0 01 60 02 c6 05 71 1a fc 7e a0
encode_release_packet ret=0
MP4 frame 132/1500: sequence=136 pts=5240000 us key=0 nv12=4478976 h264=2683 acquire=12.989 ms encode=26.833 ms mux=0.077 ms
start encode NV12 with RV1106 vendor packet ABI, frame=132
encode_put_frame ret=0
encode_get_packet ret=0 handle=0xae9cf958 expected=0xae9cf958
vendor packet: mpi_buf_id=177 len=1778 buf_size=1495040 offset=940672 data_num=1 flag=0x00000000 pts=132
valloc packet buffer: mpi_buf_id=177 dma_buf_fd=11 size=0
H264 first bytes: 00 00 00 01 41 e0 01 80 03 06 05 71 a2 62 71 1b
encode_release_packet ret=0
MP4 frame 133/1500: sequence=137 pts=5280000 us key=0 nv12=4478976 h264=1778 acquire=12.609 ms encode=26.216 ms mux=0.065 ms
start encode NV12 with RV1106 vendor packet ABI, frame=133
encode_put_frame ret=0
encode_get_packet ret=0 handle=0xae9cf958 expected=0xae9cf958
vendor packet: mpi_buf_id=177 len=1395 buf_size=1495040 offset=942464 data_num=1 flag=0x00000000 pts=133
valloc packet buffer: mpi_buf_id=177 dma_buf_fd=11 size=0
H264 first bytes: 00 00 00 01 41 e0 01 a0 03 46 05 70 2a 41 9e 02
encode_release_packet ret=0
MP4 frame 134/1500: sequence=138 pts=5320000 us key=0 nv12=4478976 h264=1395 acquire=13.232 ms encode=26.898 ms mux=0.066 ms
start encode NV12 with RV1106 vendor packet ABI, frame=134
encode_put_frame ret=0
encode_get_packet ret=0 handle=0xae9cf958 expected=0xae9cf958
vendor packet: mpi_buf_id=177 len=2282 buf_size=1495040 offset=943872 data_num=1 flag=0x00000000 pts=134
valloc packet buffer: mpi_buf_id=177 dma_buf_fd=11 size=0
H264 first bytes: 00 00 00 01 41 e0 01 c0 03 86 05 70 5f 3e 09 61
encode_release_packet ret=0
MP4 frame 135/1500: sequence=139 pts=5360000 us key=0 nv12=4478976 h264=2282 acquire=12.557 ms encode=26.235 ms mux=0.076 ms
start encode NV12 with RV1106 vendor packet ABI, frame=135
encode_put_frame ret=0
encode_get_packet ret=0 handle=0xae9cf958 expected=0xae9cf958
vendor packet: mpi_buf_id=177 len=2360 buf_size=1495040 offset=946176 data_num=1 flag=0x00000000 pts=135
valloc packet buffer: mpi_buf_id=177 dma_buf_fd=11 size=0
H264 first bytes: 00 00 00 01 41 e0 01 e0 03 c6 05 70 2a c3 a1 c8
encode_release_packet ret=0
MP4 frame 136/1500: sequence=140 pts=5400000 us key=0 nv12=4478976 h264=2360 acquire=13.211 ms encode=26.872 ms mux=0.075 ms
start encode NV12 with RV1106 vendor packet ABI, frame=136
encode_put_frame ret=0
encode_get_packet ret=0 handle=0xae9cf958 expected=0xae9cf958
vendor packet: mpi_buf_id=177 len=3015 buf_size=1495040 offset=948608 data_num=1 flag=0x00000000 pts=136
valloc packet buffer: mpi_buf_id=177 dma_buf_fd=11 size=0
H264 first bytes: 00 00 00 01 41 e0 02 00 04 06 05 70 2a 71 e2 5e
encode_release_packet ret=0
MP4 frame 137/1500: sequence=141 pts=5440000 us key=0 nv12=4478976 h264=3015 acquire=12.573 ms encode=26.248 ms mux=0.101 ms
start encode NV12 with RV1106 vendor packet ABI, frame=137
encode_put_frame ret=0
encode_get_packet ret=0 handle=0xae9cf958 expected=0xae9cf958
vendor packet: mpi_buf_id=177 len=3055 buf_size=1495040 offset=951680 data_num=1 flag=0x00000000 pts=137
valloc packet buffer: mpi_buf_id=177 dma_buf_fd=11 size=0
H264 first bytes: 00 00 00 01 41 e0 02 20 04 46 05 70 32 c0 51 64
encode_release_packet ret=0
MP4 frame 138/1500: sequence=142 pts=5480000 us key=0 nv12=4478976 h264=3055 acquire=13.154 ms encode=26.943 ms mux=0.082 ms
start encode NV12 with RV1106 vendor packet ABI, frame=138
encode_put_frame ret=0
encode_get_packet ret=0 handle=0xae9cf958 expected=0xae9cf958
vendor packet: mpi_buf_id=177 len=3725 buf_size=1495040 offset=954752 data_num=1 flag=0x00000000 pts=138
valloc packet buffer: mpi_buf_id=177 dma_buf_fd=11 size=0
H264 first bytes: 00 00 00 01 41 e0 02 40 04 86 05 70 2e 08 89 10
encode_release_packet ret=0
MP4 frame 139/1500: sequence=143 pts=5520000 us key=0 nv12=4478976 h264=3725 acquire=12.504 ms encode=26.396 ms mux=0.087 ms
start encode NV12 with RV1106 vendor packet ABI, frame=139
encode_put_frame ret=0
encode_get_packet ret=0 handle=0xae9cf958 expected=0xae9cf958
vendor packet: mpi_buf_id=177 len=3698 buf_size=1495040 offset=958592 data_num=1 flag=0x00000000 pts=139
valloc packet buffer: mpi_buf_id=177 dma_buf_fd=11 size=0
H264 first bytes: 00 00 00 01 41 e0 02 60 04 c6 05 70 2a c0 09 a1
encode_release_packet ret=0
MP4 frame 140/1500: sequence=144 pts=5560000 us key=0 nv12=4478976 h264=3698 acquire=13.027 ms encode=26.899 ms mux=0.083 ms
start encode NV12 with RV1106 vendor packet ABI, frame=140
encode_put_frame ret=0
encode_get_packet ret=0 handle=0xae9cf958 expected=0xae9cf958
vendor packet: mpi_buf_id=177 len=4375 buf_size=1495040 offset=962304 data_num=1 flag=0x00000000 pts=140
valloc packet buffer: mpi_buf_id=177 dma_buf_fd=11 size=0
H264 first bytes: 00 00 00 01 41 e0 02 80 05 06 05 70 22 c0 0b 05
encode_release_packet ret=0
MP4 frame 141/1500: sequence=145 pts=5600000 us key=0 nv12=4478976 h264=4375 acquire=12.535 ms encode=26.223 ms mux=0.094 ms
start encode NV12 with RV1106 vendor packet ABI, frame=141
encode_put_frame ret=0
encode_get_packet ret=0 handle=0xae9cf958 expected=0xae9cf958
vendor packet: mpi_buf_id=177 len=6467 buf_size=1495040 offset=966784 data_num=1 flag=0x00000000 pts=141
valloc packet buffer: mpi_buf_id=177 dma_buf_fd=11 size=0
H264 first bytes: 00 00 00 01 41 e0 02 a0 05 46 05 70 5f 15 8a 80
encode_release_packet ret=0
MP4 frame 142/1500: sequence=146 pts=5640000 us key=0 nv12=4478976 h264=6467 acquire=13.204 ms encode=26.882 ms mux=0.114 ms
start encode NV12 with RV1106 vendor packet ABI, frame=142
encode_put_frame ret=0
encode_get_packet ret=0 handle=0xae9cf958 expected=0xae9cf958
vendor packet: mpi_buf_id=177 len=8877 buf_size=1495040 offset=973312 data_num=1 flag=0x00000000 pts=142
valloc packet buffer: mpi_buf_id=177 dma_buf_fd=11 size=0
H264 first bytes: 00 00 00 01 41 e0 02 c0 05 86 05 70 f4 27 93 06
encode_release_packet ret=0
MP4 frame 143/1500: sequence=147 pts=5680000 us key=0 nv12=4478976 h264=8877 acquire=12.517 ms encode=26.237 ms mux=0.134 ms
start encode NV12 with RV1106 vendor packet ABI, frame=143
encode_put_frame ret=0
encode_get_packet ret=0 handle=0xae9cf958 expected=0xae9cf958
vendor packet: mpi_buf_id=177 len=9022 buf_size=1495040 offset=982272 data_num=1 flag=0x00000000 pts=143
valloc packet buffer: mpi_buf_id=177 dma_buf_fd=11 size=0
H264 first bytes: 00 00 00 01 41 e0 02 e0 05 c6 05 70 c6 0b 65 83
encode_release_packet ret=0
MP4 frame 144/1500: sequence=148 pts=5720000 us key=0 nv12=4478976 h264=9022 acquire=13.142 ms encode=26.943 ms mux=0.144 ms
start encode NV12 with RV1106 vendor packet ABI, frame=144
encode_put_frame ret=0
encode_get_packet ret=0 handle=0xae9cf958 expected=0xae9cf958
vendor packet: mpi_buf_id=177 len=6652 buf_size=1495040 offset=991360 data_num=1 flag=0x00000000 pts=144
valloc packet buffer: mpi_buf_id=177 dma_buf_fd=11 size=0
H264 first bytes: 00 00 00 01 41 e0 03 00 06 06 05 70 45 0c 83 f1
encode_release_packet ret=0
MP4 frame 145/1500: sequence=149 pts=5760000 us key=0 nv12=4478976 h264=6652 acquire=12.431 ms encode=26.257 ms mux=0.116 ms
start encode NV12 with RV1106 vendor packet ABI, frame=145
encode_put_frame ret=0
encode_get_packet ret=0 handle=0xae9cf958 expected=0xae9cf958
vendor packet: mpi_buf_id=177 len=6561 buf_size=1495040 offset=998016 data_num=1 flag=0x00000000 pts=145
valloc packet buffer: mpi_buf_id=177 dma_buf_fd=11 size=0
H264 first bytes: 00 00 00 01 41 e0 03 20 06 46 05 70 87 18 25 dd
encode_release_packet ret=0
MP4 frame 146/1500: sequence=150 pts=5800000 us key=0 nv12=4478976 h264=6561 acquire=13.136 ms encode=26.873 ms mux=0.115 ms
start encode NV12 with RV1106 vendor packet ABI, frame=146
encode_put_frame ret=0
encode_get_packet ret=0 handle=0xae9cf958 expected=0xae9cf958
vendor packet: mpi_buf_id=177 len=4347 buf_size=1495040 offset=1004672 data_num=1 flag=0x00000000 pts=146
valloc packet buffer: mpi_buf_id=177 dma_buf_fd=11 size=0
H264 first bytes: 00 00 00 01 41 e0 03 40 06 86 05 70 ec 3b e4 f1
encode_release_packet ret=0
MP4 frame 147/1500: sequence=151 pts=5840000 us key=0 nv12=4478976 h264=4347 acquire=12.528 ms encode=26.262 ms mux=0.091 ms
start encode NV12 with RV1106 vendor packet ABI, frame=147
encode_put_frame ret=0
encode_get_packet ret=0 handle=0xae9cf958 expected=0xae9cf958
vendor packet: mpi_buf_id=177 len=4431 buf_size=1495040 offset=1009024 data_num=1 flag=0x00000000 pts=147
valloc packet buffer: mpi_buf_id=177 dma_buf_fd=11 size=0
H264 first bytes: 00 00 00 01 41 e0 03 60 06 c6 05 70 41 1b 14 5e
encode_release_packet ret=0
MP4 frame 148/1500: sequence=152 pts=5880000 us key=0 nv12=4478976 h264=4431 acquire=13.167 ms encode=26.840 ms mux=0.092 ms
start encode NV12 with RV1106 vendor packet ABI, frame=148
encode_put_frame ret=0
encode_get_packet ret=0 handle=0xae9cf958 expected=0xae9cf958
vendor packet: mpi_buf_id=177 len=5055 buf_size=1495040 offset=1013504 data_num=1 flag=0x00000000 pts=148
valloc packet buffer: mpi_buf_id=177 dma_buf_fd=11 size=0
H264 first bytes: 00 00 00 01 41 e0 03 80 07 06 05 70 43 06 a1 f7
encode_release_packet ret=0
MP4 frame 149/1500: sequence=153 pts=5920000 us key=0 nv12=4478976 h264=5055 acquire=12.580 ms encode=26.347 ms mux=0.098 ms
start encode NV12 with RV1106 vendor packet ABI, frame=149
encode_put_frame ret=0
encode_get_packet ret=0 handle=0xae9cf958 expected=0xae9cf958
vendor packet: mpi_buf_id=177 len=7629 buf_size=1495040 offset=1018624 data_num=1 flag=0x00000000 pts=149
valloc packet buffer: mpi_buf_id=177 dma_buf_fd=11 size=0
H264 first bytes: 00 00 00 01 41 e0 03 a0 07 46 05 70 41 09 1c 51
encode_release_packet ret=0
MP4 frame 150/1500: sequence=154 pts=5960000 us key=0 nv12=4478976 h264=7629 acquire=13.063 ms encode=26.835 ms mux=0.127 ms
start encode NV12 with RV1106 vendor packet ABI, frame=150
encode_put_frame ret=0
encode_get_packet ret=0 handle=0xae9cf958 expected=0xae9cf958
vendor packet: mpi_buf_id=177 len=19007 buf_size=1495040 offset=1026304 data_num=1 flag=0x00000010 pts=150
valloc packet buffer: mpi_buf_id=177 dma_buf_fd=11 size=0
H264 first bytes: 00 00 00 01 65 b8 00 01 80 00 03 71 11 22 80 00
encode_release_packet ret=0
MP4 frame 151/1500: sequence=155 pts=6000000 us key=1 nv12=4478976 h264=19007 acquire=12.553 ms encode=25.882 ms mux=0.820 ms
start encode NV12 with RV1106 vendor packet ABI, frame=151
encode_put_frame ret=0
encode_get_packet ret=0 handle=0xae9cf958 expected=0xae9cf958
vendor packet: mpi_buf_id=177 len=10746 buf_size=1495040 offset=1045376 data_num=1 flag=0x00000000 pts=151
valloc packet buffer: mpi_buf_id=177 dma_buf_fd=11 size=0
H264 first bytes: 00 00 00 01 41 e0 00 20 00 46 05 70 8e 01 22 ff
encode_release_packet ret=0
MP4 frame 152/1500: sequence=156 pts=6040000 us key=0 nv12=4478976 h264=10746 acquire=12.811 ms encode=26.865 ms mux=0.155 ms
start encode NV12 with RV1106 vendor packet ABI, frame=152
encode_put_frame ret=0
encode_get_packet ret=0 handle=0xae9cf958 expected=0xae9cf958
vendor packet: mpi_buf_id=177 len=10079 buf_size=1495040 offset=1056128 data_num=1 flag=0x00000000 pts=152
valloc packet buffer: mpi_buf_id=177 dma_buf_fd=11 size=0
H264 first bytes: 00 00 00 01 41 e0 00 40 00 86 05 70 ec 3c 1e a8
encode_release_packet ret=0
MP4 frame 153/1500: sequence=157 pts=6080000 us key=0 nv12=4478976 h264=10079 acquire=12.482 ms encode=26.296 ms mux=0.149 ms
start encode NV12 with RV1106 vendor packet ABI, frame=153
encode_put_frame ret=0
encode_get_packet ret=0 handle=0xae9cf958 expected=0xae9cf958
vendor packet: mpi_buf_id=177 len=7850 buf_size=1495040 offset=1066240 data_num=1 flag=0x00000000 pts=153
valloc packet buffer: mpi_buf_id=177 dma_buf_fd=11 size=0
H264 first bytes: 00 00 00 01 41 e0 00 60 00 c6 05 70 f4 ca 23 35
encode_release_packet ret=0
MP4 frame 154/1500: sequence=158 pts=6120000 us key=0 nv12=4478976 h264=7850 acquire=13.080 ms encode=26.864 ms mux=0.130 ms
start encode NV12 with RV1106 vendor packet ABI, frame=154
encode_put_frame ret=0
encode_get_packet ret=0 handle=0xae9cf958 expected=0xae9cf958
vendor packet: mpi_buf_id=177 len=6517 buf_size=1495040 offset=1074176 data_num=1 flag=0x00000000 pts=154
valloc packet buffer: mpi_buf_id=177 dma_buf_fd=11 size=0
H264 first bytes: 00 00 00 01 41 e0 00 80 01 06 05 70 4b 39 a0 82
encode_release_packet ret=0
MP4 frame 155/1500: sequence=159 pts=6160000 us key=0 nv12=4478976 h264=6517 acquire=12.407 ms encode=26.279 ms mux=0.116 ms
start encode NV12 with RV1106 vendor packet ABI, frame=155
encode_put_frame ret=0
encode_get_packet ret=0 handle=0xae9cf958 expected=0xae9cf958
vendor packet: mpi_buf_id=177 len=5592 buf_size=1495040 offset=1080704 data_num=1 flag=0x00000000 pts=155
valloc packet buffer: mpi_buf_id=177 dma_buf_fd=11 size=0
H264 first bytes: 00 00 00 01 41 e0 00 a0 01 46 05 71 5a 86 a7 de
encode_release_packet ret=0
MP4 frame 156/1500: sequence=160 pts=6200000 us key=0 nv12=4478976 h264=5592 acquire=13.112 ms encode=26.796 ms mux=0.103 ms
start encode NV12 with RV1106 vendor packet ABI, frame=156
encode_put_frame ret=0
encode_get_packet ret=0 handle=0xae9cf958 expected=0xae9cf958
vendor packet: mpi_buf_id=177 len=4372 buf_size=1495040 offset=1086336 data_num=1 flag=0x00000000 pts=156
valloc packet buffer: mpi_buf_id=177 dma_buf_fd=11 size=0
H264 first bytes: 00 00 00 01 41 e0 00 c0 01 86 05 70 41 31 e0 45
encode_release_packet ret=0
MP4 frame 157/1500: sequence=161 pts=6240000 us key=0 nv12=4478976 h264=4372 acquire=12.620 ms encode=26.240 ms mux=0.092 ms
start encode NV12 with RV1106 vendor packet ABI, frame=157
encode_put_frame ret=0
encode_get_packet ret=0 handle=0xae9cf958 expected=0xae9cf958
vendor packet: mpi_buf_id=177 len=2137 buf_size=1495040 offset=1090816 data_num=1 flag=0x00000000 pts=157
valloc packet buffer: mpi_buf_id=177 dma_buf_fd=11 size=0
H264 first bytes: 00 00 00 01 41 e0 00 e0 01 c6 05 71 3a fc 0d 10
encode_release_packet ret=0
MP4 frame 158/1500: sequence=162 pts=6280000 us key=0 nv12=4478976 h264=2137 acquire=13.183 ms encode=26.970 ms mux=0.072 ms
start encode NV12 with RV1106 vendor packet ABI, frame=158
encode_put_frame ret=0
encode_get_packet ret=0 handle=0xae9cf958 expected=0xae9cf958
vendor packet: mpi_buf_id=177 len=1361 buf_size=1495040 offset=1092992 data_num=1 flag=0x00000000 pts=158
valloc packet buffer: mpi_buf_id=177 dma_buf_fd=11 size=0
H264 first bytes: 00 00 00 01 41 e0 01 00 02 06 05 73 eb ff fc 29
encode_release_packet ret=0
MP4 frame 159/1500: sequence=163 pts=6320000 us key=0 nv12=4478976 h264=1361 acquire=12.470 ms encode=26.268 ms mux=0.065 ms
start encode NV12 with RV1106 vendor packet ABI, frame=159
encode_put_frame ret=0
encode_get_packet ret=0 handle=0xae9cf958 expected=0xae9cf958
vendor packet: mpi_buf_id=177 len=892 buf_size=1495040 offset=1094400 data_num=1 flag=0x00000000 pts=159
valloc packet buffer: mpi_buf_id=177 dma_buf_fd=11 size=0
H264 first bytes: 00 00 00 01 41 e0 01 20 02 46 05 71 5a 84 e6 50
encode_release_packet ret=0
MP4 frame 160/1500: sequence=164 pts=6360000 us key=0 nv12=4478976 h264=892 acquire=13.187 ms encode=26.976 ms mux=0.058 ms
start encode NV12 with RV1106 vendor packet ABI, frame=160
encode_put_frame ret=0
encode_get_packet ret=0 handle=0xae9cf958 expected=0xae9cf958
vendor packet: mpi_buf_id=177 len=1235 buf_size=1495040 offset=1095296 data_num=1 flag=0x00000000 pts=160
valloc packet buffer: mpi_buf_id=177 dma_buf_fd=11 size=0
H264 first bytes: 00 00 00 01 41 e0 01 40 02 86 05 71 3a fc 0c a2
encode_release_packet ret=0
MP4 frame 161/1500: sequence=165 pts=6400000 us key=0 nv12=4478976 h264=1235 acquire=12.478 ms encode=26.292 ms mux=0.061 ms
start encode NV12 with RV1106 vendor packet ABI, frame=161
encode_put_frame ret=0
encode_get_packet ret=0 handle=0xae9cf958 expected=0xae9cf958
vendor packet: mpi_buf_id=177 len=2544 buf_size=1495040 offset=1096576 data_num=1 flag=0x00000000 pts=161
valloc packet buffer: mpi_buf_id=177 dma_buf_fd=11 size=0
H264 first bytes: 00 00 00 01 41 e0 01 60 02 c6 04 71 3a fc 3d 46
encode_release_packet ret=0
MP4 frame 162/1500: sequence=166 pts=6440000 us key=0 nv12=4478976 h264=2544 acquire=13.165 ms encode=26.975 ms mux=0.076 ms
start encode NV12 with RV1106 vendor packet ABI, frame=162
encode_put_frame ret=0
encode_get_packet ret=0 handle=0xae9cf958 expected=0xae9cf958
vendor packet: mpi_buf_id=177 len=1427 buf_size=1495040 offset=1099136 data_num=1 flag=0x00000000 pts=162
valloc packet buffer: mpi_buf_id=177 dma_buf_fd=11 size=0
H264 first bytes: 00 00 00 01 41 e0 01 80 03 06 05 70 2a 43 f8 4e
encode_release_packet ret=0
MP4 frame 163/1500: sequence=167 pts=6480000 us key=0 nv12=4478976 h264=1427 acquire=12.466 ms encode=26.207 ms mux=0.063 ms
start encode NV12 with RV1106 vendor packet ABI, frame=163
encode_put_frame ret=0
encode_get_packet ret=0 handle=0xae9cf958 expected=0xae9cf958
vendor packet: mpi_buf_id=177 len=2047 buf_size=1495040 offset=1100672 data_num=1 flag=0x00000000 pts=163
valloc packet buffer: mpi_buf_id=177 dma_buf_fd=11 size=0
H264 first bytes: 00 00 00 01 41 e0 01 a0 03 46 05 70 2a 43 a4 62
encode_release_packet ret=0
MP4 frame 164/1500: sequence=168 pts=6520000 us key=0 nv12=4478976 h264=2047 acquire=13.250 ms encode=26.857 ms mux=0.068 ms
start encode NV12 with RV1106 vendor packet ABI, frame=164
encode_put_frame ret=0
encode_get_packet ret=0 handle=0xae9cf958 expected=0xae9cf958
vendor packet: mpi_buf_id=177 len=2663 buf_size=1495040 offset=1102720 data_num=1 flag=0x00000000 pts=164
valloc packet buffer: mpi_buf_id=177 dma_buf_fd=11 size=0
H264 first bytes: 00 00 00 01 41 e0 01 c0 03 86 05 70 2a 89 42 4d
encode_release_packet ret=0
MP4 frame 165/1500: sequence=169 pts=6560000 us key=0 nv12=4478976 h264=2663 acquire=12.593 ms encode=26.210 ms mux=0.077 ms
start encode NV12 with RV1106 vendor packet ABI, frame=165
encode_put_frame ret=0
encode_get_packet ret=0 handle=0xae9cf958 expected=0xae9cf958
vendor packet: mpi_buf_id=177 len=3063 buf_size=1495040 offset=1105408 data_num=1 flag=0x00000000 pts=165
valloc packet buffer: mpi_buf_id=177 dma_buf_fd=11 size=0
H264 first bytes: 00 00 00 01 41 e0 01 e0 03 c6 05 70 24 c0 0b 44
encode_release_packet ret=0
MP4 frame 166/1500: sequence=170 pts=6600000 us key=0 nv12=4478976 h264=3063 acquire=13.231 ms encode=26.823 ms mux=0.083 ms
start encode NV12 with RV1106 vendor packet ABI, frame=166
encode_put_frame ret=0
encode_get_packet ret=0 handle=0xae9cf958 expected=0xae9cf958
vendor packet: mpi_buf_id=177 len=3161 buf_size=1495040 offset=1108480 data_num=1 flag=0x00000000 pts=166
valloc packet buffer: mpi_buf_id=177 dma_buf_fd=11 size=0
H264 first bytes: 00 00 00 01 41 e0 02 00 04 06 05 70 20 88 89 78
encode_release_packet ret=0
MP4 frame 167/1500: sequence=171 pts=6640000 us key=0 nv12=4478976 h264=3161 acquire=12.604 ms encode=26.257 ms mux=0.086 ms
start encode NV12 with RV1106 vendor packet ABI, frame=167
encode_put_frame ret=0
encode_get_packet ret=0 handle=0xae9cf958 expected=0xae9cf958
vendor packet: mpi_buf_id=177 len=3234 buf_size=1495040 offset=1111680 data_num=1 flag=0x00000000 pts=167
valloc packet buffer: mpi_buf_id=177 dma_buf_fd=11 size=0
H264 first bytes: 00 00 00 01 41 e0 02 20 04 46 05 70 78 22 24 1a
encode_release_packet ret=0
MP4 frame 168/1500: sequence=172 pts=6680000 us key=0 nv12=4478976 h264=3234 acquire=13.176 ms encode=26.797 ms mux=0.081 ms
start encode NV12 with RV1106 vendor packet ABI, frame=168
encode_put_frame ret=0
encode_get_packet ret=0 handle=0xae9cf958 expected=0xae9cf958
vendor packet: mpi_buf_id=177 len=4456 buf_size=1495040 offset=1115008 data_num=1 flag=0x00000000 pts=168
valloc packet buffer: mpi_buf_id=177 dma_buf_fd=11 size=0
H264 first bytes: 00 00 00 01 41 e0 02 40 04 86 05 70 70 32 24 1a
encode_release_packet ret=0
MP4 frame 169/1500: sequence=173 pts=6720000 us key=0 nv12=4478976 h264=4456 acquire=12.639 ms encode=26.244 ms mux=0.096 ms
start encode NV12 with RV1106 vendor packet ABI, frame=169
encode_put_frame ret=0
encode_get_packet ret=0 handle=0xae9cf958 expected=0xae9cf958
vendor packet: mpi_buf_id=177 len=3184 buf_size=1495040 offset=1119488 data_num=1 flag=0x00000000 pts=169
valloc packet buffer: mpi_buf_id=177 dma_buf_fd=11 size=0
H264 first bytes: 00 00 00 01 41 e0 02 60 04 c6 05 70 6b 00 ad 78
encode_release_packet ret=0
MP4 frame 170/1500: sequence=174 pts=6760000 us key=0 nv12=4478976 h264=3184 acquire=13.176 ms encode=27.021 ms mux=0.084 ms
start encode NV12 with RV1106 vendor packet ABI, frame=170
encode_put_frame ret=0
encode_get_packet ret=0 handle=0xae9cf958 expected=0xae9cf958
vendor packet: mpi_buf_id=177 len=2308 buf_size=1495040 offset=1122688 data_num=1 flag=0x00000000 pts=170
valloc packet buffer: mpi_buf_id=177 dma_buf_fd=11 size=0
H264 first bytes: 00 00 00 01 41 e0 02 80 05 06 05 70 69 01 25 e0
encode_release_packet ret=0
MP4 frame 171/1500: sequence=175 pts=6800000 us key=0 nv12=4478976 h264=2308 acquire=12.406 ms encode=26.325 ms mux=0.076 ms
start encode NV12 with RV1106 vendor packet ABI, frame=171
encode_put_frame ret=0
encode_get_packet ret=0 handle=0xae9cf958 expected=0xae9cf958
vendor packet: mpi_buf_id=177 len=2508 buf_size=1495040 offset=1125120 data_num=1 flag=0x00000000 pts=171
valloc packet buffer: mpi_buf_id=177 dma_buf_fd=11 size=0
H264 first bytes: 00 00 00 01 41 e0 02 a0 05 46 05 70 69 36 02 42
encode_release_packet ret=0
MP4 frame 172/1500: sequence=176 pts=6840000 us key=0 nv12=4478976 h264=2508 acquire=13.118 ms encode=26.902 ms mux=0.074 ms
start encode NV12 with RV1106 vendor packet ABI, frame=172
encode_put_frame ret=0
encode_get_packet ret=0 handle=0xae9cf958 expected=0xae9cf958
vendor packet: mpi_buf_id=177 len=2623 buf_size=1495040 offset=1127680 data_num=1 flag=0x00000000 pts=172
valloc packet buffer: mpi_buf_id=177 dma_buf_fd=11 size=0
H264 first bytes: 00 00 00 01 41 e0 02 c0 05 86 05 70 51 9e 32 04
encode_release_packet ret=0
MP4 frame 173/1500: sequence=177 pts=6880000 us key=0 nv12=4478976 h264=2623 acquire=12.543 ms encode=26.294 ms mux=0.077 ms
start encode NV12 with RV1106 vendor packet ABI, frame=173
encode_put_frame ret=0
encode_get_packet ret=0 handle=0xae9cf958 expected=0xae9cf958
vendor packet: mpi_buf_id=177 len=3663 buf_size=1495040 offset=1130368 data_num=1 flag=0x00000000 pts=173
valloc packet buffer: mpi_buf_id=177 dma_buf_fd=11 size=0
H264 first bytes: 00 00 00 01 41 e0 02 e0 05 c6 05 70 69 0f f8 08
encode_release_packet ret=0
MP4 frame 174/1500: sequence=178 pts=6920000 us key=0 nv12=4478976 h264=3663 acquire=13.140 ms encode=26.794 ms mux=0.086 ms
start encode NV12 with RV1106 vendor packet ABI, frame=174
encode_put_frame ret=0
encode_get_packet ret=0 handle=0xae9cf958 expected=0xae9cf958
vendor packet: mpi_buf_id=177 len=3560 buf_size=1495040 offset=1134080 data_num=1 flag=0x00000000 pts=174
valloc packet buffer: mpi_buf_id=177 dma_buf_fd=11 size=0
H264 first bytes: 00 00 00 01 41 e0 03 00 06 06 05 70 6a 35 05 45
encode_release_packet ret=0
MP4 frame 175/1500: sequence=179 pts=6960000 us key=0 nv12=4478976 h264=3560 acquire=12.638 ms encode=26.221 ms mux=0.087 ms
start encode NV12 with RV1106 vendor packet ABI, frame=175
encode_put_frame ret=0
encode_get_packet ret=0 handle=0xae9cf958 expected=0xae9cf958
vendor packet: mpi_buf_id=177 len=3968 buf_size=1495040 offset=1137664 data_num=1 flag=0x00000000 pts=175
valloc packet buffer: mpi_buf_id=177 dma_buf_fd=11 size=0
H264 first bytes: 00 00 00 01 41 e0 03 20 06 46 05 70 6f 01 e3 e6
encode_release_packet ret=0
MP4 frame 176/1500: sequence=180 pts=7000000 us key=0 nv12=4478976 h264=3968 acquire=13.201 ms encode=26.934 ms mux=0.091 ms
start encode NV12 with RV1106 vendor packet ABI, frame=176
encode_put_frame ret=0
encode_get_packet ret=0 handle=0xae9cf958 expected=0xae9cf958
vendor packet: mpi_buf_id=177 len=5083 buf_size=1495040 offset=1141632 data_num=1 flag=0x00000000 pts=176
valloc packet buffer: mpi_buf_id=177 dma_buf_fd=11 size=0
H264 first bytes: 00 00 00 01 41 e0 03 40 06 86 05 70 73 00 bf ff
encode_release_packet ret=0
MP4 frame 177/1500: sequence=181 pts=7040000 us key=0 nv12=4478976 h264=5083 acquire=12.492 ms encode=26.283 ms mux=0.098 ms
start encode NV12 with RV1106 vendor packet ABI, frame=177
encode_put_frame ret=0
encode_get_packet ret=0 handle=0xae9cf958 expected=0xae9cf958
vendor packet: mpi_buf_id=177 len=5665 buf_size=1495040 offset=1146752 data_num=1 flag=0x00000000 pts=177
valloc packet buffer: mpi_buf_id=177 dma_buf_fd=11 size=0
H264 first bytes: 00 00 00 01 41 e0 03 60 06 c6 05 70 78 26 24 57
encode_release_packet ret=0
MP4 frame 178/1500: sequence=182 pts=7080000 us key=0 nv12=4478976 h264=5665 acquire=13.137 ms encode=27.002 ms mux=0.108 ms
start encode NV12 with RV1106 vendor packet ABI, frame=178
encode_put_frame ret=0
encode_get_packet ret=0 handle=0xae9cf958 expected=0xae9cf958
vendor packet: mpi_buf_id=177 len=5857 buf_size=1495040 offset=1152512 data_num=1 flag=0x00000000 pts=178
valloc packet buffer: mpi_buf_id=177 dma_buf_fd=11 size=0
H264 first bytes: 00 00 00 01 41 e0 03 80 07 06 05 70 21 40 3f ff
encode_release_packet ret=0
MP4 frame 179/1500: sequence=183 pts=7120000 us key=0 nv12=4478976 h264=5857 acquire=12.406 ms encode=26.203 ms mux=0.106 ms
start encode NV12 with RV1106 vendor packet ABI, frame=179
encode_put_frame ret=0
encode_get_packet ret=0 handle=0xae9cf958 expected=0xae9cf958
vendor packet: mpi_buf_id=177 len=5839 buf_size=1495040 offset=1158400 data_num=1 flag=0x00000000 pts=179
valloc packet buffer: mpi_buf_id=177 dma_buf_fd=11 size=0
H264 first bytes: 00 00 00 01 41 e0 03 a0 07 46 05 70 25 8d 89 14
encode_release_packet ret=0
MP4 frame 180/1500: sequence=184 pts=7160000 us key=0 nv12=4478976 h264=5839 acquire=13.209 ms encode=26.840 ms mux=0.113 ms
start encode NV12 with RV1106 vendor packet ABI, frame=180
encode_put_frame ret=0
encode_get_packet ret=0 handle=0xae9cf958 expected=0xae9cf958
vendor packet: mpi_buf_id=177 len=23183 buf_size=1495040 offset=1164288 data_num=1 flag=0x00000010 pts=180
valloc packet buffer: mpi_buf_id=177 dma_buf_fd=11 size=0
H264 first bytes: 00 00 00 01 65 b8 00 01 c0 00 03 71 11 22 80 00
encode_release_packet ret=0
MP4 frame 181/1500: sequence=185 pts=7200000 us key=1 nv12=4478976 h264=23183 acquire=12.564 ms encode=25.939 ms mux=0.795 ms
start encode NV12 with RV1106 vendor packet ABI, frame=181
encode_put_frame ret=0
encode_get_packet ret=0 handle=0xae9cf958 expected=0xae9cf958
vendor packet: mpi_buf_id=177 len=3866 buf_size=1495040 offset=1187584 data_num=1 flag=0x00000000 pts=181
valloc packet buffer: mpi_buf_id=177 dma_buf_fd=11 size=0
H264 first bytes: 00 00 00 01 41 e0 00 20 00 46 05 70 29 c3 d8 46
encode_release_packet ret=0
MP4 frame 182/1500: sequence=186 pts=7240000 us key=0 nv12=4478976 h264=3866 acquire=12.767 ms encode=27.050 ms mux=0.087 ms
start encode NV12 with RV1106 vendor packet ABI, frame=182
encode_put_frame ret=0
encode_get_packet ret=0 handle=0xae9cf958 expected=0xae9cf958
vendor packet: mpi_buf_id=177 len=3304 buf_size=1495040 offset=1191552 data_num=1 flag=0x00000000 pts=182
valloc packet buffer: mpi_buf_id=177 dma_buf_fd=11 size=0
H264 first bytes: 00 00 00 01 41 e0 00 40 00 86 05 70 36 c0 71 63
encode_release_packet ret=0
MP4 frame 183/1500: sequence=187 pts=7280000 us key=0 nv12=4478976 h264=3304 acquire=12.363 ms encode=26.240 ms mux=0.082 ms
start encode NV12 with RV1106 vendor packet ABI, frame=183
encode_put_frame ret=0
encode_get_packet ret=0 handle=0xae9cf958 expected=0xae9cf958
vendor packet: mpi_buf_id=177 len=1422 buf_size=1495040 offset=1194880 data_num=1 flag=0x00000000 pts=183
valloc packet buffer: mpi_buf_id=177 dma_buf_fd=11 size=0
H264 first bytes: 00 00 00 01 41 e0 00 60 00 c6 05 70 3e c0 12 5f
encode_release_packet ret=0
MP4 frame 184/1500: sequence=188 pts=7320000 us key=0 nv12=4478976 h264=1422 acquire=13.206 ms encode=26.872 ms mux=0.064 ms
start encode NV12 with RV1106 vendor packet ABI, frame=184
encode_put_frame ret=0
encode_get_packet ret=0 handle=0xae9cf958 expected=0xae9cf958
vendor packet: mpi_buf_id=177 len=1119 buf_size=1495040 offset=1196416 data_num=1 flag=0x00000000 pts=184
valloc packet buffer: mpi_buf_id=177 dma_buf_fd=11 size=0
H264 first bytes: 00 00 00 01 41 e0 00 80 01 06 05 70 0e a4 f8 19
encode_release_packet ret=0
MP4 frame 185/1500: sequence=189 pts=7360000 us key=0 nv12=4478976 h264=1119 acquire=12.573 ms encode=26.261 ms mux=0.059 ms
start encode NV12 with RV1106 vendor packet ABI, frame=185
encode_put_frame ret=0
encode_get_packet ret=0 handle=0xae9cf958 expected=0xae9cf958
vendor packet: mpi_buf_id=177 len=647 buf_size=1495040 offset=1197568 data_num=1 flag=0x00000000 pts=185
valloc packet buffer: mpi_buf_id=177 dma_buf_fd=11 size=0
H264 first bytes: 00 00 00 01 41 e0 00 a0 01 46 05 70 09 2e 68 06
encode_release_packet ret=0
MP4 frame 186/1500: sequence=190 pts=7400000 us key=0 nv12=4478976 h264=647 acquire=13.205 ms encode=26.969 ms mux=0.054 ms
start encode NV12 with RV1106 vendor packet ABI, frame=186
encode_put_frame ret=0
encode_get_packet ret=0 handle=0xae9cf958 expected=0xae9cf958
vendor packet: mpi_buf_id=177 len=1635 buf_size=1495040 offset=1198336 data_num=1 flag=0x00000000 pts=186
valloc packet buffer: mpi_buf_id=177 dma_buf_fd=11 size=0
H264 first bytes: 00 00 00 01 41 e0 00 c0 01 86 0d c0 5f 6a 09 63
encode_release_packet ret=0
MP4 frame 187/1500: sequence=191 pts=7440000 us key=0 nv12=4478976 h264=1635 acquire=12.495 ms encode=26.239 ms mux=0.063 ms
start encode NV12 with RV1106 vendor packet ABI, frame=187
encode_put_frame ret=0
encode_get_packet ret=0 handle=0xae9cf958 expected=0xae9cf958
vendor packet: mpi_buf_id=177 len=1231 buf_size=1495040 offset=1200000 data_num=1 flag=0x00000000 pts=187
valloc packet buffer: mpi_buf_id=177 dma_buf_fd=11 size=0
H264 first bytes: 00 00 00 01 41 e0 00 e0 01 c6 0d c0 a5 37 f0 10
encode_release_packet ret=0
MP4 frame 188/1500: sequence=192 pts=7480000 us key=0 nv12=4478976 h264=1231 acquire=13.206 ms encode=26.922 ms mux=0.062 ms
start encode NV12 with RV1106 vendor packet ABI, frame=188
encode_put_frame ret=0
encode_get_packet ret=0 handle=0xae9cf958 expected=0xae9cf958
vendor packet: mpi_buf_id=177 len=1444 buf_size=1495040 offset=1201280 data_num=1 flag=0x00000000 pts=188
valloc packet buffer: mpi_buf_id=177 dma_buf_fd=11 size=0
H264 first bytes: 00 00 00 01 41 e0 01 00 02 06 0d c0 72 4c e0 5b
encode_release_packet ret=0
MP4 frame 189/1500: sequence=193 pts=7520000 us key=0 nv12=4478976 h264=1444 acquire=12.534 ms encode=26.161 ms mux=0.065 ms
start encode NV12 with RV1106 vendor packet ABI, frame=189
encode_put_frame ret=0
encode_get_packet ret=0 handle=0xae9cf958 expected=0xae9cf958
vendor packet: mpi_buf_id=177 len=2140 buf_size=1495040 offset=1202816 data_num=1 flag=0x00000000 pts=189
valloc packet buffer: mpi_buf_id=177 dma_buf_fd=11 size=0
H264 first bytes: 00 00 00 01 41 e0 01 20 02 46 0d c0 71 c7 e0 24
encode_release_packet ret=0
MP4 frame 190/1500: sequence=194 pts=7560000 us key=0 nv12=4478976 h264=2140 acquire=13.294 ms encode=26.853 ms mux=0.071 ms
start encode NV12 with RV1106 vendor packet ABI, frame=190
encode_put_frame ret=0
encode_get_packet ret=0 handle=0xae9cf958 expected=0xae9cf958
vendor packet: mpi_buf_id=177 len=6118 buf_size=1495040 offset=1204992 data_num=1 flag=0x00000000 pts=190
valloc packet buffer: mpi_buf_id=177 dma_buf_fd=11 size=0
H264 first bytes: 00 00 00 01 41 e0 01 40 02 86 17 04 7a 82 79 da
encode_release_packet ret=0
MP4 frame 191/1500: sequence=195 pts=7600000 us key=0 nv12=4478976 h264=6118 acquire=12.595 ms encode=26.222 ms mux=0.111 ms
start encode NV12 with RV1106 vendor packet ABI, frame=191
encode_put_frame ret=0
encode_get_packet ret=0 handle=0xae9cf958 expected=0xae9cf958
vendor packet: mpi_buf_id=177 len=3368 buf_size=1495040 offset=1211136 data_num=1 flag=0x00000000 pts=191
valloc packet buffer: mpi_buf_id=177 dma_buf_fd=11 size=0
H264 first bytes: 00 00 00 01 41 e0 01 60 02 c6 04 70 29 c3 7e 5c
encode_release_packet ret=0
MP4 frame 192/1500: sequence=196 pts=7640000 us key=0 nv12=4478976 h264=3368 acquire=13.178 ms encode=26.837 ms mux=0.084 ms
start encode NV12 with RV1106 vendor packet ABI, frame=192
encode_put_frame ret=0
encode_get_packet ret=0 handle=0xae9cf958 expected=0xae9cf958
vendor packet: mpi_buf_id=177 len=4444 buf_size=1495040 offset=1214592 data_num=1 flag=0x00000000 pts=192
valloc packet buffer: mpi_buf_id=177 dma_buf_fd=11 size=0
H264 first bytes: 00 00 00 01 41 e0 01 80 03 06 04 70 29 c1 8f 9f
encode_release_packet ret=0
MP4 frame 193/1500: sequence=197 pts=7680000 us key=0 nv12=4478976 h264=4444 acquire=12.599 ms encode=26.343 ms mux=0.095 ms
start encode NV12 with RV1106 vendor packet ABI, frame=193
encode_put_frame ret=0
encode_get_packet ret=0 handle=0xae9cf958 expected=0xae9cf958
vendor packet: mpi_buf_id=177 len=5181 buf_size=1495040 offset=1219072 data_num=1 flag=0x00000000 pts=193
valloc packet buffer: mpi_buf_id=177 dma_buf_fd=11 size=0
H264 first bytes: 00 00 00 01 41 e0 01 a0 03 46 04 70 2a 41 1e 7e
encode_release_packet ret=0
MP4 frame 194/1500: sequence=198 pts=7720000 us key=0 nv12=4478976 h264=5181 acquire=12.968 ms encode=26.891 ms mux=0.098 ms
start encode NV12 with RV1106 vendor packet ABI, frame=194
encode_put_frame ret=0
encode_get_packet ret=0 handle=0xae9cf958 expected=0xae9cf958
vendor packet: mpi_buf_id=177 len=6284 buf_size=1495040 offset=1224320 data_num=1 flag=0x00000000 pts=194
valloc packet buffer: mpi_buf_id=177 dma_buf_fd=11 size=0
H264 first bytes: 00 00 00 01 41 e0 01 c0 03 86 04 70 2a 08 89 12
encode_release_packet ret=0
MP4 frame 195/1500: sequence=199 pts=7760000 us key=0 nv12=4478976 h264=6284 acquire=12.518 ms encode=26.231 ms mux=0.116 ms
start encode NV12 with RV1106 vendor packet ABI, frame=195
encode_put_frame ret=0
encode_get_packet ret=0 handle=0xae9cf958 expected=0xae9cf958
vendor packet: mpi_buf_id=177 len=7786 buf_size=1495040 offset=1230720 data_num=1 flag=0x00000000 pts=195
valloc packet buffer: mpi_buf_id=177 dma_buf_fd=11 size=0
H264 first bytes: 00 00 00 01 41 e0 01 e0 03 c6 04 70 22 c0 0a fc
encode_release_packet ret=0
MP4 frame 196/1500: sequence=200 pts=7800000 us key=0 nv12=4478976 h264=7786 acquire=13.169 ms encode=26.850 ms mux=0.131 ms
start encode NV12 with RV1106 vendor packet ABI, frame=196
encode_put_frame ret=0
encode_get_packet ret=0 handle=0xae9cf958 expected=0xae9cf958
vendor packet: mpi_buf_id=177 len=10016 buf_size=1495040 offset=1238528 data_num=1 flag=0x00000000 pts=196
valloc packet buffer: mpi_buf_id=177 dma_buf_fd=11 size=0
H264 first bytes: 00 00 00 01 41 e0 02 00 04 06 04 70 f4 7e 68 63
encode_release_packet ret=0
MP4 frame 197/1500: sequence=201 pts=7840000 us key=0 nv12=4478976 h264=10016 acquire=12.535 ms encode=26.289 ms mux=0.151 ms
start encode NV12 with RV1106 vendor packet ABI, frame=197
encode_put_frame ret=0
encode_get_packet ret=0 handle=0xae9cf958 expected=0xae9cf958
vendor packet: mpi_buf_id=177 len=10696 buf_size=1495040 offset=1248640 data_num=1 flag=0x00000000 pts=197
valloc packet buffer: mpi_buf_id=177 dma_buf_fd=11 size=0
H264 first bytes: 00 00 00 01 41 e0 02 20 04 46 05 70 ac 01 3f f8
encode_release_packet ret=0
MP4 frame 198/1500: sequence=202 pts=7880000 us key=0 nv12=4478976 h264=10696 acquire=13.078 ms encode=26.837 ms mux=0.162 ms
start encode NV12 with RV1106 vendor packet ABI, frame=198
encode_put_frame ret=0
encode_get_packet ret=0 handle=0xae9cf958 expected=0xae9cf958
vendor packet: mpi_buf_id=177 len=7963 buf_size=1495040 offset=1259392 data_num=1 flag=0x00000000 pts=198
valloc packet buffer: mpi_buf_id=177 dma_buf_fd=11 size=0
H264 first bytes: 00 00 00 01 41 e0 02 40 04 86 05 70 e8 88 93 f2
encode_release_packet ret=0
MP4 frame 199/1500: sequence=203 pts=7920000 us key=0 nv12=4478976 h264=7963 acquire=12.510 ms encode=26.213 ms mux=0.132 ms
start encode NV12 with RV1106 vendor packet ABI, frame=199
encode_put_frame ret=0
encode_get_packet ret=0 handle=0xae9cf958 expected=0xae9cf958
vendor packet: mpi_buf_id=177 len=4765 buf_size=1495040 offset=1267456 data_num=1 flag=0x00000000 pts=199
valloc packet buffer: mpi_buf_id=177 dma_buf_fd=11 size=0
H264 first bytes: 00 00 00 01 41 e0 02 60 04 c6 05 70 f4 3f b8 63
encode_release_packet ret=0
MP4 frame 200/1500: sequence=204 pts=7960000 us key=0 nv12=4478976 h264=4765 acquire=13.170 ms encode=26.901 ms mux=0.096 ms
start encode NV12 with RV1106 vendor packet ABI, frame=200
encode_put_frame ret=0
encode_get_packet ret=0 handle=0xae9cf958 expected=0xae9cf958
vendor packet: mpi_buf_id=177 len=2566 buf_size=1495040 offset=1272320 data_num=1 flag=0x00000000 pts=200
valloc packet buffer: mpi_buf_id=177 dma_buf_fd=11 size=0
H264 first bytes: 00 00 00 01 41 e0 02 80 05 06 05 70 4d 85 44 5f
encode_release_packet ret=0
MP4 frame 201/1500: sequence=205 pts=8000000 us key=0 nv12=4478976 h264=2566 acquire=12.522 ms encode=26.310 ms mux=0.074 ms
start encode NV12 with RV1106 vendor packet ABI, frame=201
encode_put_frame ret=0
encode_get_packet ret=0 handle=0xae9cf958 expected=0xae9cf958
vendor packet: mpi_buf_id=177 len=2173 buf_size=1495040 offset=1275008 data_num=1 flag=0x00000000 pts=201
valloc packet buffer: mpi_buf_id=177 dma_buf_fd=11 size=0
H264 first bytes: 00 00 00 01 41 e0 02 a0 05 46 05 70 4f 0f 4d df
encode_release_packet ret=0
MP4 frame 202/1500: sequence=206 pts=8040000 us key=0 nv12=4478976 h264=2173 acquire=13.135 ms encode=26.901 ms mux=0.072 ms
start encode NV12 with RV1106 vendor packet ABI, frame=202
encode_put_frame ret=0
encode_get_packet ret=0 handle=0xae9cf958 expected=0xae9cf958
vendor packet: mpi_buf_id=177 len=2775 buf_size=1495040 offset=1277184 data_num=1 flag=0x00000000 pts=202
valloc packet buffer: mpi_buf_id=177 dma_buf_fd=11 size=0
H264 first bytes: 00 00 00 01 41 e0 02 c0 05 86 05 70 2a e0 7f e1
encode_release_packet ret=0
MP4 frame 203/1500: sequence=207 pts=8080000 us key=0 nv12=4478976 h264=2775 acquire=12.542 ms encode=26.245 ms mux=0.079 ms
start encode NV12 with RV1106 vendor packet ABI, frame=203
encode_put_frame ret=0
encode_get_packet ret=0 handle=0xae9cf958 expected=0xae9cf958
vendor packet: mpi_buf_id=177 len=3226 buf_size=1495040 offset=1280000 data_num=1 flag=0x00000000 pts=203
valloc packet buffer: mpi_buf_id=177 dma_buf_fd=11 size=0
H264 first bytes: 00 00 00 01 41 e0 02 e0 05 c6 05 70 4f 1f 37 55
encode_release_packet ret=0
MP4 frame 204/1500: sequence=208 pts=8120000 us key=0 nv12=4478976 h264=3226 acquire=13.185 ms encode=26.884 ms mux=0.081 ms
start encode NV12 with RV1106 vendor packet ABI, frame=204
encode_put_frame ret=0
encode_get_packet ret=0 handle=0xae9cf958 expected=0xae9cf958
vendor packet: mpi_buf_id=177 len=4698 buf_size=1495040 offset=1283328 data_num=1 flag=0x00000000 pts=204
valloc packet buffer: mpi_buf_id=177 dma_buf_fd=11 size=0
H264 first bytes: 00 00 00 01 41 e0 03 00 06 06 05 70 50 21 41 ac
encode_release_packet ret=0
MP4 frame 205/1500: sequence=209 pts=8160000 us key=0 nv12=4478976 h264=4698 acquire=12.560 ms encode=26.196 ms mux=0.097 ms
start encode NV12 with RV1106 vendor packet ABI, frame=205
encode_put_frame ret=0
encode_get_packet ret=0 handle=0xae9cf958 expected=0xae9cf958
vendor packet: mpi_buf_id=177 len=6409 buf_size=1495040 offset=1288064 data_num=1 flag=0x00000000 pts=205
valloc packet buffer: mpi_buf_id=177 dma_buf_fd=11 size=0
H264 first bytes: 00 00 00 01 41 e0 03 20 06 46 05 70 51 9b 10 88
encode_release_packet ret=0
MP4 frame 206/1500: sequence=210 pts=8200000 us key=0 nv12=4478976 h264=6409 acquire=13.216 ms encode=26.944 ms mux=0.116 ms
start encode NV12 with RV1106 vendor packet ABI, frame=206
encode_put_frame ret=0
encode_get_packet ret=0 handle=0xae9cf958 expected=0xae9cf958
vendor packet: mpi_buf_id=177 len=7494 buf_size=1495040 offset=1294592 data_num=1 flag=0x00000000 pts=206
valloc packet buffer: mpi_buf_id=177 dma_buf_fd=11 size=0
H264 first bytes: 00 00 00 01 41 e0 03 40 06 86 05 70 47 0b eb 1d
encode_release_packet ret=0
MP4 frame 207/1500: sequence=211 pts=8240000 us key=0 nv12=4478976 h264=7494 acquire=12.460 ms encode=26.210 ms mux=0.126 ms
start encode NV12 with RV1106 vendor packet ABI, frame=207
encode_put_frame ret=0
encode_get_packet ret=0 handle=0xae9cf958 expected=0xae9cf958
vendor packet: mpi_buf_id=177 len=9468 buf_size=1495040 offset=1302144 data_num=1 flag=0x00000000 pts=207
valloc packet buffer: mpi_buf_id=177 dma_buf_fd=11 size=0
H264 first bytes: 00 00 00 01 41 e0 03 60 06 c6 05 70 ce 03 0b c2
encode_release_packet ret=0
MP4 frame 208/1500: sequence=212 pts=8280000 us key=0 nv12=4478976 h264=9468 acquire=13.160 ms encode=26.805 ms mux=0.149 ms
start encode NV12 with RV1106 vendor packet ABI, frame=208
encode_put_frame ret=0
encode_get_packet ret=0 handle=0xae9cf958 expected=0xae9cf958
vendor packet: mpi_buf_id=177 len=8026 buf_size=1495040 offset=1311616 data_num=1 flag=0x00000000 pts=208
valloc packet buffer: mpi_buf_id=177 dma_buf_fd=11 size=0
H264 first bytes: 00 00 00 01 41 e0 03 80 07 06 05 70 ed 29 b0 f5
encode_release_packet ret=0
MP4 frame 209/1500: sequence=213 pts=8320000 us key=0 nv12=4478976 h264=8026 acquire=12.569 ms encode=26.418 ms mux=0.132 ms
start encode NV12 with RV1106 vendor packet ABI, frame=209
encode_put_frame ret=0
encode_get_packet ret=0 handle=0xae9cf958 expected=0xae9cf958
vendor packet: mpi_buf_id=177 len=7626 buf_size=1495040 offset=1319680 data_num=1 flag=0x00000000 pts=209
valloc packet buffer: mpi_buf_id=177 dma_buf_fd=11 size=0
H264 first bytes: 00 00 00 01 41 e0 03 a0 07 46 05 70 ec 3c aa 2b
encode_release_packet ret=0
MP4 frame 210/1500: sequence=214 pts=8360000 us key=0 nv12=4478976 h264=7626 acquire=12.957 ms encode=26.848 ms mux=0.134 ms
start encode NV12 with RV1106 vendor packet ABI, frame=210
encode_put_frame ret=0
encode_get_packet ret=0 handle=0xae9cf958 expected=0xae9cf958
vendor packet: mpi_buf_id=177 len=22638 buf_size=1495040 offset=1327360 data_num=1 flag=0x00000010 pts=210
valloc packet buffer: mpi_buf_id=177 dma_buf_fd=11 size=0
H264 first bytes: 00 00 00 01 65 b8 00 00 80 00 00 dc 44 48 a0 00
encode_release_packet ret=0
MP4 frame 211/1500: sequence=215 pts=8400000 us key=1 nv12=4478976 h264=22638 acquire=12.538 ms encode=25.932 ms mux=0.853 ms
start encode NV12 with RV1106 vendor packet ABI, frame=211
encode_put_frame ret=0
encode_get_packet ret=0 handle=0xae9cf958 expected=0xae9cf958
vendor packet: mpi_buf_id=177 len=3098 buf_size=1495040 offset=1350016 data_num=1 flag=0x00000000 pts=211
valloc packet buffer: mpi_buf_id=177 dma_buf_fd=11 size=0
H264 first bytes: 00 00 00 01 41 e0 00 20 00 46 05 70 7f 03 0f 87
encode_release_packet ret=0
MP4 frame 212/1500: sequence=216 pts=8440000 us key=0 nv12=4478976 h264=3098 acquire=12.723 ms encode=26.932 ms mux=0.082 ms
start encode NV12 with RV1106 vendor packet ABI, frame=212
encode_put_frame ret=0
encode_get_packet ret=0 handle=0xae9cf958 expected=0xae9cf958
vendor packet: mpi_buf_id=177 len=3902 buf_size=1495040 offset=1353216 data_num=1 flag=0x00000000 pts=212
valloc packet buffer: mpi_buf_id=177 dma_buf_fd=11 size=0
H264 first bytes: 00 00 00 01 41 e0 00 40 00 86 05 70 5f 9a 14 80
encode_release_packet ret=0
MP4 frame 213/1500: sequence=217 pts=8480000 us key=0 nv12=4478976 h264=3902 acquire=12.493 ms encode=26.205 ms mux=0.090 ms
start encode NV12 with RV1106 vendor packet ABI, frame=213
encode_put_frame ret=0
encode_get_packet ret=0 handle=0xae9cf958 expected=0xae9cf958
vendor packet: mpi_buf_id=177 len=2800 buf_size=1495040 offset=1357184 data_num=1 flag=0x00000000 pts=213
valloc packet buffer: mpi_buf_id=177 dma_buf_fd=11 size=0
H264 first bytes: 00 00 00 01 41 e0 00 60 00 c6 05 70 23 40 52 87
encode_release_packet ret=0
MP4 frame 214/1500: sequence=218 pts=8520000 us key=0 nv12=4478976 h264=2800 acquire=12.791 ms encode=28.599 ms mux=0.077 ms
start encode NV12 with RV1106 vendor packet ABI, frame=214
encode_put_frame ret=0
encode_get_packet ret=0 handle=0xae9cf958 expected=0xae9cf958
vendor packet: mpi_buf_id=177 len=2514 buf_size=1495040 offset=1360000 data_num=1 flag=0x00000000 pts=214
valloc packet buffer: mpi_buf_id=177 dma_buf_fd=11 size=0
H264 first bytes: 00 00 00 01 41 e0 00 80 01 06 05 70 5b a8 6e 07
encode_release_packet ret=0
MP4 frame 215/1500: sequence=219 pts=8560000 us key=0 nv12=4478976 h264=2514 acquire=10.815 ms encode=26.348 ms mux=0.076 ms
start encode NV12 with RV1106 vendor packet ABI, frame=215
encode_put_frame ret=0
encode_get_packet ret=0 handle=0xae9cf958 expected=0xae9cf958
vendor packet: mpi_buf_id=177 len=2762 buf_size=1495040 offset=1362560 data_num=1 flag=0x00000000 pts=215
valloc packet buffer: mpi_buf_id=177 dma_buf_fd=11 size=0
H264 first bytes: 00 00 00 01 41 e0 00 a0 01 46 05 70 59 a8 7a 09
encode_release_packet ret=0
MP4 frame 216/1500: sequence=220 pts=8600000 us key=0 nv12=4478976 h264=2762 acquire=13.091 ms encode=26.884 ms mux=0.076 ms
start encode NV12 with RV1106 vendor packet ABI, frame=216
encode_put_frame ret=0
encode_get_packet ret=0 handle=0xae9cf958 expected=0xae9cf958
vendor packet: mpi_buf_id=177 len=2613 buf_size=1495040 offset=1365376 data_num=1 flag=0x00000000 pts=216
valloc packet buffer: mpi_buf_id=177 dma_buf_fd=11 size=0
H264 first bytes: 00 00 00 01 41 e0 00 c0 01 86 05 70 47 66 80 95
encode_release_packet ret=0
MP4 frame 217/1500: sequence=221 pts=8640000 us key=0 nv12=4478976 h264=2613 acquire=12.564 ms encode=26.323 ms mux=0.076 ms
start encode NV12 with RV1106 vendor packet ABI, frame=217
encode_put_frame ret=0
encode_get_packet ret=0 handle=0xae9cf958 expected=0xae9cf958
vendor packet: mpi_buf_id=177 len=1946 buf_size=1495040 offset=1368064 data_num=1 flag=0x00000000 pts=217
valloc packet buffer: mpi_buf_id=177 dma_buf_fd=11 size=0
H264 first bytes: 00 00 00 01 41 e0 00 e0 01 c6 05 70 0e a5 e0 24
encode_release_packet ret=0
MP4 frame 218/1500: sequence=222 pts=8680000 us key=0 nv12=4478976 h264=1946 acquire=13.112 ms encode=26.889 ms mux=0.070 ms
start encode NV12 with RV1106 vendor packet ABI, frame=218
encode_put_frame ret=0
encode_get_packet ret=0 handle=0xae9cf958 expected=0xae9cf958
vendor packet: mpi_buf_id=177 len=1582 buf_size=1495040 offset=1370112 data_num=1 flag=0x00000000 pts=218
valloc packet buffer: mpi_buf_id=177 dma_buf_fd=11 size=0
H264 first bytes: 00 00 00 01 41 e0 01 00 02 06 05 70 06 35 32 08
encode_release_packet ret=0
MP4 frame 219/1500: sequence=223 pts=8720000 us key=0 nv12=4478976 h264=1582 acquire=12.566 ms encode=26.207 ms mux=0.064 ms
start encode NV12 with RV1106 vendor packet ABI, frame=219
encode_put_frame ret=0
encode_get_packet ret=0 handle=0xae9cf958 expected=0xae9cf958
vendor packet: mpi_buf_id=177 len=2210 buf_size=1495040 offset=1371776 data_num=1 flag=0x00000000 pts=219
valloc packet buffer: mpi_buf_id=177 dma_buf_fd=11 size=0
H264 first bytes: 00 00 00 01 41 e0 01 20 02 46 05 70 0b 54 05 14
encode_release_packet ret=0
MP4 frame 220/1500: sequence=224 pts=8760000 us key=0 nv12=4478976 h264=2210 acquire=13.251 ms encode=26.865 ms mux=0.071 ms
start encode NV12 with RV1106 vendor packet ABI, frame=220
encode_put_frame ret=0
encode_get_packet ret=0 handle=0xae9cf958 expected=0xae9cf958
vendor packet: mpi_buf_id=177 len=2668 buf_size=1495040 offset=1374080 data_num=1 flag=0x00000000 pts=220
valloc packet buffer: mpi_buf_id=177 dma_buf_fd=11 size=0
H264 first bytes: 00 00 00 01 41 e0 01 40 02 86 05 70 24 c0 28 5f
encode_release_packet ret=0
MP4 frame 221/1500: sequence=225 pts=8800000 us key=0 nv12=4478976 h264=2668 acquire=12.575 ms encode=26.287 ms mux=0.077 ms
start encode NV12 with RV1106 vendor packet ABI, frame=221
encode_put_frame ret=0
encode_get_packet ret=0 handle=0xae9cf958 expected=0xae9cf958
vendor packet: mpi_buf_id=177 len=3299 buf_size=1495040 offset=1376768 data_num=1 flag=0x00000000 pts=221
valloc packet buffer: mpi_buf_id=177 dma_buf_fd=11 size=0
H264 first bytes: 00 00 00 01 41 e0 01 60 02 c6 05 70 5f 11 85 a0
encode_release_packet ret=0
MP4 frame 222/1500: sequence=226 pts=8840000 us key=0 nv12=4478976 h264=3299 acquire=13.148 ms encode=26.910 ms mux=0.102 ms
start encode NV12 with RV1106 vendor packet ABI, frame=222
encode_put_frame ret=0
encode_get_packet ret=0 handle=0xae9cf958 expected=0xae9cf958
vendor packet: mpi_buf_id=177 len=2369 buf_size=1495040 offset=1380096 data_num=1 flag=0x00000000 pts=222
valloc packet buffer: mpi_buf_id=177 dma_buf_fd=11 size=0
H264 first bytes: 00 00 00 01 41 e0 01 80 03 06 05 70 21 c0 28 5e
encode_release_packet ret=0
MP4 frame 223/1500: sequence=227 pts=8880000 us key=0 nv12=4478976 h264=2369 acquire=12.511 ms encode=26.245 ms mux=0.071 ms
start encode NV12 with RV1106 vendor packet ABI, frame=223
encode_put_frame ret=0
encode_get_packet ret=0 handle=0xae9cf958 expected=0xae9cf958
vendor packet: mpi_buf_id=177 len=1357 buf_size=1495040 offset=1382528 data_num=1 flag=0x00000000 pts=223
valloc packet buffer: mpi_buf_id=177 dma_buf_fd=11 size=0
H264 first bytes: 00 00 00 01 41 e0 01 a0 03 46 05 70 17 d9 e0 28
encode_release_packet ret=0
MP4 frame 224/1500: sequence=228 pts=8920000 us key=0 nv12=4478976 h264=1357 acquire=13.191 ms encode=26.923 ms mux=0.062 ms
start encode NV12 with RV1106 vendor packet ABI, frame=224
encode_put_frame ret=0
encode_get_packet ret=0 handle=0xae9cf958 expected=0xae9cf958
vendor packet: mpi_buf_id=177 len=867 buf_size=1495040 offset=1383936 data_num=1 flag=0x00000000 pts=224
valloc packet buffer: mpi_buf_id=177 dma_buf_fd=11 size=0
H264 first bytes: 00 00 00 01 41 e0 01 c0 03 86 05 70 1a 55 81 fa
encode_release_packet ret=0
MP4 frame 225/1500: sequence=229 pts=8960000 us key=0 nv12=4478976 h264=867 acquire=12.433 ms encode=26.237 ms mux=0.058 ms
start encode NV12 with RV1106 vendor packet ABI, frame=225
encode_put_frame ret=0
encode_get_packet ret=0 handle=0xae9cf958 expected=0xae9cf958
vendor packet: mpi_buf_id=177 len=2501 buf_size=1495040 offset=1384832 data_num=1 flag=0x00000000 pts=225
valloc packet buffer: mpi_buf_id=177 dma_buf_fd=11 size=0
H264 first bytes: 00 00 00 01 41 e0 01 e0 03 c6 0d c1 56 a4 9b f8
encode_release_packet ret=0
MP4 frame 226/1500: sequence=230 pts=9000000 us key=0 nv12=4478976 h264=2501 acquire=13.225 ms encode=26.955 ms mux=0.074 ms
start encode NV12 with RV1106 vendor packet ABI, frame=226
encode_put_frame ret=0
encode_get_packet ret=0 handle=0xae9cf958 expected=0xae9cf958
vendor packet: mpi_buf_id=177 len=2116 buf_size=1495040 offset=1387392 data_num=1 flag=0x00000000 pts=226
valloc packet buffer: mpi_buf_id=177 dma_buf_fd=11 size=0
H264 first bytes: 00 00 00 01 41 e0 02 00 04 06 0d c0 5b ea 22 8f
encode_release_packet ret=0
MP4 frame 227/1500: sequence=231 pts=9040000 us key=0 nv12=4478976 h264=2116 acquire=12.490 ms encode=26.248 ms mux=0.070 ms
start encode NV12 with RV1106 vendor packet ABI, frame=227
encode_put_frame ret=0
encode_get_packet ret=0 handle=0xae9cf958 expected=0xae9cf958
vendor packet: mpi_buf_id=177 len=3290 buf_size=1495040 offset=1389568 data_num=1 flag=0x00000000 pts=227
valloc packet buffer: mpi_buf_id=177 dma_buf_fd=11 size=0
H264 first bytes: 00 00 00 01 41 e0 02 20 04 46 0d c0 85 01 2d 80
encode_release_packet ret=0
MP4 frame 228/1500: sequence=232 pts=9080000 us key=0 nv12=4478976 h264=3290 acquire=13.194 ms encode=26.823 ms mux=0.083 ms
start encode NV12 with RV1106 vendor packet ABI, frame=228
encode_put_frame ret=0
encode_get_packet ret=0 handle=0xae9cf958 expected=0xae9cf958
vendor packet: mpi_buf_id=177 len=3902 buf_size=1495040 offset=1392896 data_num=1 flag=0x00000000 pts=228
valloc packet buffer: mpi_buf_id=177 dma_buf_fd=11 size=0
H264 first bytes: 00 00 00 01 41 e0 02 40 04 86 0d c0 83 03 d6 02
encode_release_packet ret=0
MP4 frame 229/1500: sequence=233 pts=9120000 us key=0 nv12=4478976 h264=3902 acquire=12.612 ms encode=26.231 ms mux=0.090 ms
start encode NV12 with RV1106 vendor packet ABI, frame=229
encode_put_frame ret=0
encode_get_packet ret=0 handle=0xae9cf958 expected=0xae9cf958
vendor packet: mpi_buf_id=177 len=3379 buf_size=1495040 offset=1396864 data_num=1 flag=0x00000000 pts=229
valloc packet buffer: mpi_buf_id=177 dma_buf_fd=11 size=0
H264 first bytes: 00 00 00 01 41 e0 02 60 04 c6 0d c0 68 43 c8 48
encode_release_packet ret=0
MP4 frame 230/1500: sequence=234 pts=9160000 us key=0 nv12=4478976 h264=3379 acquire=13.198 ms encode=26.885 ms mux=0.082 ms
start encode NV12 with RV1106 vendor packet ABI, frame=230
encode_put_frame ret=0
encode_get_packet ret=0 handle=0xae9cf958 expected=0xae9cf958
vendor packet: mpi_buf_id=177 len=2898 buf_size=1495040 offset=1400320 data_num=1 flag=0x00000000 pts=230
valloc packet buffer: mpi_buf_id=177 dma_buf_fd=11 size=0
H264 first bytes: 00 00 00 01 41 e0 02 80 05 06 0d c0 81 48 70 9a
encode_release_packet ret=0
MP4 frame 231/1500: sequence=235 pts=9200000 us key=0 nv12=4478976 h264=2898 acquire=12.540 ms encode=26.247 ms mux=0.078 ms
start encode NV12 with RV1106 vendor packet ABI, frame=231
encode_put_frame ret=0
encode_get_packet ret=0 handle=0xae9cf958 expected=0xae9cf958
vendor packet: mpi_buf_id=177 len=3459 buf_size=1495040 offset=1403264 data_num=1 flag=0x00000000 pts=231
valloc packet buffer: mpi_buf_id=177 dma_buf_fd=11 size=0
H264 first bytes: 00 00 00 01 41 e0 02 a0 05 46 0d c1 fc 0e ca 07
encode_release_packet ret=0
MP4 frame 232/1500: sequence=236 pts=9240000 us key=0 nv12=4478976 h264=3459 acquire=13.197 ms encode=26.826 ms mux=0.083 ms
start encode NV12 with RV1106 vendor packet ABI, frame=232
encode_put_frame ret=0
encode_get_packet ret=0 handle=0xae9cf958 expected=0xae9cf958
vendor packet: mpi_buf_id=177 len=2728 buf_size=1495040 offset=1406848 data_num=1 flag=0x00000000 pts=232
valloc packet buffer: mpi_buf_id=177 dma_buf_fd=11 size=0
H264 first bytes: 00 00 00 01 41 e0 02 c0 05 86 04 70 7d 01 2c 1e
encode_release_packet ret=0
MP4 frame 233/1500: sequence=237 pts=9280000 us key=0 nv12=4478976 h264=2728 acquire=12.493 ms encode=26.220 ms mux=0.078 ms
start encode NV12 with RV1106 vendor packet ABI, frame=233
encode_put_frame ret=0
encode_get_packet ret=0 handle=0xae9cf958 expected=0xae9cf958
vendor packet: mpi_buf_id=177 len=3409 buf_size=1495040 offset=1409664 data_num=1 flag=0x00000000 pts=233
valloc packet buffer: mpi_buf_id=177 dma_buf_fd=11 size=0
H264 first bytes: 00 00 00 01 41 e0 02 e0 05 c6 04 70 7b 01 0d 80
encode_release_packet ret=0
MP4 frame 234/1500: sequence=238 pts=9320000 us key=0 nv12=4478976 h264=3409 acquire=13.210 ms encode=26.811 ms mux=0.083 ms
start encode NV12 with RV1106 vendor packet ABI, frame=234
encode_put_frame ret=0
encode_get_packet ret=0 handle=0xae9cf958 expected=0xae9cf958
vendor packet: mpi_buf_id=177 len=4081 buf_size=1495040 offset=1413120 data_num=1 flag=0x00000000 pts=234
valloc packet buffer: mpi_buf_id=177 dma_buf_fd=11 size=0
H264 first bytes: 00 00 00 01 41 e0 03 00 06 06 04 70 73 01 c5 e0
encode_release_packet ret=0
MP4 frame 235/1500: sequence=239 pts=9360000 us key=0 nv12=4478976 h264=4081 acquire=12.630 ms encode=26.198 ms mux=0.090 ms
start encode NV12 with RV1106 vendor packet ABI, frame=235
encode_put_frame ret=0
encode_get_packet ret=0 handle=0xae9cf958 expected=0xae9cf958
vendor packet: mpi_buf_id=177 len=4770 buf_size=1495040 offset=1417216 data_num=1 flag=0x00000000 pts=235
valloc packet buffer: mpi_buf_id=177 dma_buf_fd=11 size=0
H264 first bytes: 00 00 00 01 41 e0 03 20 06 46 04 70 f4 14 84 bb
encode_release_packet ret=0
MP4 frame 236/1500: sequence=240 pts=9400000 us key=0 nv12=4478976 h264=4770 acquire=13.215 ms encode=26.880 ms mux=0.097 ms
start encode NV12 with RV1106 vendor packet ABI, frame=236
encode_put_frame ret=0
encode_get_packet ret=0 handle=0xae9cf958 expected=0xae9cf958
vendor packet: mpi_buf_id=177 len=2991 buf_size=1495040 offset=1422080 data_num=1 flag=0x00000000 pts=236
valloc packet buffer: mpi_buf_id=177 dma_buf_fd=11 size=0
H264 first bytes: 00 00 00 01 41 e0 03 40 06 86 05 70 6f 01 b5 e0
encode_release_packet ret=0
MP4 frame 237/1500: sequence=241 pts=9440000 us key=0 nv12=4478976 h264=2991 acquire=12.542 ms encode=26.347 ms mux=0.081 ms
start encode NV12 with RV1106 vendor packet ABI, frame=237
encode_put_frame ret=0
encode_get_packet ret=0 handle=0xae9cf958 expected=0xae9cf958
vendor packet: mpi_buf_id=177 len=2994 buf_size=1495040 offset=1425152 data_num=1 flag=0x00000000 pts=237
valloc packet buffer: mpi_buf_id=177 dma_buf_fd=11 size=0
H264 first bytes: 00 00 00 01 41 e0 03 60 06 c6 05 70 18 d0 12 ca
encode_release_packet ret=0
MP4 frame 238/1500: sequence=242 pts=9480000 us key=0 nv12=4478976 h264=2994 acquire=13.085 ms encode=26.879 ms mux=0.080 ms
start encode NV12 with RV1106 vendor packet ABI, frame=238
encode_put_frame ret=0
encode_get_packet ret=0 handle=0xae9cf958 expected=0xae9cf958
vendor packet: mpi_buf_id=177 len=2228 buf_size=1495040 offset=1428224 data_num=1 flag=0x00000000 pts=238
valloc packet buffer: mpi_buf_id=177 dma_buf_fd=11 size=0
H264 first bytes: 00 00 00 01 41 e0 03 80 07 06 05 70 5b ae 7c 04
encode_release_packet ret=0
MP4 frame 239/1500: sequence=243 pts=9520000 us key=0 nv12=4478976 h264=2228 acquire=12.556 ms encode=26.265 ms mux=0.072 ms
start encode NV12 with RV1106 vendor packet ABI, frame=239
encode_put_frame ret=0
encode_get_packet ret=0 handle=0xae9cf958 expected=0xae9cf958
vendor packet: mpi_buf_id=177 len=2941 buf_size=1495040 offset=1430528 data_num=1 flag=0x00000000 pts=239
valloc packet buffer: mpi_buf_id=177 dma_buf_fd=11 size=0
H264 first bytes: 00 00 00 01 41 e0 03 a0 07 46 05 70 4f 9b ff ff
encode_release_packet ret=0
MP4 frame 240/1500: sequence=244 pts=9560000 us key=0 nv12=4478976 h264=2941 acquire=13.181 ms encode=26.940 ms mux=0.078 ms
start encode NV12 with RV1106 vendor packet ABI, frame=240
encode_put_frame ret=0
encode_get_packet ret=0 handle=0xae9cf958 expected=0xae9cf958
vendor packet: mpi_buf_id=177 len=19861 buf_size=1495040 offset=1433472 data_num=1 flag=0x00000010 pts=240
valloc packet buffer: mpi_buf_id=177 dma_buf_fd=11 size=0
H264 first bytes: 00 00 00 01 65 b8 00 00 90 00 00 dc 44 48 a0 00
encode_release_packet ret=0
MP4 frame 241/1500: sequence=245 pts=9600000 us key=1 nv12=4478976 h264=19861 acquire=12.498 ms encode=25.949 ms mux=0.620 ms
start encode NV12 with RV1106 vendor packet ABI, frame=241
encode_put_frame ret=0
encode_get_packet ret=0 handle=0xae9cf958 expected=0xae9cf958
vendor packet: mpi_buf_id=177 len=5355 buf_size=1495040 offset=1453440 data_num=1 flag=0x00000000 pts=241
valloc packet buffer: mpi_buf_id=177 dma_buf_fd=11 size=0
H264 first bytes: 00 00 00 01 41 e0 00 20 00 46 04 72 61 ff 1b e3
encode_release_packet ret=0
MP4 frame 242/1500: sequence=246 pts=9640000 us key=0 nv12=4478976 h264=5355 acquire=12.938 ms encode=26.934 ms mux=0.104 ms
start encode NV12 with RV1106 vendor packet ABI, frame=242
encode_put_frame ret=0
encode_get_packet ret=0 handle=0xae9cf958 expected=0xae9cf958
vendor packet: mpi_buf_id=177 len=9037 buf_size=1495040 offset=1458816 data_num=1 flag=0x00000000 pts=242
valloc packet buffer: mpi_buf_id=177 dma_buf_fd=11 size=0
H264 first bytes: 00 00 00 01 41 e0 00 40 00 86 05 77 02 30 22 30
encode_release_packet ret=0
MP4 frame 243/1500: sequence=247 pts=9680000 us key=0 nv12=4478976 h264=9037 acquire=12.472 ms encode=26.208 ms mux=0.141 ms
start encode NV12 with RV1106 vendor packet ABI, frame=243
encode_put_frame ret=0
encode_get_packet ret=0 handle=0xae9cf958 expected=0xae9cf958
vendor packet: mpi_buf_id=177 len=14348 buf_size=1495040 offset=1467904 data_num=1 flag=0x00000000 pts=243
valloc packet buffer: mpi_buf_id=177 dma_buf_fd=11 size=0
H264 first bytes: 00 00 00 01 41 e0 00 60 00 c6 05 77 01 ff e1 0f
encode_release_packet ret=0
MP4 frame 244/1500: sequence=248 pts=9720000 us key=0 nv12=4478976 h264=14348 acquire=13.168 ms encode=26.905 ms mux=0.194 ms
start encode NV12 with RV1106 vendor packet ABI, frame=244
encode_put_frame ret=0
encode_get_packet ret=0 handle=0xae9cf958 expected=0xae9cf958
vendor packet: mpi_buf_id=177 len=16458 buf_size=1495040 offset=1482368 data_num=1 flag=0x00000000 pts=244
valloc packet buffer: mpi_buf_id=177 dma_buf_fd=11 size=0
H264 first bytes: 00 00 00 01 41 e0 00 80 01 06 05 72 c0 3f fe 1e
encode_release_packet ret=0
MP4 frame 245/1500: sequence=249 pts=9760000 us key=0 nv12=4478976 h264=16458 acquire=12.418 ms encode=26.288 ms mux=0.219 ms
start encode NV12 with RV1106 vendor packet ABI, frame=245
encode_put_frame ret=0
encode_get_packet ret=0 handle=0xae9cf958 expected=0xae9cf958
vendor packet: mpi_buf_id=177 len=7715 buf_size=1495040 offset=3840 data_num=1 flag=0x00000000 pts=245
valloc packet buffer: mpi_buf_id=177 dma_buf_fd=11 size=0
H264 first bytes: 00 00 00 01 41 e0 00 a0 01 46 05 70 dc 05 fe a0
encode_release_packet ret=0
MP4 frame 246/1500: sequence=250 pts=9800000 us key=0 nv12=4478976 h264=7715 acquire=13.002 ms encode=26.852 ms mux=0.123 ms
start encode NV12 with RV1106 vendor packet ABI, frame=246
encode_put_frame ret=0
encode_get_packet ret=0 handle=0xae9cf958 expected=0xae9cf958
vendor packet: mpi_buf_id=177 len=4699 buf_size=1495040 offset=11648 data_num=1 flag=0x00000000 pts=246
valloc packet buffer: mpi_buf_id=177 dma_buf_fd=11 size=0
H264 first bytes: 00 00 00 01 41 e0 00 c0 01 86 05 70 ee 06 8e 1f
encode_release_packet ret=0
MP4 frame 247/1500: sequence=251 pts=9840000 us key=0 nv12=4478976 h264=4699 acquire=12.548 ms encode=26.200 ms mux=0.095 ms
start encode NV12 with RV1106 vendor packet ABI, frame=247
encode_put_frame ret=0
encode_get_packet ret=0 handle=0xae9cf958 expected=0xae9cf958
vendor packet: mpi_buf_id=177 len=5942 buf_size=1495040 offset=16384 data_num=1 flag=0x00000000 pts=247
valloc packet buffer: mpi_buf_id=177 dma_buf_fd=11 size=0
H264 first bytes: 00 00 00 01 41 e0 00 e0 01 c6 05 70 5f 15 e2 c7
encode_release_packet ret=0
MP4 frame 248/1500: sequence=252 pts=9880000 us key=0 nv12=4478976 h264=5942 acquire=13.209 ms encode=27.069 ms mux=0.105 ms
start encode NV12 with RV1106 vendor packet ABI, frame=248
encode_put_frame ret=0
encode_get_packet ret=0 handle=0xae9cf958 expected=0xae9cf958
vendor packet: mpi_buf_id=177 len=6716 buf_size=1495040 offset=22400 data_num=1 flag=0x00000000 pts=248
valloc packet buffer: mpi_buf_id=177 dma_buf_fd=11 size=0
H264 first bytes: 00 00 00 01 41 e0 01 00 02 06 05 70 41 0f f8 12
encode_release_packet ret=0
MP4 frame 249/1500: sequence=253 pts=9920000 us key=0 nv12=4478976 h264=6716 acquire=12.343 ms encode=26.231 ms mux=0.117 ms
start encode NV12 with RV1106 vendor packet ABI, frame=249
encode_put_frame ret=0
encode_get_packet ret=0 handle=0xae9cf958 expected=0xae9cf958
vendor packet: mpi_buf_id=177 len=9844 buf_size=1495040 offset=29184 data_num=1 flag=0x00000000 pts=249
valloc packet buffer: mpi_buf_id=177 dma_buf_fd=11 size=0
H264 first bytes: 00 00 00 01 41 e0 01 20 02 46 05 70 98 98 91 47
encode_release_packet ret=0
MP4 frame 250/1500: sequence=254 pts=9960000 us key=0 nv12=4478976 h264=9844 acquire=13.172 ms encode=26.807 ms mux=0.147 ms
start encode NV12 with RV1106 vendor packet ABI, frame=250
encode_put_frame ret=0
encode_get_packet ret=0 handle=0xae9cf958 expected=0xae9cf958
vendor packet: mpi_buf_id=177 len=8994 buf_size=1495040 offset=39040 data_num=1 flag=0x00000000 pts=250
valloc packet buffer: mpi_buf_id=177 dma_buf_fd=11 size=0
H264 first bytes: 00 00 00 01 41 e0 01 40 02 86 05 70 44 26 11 19
encode_release_packet ret=0
MP4 frame 251/1500: sequence=255 pts=10000000 us key=0 nv12=4478976 h264=8994 acquire=12.555 ms encode=26.249 ms mux=0.142 ms
start encode NV12 with RV1106 vendor packet ABI, frame=251
encode_put_frame ret=0
encode_get_packet ret=0 handle=0xae9cf958 expected=0xae9cf958
vendor packet: mpi_buf_id=177 len=6739 buf_size=1495040 offset=48128 data_num=1 flag=0x00000000 pts=251
valloc packet buffer: mpi_buf_id=177 dma_buf_fd=11 size=0
H264 first bytes: 00 00 00 01 41 e0 01 60 02 c6 05 70 43 03 08 3c
encode_release_packet ret=0
MP4 frame 252/1500: sequence=256 pts=10040000 us key=0 nv12=4478976 h264=6739 acquire=13.126 ms encode=26.886 ms mux=0.121 ms
start encode NV12 with RV1106 vendor packet ABI, frame=252
encode_put_frame ret=0
encode_get_packet ret=0 handle=0xae9cf958 expected=0xae9cf958
vendor packet: mpi_buf_id=177 len=8728 buf_size=1495040 offset=54912 data_num=1 flag=0x00000000 pts=252
valloc packet buffer: mpi_buf_id=177 dma_buf_fd=11 size=0
H264 first bytes: 00 00 00 01 41 e0 01 80 03 06 05 70 43 81 e3 c2
encode_release_packet ret=0
MP4 frame 253/1500: sequence=257 pts=10080000 us key=0 nv12=4478976 h264=8728 acquire=12.509 ms encode=26.245 ms mux=0.144 ms
start encode NV12 with RV1106 vendor packet ABI, frame=253
encode_put_frame ret=0
encode_get_packet ret=0 handle=0xae9cf958 expected=0xae9cf958
vendor packet: mpi_buf_id=177 len=8766 buf_size=1495040 offset=63744 data_num=1 flag=0x00000000 pts=253
valloc packet buffer: mpi_buf_id=177 dma_buf_fd=11 size=0
H264 first bytes: 00 00 00 01 41 e0 01 a0 03 46 05 71 30 1b fb 80
encode_release_packet ret=0
MP4 frame 254/1500: sequence=258 pts=10120000 us key=0 nv12=4478976 h264=8766 acquire=13.129 ms encode=26.913 ms mux=0.136 ms
start encode NV12 with RV1106 vendor packet ABI, frame=254
encode_put_frame ret=0
encode_get_packet ret=0 handle=0xae9cf958 expected=0xae9cf958
vendor packet: mpi_buf_id=177 len=6211 buf_size=1495040 offset=72576 data_num=1 flag=0x00000000 pts=254
valloc packet buffer: mpi_buf_id=177 dma_buf_fd=11 size=0
H264 first bytes: 00 00 00 01 41 e0 01 c0 03 86 05 70 53 0b 01 80
encode_release_packet ret=0
MP4 frame 255/1500: sequence=259 pts=10160000 us key=0 nv12=4478976 h264=6211 acquire=12.472 ms encode=26.228 ms mux=0.111 ms
start encode NV12 with RV1106 vendor packet ABI, frame=255
encode_put_frame ret=0
encode_get_packet ret=0 handle=0xae9cf958 expected=0xae9cf958
vendor packet: mpi_buf_id=177 len=4780 buf_size=1495040 offset=78848 data_num=1 flag=0x00000000 pts=255
valloc packet buffer: mpi_buf_id=177 dma_buf_fd=11 size=0
H264 first bytes: 00 00 00 01 41 e0 01 e0 03 c6 05 70 52 22 24 4b
encode_release_packet ret=0
MP4 frame 256/1500: sequence=260 pts=10200000 us key=0 nv12=4478976 h264=4780 acquire=13.172 ms encode=26.896 ms mux=0.096 ms
start encode NV12 with RV1106 vendor packet ABI, frame=256
encode_put_frame ret=0
encode_get_packet ret=0 handle=0xae9cf958 expected=0xae9cf958
vendor packet: mpi_buf_id=177 len=4713 buf_size=1495040 offset=83712 data_num=1 flag=0x00000000 pts=256
valloc packet buffer: mpi_buf_id=177 dma_buf_fd=11 size=0
H264 first bytes: 00 00 00 01 41 e0 02 00 04 06 05 71 d0 3e 87 08
encode_release_packet ret=0
MP4 frame 257/1500: sequence=261 pts=10240000 us key=0 nv12=4478976 h264=4713 acquire=12.522 ms encode=26.279 ms mux=0.094 ms
start encode NV12 with RV1106 vendor packet ABI, frame=257
encode_put_frame ret=0
encode_get_packet ret=0 handle=0xae9cf958 expected=0xae9cf958
vendor packet: mpi_buf_id=177 len=8532 buf_size=1495040 offset=88448 data_num=1 flag=0x00000000 pts=257
valloc packet buffer: mpi_buf_id=177 dma_buf_fd=11 size=0
H264 first bytes: 00 00 00 01 41 e0 02 20 04 46 05 70 ae 07 f4 25
encode_release_packet ret=0
MP4 frame 258/1500: sequence=262 pts=10280000 us key=0 nv12=4478976 h264=8532 acquire=13.133 ms encode=26.855 ms mux=0.135 ms
start encode NV12 with RV1106 vendor packet ABI, frame=258
encode_put_frame ret=0
encode_get_packet ret=0 handle=0xae9cf958 expected=0xae9cf958
vendor packet: mpi_buf_id=177 len=10531 buf_size=1495040 offset=97024 data_num=1 flag=0x00000000 pts=258
valloc packet buffer: mpi_buf_id=177 dma_buf_fd=11 size=0
H264 first bytes: 00 00 00 01 41 e0 02 40 04 86 05 72 08 89 14 71
encode_release_packet ret=0
MP4 frame 259/1500: sequence=263 pts=10320000 us key=0 nv12=4478976 h264=10531 acquire=12.531 ms encode=26.354 ms mux=0.156 ms
start encode NV12 with RV1106 vendor packet ABI, frame=259
encode_put_frame ret=0
encode_get_packet ret=0 handle=0xae9cf958 expected=0xae9cf958
vendor packet: mpi_buf_id=177 len=10624 buf_size=1495040 offset=107648 data_num=1 flag=0x00000000 pts=259
valloc packet buffer: mpi_buf_id=177 dma_buf_fd=11 size=0
H264 first bytes: 00 00 00 01 41 e0 02 60 04 c6 05 7f 18 25 dd dd
encode_release_packet ret=0
MP4 frame 260/1500: sequence=264 pts=10360000 us key=0 nv12=4478976 h264=10624 acquire=12.996 ms encode=26.900 ms mux=0.149 ms
start encode NV12 with RV1106 vendor packet ABI, frame=260
encode_put_frame ret=0
encode_get_packet ret=0 handle=0xae9cf958 expected=0xae9cf958
vendor packet: mpi_buf_id=177 len=11707 buf_size=1495040 offset=118272 data_num=1 flag=0x00000000 pts=260
valloc packet buffer: mpi_buf_id=177 dma_buf_fd=11 size=0
H264 first bytes: 00 00 00 01 41 e0 02 80 05 06 05 70 8c 02 7f e0
encode_release_packet ret=0
MP4 frame 261/1500: sequence=265 pts=10400000 us key=0 nv12=4478976 h264=11707 acquire=12.466 ms encode=26.250 ms mux=0.176 ms
start encode NV12 with RV1106 vendor packet ABI, frame=261
encode_put_frame ret=0
encode_get_packet ret=0 handle=0xae9cf958 expected=0xae9cf958
vendor packet: mpi_buf_id=177 len=10207 buf_size=1495040 offset=130048 data_num=1 flag=0x00000000 pts=261
valloc packet buffer: mpi_buf_id=177 dma_buf_fd=11 size=0
H264 first bytes: 00 00 00 01 41 e0 02 a0 05 46 05 70 ac 03 e3 e0
encode_release_packet ret=0
MP4 frame 262/1500: sequence=266 pts=10440000 us key=0 nv12=4478976 h264=10207 acquire=13.090 ms encode=26.858 ms mux=0.153 ms
start encode NV12 with RV1106 vendor packet ABI, frame=262
encode_put_frame ret=0
encode_get_packet ret=0 handle=0xae9cf958 expected=0xae9cf958
vendor packet: mpi_buf_id=177 len=12317 buf_size=1495040 offset=140288 data_num=1 flag=0x00000000 pts=262
valloc packet buffer: mpi_buf_id=177 dma_buf_fd=11 size=0
H264 first bytes: 00 00 00 01 41 e0 02 c0 05 86 05 70 cc 07 9f 80
encode_release_packet ret=0
MP4 frame 263/1500: sequence=267 pts=10480000 us key=0 nv12=4478976 h264=12317 acquire=12.509 ms encode=26.233 ms mux=0.177 ms
start encode NV12 with RV1106 vendor packet ABI, frame=263
encode_put_frame ret=0
encode_get_packet ret=0 handle=0xae9cf958 expected=0xae9cf958
vendor packet: mpi_buf_id=177 len=12476 buf_size=1495040 offset=152704 data_num=1 flag=0x00000000 pts=263
valloc packet buffer: mpi_buf_id=177 dma_buf_fd=11 size=0
H264 first bytes: 00 00 00 01 41 e0 02 e0 05 c6 05 70 ec 01 75 f8
encode_release_packet ret=0
MP4 frame 264/1500: sequence=268 pts=10520000 us key=0 nv12=4478976 h264=12476 acquire=12.987 ms encode=26.842 ms mux=0.177 ms
start encode NV12 with RV1106 vendor packet ABI, frame=264
encode_put_frame ret=0
encode_get_packet ret=0 handle=0xae9cf958 expected=0xae9cf958
vendor packet: mpi_buf_id=177 len=12852 buf_size=1495040 offset=165248 data_num=1 flag=0x00000000 pts=264
valloc packet buffer: mpi_buf_id=177 dma_buf_fd=11 size=0
H264 first bytes: 00 00 00 01 41 e0 03 00 06 06 05 71 22 22 45 1c
encode_release_packet ret=0
MP4 frame 265/1500: sequence=269 pts=10560000 us key=0 nv12=4478976 h264=12852 acquire=12.493 ms encode=26.307 ms mux=0.181 ms
start encode NV12 with RV1106 vendor packet ABI, frame=265
encode_put_frame ret=0
encode_get_packet ret=0 handle=0xae9cf958 expected=0xae9cf958
vendor packet: mpi_buf_id=177 len=12764 buf_size=1495040 offset=178176 data_num=1 flag=0x00000000 pts=265
valloc packet buffer: mpi_buf_id=177 dma_buf_fd=11 size=0
H264 first bytes: 00 00 00 01 41 e0 03 20 06 46 05 71 50 04 2f e0
encode_release_packet ret=0
MP4 frame 266/1500: sequence=270 pts=10600000 us key=0 nv12=4478976 h264=12764 acquire=13.019 ms encode=26.845 ms mux=0.185 ms
start encode NV12 with RV1106 vendor packet ABI, frame=266
encode_put_frame ret=0
encode_get_packet ret=0 handle=0xae9cf958 expected=0xae9cf958
vendor packet: mpi_buf_id=177 len=12619 buf_size=1495040 offset=190976 data_num=1 flag=0x00000000 pts=266
valloc packet buffer: mpi_buf_id=177 dma_buf_fd=11 size=0
H264 first bytes: 00 00 00 01 41 e0 03 40 06 86 05 70 8c 01 24 f8
encode_release_packet ret=0
MP4 frame 267/1500: sequence=271 pts=10640000 us key=0 nv12=4478976 h264=12619 acquire=12.485 ms encode=26.511 ms mux=0.179 ms
start encode NV12 with RV1106 vendor packet ABI, frame=267
encode_put_frame ret=0
encode_get_packet ret=0 handle=0xae9cf958 expected=0xae9cf958
vendor packet: mpi_buf_id=177 len=10463 buf_size=1495040 offset=203648 data_num=1 flag=0x00000000 pts=267
valloc packet buffer: mpi_buf_id=177 dma_buf_fd=11 size=0
H264 first bytes: 00 00 00 01 41 e0 03 60 06 c6 05 70 43 80 fe f1
encode_release_packet ret=0
MP4 frame 268/1500: sequence=272 pts=10680000 us key=0 nv12=4478976 h264=10463 acquire=12.824 ms encode=26.827 ms mux=0.163 ms
start encode NV12 with RV1106 vendor packet ABI, frame=268
encode_put_frame ret=0
encode_get_packet ret=0 handle=0xae9cf958 expected=0xae9cf958
vendor packet: mpi_buf_id=177 len=10396 buf_size=1495040 offset=214144 data_num=1 flag=0x00000000 pts=268
valloc packet buffer: mpi_buf_id=177 dma_buf_fd=11 size=0
H264 first bytes: 00 00 00 01 41 e0 03 80 07 06 05 71 38 06 8b c1
encode_release_packet ret=0
MP4 frame 269/1500: sequence=273 pts=10720000 us key=0 nv12=4478976 h264=10396 acquire=12.530 ms encode=26.219 ms mux=1.006 ms
start encode NV12 with RV1106 vendor packet ABI, frame=269
encode_put_frame ret=0
encode_get_packet ret=0 handle=0xae9cf958 expected=0xae9cf958
vendor packet: mpi_buf_id=177 len=12302 buf_size=1495040 offset=224640 data_num=1 flag=0x00000000 pts=269
valloc packet buffer: mpi_buf_id=177 dma_buf_fd=11 size=0
H264 first bytes: 00 00 00 01 41 e0 03 a0 07 46 05 71 b8 05 6b c2
encode_release_packet ret=0
MP4 frame 270/1500: sequence=274 pts=10760000 us key=0 nv12=4478976 h264=12302 acquire=12.277 ms encode=26.939 ms mux=0.182 ms
start encode NV12 with RV1106 vendor packet ABI, frame=270
encode_put_frame ret=0
encode_get_packet ret=0 handle=0xae9cf958 expected=0xae9cf958
vendor packet: mpi_buf_id=177 len=22851 buf_size=1495040 offset=237056 data_num=1 flag=0x00000010 pts=270
valloc packet buffer: mpi_buf_id=177 dma_buf_fd=11 size=0
H264 first bytes: 00 00 00 01 65 b8 00 00 a0 00 00 dc 44 48 a0 00
encode_release_packet ret=0
MP4 frame 271/1500: sequence=275 pts=10800000 us key=1 nv12=4478976 h264=22851 acquire=12.390 ms encode=26.086 ms mux=0.469 ms
start encode NV12 with RV1106 vendor packet ABI, frame=271
encode_put_frame ret=0
encode_get_packet ret=0 handle=0xae9cf958 expected=0xae9cf958
vendor packet: mpi_buf_id=177 len=10411 buf_size=1495040 offset=259968 data_num=1 flag=0x00000000 pts=271
valloc packet buffer: mpi_buf_id=177 dma_buf_fd=11 size=0
H264 first bytes: 00 00 00 01 41 e0 00 20 00 46 05 70 7b 00 bf ff
encode_release_packet ret=0
MP4 frame 272/1500: sequence=276 pts=10840000 us key=0 nv12=4478976 h264=10411 acquire=12.950 ms encode=26.869 ms mux=0.156 ms
start encode NV12 with RV1106 vendor packet ABI, frame=272
encode_put_frame ret=0
encode_get_packet ret=0 handle=0xae9cf958 expected=0xae9cf958
vendor packet: mpi_buf_id=177 len=10851 buf_size=1495040 offset=270464 data_num=1 flag=0x00000000 pts=272
valloc packet buffer: mpi_buf_id=177 dma_buf_fd=11 size=0
H264 first bytes: 00 00 00 01 41 e0 00 40 00 86 05 71 90 08 be 19
encode_release_packet ret=0
MP4 frame 273/1500: sequence=277 pts=10880000 us key=0 nv12=4478976 h264=10851 acquire=12.483 ms encode=26.199 ms mux=0.159 ms
start encode NV12 with RV1106 vendor packet ABI, frame=273
encode_put_frame ret=0
encode_get_packet ret=0 handle=0xae9cf958 expected=0xae9cf958
vendor packet: mpi_buf_id=177 len=12194 buf_size=1495040 offset=281344 data_num=1 flag=0x00000000 pts=273
valloc packet buffer: mpi_buf_id=177 dma_buf_fd=11 size=0
H264 first bytes: 00 00 00 01 41 e0 00 60 00 c6 05 70 ee 0c bf ff
encode_release_packet ret=0
MP4 frame 274/1500: sequence=278 pts=10920000 us key=0 nv12=4478976 h264=12194 acquire=13.157 ms encode=26.842 ms mux=0.175 ms
start encode NV12 with RV1106 vendor packet ABI, frame=274
encode_put_frame ret=0
encode_get_packet ret=0 handle=0xae9cf958 expected=0xae9cf958
vendor packet: mpi_buf_id=177 len=12917 buf_size=1495040 offset=293632 data_num=1 flag=0x00000000 pts=274
valloc packet buffer: mpi_buf_id=177 dma_buf_fd=11 size=0
H264 first bytes: 00 00 00 01 41 e0 00 80 01 06 05 70 8c 01 3f f8
encode_release_packet ret=0
MP4 frame 275/1500: sequence=279 pts=10960000 us key=0 nv12=4478976 h264=12917 acquire=12.487 ms encode=26.229 ms mux=0.182 ms
start encode NV12 with RV1106 vendor packet ABI, frame=275
encode_put_frame ret=0
encode_get_packet ret=0 handle=0xae9cf958 expected=0xae9cf958
vendor packet: mpi_buf_id=177 len=10525 buf_size=1495040 offset=306560 data_num=1 flag=0x00000000 pts=275
valloc packet buffer: mpi_buf_id=177 dma_buf_fd=11 size=0
H264 first bytes: 00 00 00 01 41 e0 00 a0 01 46 05 70 ac 02 93 e0
encode_release_packet ret=0
MP4 frame 276/1500: sequence=280 pts=11000000 us key=0 nv12=4478976 h264=10525 acquire=13.106 ms encode=26.849 ms mux=0.152 ms
start encode NV12 with RV1106 vendor packet ABI, frame=276
encode_put_frame ret=0
encode_get_packet ret=0 handle=0xae9cf958 expected=0xae9cf958
vendor packet: mpi_buf_id=177 len=11861 buf_size=1495040 offset=317184 data_num=1 flag=0x00000000 pts=276
valloc packet buffer: mpi_buf_id=177 dma_buf_fd=11 size=0
H264 first bytes: 00 00 00 01 41 e0 00 c0 01 86 05 70 ac 02 f2 07
encode_release_packet ret=0
MP4 frame 277/1500: sequence=281 pts=11040000 us key=0 nv12=4478976 h264=11861 acquire=12.515 ms encode=26.201 ms mux=0.177 ms
start encode NV12 with RV1106 vendor packet ABI, frame=277
encode_put_frame ret=0
encode_get_packet ret=0 handle=0xae9cf958 expected=0xae9cf958
vendor packet: mpi_buf_id=177 len=12425 buf_size=1495040 offset=329088 data_num=1 flag=0x00000000 pts=277
valloc packet buffer: mpi_buf_id=177 dma_buf_fd=11 size=0
H264 first bytes: 00 00 00 01 41 e0 00 e0 01 c6 05 71 82 22 45 1c
encode_release_packet ret=0
MP4 frame 278/1500: sequence=282 pts=11080000 us key=0 nv12=4478976 h264=12425 acquire=13.138 ms encode=26.876 ms mux=0.171 ms
start encode NV12 with RV1106 vendor packet ABI, frame=278
encode_put_frame ret=0
encode_get_packet ret=0 handle=0xae9cf958 expected=0xae9cf958
vendor packet: mpi_buf_id=177 len=9775 buf_size=1495040 offset=341632 data_num=1 flag=0x00000000 pts=278
valloc packet buffer: mpi_buf_id=177 dma_buf_fd=11 size=0
H264 first bytes: 00 00 00 01 41 e0 01 00 02 06 05 70 f4 02 0f ef
encode_release_packet ret=0
MP4 frame 279/1500: sequence=283 pts=11120000 us key=0 nv12=4478976 h264=9775 acquire=12.464 ms encode=26.348 ms mux=0.144 ms
start encode NV12 with RV1106 vendor packet ABI, frame=279
encode_put_frame ret=0
encode_get_packet ret=0 handle=0xae9cf958 expected=0xae9cf958
vendor packet: mpi_buf_id=177 len=6611 buf_size=1495040 offset=351488 data_num=1 flag=0x00000000 pts=279
valloc packet buffer: mpi_buf_id=177 dma_buf_fd=11 size=0
H264 first bytes: 00 00 00 01 41 e0 01 20 02 46 05 71 c2 22 5e 27
encode_release_packet ret=0
MP4 frame 280/1500: sequence=284 pts=11160000 us key=0 nv12=4478976 h264=6611 acquire=13.025 ms encode=26.829 ms mux=0.119 ms
start encode NV12 with RV1106 vendor packet ABI, frame=280
encode_put_frame ret=0
encode_get_packet ret=0 handle=0xae9cf958 expected=0xae9cf958
vendor packet: mpi_buf_id=177 len=6744 buf_size=1495040 offset=358144 data_num=1 flag=0x00000000 pts=280
valloc packet buffer: mpi_buf_id=177 dma_buf_fd=11 size=0
H264 first bytes: 00 00 00 01 41 e0 01 40 02 86 05 70 43 03 46 a0
encode_release_packet ret=0
MP4 frame 281/1500: sequence=285 pts=11200000 us key=0 nv12=4478976 h264=6744 acquire=12.557 ms encode=26.347 ms mux=0.115 ms
start encode NV12 with RV1106 vendor packet ABI, frame=281
encode_put_frame ret=0
encode_get_packet ret=0 handle=0xae9cf958 expected=0xae9cf958
vendor packet: mpi_buf_id=177 len=8462 buf_size=1495040 offset=364928 data_num=1 flag=0x00000000 pts=281
valloc packet buffer: mpi_buf_id=177 dma_buf_fd=11 size=0
H264 first bytes: 00 00 00 01 41 e0 01 60 02 c6 05 70 ec 06 16 a0
encode_release_packet ret=0
MP4 frame 282/1500: sequence=286 pts=11240000 us key=0 nv12=4478976 h264=8462 acquire=13.054 ms encode=26.868 ms mux=0.132 ms
start encode NV12 with RV1106 vendor packet ABI, frame=282
encode_put_frame ret=0
encode_get_packet ret=0 handle=0xae9cf958 expected=0xae9cf958
vendor packet: mpi_buf_id=177 len=11277 buf_size=1495040 offset=373504 data_num=1 flag=0x00000000 pts=282
valloc packet buffer: mpi_buf_id=177 dma_buf_fd=11 size=0
H264 first bytes: 00 00 00 01 41 e0 01 80 03 06 05 70 7b 00 a1 78
encode_release_packet ret=0
MP4 frame 283/1500: sequence=287 pts=11280000 us key=0 nv12=4478976 h264=11277 acquire=12.519 ms encode=26.191 ms mux=0.166 ms
start encode NV12 with RV1106 vendor packet ABI, frame=283
encode_put_frame ret=0
encode_get_packet ret=0 handle=0xae9cf958 expected=0xae9cf958
vendor packet: mpi_buf_id=177 len=13391 buf_size=1495040 offset=384896 data_num=1 flag=0x00000000 pts=283
valloc packet buffer: mpi_buf_id=177 dma_buf_fd=11 size=0
H264 first bytes: 00 00 00 01 41 e0 01 a0 03 46 05 70 cc 03 05 e0
encode_release_packet ret=0
MP4 frame 284/1500: sequence=288 pts=11320000 us key=0 nv12=4478976 h264=13391 acquire=13.148 ms encode=26.898 ms mux=0.186 ms
start encode NV12 with RV1106 vendor packet ABI, frame=284
encode_put_frame ret=0
encode_get_packet ret=0 handle=0xae9cf958 expected=0xae9cf958
vendor packet: mpi_buf_id=177 len=13075 buf_size=1495040 offset=398336 data_num=1 flag=0x00000000 pts=284
valloc packet buffer: mpi_buf_id=177 dma_buf_fd=11 size=0
H264 first bytes: 00 00 00 01 41 e0 01 c0 03 86 05 70 e4 04 bf 80
encode_release_packet ret=0
MP4 frame 285/1500: sequence=289 pts=11360000 us key=0 nv12=4478976 h264=13075 acquire=12.434 ms encode=26.233 ms mux=0.192 ms
start encode NV12 with RV1106 vendor packet ABI, frame=285
encode_put_frame ret=0
encode_get_packet ret=0 handle=0xae9cf958 expected=0xae9cf958
vendor packet: mpi_buf_id=177 len=7684 buf_size=1495040 offset=411520 data_num=1 flag=0x00000000 pts=285
valloc packet buffer: mpi_buf_id=177 dma_buf_fd=11 size=0
H264 first bytes: 00 00 00 01 41 e0 01 e0 03 c6 05 70 80 88 91 5c
encode_release_packet ret=0
MP4 frame 286/1500: sequence=290 pts=11400000 us key=0 nv12=4478976 h264=7684 acquire=13.087 ms encode=26.858 ms mux=0.131 ms
start encode NV12 with RV1106 vendor packet ABI, frame=286
encode_put_frame ret=0
encode_get_packet ret=0 handle=0xae9cf958 expected=0xae9cf958
vendor packet: mpi_buf_id=177 len=7204 buf_size=1495040 offset=419328 data_num=1 flag=0x00000000 pts=286
valloc packet buffer: mpi_buf_id=177 dma_buf_fd=11 size=0
H264 first bytes: 00 00 00 01 41 e0 02 00 04 06 05 70 8c 07 17 9b
encode_release_packet ret=0
MP4 frame 287/1500: sequence=291 pts=11440000 us key=0 nv12=4478976 h264=7204 acquire=12.538 ms encode=26.418 ms mux=0.125 ms
start encode NV12 with RV1106 vendor packet ABI, frame=287
encode_put_frame ret=0
encode_get_packet ret=0 handle=0xae9cf958 expected=0xae9cf958
vendor packet: mpi_buf_id=177 len=8537 buf_size=1495040 offset=426624 data_num=1 flag=0x00000000 pts=287
valloc packet buffer: mpi_buf_id=177 dma_buf_fd=11 size=0
H264 first bytes: 00 00 00 01 41 e0 02 20 04 46 05 71 b0 0a 17 83
encode_release_packet ret=0
MP4 frame 288/1500: sequence=292 pts=11480000 us key=0 nv12=4478976 h264=8537 acquire=12.965 ms encode=26.848 ms mux=0.137 ms
start encode NV12 with RV1106 vendor packet ABI, frame=288
encode_put_frame ret=0
encode_get_packet ret=0 handle=0xae9cf958 expected=0xae9cf958
vendor packet: mpi_buf_id=177 len=5004 buf_size=1495040 offset=435200 data_num=1 flag=0x00000000 pts=288
valloc packet buffer: mpi_buf_id=177 dma_buf_fd=11 size=0
H264 first bytes: 00 00 00 01 41 e0 02 40 04 86 05 70 77 03 6f 93
encode_release_packet ret=0
MP4 frame 289/1500: sequence=293 pts=11520000 us key=0 nv12=4478976 h264=5004 acquire=12.531 ms encode=26.262 ms mux=0.098 ms
start encode NV12 with RV1106 vendor packet ABI, frame=289
encode_put_frame ret=0
encode_get_packet ret=0 handle=0xae9cf958 expected=0xae9cf958
vendor packet: mpi_buf_id=177 len=6238 buf_size=1495040 offset=440320 data_num=1 flag=0x00000000 pts=289
valloc packet buffer: mpi_buf_id=177 dma_buf_fd=11 size=0
H264 first bytes: 00 00 00 01 41 e0 02 60 04 c6 05 70 77 02 c7 9b
encode_release_packet ret=0
MP4 frame 290/1500: sequence=294 pts=11560000 us key=0 nv12=4478976 h264=6238 acquire=13.146 ms encode=26.869 ms mux=0.115 ms
start encode NV12 with RV1106 vendor packet ABI, frame=290
encode_put_frame ret=0
encode_get_packet ret=0 handle=0xae9cf958 expected=0xae9cf958
vendor packet: mpi_buf_id=177 len=7675 buf_size=1495040 offset=446592 data_num=1 flag=0x00000000 pts=290
valloc packet buffer: mpi_buf_id=177 dma_buf_fd=11 size=0
H264 first bytes: 00 00 00 01 41 e0 02 80 05 06 05 70 67 01 45 e0
encode_release_packet ret=0
MP4 frame 291/1500: sequence=295 pts=11600000 us key=0 nv12=4478976 h264=7675 acquire=12.542 ms encode=26.301 ms mux=0.125 ms
start encode NV12 with RV1106 vendor packet ABI, frame=291
encode_put_frame ret=0
encode_get_packet ret=0 handle=0xae9cf958 expected=0xae9cf958
vendor packet: mpi_buf_id=177 len=8294 buf_size=1495040 offset=454272 data_num=1 flag=0x00000000 pts=291
valloc packet buffer: mpi_buf_id=177 dma_buf_fd=11 size=0
H264 first bytes: 00 00 00 01 41 e0 02 a0 05 46 05 70 73 02 e8 04
encode_release_packet ret=0
MP4 frame 292/1500: sequence=296 pts=11640000 us key=0 nv12=4478976 h264=8294 acquire=13.084 ms encode=27.106 ms mux=0.138 ms
start encode NV12 with RV1106 vendor packet ABI, frame=292
encode_put_frame ret=0
encode_get_packet ret=0 handle=0xae9cf958 expected=0xae9cf958
vendor packet: mpi_buf_id=177 len=9543 buf_size=1495040 offset=462592 data_num=1 flag=0x00000000 pts=292
valloc packet buffer: mpi_buf_id=177 dma_buf_fd=11 size=0
H264 first bytes: 00 00 00 01 41 e0 02 c0 05 86 05 70 55 00 a0 f8
encode_release_packet ret=0
MP4 frame 293/1500: sequence=297 pts=11680000 us key=0 nv12=4478976 h264=9543 acquire=12.277 ms encode=26.250 ms mux=0.144 ms
start encode NV12 with RV1106 vendor packet ABI, frame=293
encode_put_frame ret=0
encode_get_packet ret=0 handle=0xae9cf958 expected=0xae9cf958
vendor packet: mpi_buf_id=177 len=10505 buf_size=1495040 offset=472192 data_num=1 flag=0x00000000 pts=293
valloc packet buffer: mpi_buf_id=177 dma_buf_fd=11 size=0
H264 first bytes: 00 00 00 01 41 e0 02 e0 05 c6 05 70 71 01 ff e0
encode_release_packet ret=0
MP4 frame 294/1500: sequence=298 pts=11720000 us key=0 nv12=4478976 h264=10505 acquire=13.113 ms encode=26.826 ms mux=0.159 ms
start encode NV12 with RV1106 vendor packet ABI, frame=294
encode_put_frame ret=0
encode_get_packet ret=0 handle=0xae9cf958 expected=0xae9cf958
vendor packet: mpi_buf_id=177 len=5659 buf_size=1495040 offset=482816 data_num=1 flag=0x00000000 pts=294
valloc packet buffer: mpi_buf_id=177 dma_buf_fd=11 size=0
H264 first bytes: 00 00 00 01 41 e0 03 00 06 06 05 70 2c 40 ba 1f
encode_release_packet ret=0
MP4 frame 295/1500: sequence=299 pts=11760000 us key=0 nv12=4478976 h264=5659 acquire=12.417 ms encode=26.234 ms mux=0.103 ms
start encode NV12 with RV1106 vendor packet ABI, frame=295
encode_put_frame ret=0
encode_get_packet ret=0 handle=0xae9cf958 expected=0xae9cf958
vendor packet: mpi_buf_id=177 len=11560 buf_size=1495040 offset=488576 data_num=1 flag=0x00000000 pts=295
valloc packet buffer: mpi_buf_id=177 dma_buf_fd=11 size=0
H264 first bytes: 00 00 00 01 41 e0 03 20 06 46 05 71 f0 09 ff 8d
encode_release_packet ret=0
MP4 frame 296/1500: sequence=300 pts=11800000 us key=0 nv12=4478976 h264=11560 acquire=13.179 ms encode=26.852 ms mux=0.168 ms
start encode NV12 with RV1106 vendor packet ABI, frame=296
encode_put_frame ret=0
encode_get_packet ret=0 handle=0xae9cf958 expected=0xae9cf958
vendor packet: mpi_buf_id=177 len=13948 buf_size=1495040 offset=500224 data_num=1 flag=0x00000000 pts=296
valloc packet buffer: mpi_buf_id=177 dma_buf_fd=11 size=0
H264 first bytes: 00 00 00 01 41 e0 03 40 06 86 05 71 b0 09 96 a0
encode_release_packet ret=0
MP4 frame 297/1500: sequence=301 pts=11840000 us key=0 nv12=4478976 h264=13948 acquire=12.490 ms encode=26.271 ms mux=0.192 ms
start encode NV12 with RV1106 vendor packet ABI, frame=297
encode_put_frame ret=0
encode_get_packet ret=0 handle=0xae9cf958 expected=0xae9cf958
vendor packet: mpi_buf_id=177 len=13298 buf_size=1495040 offset=514176 data_num=1 flag=0x00000000 pts=297
valloc packet buffer: mpi_buf_id=177 dma_buf_fd=11 size=0
H264 first bytes: 00 00 00 01 41 e0 03 60 06 c6 05 70 b4 02 ef e2
encode_release_packet ret=0
MP4 frame 298/1500: sequence=302 pts=11880000 us key=0 nv12=4478976 h264=13298 acquire=13.054 ms encode=26.849 ms mux=1.086 ms
start encode NV12 with RV1106 vendor packet ABI, frame=298
encode_put_frame ret=0
encode_get_packet ret=0 handle=0xae9cf958 expected=0xae9cf958
vendor packet: mpi_buf_id=177 len=12740 buf_size=1495040 offset=527488 data_num=1 flag=0x00000000 pts=298
valloc packet buffer: mpi_buf_id=177 dma_buf_fd=11 size=0
H264 first bytes: 00 00 00 01 41 e0 03 80 07 06 05 71 b0 09 47 85
encode_release_packet ret=0
MP4 frame 299/1500: sequence=303 pts=11920000 us key=0 nv12=4478976 h264=12740 acquire=11.573 ms encode=26.289 ms mux=0.178 ms
start encode NV12 with RV1106 vendor packet ABI, frame=299
encode_put_frame ret=0
encode_get_packet ret=0 handle=0xae9cf958 expected=0xae9cf958
vendor packet: mpi_buf_id=177 len=14928 buf_size=1495040 offset=540288 data_num=1 flag=0x00000000 pts=299
valloc packet buffer: mpi_buf_id=177 dma_buf_fd=11 size=0
H264 first bytes: 00 00 00 01 41 e0 03 a0 07 46 05 71 a2 22 78 04
encode_release_packet ret=0
MP4 frame 300/1500: sequence=304 pts=11960000 us key=0 nv12=4478976 h264=14928 acquire=13.036 ms encode=26.834 ms mux=0.209 ms
start encode NV12 with RV1106 vendor packet ABI, frame=300
encode_put_frame ret=0
encode_get_packet ret=0 handle=0xae9cf958 expected=0xae9cf958
vendor packet: mpi_buf_id=177 len=16028 buf_size=1495040 offset=555264 data_num=1 flag=0x00000010 pts=300
valloc packet buffer: mpi_buf_id=177 dma_buf_fd=11 size=0
H264 first bytes: 00 00 00 01 65 b8 00 00 b0 00 00 dc 91 22 80 00
encode_release_packet ret=0
MP4 frame 301/1500: sequence=305 pts=12000000 us key=1 nv12=4478976 h264=16028 acquire=12.475 ms encode=25.904 ms mux=0.460 ms
start encode NV12 with RV1106 vendor packet ABI, frame=301
encode_put_frame ret=0
encode_get_packet ret=0 handle=0xae9cf958 expected=0xae9cf958
vendor packet: mpi_buf_id=177 len=7783 buf_size=1495040 offset=571392 data_num=1 flag=0x00000000 pts=301
valloc packet buffer: mpi_buf_id=177 dma_buf_fd=11 size=0
H264 first bytes: 00 00 00 01 41 e0 00 20 00 46 05 70 ee 01 42 f0
encode_release_packet ret=0
MP4 frame 302/1500: sequence=306 pts=12040000 us key=0 nv12=4478976 h264=7783 acquire=13.142 ms encode=27.011 ms mux=0.132 ms
start encode NV12 with RV1106 vendor packet ABI, frame=302
encode_put_frame ret=0
encode_get_packet ret=0 handle=0xae9cf958 expected=0xae9cf958
vendor packet: mpi_buf_id=177 len=5245 buf_size=1495040 offset=579200 data_num=1 flag=0x00000000 pts=302
valloc packet buffer: mpi_buf_id=177 dma_buf_fd=11 size=0
H264 first bytes: 00 00 00 01 41 e0 00 40 00 86 05 70 51 c6 09 ee
encode_release_packet ret=0
MP4 frame 303/1500: sequence=307 pts=12080000 us key=0 nv12=4478976 h264=5245 acquire=12.354 ms encode=26.354 ms mux=0.104 ms
start encode NV12 with RV1106 vendor packet ABI, frame=303
encode_put_frame ret=0
encode_get_packet ret=0 handle=0xae9cf958 expected=0xae9cf958
vendor packet: mpi_buf_id=177 len=6404 buf_size=1495040 offset=584448 data_num=1 flag=0x00000000 pts=303
valloc packet buffer: mpi_buf_id=177 dma_buf_fd=11 size=0
H264 first bytes: 00 00 00 01 41 e0 00 60 00 c6 05 70 20 c0 f1 83
encode_release_packet ret=0
MP4 frame 304/1500: sequence=308 pts=12120000 us key=0 nv12=4478976 h264=6404 acquire=13.069 ms encode=26.844 ms mux=0.118 ms
start encode NV12 with RV1106 vendor packet ABI, frame=304
encode_put_frame ret=0
encode_get_packet ret=0 handle=0xae9cf958 expected=0xae9cf958
vendor packet: mpi_buf_id=177 len=11412 buf_size=1495040 offset=590976 data_num=1 flag=0x00000000 pts=304
valloc packet buffer: mpi_buf_id=177 dma_buf_fd=11 size=0
H264 first bytes: 00 00 00 01 41 e0 00 80 01 06 05 70 ec 05 16 a0
encode_release_packet ret=0
MP4 frame 305/1500: sequence=309 pts=12160000 us key=0 nv12=4478976 h264=11412 acquire=12.554 ms encode=26.313 ms mux=0.173 ms
start encode NV12 with RV1106 vendor packet ABI, frame=305
encode_put_frame ret=0
encode_get_packet ret=0 handle=0xae9cf958 expected=0xae9cf958
vendor packet: mpi_buf_id=177 len=7306 buf_size=1495040 offset=602496 data_num=1 flag=0x00000000 pts=305
valloc packet buffer: mpi_buf_id=177 dma_buf_fd=11 size=0
H264 first bytes: 00 00 00 01 41 e0 00 a0 01 46 05 70 48 22 24 40
encode_release_packet ret=0
MP4 frame 306/1500: sequence=310 pts=12200000 us key=0 nv12=4478976 h264=7306 acquire=13.019 ms encode=26.823 ms mux=0.123 ms
start encode NV12 with RV1106 vendor packet ABI, frame=306
encode_put_frame ret=0
encode_get_packet ret=0 handle=0xae9cf958 expected=0xae9cf958
vendor packet: mpi_buf_id=177 len=7122 buf_size=1495040 offset=609920 data_num=1 flag=0x00000000 pts=306
valloc packet buffer: mpi_buf_id=177 dma_buf_fd=11 size=0
H264 first bytes: 00 00 00 01 41 e0 00 c0 01 86 05 70 ed 00 ce e1
encode_release_packet ret=0
MP4 frame 307/1500: sequence=311 pts=12240000 us key=0 nv12=4478976 h264=7122 acquire=12.577 ms encode=26.275 ms mux=0.124 ms
start encode NV12 with RV1106 vendor packet ABI, frame=307
encode_put_frame ret=0
encode_get_packet ret=0 handle=0xae9cf958 expected=0xae9cf958
vendor packet: mpi_buf_id=177 len=7450 buf_size=1495040 offset=617088 data_num=1 flag=0x00000000 pts=307
valloc packet buffer: mpi_buf_id=177 dma_buf_fd=11 size=0
H264 first bytes: 00 00 00 01 41 e0 00 e0 01 c6 05 70 cc 02 b5 e1
encode_release_packet ret=0
MP4 frame 308/1500: sequence=312 pts=12280000 us key=0 nv12=4478976 h264=7450 acquire=13.105 ms encode=26.867 ms mux=0.147 ms
start encode NV12 with RV1106 vendor packet ABI, frame=308
encode_put_frame ret=0
encode_get_packet ret=0 handle=0xae9cf958 expected=0xae9cf958
vendor packet: mpi_buf_id=177 len=9386 buf_size=1495040 offset=624640 data_num=1 flag=0x00000000 pts=308
valloc packet buffer: mpi_buf_id=177 dma_buf_fd=11 size=0
H264 first bytes: 00 00 00 01 41 e0 01 00 02 06 05 70 ae 01 da f0
encode_release_packet ret=0
MP4 frame 309/1500: sequence=313 pts=12320000 us key=0 nv12=4478976 h264=9386 acquire=12.502 ms encode=26.207 ms mux=0.140 ms
start encode NV12 with RV1106 vendor packet ABI, frame=309
encode_put_frame ret=0
encode_get_packet ret=0 handle=0xae9cf958 expected=0xae9cf958
vendor packet: mpi_buf_id=177 len=10623 buf_size=1495040 offset=634112 data_num=1 flag=0x00000000 pts=309
valloc packet buffer: mpi_buf_id=177 dma_buf_fd=11 size=0
H264 first bytes: 00 00 00 01 41 e0 01 20 02 46 05 70 cd 81 e3 a0
encode_release_packet ret=0
MP4 frame 310/1500: sequence=314 pts=12360000 us key=0 nv12=4478976 h264=10623 acquire=13.176 ms encode=26.929 ms mux=0.161 ms
start encode NV12 with RV1106 vendor packet ABI, frame=310
encode_put_frame ret=0
encode_get_packet ret=0 handle=0xae9cf958 expected=0xae9cf958
vendor packet: mpi_buf_id=177 len=12431 buf_size=1495040 offset=644736 data_num=1 flag=0x00000000 pts=310
valloc packet buffer: mpi_buf_id=177 dma_buf_fd=11 size=0
H264 first bytes: 00 00 00 01 41 e0 01 40 02 86 05 71 38 07 0b fe
encode_release_packet ret=0
MP4 frame 311/1500: sequence=315 pts=12400000 us key=0 nv12=4478976 h264=12431 acquire=12.414 ms encode=26.260 ms mux=0.181 ms
start encode NV12 with RV1106 vendor packet ABI, frame=311
encode_put_frame ret=0
encode_get_packet ret=0 handle=0xae9cf958 expected=0xae9cf958
vendor packet: mpi_buf_id=177 len=14945 buf_size=1495040 offset=657280 data_num=1 flag=0x00000000 pts=311
valloc packet buffer: mpi_buf_id=177 dma_buf_fd=11 size=0
H264 first bytes: 00 00 00 01 41 e0 01 60 02 c6 05 70 4d 03 98 1f
encode_release_packet ret=0
MP4 frame 312/1500: sequence=316 pts=12440000 us key=0 nv12=4478976 h264=14945 acquire=13.074 ms encode=26.847 ms mux=0.208 ms
start encode NV12 with RV1106 vendor packet ABI, frame=312
encode_put_frame ret=0
encode_get_packet ret=0 handle=0xae9cf958 expected=0xae9cf958
vendor packet: mpi_buf_id=177 len=14026 buf_size=1495040 offset=672256 data_num=1 flag=0x00000000 pts=312
valloc packet buffer: mpi_buf_id=177 dma_buf_fd=11 size=0
H264 first bytes: 00 00 00 01 41 e0 01 80 03 06 05 7c 00 b8 51 22
encode_release_packet ret=0
MP4 frame 313/1500: sequence=317 pts=12480000 us key=0 nv12=4478976 h264=14026 acquire=12.466 ms encode=26.204 ms mux=0.197 ms
start encode NV12 with RV1106 vendor packet ABI, frame=313
encode_put_frame ret=0
encode_get_packet ret=0 handle=0xae9cf958 expected=0xae9cf958
vendor packet: mpi_buf_id=177 len=14221 buf_size=1495040 offset=686336 data_num=1 flag=0x00000000 pts=313
valloc packet buffer: mpi_buf_id=177 dma_buf_fd=11 size=0
H264 first bytes: 00 00 00 01 41 e0 01 a0 03 46 05 71 b8 11 bc 2b
encode_release_packet ret=0
MP4 frame 314/1500: sequence=318 pts=12520000 us key=0 nv12=4478976 h264=14221 acquire=13.109 ms encode=26.967 ms mux=0.195 ms
start encode NV12 with RV1106 vendor packet ABI, frame=314
encode_put_frame ret=0
encode_get_packet ret=0 handle=0xae9cf958 expected=0xae9cf958
vendor packet: mpi_buf_id=177 len=9652 buf_size=1495040 offset=700672 data_num=1 flag=0x00000000 pts=314
valloc packet buffer: mpi_buf_id=177 dma_buf_fd=11 size=0
H264 first bytes: 00 00 00 01 41 e0 01 c0 03 86 05 72 f1 82 55 55
encode_release_packet ret=0
MP4 frame 315/1500: sequence=319 pts=12560000 us key=0 nv12=4478976 h264=9652 acquire=12.350 ms encode=26.228 ms mux=0.146 ms
start encode NV12 with RV1106 vendor packet ABI, frame=315
encode_put_frame ret=0
encode_get_packet ret=0 handle=0xae9cf958 expected=0xae9cf958
vendor packet: mpi_buf_id=177 len=9732 buf_size=1495040 offset=710400 data_num=1 flag=0x00000000 pts=315
valloc packet buffer: mpi_buf_id=177 dma_buf_fd=11 size=0
H264 first bytes: 00 00 00 01 41 e0 01 e0 03 c6 05 70 6a 26 27 c0
encode_release_packet ret=0
MP4 frame 316/1500: sequence=320 pts=12600000 us key=0 nv12=4478976 h264=9732 acquire=13.139 ms encode=26.847 ms mux=0.151 ms
start encode NV12 with RV1106 vendor packet ABI, frame=316
encode_put_frame ret=0
encode_get_packet ret=0 handle=0xae9cf958 expected=0xae9cf958
vendor packet: mpi_buf_id=177 len=10259 buf_size=1495040 offset=720256 data_num=1 flag=0x00000000 pts=316
valloc packet buffer: mpi_buf_id=177 dma_buf_fd=11 size=0
H264 first bytes: 00 00 00 01 41 e0 02 00 04 06 05 70 6d 00 83 f8
encode_release_packet ret=0
MP4 frame 317/1500: sequence=321 pts=12640000 us key=0 nv12=4478976 h264=10259 acquire=12.508 ms encode=26.323 ms mux=0.161 ms
start encode NV12 with RV1106 vendor packet ABI, frame=317
encode_put_frame ret=0
encode_get_packet ret=0 handle=0xae9cf958 expected=0xae9cf958
vendor packet: mpi_buf_id=177 len=5384 buf_size=1495040 offset=730624 data_num=1 flag=0x00000000 pts=317
valloc packet buffer: mpi_buf_id=177 dma_buf_fd=11 size=0
H264 first bytes: 00 00 00 01 41 e0 02 20 04 46 05 75 98 60 95 55
encode_release_packet ret=0
MP4 frame 318/1500: sequence=322 pts=12680000 us key=0 nv12=4478976 h264=5384 acquire=13.035 ms encode=26.947 ms mux=0.104 ms
start encode NV12 with RV1106 vendor packet ABI, frame=318
encode_put_frame ret=0
encode_get_packet ret=0 handle=0xae9cf958 expected=0xae9cf958
vendor packet: mpi_buf_id=177 len=2155 buf_size=1495040 offset=736128 data_num=1 flag=0x00000000 pts=318
valloc packet buffer: mpi_buf_id=177 dma_buf_fd=11 size=0
H264 first bytes: 00 00 00 01 41 e0 02 40 04 86 05 70 02 69 f1 e3
encode_release_packet ret=0
MP4 frame 319/1500: sequence=323 pts=12720000 us key=0 nv12=4478976 h264=2155 acquire=12.465 ms encode=26.248 ms mux=0.071 ms
start encode NV12 with RV1106 vendor packet ABI, frame=319
encode_put_frame ret=0
encode_get_packet ret=0 handle=0xae9cf958 expected=0xae9cf958
vendor packet: mpi_buf_id=177 len=3746 buf_size=1495040 offset=738304 data_num=1 flag=0x00000000 pts=319
valloc packet buffer: mpi_buf_id=177 dma_buf_fd=11 size=0
H264 first bytes: 00 00 00 01 41 e0 02 60 04 c6 05 70 2e d8 1f 39
encode_release_packet ret=0
MP4 frame 320/1500: sequence=324 pts=12760000 us key=0 nv12=4478976 h264=3746 acquire=13.196 ms encode=26.877 ms mux=0.086 ms
start encode NV12 with RV1106 vendor packet ABI, frame=320
encode_put_frame ret=0
encode_get_packet ret=0 handle=0xae9cf958 expected=0xae9cf958
vendor packet: mpi_buf_id=177 len=1343 buf_size=1495040 offset=742144 data_num=1 flag=0x00000000 pts=320
valloc packet buffer: mpi_buf_id=177 dma_buf_fd=11 size=0
H264 first bytes: 00 00 00 01 41 e0 02 80 05 06 05 70 0b 55 41 50
encode_release_packet ret=0
MP4 frame 321/1500: sequence=325 pts=12800000 us key=0 nv12=4478976 h264=1343 acquire=12.547 ms encode=26.249 ms mux=0.062 ms
start encode NV12 with RV1106 vendor packet ABI, frame=321
encode_put_frame ret=0
encode_get_packet ret=0 handle=0xae9cf958 expected=0xae9cf958
vendor packet: mpi_buf_id=177 len=112 buf_size=1495040 offset=743552 data_num=1 flag=0x00000000 pts=321
valloc packet buffer: mpi_buf_id=177 dma_buf_fd=11 size=0
H264 first bytes: 00 00 00 01 41 e0 02 a0 05 46 05 70 02 56 ea 00
encode_release_packet ret=0
MP4 frame 322/1500: sequence=326 pts=12840000 us key=0 nv12=4478976 h264=112 acquire=13.211 ms encode=26.794 ms mux=0.049 ms
start encode NV12 with RV1106 vendor packet ABI, frame=322
encode_put_frame ret=0
encode_get_packet ret=0 handle=0xae9cf958 expected=0xae9cf958
vendor packet: mpi_buf_id=177 len=955 buf_size=1495040 offset=743680 data_num=1 flag=0x00000000 pts=322
valloc packet buffer: mpi_buf_id=177 dma_buf_fd=11 size=0
H264 first bytes: 00 00 00 01 41 e0 02 c0 05 86 04 7d 98 60 95 5a
encode_release_packet ret=0
MP4 frame 323/1500: sequence=327 pts=12880000 us key=0 nv12=4478976 h264=955 acquire=12.667 ms encode=26.314 ms mux=0.057 ms
start encode NV12 with RV1106 vendor packet ABI, frame=323
encode_put_frame ret=0
encode_get_packet ret=0 handle=0xae9cf958 expected=0xae9cf958
vendor packet: mpi_buf_id=177 len=1936 buf_size=1495040 offset=744704 data_num=1 flag=0x00000000 pts=323
valloc packet buffer: mpi_buf_id=177 dma_buf_fd=11 size=0
H264 first bytes: 00 00 00 01 41 e0 02 e0 05 c6 0d c0 cb 3a 18 25
encode_release_packet ret=0
MP4 frame 324/1500: sequence=328 pts=12920000 us key=0 nv12=4478976 h264=1936 acquire=13.145 ms encode=26.867 ms mux=0.069 ms
start encode NV12 with RV1106 vendor packet ABI, frame=324
encode_put_frame ret=0
encode_get_packet ret=0 handle=0xae9cf958 expected=0xae9cf958
vendor packet: mpi_buf_id=177 len=376 buf_size=1495040 offset=746752 data_num=1 flag=0x00000000 pts=324
valloc packet buffer: mpi_buf_id=177 dma_buf_fd=11 size=0
H264 first bytes: 00 00 00 01 41 e0 03 00 06 06 0d c0 10 7d 1e 69
encode_release_packet ret=0
MP4 frame 325/1500: sequence=329 pts=12960000 us key=0 nv12=4478976 h264=376 acquire=12.580 ms encode=26.308 ms mux=0.051 ms
start encode NV12 with RV1106 vendor packet ABI, frame=325
encode_put_frame ret=0
encode_get_packet ret=0 handle=0xae9cf958 expected=0xae9cf958
vendor packet: mpi_buf_id=177 len=447 buf_size=1495040 offset=747136 data_num=1 flag=0x00000000 pts=325
valloc packet buffer: mpi_buf_id=177 dma_buf_fd=11 size=0
H264 first bytes: 00 00 00 01 41 e0 03 20 06 46 0d c0 0b 05 6e 07
encode_release_packet ret=0
MP4 frame 326/1500: sequence=330 pts=13000000 us key=0 nv12=4478976 h264=447 acquire=13.157 ms encode=27.084 ms mux=0.052 ms
start encode NV12 with RV1106 vendor packet ABI, frame=326
encode_put_frame ret=0
encode_get_packet ret=0 handle=0xae9cf958 expected=0xae9cf958
vendor packet: mpi_buf_id=177 len=564 buf_size=1495040 offset=747648 data_num=1 flag=0x00000000 pts=326
valloc packet buffer: mpi_buf_id=177 dma_buf_fd=11 size=0
H264 first bytes: 00 00 00 01 41 e0 03 40 06 86 0d c0 31 94 c1 30
encode_release_packet ret=0
MP4 frame 327/1500: sequence=331 pts=13040000 us key=0 nv12=4478976 h264=564 acquire=12.384 ms encode=26.316 ms mux=0.055 ms
start encode NV12 with RV1106 vendor packet ABI, frame=327
encode_put_frame ret=0
encode_get_packet ret=0 handle=0xae9cf958 expected=0xae9cf958
vendor packet: mpi_buf_id=177 len=9372 buf_size=1495040 offset=748288 data_num=1 flag=0x00000000 pts=327
valloc packet buffer: mpi_buf_id=177 dma_buf_fd=11 size=0
H264 first bytes: 00 00 00 01 41 e0 03 60 06 c6 3d 59 c1 40 9d 57
encode_release_packet ret=0
MP4 frame 328/1500: sequence=332 pts=13080000 us key=0 nv12=4478976 h264=9372 acquire=13.146 ms encode=26.907 ms mux=0.143 ms
start encode NV12 with RV1106 vendor packet ABI, frame=328
encode_put_frame ret=0
encode_get_packet ret=0 handle=0xae9cf958 expected=0xae9cf958
vendor packet: mpi_buf_id=177 len=9879 buf_size=1495040 offset=757760 data_num=1 flag=0x00000000 pts=328
valloc packet buffer: mpi_buf_id=177 dma_buf_fd=11 size=0
H264 first bytes: 00 00 00 01 41 e0 03 80 07 06 1f cc 81 18 9d 57
encode_release_packet ret=0
MP4 frame 329/1500: sequence=333 pts=13120000 us key=0 nv12=4478976 h264=9879 acquire=12.471 ms encode=26.273 ms mux=0.150 ms
start encode NV12 with RV1106 vendor packet ABI, frame=329
encode_put_frame ret=0
encode_get_packet ret=0 handle=0xae9cf958 expected=0xae9cf958
vendor packet: mpi_buf_id=177 len=11148 buf_size=1495040 offset=767744 data_num=1 flag=0x00000000 pts=329
valloc packet buffer: mpi_buf_id=177 dma_buf_fd=11 size=0
H264 first bytes: 00 00 00 01 41 e0 03 a0 07 46 0b c1 56 c6 09 d6
encode_release_packet ret=0
MP4 frame 330/1500: sequence=334 pts=13160000 us key=0 nv12=4478976 h264=11148 acquire=13.096 ms encode=26.835 ms mux=0.161 ms
start encode NV12 with RV1106 vendor packet ABI, frame=330
encode_put_frame ret=0
encode_get_packet ret=0 handle=0xae9cf958 expected=0xae9cf958
vendor packet: mpi_buf_id=177 len=29955 buf_size=1495040 offset=779008 data_num=1 flag=0x00000010 pts=330
valloc packet buffer: mpi_buf_id=177 dma_buf_fd=11 size=0
H264 first bytes: 00 00 00 01 65 b8 00 00 c0 00 01 f1 11 22 80 00
encode_release_packet ret=0
MP4 frame 331/1500: sequence=335 pts=13200000 us key=1 nv12=4478976 h264=29955 acquire=12.512 ms encode=25.968 ms mux=1.154 ms
start encode NV12 with RV1106 vendor packet ABI, frame=331
encode_put_frame ret=0
encode_get_packet ret=0 handle=0xae9cf958 expected=0xae9cf958
vendor packet: mpi_buf_id=177 len=1426 buf_size=1495040 offset=809088 data_num=1 flag=0x00000000 pts=331
valloc packet buffer: mpi_buf_id=177 dma_buf_fd=11 size=0
H264 first bytes: 00 00 00 01 41 e0 00 20 00 46 0f c0 32 55 86 7a
encode_release_packet ret=0
MP4 frame 332/1500: sequence=336 pts=13240000 us key=0 nv12=4478976 h264=1426 acquire=12.394 ms encode=26.923 ms mux=0.063 ms
start encode NV12 with RV1106 vendor packet ABI, frame=332
encode_put_frame ret=0
encode_get_packet ret=0 handle=0xae9cf958 expected=0xae9cf958
vendor packet: mpi_buf_id=177 len=6001 buf_size=1495040 offset=810624 data_num=1 flag=0x00000000 pts=332
valloc packet buffer: mpi_buf_id=177 dma_buf_fd=11 size=0
H264 first bytes: 00 00 00 01 41 e0 00 40 00 86 05 f3 d6 06 6d 40
encode_release_packet ret=0
MP4 frame 333/1500: sequence=337 pts=13280000 us key=0 nv12=4478976 h264=6001 acquire=12.501 ms encode=26.240 ms mux=0.113 ms
start encode NV12 with RV1106 vendor packet ABI, frame=333
encode_put_frame ret=0
encode_get_packet ret=0 handle=0xae9cf958 expected=0xae9cf958
vendor packet: mpi_buf_id=177 len=11001 buf_size=1495040 offset=816640 data_num=1 flag=0x00000000 pts=333
valloc packet buffer: mpi_buf_id=177 dma_buf_fd=11 size=0
H264 first bytes: 00 00 00 01 41 e0 00 60 00 c6 06 f0 57 a2 89 55
encode_release_packet ret=0
MP4 frame 334/1500: sequence=338 pts=13320000 us key=0 nv12=4478976 h264=11001 acquire=13.060 ms encode=26.814 ms mux=0.163 ms
start encode NV12 with RV1106 vendor packet ABI, frame=334
encode_put_frame ret=0
encode_get_packet ret=0 handle=0xae9cf958 expected=0xae9cf958
vendor packet: mpi_buf_id=177 len=12795 buf_size=1495040 offset=827648 data_num=1 flag=0x00000000 pts=334
valloc packet buffer: mpi_buf_id=177 dma_buf_fd=11 size=0
H264 first bytes: 00 00 00 01 41 e0 00 80 01 06 06 f0 24 56 33 63
encode_release_packet ret=0
MP4 frame 335/1500: sequence=339 pts=13360000 us key=0 nv12=4478976 h264=12795 acquire=12.538 ms encode=26.306 ms mux=0.180 ms
start encode NV12 with RV1106 vendor packet ABI, frame=335
encode_put_frame ret=0
encode_get_packet ret=0 handle=0xae9cf958 expected=0xae9cf958
vendor packet: mpi_buf_id=177 len=19901 buf_size=1495040 offset=840448 data_num=1 flag=0x00000000 pts=335
valloc packet buffer: mpi_buf_id=177 dma_buf_fd=11 size=0
H264 first bytes: 00 00 00 01 41 e0 00 a0 01 46 07 f0 23 73 09 77
encode_release_packet ret=0
MP4 frame 336/1500: sequence=340 pts=13400000 us key=0 nv12=4478976 h264=19901 acquire=13.021 ms encode=27.000 ms mux=0.244 ms
start encode NV12 with RV1106 vendor packet ABI, frame=336
encode_put_frame ret=0
encode_get_packet ret=0 handle=0xae9cf958 expected=0xae9cf958
vendor packet: mpi_buf_id=177 len=22608 buf_size=1495040 offset=860416 data_num=1 flag=0x00000000 pts=336
valloc packet buffer: mpi_buf_id=177 dma_buf_fd=11 size=0
H264 first bytes: 00 00 00 01 41 e0 00 c0 01 86 07 f0 26 f1 82 5f
encode_release_packet ret=0
MP4 frame 337/1500: sequence=341 pts=13440000 us key=0 nv12=4478976 h264=22608 acquire=12.281 ms encode=26.226 ms mux=0.297 ms
start encode NV12 with RV1106 vendor packet ABI, frame=337
encode_put_frame ret=0
encode_get_packet ret=0 handle=0xae9cf958 expected=0xae9cf958
vendor packet: mpi_buf_id=177 len=52910 buf_size=1495040 offset=883072 data_num=1 flag=0x00000000 pts=337
valloc packet buffer: mpi_buf_id=177 dma_buf_fd=11 size=0
H264 first bytes: 00 00 00 01 41 e0 00 e0 01 c6 02 3c 1a f4 25 1f
encode_release_packet ret=0
MP4 frame 338/1500: sequence=342 pts=13480000 us key=0 nv12=4478976 h264=52910 acquire=12.977 ms encode=27.029 ms mux=0.622 ms
start encode NV12 with RV1106 vendor packet ABI, frame=338
encode_put_frame ret=0
encode_get_packet ret=0 handle=0xae9cf958 expected=0xae9cf958
vendor packet: mpi_buf_id=177 len=26383 buf_size=1495040 offset=936064 data_num=1 flag=0x00000000 pts=338
valloc packet buffer: mpi_buf_id=177 dma_buf_fd=11 size=0
H264 first bytes: 00 00 00 01 41 e0 01 00 02 06 06 f0 65 c1 18 97
encode_release_packet ret=0
MP4 frame 339/1500: sequence=343 pts=13520000 us key=0 nv12=4478976 h264=26383 acquire=11.864 ms encode=26.361 ms mux=0.337 ms
start encode NV12 with RV1106 vendor packet ABI, frame=339
encode_put_frame ret=0
encode_get_packet ret=0 handle=0xae9cf958 expected=0xae9cf958
vendor packet: mpi_buf_id=177 len=2438 buf_size=1495040 offset=962560 data_num=1 flag=0x00000000 pts=339
valloc packet buffer: mpi_buf_id=177 dma_buf_fd=11 size=0
H264 first bytes: 00 00 00 01 41 e0 01 20 02 46 04 70 00 a0 7c a3
encode_release_packet ret=0
MP4 frame 340/1500: sequence=344 pts=13560000 us key=0 nv12=4478976 h264=2438 acquire=12.830 ms encode=26.903 ms mux=0.072 ms
start encode NV12 with RV1106 vendor packet ABI, frame=340
encode_put_frame ret=0
encode_get_packet ret=0 handle=0xae9cf958 expected=0xae9cf958
vendor packet: mpi_buf_id=177 len=2101 buf_size=1495040 offset=965120 data_num=1 flag=0x00000000 pts=340
valloc packet buffer: mpi_buf_id=177 dma_buf_fd=11 size=0
H264 first bytes: 00 00 00 01 41 e0 01 40 02 86 04 70 00 8e 36 18
encode_release_packet ret=0
MP4 frame 341/1500: sequence=345 pts=13600000 us key=0 nv12=4478976 h264=2101 acquire=12.516 ms encode=26.404 ms mux=0.069 ms
start encode NV12 with RV1106 vendor packet ABI, frame=341
encode_put_frame ret=0
encode_get_packet ret=0 handle=0xae9cf958 expected=0xae9cf958
vendor packet: mpi_buf_id=177 len=3641 buf_size=1495040 offset=967296 data_num=1 flag=0x00000000 pts=341
valloc packet buffer: mpi_buf_id=177 dma_buf_fd=11 size=0
H264 first bytes: 00 00 00 01 41 e0 01 60 02 c6 04 70 00 93 dc ea
encode_release_packet ret=0
MP4 frame 342/1500: sequence=346 pts=13640000 us key=0 nv12=4478976 h264=3641 acquire=13.038 ms encode=27.216 ms mux=0.080 ms
start encode NV12 with RV1106 vendor packet ABI, frame=342
encode_put_frame ret=0
encode_get_packet ret=0 handle=0xae9cf958 expected=0xae9cf958
vendor packet: mpi_buf_id=177 len=8744 buf_size=1495040 offset=971008 data_num=1 flag=0x00000000 pts=342
valloc packet buffer: mpi_buf_id=177 dma_buf_fd=11 size=0
H264 first bytes: 00 00 00 01 41 e0 01 80 03 06 04 70 07 a1 73 0d
encode_release_packet ret=0
MP4 frame 343/1500: sequence=347 pts=13680000 us key=0 nv12=4478976 h264=8744 acquire=12.225 ms encode=26.262 ms mux=0.136 ms
start encode NV12 with RV1106 vendor packet ABI, frame=343
encode_put_frame ret=0
encode_get_packet ret=0 handle=0xae9cf958 expected=0xae9cf958
vendor packet: mpi_buf_id=177 len=2190 buf_size=1495040 offset=979840 data_num=1 flag=0x00000000 pts=343
valloc packet buffer: mpi_buf_id=177 dma_buf_fd=11 size=0
H264 first bytes: 00 00 00 01 41 e0 01 a0 03 46 05 70 06 65 8f 80
encode_release_packet ret=0
MP4 frame 344/1500: sequence=348 pts=13720000 us key=0 nv12=4478976 h264=2190 acquire=13.108 ms encode=26.881 ms mux=0.072 ms
start encode NV12 with RV1106 vendor packet ABI, frame=344
encode_put_frame ret=0
encode_get_packet ret=0 handle=0xae9cf958 expected=0xae9cf958
vendor packet: mpi_buf_id=177 len=2057 buf_size=1495040 offset=982144 data_num=1 flag=0x00000000 pts=344
valloc packet buffer: mpi_buf_id=177 dma_buf_fd=11 size=0
H264 first bytes: 00 00 00 01 41 e0 01 c0 03 86 05 70 04 41 6e 26
encode_release_packet ret=0
MP4 frame 345/1500: sequence=349 pts=13760000 us key=0 nv12=4478976 h264=2057 acquire=12.561 ms encode=26.192 ms mux=0.071 ms
start encode NV12 with RV1106 vendor packet ABI, frame=345
encode_put_frame ret=0
encode_get_packet ret=0 handle=0xae9cf958 expected=0xae9cf958
vendor packet: mpi_buf_id=177 len=1940 buf_size=1495040 offset=984320 data_num=1 flag=0x00000000 pts=345
valloc packet buffer: mpi_buf_id=177 dma_buf_fd=11 size=0
H264 first bytes: 00 00 00 01 41 e0 01 e0 03 c6 05 70 1f 73 38 09
encode_release_packet ret=0
MP4 frame 346/1500: sequence=350 pts=13800000 us key=0 nv12=4478976 h264=1940 acquire=13.262 ms encode=26.887 ms mux=0.067 ms
start encode NV12 with RV1106 vendor packet ABI, frame=346
encode_put_frame ret=0
encode_get_packet ret=0 handle=0xae9cf958 expected=0xae9cf958
vendor packet: mpi_buf_id=177 len=4309 buf_size=1495040 offset=986368 data_num=1 flag=0x00000000 pts=346
valloc packet buffer: mpi_buf_id=177 dma_buf_fd=11 size=0
H264 first bytes: 00 00 00 01 41 e0 02 00 04 06 04 70 35 d2 81 ea
encode_release_packet ret=0
MP4 frame 347/1500: sequence=351 pts=13840000 us key=0 nv12=4478976 h264=4309 acquire=12.561 ms encode=26.314 ms mux=0.089 ms
start encode NV12 with RV1106 vendor packet ABI, frame=347
encode_put_frame ret=0
encode_get_packet ret=0 handle=0xae9cf958 expected=0xae9cf958
vendor packet: mpi_buf_id=177 len=4658 buf_size=1495040 offset=990720 data_num=1 flag=0x00000000 pts=347
valloc packet buffer: mpi_buf_id=177 dma_buf_fd=11 size=0
H264 first bytes: 00 00 00 01 41 e0 02 20 04 46 0d c0 b1 32 9a 6c
encode_release_packet ret=0
MP4 frame 348/1500: sequence=352 pts=13880000 us key=0 nv12=4478976 h264=4658 acquire=13.110 ms encode=26.783 ms mux=0.092 ms
start encode NV12 with RV1106 vendor packet ABI, frame=348
encode_put_frame ret=0
encode_get_packet ret=0 handle=0xae9cf958 expected=0xae9cf958
vendor packet: mpi_buf_id=177 len=2600 buf_size=1495040 offset=995456 data_num=1 flag=0x00000000 pts=348
valloc packet buffer: mpi_buf_id=177 dma_buf_fd=11 size=0
H264 first bytes: 00 00 00 01 41 e0 02 40 04 86 0d c0 f5 48 60 9a
encode_release_packet ret=0
MP4 frame 349/1500: sequence=353 pts=13920000 us key=0 nv12=4478976 h264=2600 acquire=12.634 ms encode=26.381 ms mux=0.074 ms
start encode NV12 with RV1106 vendor packet ABI, frame=349
encode_put_frame ret=0
encode_get_packet ret=0 handle=0xae9cf958 expected=0xae9cf958
vendor packet: mpi_buf_id=177 len=1873 buf_size=1495040 offset=998144 data_num=1 flag=0x00000000 pts=349
valloc packet buffer: mpi_buf_id=177 dma_buf_fd=11 size=0
H264 first bytes: 00 00 00 01 41 e0 02 60 04 c6 0d c0 cb 3a 80 98
encode_release_packet ret=0
MP4 frame 350/1500: sequence=354 pts=13960000 us key=0 nv12=4478976 h264=1873 acquire=13.059 ms encode=26.945 ms mux=0.071 ms
start encode NV12 with RV1106 vendor packet ABI, frame=350
encode_put_frame ret=0
encode_get_packet ret=0 handle=0xae9cf958 expected=0xae9cf958
vendor packet: mpi_buf_id=177 len=1701 buf_size=1495040 offset=1000064 data_num=1 flag=0x00000000 pts=350
valloc packet buffer: mpi_buf_id=177 dma_buf_fd=11 size=0
H264 first bytes: 00 00 00 01 41 e0 02 80 05 06 0d c0 72 da bb 70
encode_release_packet ret=0
MP4 frame 351/1500: sequence=355 pts=14000000 us key=0 nv12=4478976 h264=1701 acquire=12.498 ms encode=26.226 ms mux=0.066 ms
start encode NV12 with RV1106 vendor packet ABI, frame=351
encode_put_frame ret=0
encode_get_packet ret=0 handle=0xae9cf958 expected=0xae9cf958
vendor packet: mpi_buf_id=177 len=10626 buf_size=1495040 offset=1001856 data_num=1 flag=0x00000000 pts=351
valloc packet buffer: mpi_buf_id=177 dma_buf_fd=11 size=0
H264 first bytes: 00 00 00 01 41 e0 02 a0 05 46 17 02 3d 28 8b 52
encode_release_packet ret=0
MP4 frame 352/1500: sequence=356 pts=14040000 us key=0 nv12=4478976 h264=10626 acquire=13.232 ms encode=26.775 ms mux=0.153 ms
start encode NV12 with RV1106 vendor packet ABI, frame=352
encode_put_frame ret=0
encode_get_packet ret=0 handle=0xae9cf958 expected=0xae9cf958
vendor packet: mpi_buf_id=177 len=3368 buf_size=1495040 offset=1012608 data_num=1 flag=0x00000000 pts=352
valloc packet buffer: mpi_buf_id=177 dma_buf_fd=11 size=0
H264 first bytes: 00 00 00 01 41 e0 02 c0 05 86 17 07 d4 a1 0c d2
encode_release_packet ret=0
MP4 frame 353/1500: sequence=357 pts=14080000 us key=0 nv12=4478976 h264=3368 acquire=12.587 ms encode=26.260 ms mux=0.079 ms
start encode NV12 with RV1106 vendor packet ABI, frame=353
encode_put_frame ret=0
encode_get_packet ret=0 handle=0xae9cf958 expected=0xae9cf958
vendor packet: mpi_buf_id=177 len=13400 buf_size=1495040 offset=1016064 data_num=1 flag=0x00000000 pts=353
valloc packet buffer: mpi_buf_id=177 dma_buf_fd=11 size=0
H264 first bytes: 00 00 00 01 41 e0 02 e0 05 c6 1f 02 3d 2f 2c 96
encode_release_packet ret=0
MP4 frame 354/1500: sequence=358 pts=14120000 us key=0 nv12=4478976 h264=13400 acquire=13.166 ms encode=26.802 ms mux=0.188 ms
start encode NV12 with RV1106 vendor packet ABI, frame=354
encode_put_frame ret=0
encode_get_packet ret=0 handle=0xae9cf958 expected=0xae9cf958
vendor packet: mpi_buf_id=177 len=6432 buf_size=1495040 offset=1029504 data_num=1 flag=0x00000000 pts=354
valloc packet buffer: mpi_buf_id=177 dma_buf_fd=11 size=0
H264 first bytes: 00 00 00 01 41 e0 03 00 06 06 1f 02 3d 28 46 da
encode_release_packet ret=0
MP4 frame 355/1500: sequence=359 pts=14160000 us key=0 nv12=4478976 h264=6432 acquire=12.531 ms encode=26.250 ms mux=0.112 ms
start encode NV12 with RV1106 vendor packet ABI, frame=355
encode_put_frame ret=0
encode_get_packet ret=0 handle=0xae9cf958 expected=0xae9cf958
vendor packet: mpi_buf_id=177 len=12322 buf_size=1495040 offset=1036032 data_num=1 flag=0x00000000 pts=355
valloc packet buffer: mpi_buf_id=177 dma_buf_fd=11 size=0
H264 first bytes: 00 00 00 01 41 e0 03 20 06 46 0b c0 93 4a 10 b7
encode_release_packet ret=0
MP4 frame 356/1500: sequence=360 pts=14200000 us key=0 nv12=4478976 h264=12322 acquire=13.146 ms encode=26.858 ms mux=0.174 ms
start encode NV12 with RV1106 vendor packet ABI, frame=356
encode_put_frame ret=0
encode_get_packet ret=0 handle=0xae9cf958 expected=0xae9cf958
vendor packet: mpi_buf_id=177 len=13512 buf_size=1495040 offset=1048448 data_num=1 flag=0x00000000 pts=356
valloc packet buffer: mpi_buf_id=177 dma_buf_fd=11 size=0
H264 first bytes: 00 00 00 01 41 e0 03 40 06 86 0f c6 d4 28 26 aa
encode_release_packet ret=0
MP4 frame 357/1500: sequence=361 pts=14240000 us key=0 nv12=4478976 h264=13512 acquire=12.480 ms encode=26.289 ms mux=0.184 ms
start encode NV12 with RV1106 vendor packet ABI, frame=357
encode_put_frame ret=0
encode_get_packet ret=0 handle=0xae9cf958 expected=0xae9cf958
vendor packet: mpi_buf_id=177 len=6504 buf_size=1495040 offset=1062016 data_num=1 flag=0x00000000 pts=357
valloc packet buffer: mpi_buf_id=177 dma_buf_fd=11 size=0
H264 first bytes: 00 00 00 01 41 e0 03 60 06 c6 0f c6 d2 82 cd 05
encode_release_packet ret=0
MP4 frame 358/1500: sequence=362 pts=14280000 us key=0 nv12=4478976 h264=6504 acquire=13.047 ms encode=26.910 ms mux=0.116 ms
start encode NV12 with RV1106 vendor packet ABI, frame=358
encode_put_frame ret=0
encode_get_packet ret=0 handle=0xae9cf958 expected=0xae9cf958
vendor packet: mpi_buf_id=177 len=9056 buf_size=1495040 offset=1068544 data_num=1 flag=0x00000000 pts=358
valloc packet buffer: mpi_buf_id=177 dma_buf_fd=11 size=0
H264 first bytes: 00 00 00 01 41 e0 03 80 07 06 04 f3 68 60 95 aa
encode_release_packet ret=0
MP4 frame 359/1500: sequence=363 pts=14320000 us key=0 nv12=4478976 h264=9056 acquire=12.488 ms encode=26.257 ms mux=0.917 ms
start encode NV12 with RV1106 vendor packet ABI, frame=359
encode_put_frame ret=0
encode_get_packet ret=0 handle=0xae9cf958 expected=0xae9cf958
vendor packet: mpi_buf_id=177 len=12658 buf_size=1495040 offset=1077632 data_num=1 flag=0x00000000 pts=359
valloc packet buffer: mpi_buf_id=177 dma_buf_fd=11 size=0
H264 first bytes: 00 00 00 01 41 e0 03 a0 07 46 05 f2 d2 18 25 55
encode_release_packet ret=0
MP4 frame 360/1500: sequence=364 pts=14360000 us key=0 nv12=4478976 h264=12658 acquire=12.333 ms encode=26.809 ms mux=0.172 ms
start encode NV12 with RV1106 vendor packet ABI, frame=360
encode_put_frame ret=0
encode_get_packet ret=0 handle=0xae9cf958 expected=0xae9cf958
vendor packet: mpi_buf_id=177 len=60005 buf_size=1495040 offset=1090304 data_num=1 flag=0x00000010 pts=360
valloc packet buffer: mpi_buf_id=177 dma_buf_fd=11 size=0
H264 first bytes: 00 00 00 01 65 b8 00 00 d0 00 00 6f 11 12 28 00
encode_release_packet ret=0
MP4 frame 361/1500: sequence=365 pts=14400000 us key=1 nv12=4478976 h264=60005 acquire=12.524 ms encode=26.078 ms mux=1.075 ms
start encode NV12 with RV1106 vendor packet ABI, frame=361
encode_put_frame ret=0
encode_get_packet ret=0 handle=0xae9cf958 expected=0xae9cf958
vendor packet: mpi_buf_id=177 len=9081 buf_size=1495040 offset=1150336 data_num=1 flag=0x00000000 pts=361
valloc packet buffer: mpi_buf_id=177 dma_buf_fd=11 size=0
H264 first bytes: 00 00 00 01 41 e0 00 20 00 46 06 f3 d2 80 c6 e0
encode_release_packet ret=0
MP4 frame 362/1500: sequence=366 pts=14440000 us key=0 nv12=4478976 h264=9081 acquire=12.358 ms encode=26.890 ms mux=0.139 ms
start encode NV12 with RV1106 vendor packet ABI, frame=362
encode_put_frame ret=0
encode_get_packet ret=0 handle=0xae9cf958 expected=0xae9cf958
vendor packet: mpi_buf_id=177 len=8042 buf_size=1495040 offset=1159424 data_num=1 flag=0x00000000 pts=362
valloc packet buffer: mpi_buf_id=177 dma_buf_fd=11 size=0
H264 first bytes: 00 00 00 01 41 e0 00 40 00 86 06 f1 d4 a0 52 d4
encode_release_packet ret=0
MP4 frame 363/1500: sequence=367 pts=14480000 us key=0 nv12=4478976 h264=8042 acquire=12.469 ms encode=26.215 ms mux=0.132 ms
start encode NV12 with RV1106 vendor packet ABI, frame=363
encode_put_frame ret=0
encode_get_packet ret=0 handle=0xae9cf958 expected=0xae9cf958
vendor packet: mpi_buf_id=177 len=12551 buf_size=1495040 offset=1167488 data_num=1 flag=0x00000000 pts=363
valloc packet buffer: mpi_buf_id=177 dma_buf_fd=11 size=0
H264 first bytes: 00 00 00 01 41 e0 00 60 00 c6 07 f0 6f d0 94 76
encode_release_packet ret=0
MP4 frame 364/1500: sequence=368 pts=14520000 us key=0 nv12=4478976 h264=12551 acquire=13.168 ms encode=26.887 ms mux=0.180 ms
start encode NV12 with RV1106 vendor packet ABI, frame=364
encode_put_frame ret=0
encode_get_packet ret=0 handle=0xae9cf958 expected=0xae9cf958
vendor packet: mpi_buf_id=177 len=15093 buf_size=1495040 offset=1180160 data_num=1 flag=0x00000000 pts=364
valloc packet buffer: mpi_buf_id=177 dma_buf_fd=11 size=0
H264 first bytes: 00 00 00 01 41 e0 00 80 01 06 02 3c 1a 74 25 1d
encode_release_packet ret=0
MP4 frame 365/1500: sequence=369 pts=14560000 us key=0 nv12=4478976 h264=15093 acquire=12.327 ms encode=26.250 ms mux=0.207 ms
start encode NV12 with RV1106 vendor packet ABI, frame=365
encode_put_frame ret=0
encode_get_packet ret=0 handle=0xae9cf958 expected=0xae9cf958
vendor packet: mpi_buf_id=177 len=14053 buf_size=1495040 offset=1195264 data_num=1 flag=0x00000000 pts=365
valloc packet buffer: mpi_buf_id=177 dma_buf_fd=11 size=0
H264 first bytes: 00 00 00 01 41 e0 00 a0 01 46 02 3c 17 f0 a0 97
encode_release_packet ret=0
MP4 frame 366/1500: sequence=370 pts=14600000 us key=0 nv12=4478976 h264=14053 acquire=13.057 ms encode=26.836 ms mux=0.197 ms
start encode NV12 with RV1106 vendor packet ABI, frame=366
encode_put_frame ret=0
encode_get_packet ret=0 handle=0xae9cf958 expected=0xae9cf958
vendor packet: mpi_buf_id=177 len=18169 buf_size=1495040 offset=1209344 data_num=1 flag=0x00000000 pts=366
valloc packet buffer: mpi_buf_id=177 dma_buf_fd=11 size=0
H264 first bytes: 00 00 00 01 41 e0 00 c0 01 86 02 7c 4f 04 22 6f
encode_release_packet ret=0
MP4 frame 367/1500: sequence=371 pts=14640000 us key=0 nv12=4478976 h264=18169 acquire=12.481 ms encode=26.238 ms mux=0.225 ms
start encode NV12 with RV1106 vendor packet ABI, frame=367
encode_put_frame ret=0
encode_get_packet ret=0 handle=0xae9cf958 expected=0xae9cf958
vendor packet: mpi_buf_id=177 len=18666 buf_size=1495040 offset=1227520 data_num=1 flag=0x00000000 pts=367
valloc packet buffer: mpi_buf_id=177 dma_buf_fd=11 size=0
H264 first bytes: 00 00 00 01 41 e0 00 e0 01 c6 02 7c 57 42 47 68
encode_release_packet ret=0
MP4 frame 368/1500: sequence=372 pts=14680000 us key=0 nv12=4478976 h264=18666 acquire=13.044 ms encode=26.898 ms mux=0.240 ms
start encode NV12 with RV1106 vendor packet ABI, frame=368
encode_put_frame ret=0
encode_get_packet ret=0 handle=0xae9cf958 expected=0xae9cf958
vendor packet: mpi_buf_id=177 len=18943 buf_size=1495040 offset=1246208 data_num=1 flag=0x00000000 pts=368
valloc packet buffer: mpi_buf_id=177 dma_buf_fd=11 size=0
H264 first bytes: 00 00 00 01 41 e0 01 00 02 06 02 7c 15 f0 56 27
encode_release_packet ret=0
MP4 frame 369/1500: sequence=373 pts=14720000 us key=0 nv12=4478976 h264=18943 acquire=12.371 ms encode=26.338 ms mux=0.237 ms
start encode NV12 with RV1106 vendor packet ABI, frame=369
encode_put_frame ret=0
encode_get_packet ret=0 handle=0xae9cf958 expected=0xae9cf958
vendor packet: mpi_buf_id=177 len=19374 buf_size=1495040 offset=1265152 data_num=1 flag=0x00000000 pts=369
valloc packet buffer: mpi_buf_id=177 dma_buf_fd=11 size=0
H264 first bytes: 00 00 00 01 41 e0 01 20 02 46 02 7c 21 c6 09 77
encode_release_packet ret=0
MP4 frame 370/1500: sequence=374 pts=14760000 us key=0 nv12=4478976 h264=19374 acquire=12.941 ms encode=26.892 ms mux=0.247 ms
start encode NV12 with RV1106 vendor packet ABI, frame=370
encode_put_frame ret=0
encode_get_packet ret=0 handle=0xae9cf958 expected=0xae9cf958
vendor packet: mpi_buf_id=177 len=27821 buf_size=1495040 offset=1284608 data_num=1 flag=0x00000000 pts=370
valloc packet buffer: mpi_buf_id=177 dma_buf_fd=11 size=0
H264 first bytes: 00 00 00 01 41 e0 01 40 02 86 02 bc 25 a1 82 7b
encode_release_packet ret=0
MP4 frame 371/1500: sequence=375 pts=14800000 us key=0 nv12=4478976 h264=27821 acquire=12.375 ms encode=26.315 ms mux=0.340 ms
start encode NV12 with RV1106 vendor packet ABI, frame=371
encode_put_frame ret=0
encode_get_packet ret=0 handle=0xae9cf958 expected=0xae9cf958
vendor packet: mpi_buf_id=177 len=21240 buf_size=1495040 offset=1312512 data_num=1 flag=0x00000000 pts=371
valloc packet buffer: mpi_buf_id=177 dma_buf_fd=11 size=0
H264 first bytes: 00 00 00 01 41 e0 01 60 02 c6 02 7c 15 f0 52 27
encode_release_packet ret=0
MP4 frame 372/1500: sequence=376 pts=14840000 us key=0 nv12=4478976 h264=21240 acquire=12.851 ms encode=27.020 ms mux=0.271 ms
start encode NV12 with RV1106 vendor packet ABI, frame=372
encode_put_frame ret=0
encode_get_packet ret=0 handle=0xae9cf958 expected=0xae9cf958
vendor packet: mpi_buf_id=177 len=21884 buf_size=1495040 offset=1333760 data_num=1 flag=0x00000000 pts=372
valloc packet buffer: mpi_buf_id=177 dma_buf_fd=11 size=0
H264 first bytes: 00 00 00 01 41 e0 01 80 03 06 02 7c 0c 1c 60 97
encode_release_packet ret=0
MP4 frame 373/1500: sequence=377 pts=14880000 us key=0 nv12=4478976 h264=21884 acquire=12.222 ms encode=26.209 ms mux=0.273 ms
start encode NV12 with RV1106 vendor packet ABI, frame=373
encode_put_frame ret=0
encode_get_packet ret=0 handle=0xae9cf958 expected=0xae9cf958
vendor packet: mpi_buf_id=177 len=22945 buf_size=1495040 offset=1355648 data_num=1 flag=0x00000000 pts=373
valloc packet buffer: mpi_buf_id=177 dma_buf_fd=11 size=0
H264 first bytes: 00 00 00 01 41 e0 01 a0 03 46 02 7c 2b c6 09 77
encode_release_packet ret=0
MP4 frame 374/1500: sequence=378 pts=14920000 us key=0 nv12=4478976 h264=22945 acquire=13.025 ms encode=26.886 ms mux=0.291 ms
start encode NV12 with RV1106 vendor packet ABI, frame=374
encode_put_frame ret=0
encode_get_packet ret=0 handle=0xae9cf958 expected=0xae9cf958
vendor packet: mpi_buf_id=177 len=23973 buf_size=1495040 offset=1378688 data_num=1 flag=0x00000000 pts=374
valloc packet buffer: mpi_buf_id=177 dma_buf_fd=11 size=0
H264 first bytes: 00 00 00 01 41 e0 01 c0 03 86 02 7c 23 c2 82 6f
encode_release_packet ret=0
MP4 frame 375/1500: sequence=379 pts=14960000 us key=0 nv12=4478976 h264=23973 acquire=12.336 ms encode=26.292 ms mux=0.293 ms
start encode NV12 with RV1106 vendor packet ABI, frame=375
encode_put_frame ret=0
encode_get_packet ret=0 handle=0xae9cf958 expected=0xae9cf958
vendor packet: mpi_buf_id=177 len=24062 buf_size=1495040 offset=1402752 data_num=1 flag=0x00000000 pts=375
valloc packet buffer: mpi_buf_id=177 dma_buf_fd=11 size=0
H264 first bytes: 00 00 00 01 41 e0 01 e0 03 c6 02 7c 47 0a 09 77
encode_release_packet ret=0
MP4 frame 376/1500: sequence=380 pts=15000000 us key=0 nv12=4478976 h264=24062 acquire=12.931 ms encode=26.857 ms mux=1.092 ms
start encode NV12 with RV1106 vendor packet ABI, frame=376
encode_put_frame ret=0
encode_get_packet ret=0 handle=0xae9cf958 expected=0xae9cf958
vendor packet: mpi_buf_id=177 len=23361 buf_size=1495040 offset=1426816 data_num=1 flag=0x00000000 pts=376
valloc packet buffer: mpi_buf_id=177 dma_buf_fd=11 size=0
H264 first bytes: 00 00 00 01 41 e0 02 00 04 06 02 7c 09 fc 28 25
encode_release_packet ret=0
MP4 frame 377/1500: sequence=381 pts=15040000 us key=0 nv12=4478976 h264=23361 acquire=11.568 ms encode=26.307 ms mux=0.292 ms
start encode NV12 with RV1106 vendor packet ABI, frame=377
encode_put_frame ret=0
encode_get_packet ret=0 handle=0xae9cf958 expected=0xae9cf958
vendor packet: mpi_buf_id=177 len=23312 buf_size=1495040 offset=1450240 data_num=1 flag=0x00000000 pts=377
valloc packet buffer: mpi_buf_id=177 dma_buf_fd=11 size=0
H264 first bytes: 00 00 00 01 41 e0 02 20 04 46 02 7c 57 0a 09 bb
encode_release_packet ret=0
MP4 frame 378/1500: sequence=382 pts=15080000 us key=0 nv12=4478976 h264=23312 acquire=12.893 ms encode=26.852 ms mux=0.292 ms
start encode NV12 with RV1106 vendor packet ABI, frame=378
encode_put_frame ret=0
encode_get_packet ret=0 handle=0xae9cf958 expected=0xae9cf958
vendor packet: mpi_buf_id=177 len=23672 buf_size=1495040 offset=1473664 data_num=1 flag=0x00000000 pts=378
valloc packet buffer: mpi_buf_id=177 dma_buf_fd=11 size=0
H264 first bytes: 00 00 00 01 41 e0 02 40 04 86 02 7c 1f f1 e2 5e
encode_release_packet ret=0
MP4 frame 379/1500: sequence=383 pts=15120000 us key=0 nv12=4478976 h264=23672 acquire=12.369 ms encode=26.222 ms mux=0.297 ms
start encode NV12 with RV1106 vendor packet ABI, frame=379
encode_put_frame ret=0
encode_get_packet ret=0 handle=0xae9cf958 expected=0xae9cf958
vendor packet: mpi_buf_id=177 len=22876 buf_size=1495040 offset=2304 data_num=1 flag=0x00000000 pts=379
valloc packet buffer: mpi_buf_id=177 dma_buf_fd=11 size=0
H264 first bytes: 00 00 00 01 41 e0 02 60 04 c6 02 7c 2b c2 82 77
encode_release_packet ret=0
MP4 frame 380/1500: sequence=384 pts=15160000 us key=0 nv12=4478976 h264=22876 acquire=12.992 ms encode=27.031 ms mux=0.280 ms
start encode NV12 with RV1106 vendor packet ABI, frame=380
encode_put_frame ret=0
encode_get_packet ret=0 handle=0xae9cf958 expected=0xae9cf958
vendor packet: mpi_buf_id=177 len=23479 buf_size=1495040 offset=25216 data_num=1 flag=0x00000000 pts=380
valloc packet buffer: mpi_buf_id=177 dma_buf_fd=11 size=0
H264 first bytes: 00 00 00 01 41 e0 02 80 05 06 02 7c 4e c1 60 9b
encode_release_packet ret=0
MP4 frame 381/1500: sequence=385 pts=15200000 us key=0 nv12=4478976 h264=23479 acquire=12.192 ms encode=26.279 ms mux=0.298 ms
start encode NV12 with RV1106 vendor packet ABI, frame=381
encode_put_frame ret=0
encode_get_packet ret=0 handle=0xae9cf958 expected=0xae9cf958
vendor packet: mpi_buf_id=177 len=14029 buf_size=1495040 offset=48768 data_num=1 flag=0x00000000 pts=381
valloc packet buffer: mpi_buf_id=177 dma_buf_fd=11 size=0
H264 first bytes: 00 00 00 01 41 e0 02 a0 05 46 02 3c 04 c4 f0 5a
encode_release_packet ret=0
MP4 frame 382/1500: sequence=386 pts=15240000 us key=0 nv12=4478976 h264=14029 acquire=12.936 ms encode=26.811 ms mux=0.189 ms
start encode NV12 with RV1106 vendor packet ABI, frame=382
encode_put_frame ret=0
encode_get_packet ret=0 handle=0xae9cf958 expected=0xae9cf958
vendor packet: mpi_buf_id=177 len=22091 buf_size=1495040 offset=62848 data_num=1 flag=0x00000000 pts=382
valloc packet buffer: mpi_buf_id=177 dma_buf_fd=11 size=0
H264 first bytes: 00 00 00 01 41 e0 02 c0 05 86 02 7c 04 e7 42 cb
encode_release_packet ret=0
MP4 frame 383/1500: sequence=387 pts=15280000 us key=0 nv12=4478976 h264=22091 acquire=12.506 ms encode=26.288 ms mux=0.292 ms
start encode NV12 with RV1106 vendor packet ABI, frame=383
encode_put_frame ret=0
encode_get_packet ret=0 handle=0xae9cf958 expected=0xae9cf958
vendor packet: mpi_buf_id=177 len=21968 buf_size=1495040 offset=84992 data_num=1 flag=0x00000000 pts=383
valloc packet buffer: mpi_buf_id=177 dma_buf_fd=11 size=0
H264 first bytes: 00 00 00 01 41 e0 02 e0 05 c6 02 7c 15 71 c2 58
encode_release_packet ret=0
MP4 frame 384/1500: sequence=388 pts=15320000 us key=0 nv12=4478976 h264=21968 acquire=12.937 ms encode=26.921 ms mux=0.286 ms
start encode NV12 with RV1106 vendor packet ABI, frame=384
encode_put_frame ret=0
encode_get_packet ret=0 handle=0xae9cf958 expected=0xae9cf958
vendor packet: mpi_buf_id=177 len=23360 buf_size=1495040 offset=107008 data_num=1 flag=0x00000000 pts=384
valloc packet buffer: mpi_buf_id=177 dma_buf_fd=11 size=0
H264 first bytes: 00 00 00 01 41 e0 03 00 06 06 02 7c 1a 70 56 26
encode_release_packet ret=0
MP4 frame 385/1500: sequence=389 pts=15360000 us key=0 nv12=4478976 h264=23360 acquire=12.308 ms encode=26.215 ms mux=0.289 ms
start encode NV12 with RV1106 vendor packet ABI, frame=385
encode_put_frame ret=0
encode_get_packet ret=0 handle=0xae9cf958 expected=0xae9cf958
vendor packet: mpi_buf_id=177 len=23475 buf_size=1495040 offset=130432 data_num=1 flag=0x00000000 pts=385
valloc packet buffer: mpi_buf_id=177 dma_buf_fd=11 size=0
H264 first bytes: 00 00 00 01 41 e0 03 20 06 46 02 7c 0c dc 60 94
encode_release_packet ret=0
MP4 frame 386/1500: sequence=390 pts=15400000 us key=0 nv12=4478976 h264=23475 acquire=12.998 ms encode=26.948 ms mux=0.299 ms
start encode NV12 with RV1106 vendor packet ABI, frame=386
encode_put_frame ret=0
encode_get_packet ret=0 handle=0xae9cf958 expected=0xae9cf958
vendor packet: mpi_buf_id=177 len=14115 buf_size=1495040 offset=153984 data_num=1 flag=0x00000000 pts=386
valloc packet buffer: mpi_buf_id=177 dma_buf_fd=11 size=0
H264 first bytes: 00 00 00 01 41 e0 03 40 06 86 02 3c 11 f1 62 77
encode_release_packet ret=0
MP4 frame 387/1500: sequence=391 pts=15440000 us key=0 nv12=4478976 h264=14115 acquire=12.272 ms encode=26.245 ms mux=0.198 ms
start encode NV12 with RV1106 vendor packet ABI, frame=387
encode_put_frame ret=0
encode_get_packet ret=0 handle=0xae9cf958 expected=0xae9cf958
vendor packet: mpi_buf_id=177 len=22431 buf_size=1495040 offset=168192 data_num=1 flag=0x00000000 pts=387
valloc packet buffer: mpi_buf_id=177 dma_buf_fd=11 size=0
H264 first bytes: 00 00 00 01 41 e0 03 60 06 c6 02 7c 35 71 82 77
encode_release_packet ret=0
MP4 frame 388/1500: sequence=392 pts=15480000 us key=0 nv12=4478976 h264=22431 acquire=13.067 ms encode=26.951 ms mux=1.084 ms
start encode NV12 with RV1106 vendor packet ABI, frame=388
encode_put_frame ret=0
encode_get_packet ret=0 handle=0xae9cf958 expected=0xae9cf958
vendor packet: mpi_buf_id=177 len=22598 buf_size=1495040 offset=190720 data_num=1 flag=0x00000000 pts=388
valloc packet buffer: mpi_buf_id=177 dma_buf_fd=11 size=0
H264 first bytes: 00 00 00 01 41 e0 03 80 07 06 02 7c 0f 9c a2 5d
encode_release_packet ret=0
MP4 frame 389/1500: sequence=393 pts=15520000 us key=0 nv12=4478976 h264=22598 acquire=11.476 ms encode=26.278 ms mux=0.282 ms
start encode NV12 with RV1106 vendor packet ABI, frame=389
encode_put_frame ret=0
encode_get_packet ret=0 handle=0xae9cf958 expected=0xae9cf958
vendor packet: mpi_buf_id=177 len=13693 buf_size=1495040 offset=213376 data_num=1 flag=0x00000000 pts=389
valloc packet buffer: mpi_buf_id=177 dma_buf_fd=11 size=0
H264 first bytes: 00 00 00 01 41 e0 03 a0 07 46 02 3c 02 3f b0 4c
encode_release_packet ret=0
MP4 frame 390/1500: sequence=394 pts=15560000 us key=0 nv12=4478976 h264=13693 acquire=12.938 ms encode=26.820 ms mux=0.190 ms
start encode NV12 with RV1106 vendor packet ABI, frame=390
encode_put_frame ret=0
encode_get_packet ret=0 handle=0xae9cf958 expected=0xae9cf958
vendor packet: mpi_buf_id=177 len=121412 buf_size=1495040 offset=227072 data_num=1 flag=0x00000010 pts=390
valloc packet buffer: mpi_buf_id=177 dma_buf_fd=11 size=0
H264 first bytes: 00 00 00 01 65 b8 00 00 e0 00 00 27 c4 44 89 00
encode_release_packet ret=0
MP4 frame 391/1500: sequence=395 pts=15600000 us key=1 nv12=4478976 h264=121412 acquire=12.503 ms encode=41.956 ms mux=2.097 ms
start encode NV12 with RV1106 vendor packet ABI, frame=391
encode_put_frame ret=0
encode_get_packet ret=0 handle=0xae9cf958 expected=0xae9cf958
vendor packet: mpi_buf_id=177 len=11114 buf_size=1495040 offset=348544 data_num=1 flag=0x00000000 pts=391
valloc packet buffer: mpi_buf_id=177 dma_buf_fd=11 size=0
H264 first bytes: 00 00 00 01 41 e0 00 20 00 46 07 f1 33 61 db 50
encode_release_packet ret=0
MP4 frame 392/1500: sequence=396 pts=15640000 us key=0 nv12=4478976 h264=11114 acquire=0.060 ms encode=27.104 ms mux=0.162 ms
start encode NV12 with RV1106 vendor packet ABI, frame=392
encode_put_frame ret=0
encode_get_packet ret=0 handle=0xae9cf958 expected=0xae9cf958
vendor packet: mpi_buf_id=177 len=10251 buf_size=1495040 offset=359680 data_num=1 flag=0x00000000 pts=392
valloc packet buffer: mpi_buf_id=177 dma_buf_fd=11 size=0
H264 first bytes: 00 00 00 01 41 e0 00 40 00 86 07 f0 21 66 92 53
encode_release_packet ret=0
MP4 frame 393/1500: sequence=397 pts=15680000 us key=0 nv12=4478976 h264=10251 acquire=7.626 ms encode=26.221 ms mux=0.176 ms
start encode NV12 with RV1106 vendor packet ABI, frame=393
encode_put_frame ret=0
encode_get_packet ret=0 handle=0xae9cf958 expected=0xae9cf958
vendor packet: mpi_buf_id=177 len=9486 buf_size=1495040 offset=370048 data_num=1 flag=0x00000000 pts=393
valloc packet buffer: mpi_buf_id=177 dma_buf_fd=11 size=0
H264 first bytes: 00 00 00 01 41 e0 00 60 00 c6 07 f0 2a da 80 84
encode_release_packet ret=0
MP4 frame 394/1500: sequence=398 pts=15720000 us key=0 nv12=4478976 h264=9486 acquire=13.124 ms encode=26.883 ms mux=0.143 ms
start encode NV12 with RV1106 vendor packet ABI, frame=394
encode_put_frame ret=0
encode_get_packet ret=0 handle=0xae9cf958 expected=0xae9cf958
vendor packet: mpi_buf_id=177 len=14085 buf_size=1495040 offset=379648 data_num=1 flag=0x00000000 pts=394
valloc packet buffer: mpi_buf_id=177 dma_buf_fd=11 size=0
H264 first bytes: 00 00 00 01 41 e0 00 80 01 06 02 3c 08 7a 84 29
encode_release_packet ret=0
MP4 frame 395/1500: sequence=399 pts=15760000 us key=0 nv12=4478976 h264=14085 acquire=12.487 ms encode=26.223 ms mux=0.192 ms
start encode NV12 with RV1106 vendor packet ABI, frame=395
encode_put_frame ret=0
encode_get_packet ret=0 handle=0xae9cf958 expected=0xae9cf958
vendor packet: mpi_buf_id=177 len=13774 buf_size=1495040 offset=393856 data_num=1 flag=0x00000000 pts=395
valloc packet buffer: mpi_buf_id=177 dma_buf_fd=11 size=0
H264 first bytes: 00 00 00 01 41 e0 00 a0 01 46 02 3c 08 14 a1 0c
encode_release_packet ret=0
MP4 frame 396/1500: sequence=400 pts=15800000 us key=0 nv12=4478976 h264=13774 acquire=12.983 ms encode=26.857 ms mux=0.189 ms
start encode NV12 with RV1106 vendor packet ABI, frame=396
encode_put_frame ret=0
encode_get_packet ret=0 handle=0xae9cf958 expected=0xae9cf958
vendor packet: mpi_buf_id=177 len=12788 buf_size=1495040 offset=407680 data_num=1 flag=0x00000000 pts=396
valloc packet buffer: mpi_buf_id=177 dma_buf_fd=11 size=0
H264 first bytes: 00 00 00 01 41 e0 00 c0 01 86 02 3c 08 94 a0 cf
encode_release_packet ret=0
MP4 frame 397/1500: sequence=401 pts=15840000 us key=0 nv12=4478976 h264=12788 acquire=12.477 ms encode=26.248 ms mux=0.177 ms
start encode NV12 with RV1106 vendor packet ABI, frame=397
encode_put_frame ret=0
encode_get_packet ret=0 handle=0xae9cf958 expected=0xae9cf958
vendor packet: mpi_buf_id=177 len=12408 buf_size=1495040 offset=420480 data_num=1 flag=0x00000000 pts=397
valloc packet buffer: mpi_buf_id=177 dma_buf_fd=11 size=0
H264 first bytes: 00 00 00 01 41 e0 00 e0 01 c6 02 3c 0a 12 92 04
encode_release_packet ret=0
MP4 frame 398/1500: sequence=402 pts=15880000 us key=0 nv12=4478976 h264=12408 acquire=13.085 ms encode=26.885 ms mux=0.175 ms
start encode NV12 with RV1106 vendor packet ABI, frame=398
encode_put_frame ret=0
encode_get_packet ret=0 handle=0xae9cf958 expected=0xae9cf958
vendor packet: mpi_buf_id=177 len=10879 buf_size=1495040 offset=432896 data_num=1 flag=0x00000000 pts=398
valloc packet buffer: mpi_buf_id=177 dma_buf_fd=11 size=0
H264 first bytes: 00 00 00 01 41 e0 01 00 02 06 02 3c 10 5a 62 6a
encode_release_packet ret=0
MP4 frame 399/1500: sequence=403 pts=15920000 us key=0 nv12=4478976 h264=10879 acquire=12.448 ms encode=26.223 ms mux=0.157 ms
start encode NV12 with RV1106 vendor packet ABI, frame=399
encode_put_frame ret=0
encode_get_packet ret=0 handle=0xae9cf958 expected=0xae9cf958
vendor packet: mpi_buf_id=177 len=18601 buf_size=1495040 offset=443776 data_num=1 flag=0x00000000 pts=399
valloc packet buffer: mpi_buf_id=177 dma_buf_fd=11 size=0
H264 first bytes: 00 00 00 01 41 e0 01 20 02 46 02 7c 19 54 10 89
encode_release_packet ret=0
MP4 frame 400/1500: sequence=404 pts=15960000 us key=0 nv12=4478976 h264=18601 acquire=13.137 ms encode=26.794 ms mux=0.234 ms
start encode NV12 with RV1106 vendor packet ABI, frame=400
encode_put_frame ret=0
encode_get_packet ret=0 handle=0xae9cf958 expected=0xae9cf958
vendor packet: mpi_buf_id=177 len=11333 buf_size=1495040 offset=462464 data_num=1 flag=0x00000000 pts=400
valloc packet buffer: mpi_buf_id=177 dma_buf_fd=11 size=0
H264 first bytes: 00 00 00 01 41 e0 01 40 02 86 02 3c 64 85 42 47
encode_release_packet ret=0
MP4 frame 401/1500: sequence=405 pts=16000000 us key=0 nv12=4478976 h264=11333 acquire=12.483 ms encode=26.311 ms mux=0.170 ms
start encode NV12 with RV1106 vendor packet ABI, frame=401
encode_put_frame ret=0
encode_get_packet ret=0 handle=0xae9cf958 expected=0xae9cf958
vendor packet: mpi_buf_id=177 len=18881 buf_size=1495040 offset=473856 data_num=1 flag=0x00000000 pts=401
valloc packet buffer: mpi_buf_id=177 dma_buf_fd=11 size=0
H264 first bytes: 00 00 00 01 41 e0 01 60 02 c6 02 7c 19 70 42 25
encode_release_packet ret=0
MP4 frame 402/1500: sequence=406 pts=16040000 us key=0 nv12=4478976 h264=18881 acquire=13.025 ms encode=26.977 ms mux=0.249 ms
start encode NV12 with RV1106 vendor packet ABI, frame=402
encode_put_frame ret=0
encode_get_packet ret=0 handle=0xae9cf958 expected=0xae9cf958
vendor packet: mpi_buf_id=177 len=19173 buf_size=1495040 offset=492800 data_num=1 flag=0x00000000 pts=402
valloc packet buffer: mpi_buf_id=177 dma_buf_fd=11 size=0
H264 first bytes: 00 00 00 01 41 e0 01 80 03 06 02 7c 04 44 e8 14
encode_release_packet ret=0
MP4 frame 403/1500: sequence=407 pts=16080000 us key=0 nv12=4478976 h264=19173 acquire=12.298 ms encode=26.336 ms mux=0.248 ms
start encode NV12 with RV1106 vendor packet ABI, frame=403
encode_put_frame ret=0
encode_get_packet ret=0 handle=0xae9cf958 expected=0xae9cf958
vendor packet: mpi_buf_id=177 len=11510 buf_size=1495040 offset=512000 data_num=1 flag=0x00000000 pts=403
valloc packet buffer: mpi_buf_id=177 dma_buf_fd=11 size=0
H264 first bytes: 00 00 00 01 41 e0 01 a0 03 46 02 3c 1b e8 11 09
encode_release_packet ret=0
MP4 frame 404/1500: sequence=408 pts=16120000 us key=0 nv12=4478976 h264=11510 acquire=12.917 ms encode=26.857 ms mux=0.163 ms
start encode NV12 with RV1106 vendor packet ABI, frame=404
encode_put_frame ret=0
encode_get_packet ret=0 handle=0xae9cf958 expected=0xae9cf958
vendor packet: mpi_buf_id=177 len=19548 buf_size=1495040 offset=523520 data_num=1 flag=0x00000000 pts=404
valloc packet buffer: mpi_buf_id=177 dma_buf_fd=11 size=0
H264 first bytes: 00 00 00 01 41 e0 01 c0 03 86 02 7c 15 70 54 27
encode_release_packet ret=0
MP4 frame 405/1500: sequence=409 pts=16160000 us key=0 nv12=4478976 h264=19548 acquire=12.498 ms encode=26.303 ms mux=0.248 ms
start encode NV12 with RV1106 vendor packet ABI, frame=405
encode_put_frame ret=0
encode_get_packet ret=0 handle=0xae9cf958 expected=0xae9cf958
vendor packet: mpi_buf_id=177 len=11801 buf_size=1495040 offset=543104 data_num=1 flag=0x00000000 pts=405
valloc packet buffer: mpi_buf_id=177 dma_buf_fd=11 size=0
H264 first bytes: 00 00 00 01 41 e0 01 e0 03 c6 02 3c 04 8c f8 77
encode_release_packet ret=0
MP4 frame 406/1500: sequence=410 pts=16200000 us key=0 nv12=4478976 h264=11801 acquire=12.957 ms encode=26.803 ms mux=0.172 ms
start encode NV12 with RV1106 vendor packet ABI, frame=406
encode_put_frame ret=0
encode_get_packet ret=0 handle=0xae9cf958 expected=0xae9cf958
vendor packet: mpi_buf_id=177 len=19303 buf_size=1495040 offset=555008 data_num=1 flag=0x00000000 pts=406
valloc packet buffer: mpi_buf_id=177 dma_buf_fd=11 size=0
H264 first bytes: 00 00 00 01 41 e0 02 00 04 06 02 7c 04 1c 88 78
encode_release_packet ret=0
MP4 frame 407/1500: sequence=411 pts=16240000 us key=0 nv12=4478976 h264=19303 acquire=12.529 ms encode=26.237 ms mux=0.251 ms
start encode NV12 with RV1106 vendor packet ABI, frame=407
encode_put_frame ret=0
encode_get_packet ret=0 handle=0xae9cf958 expected=0xae9cf958
vendor packet: mpi_buf_id=177 len=11956 buf_size=1495040 offset=574336 data_num=1 flag=0x00000000 pts=407
valloc packet buffer: mpi_buf_id=177 dma_buf_fd=11 size=0
H264 first bytes: 00 00 00 01 41 e0 02 20 04 46 02 3c 0a 19 60 27
encode_release_packet ret=0
MP4 frame 408/1500: sequence=412 pts=16280000 us key=0 nv12=4478976 h264=11956 acquire=13.029 ms encode=26.854 ms mux=0.175 ms
start encode NV12 with RV1106 vendor packet ABI, frame=408
encode_put_frame ret=0
encode_get_packet ret=0 handle=0xae9cf958 expected=0xae9cf958
vendor packet: mpi_buf_id=177 len=19483 buf_size=1495040 offset=586368 data_num=1 flag=0x00000000 pts=408
valloc packet buffer: mpi_buf_id=177 dma_buf_fd=11 size=0
H264 first bytes: 00 00 00 01 41 e0 02 40 04 86 02 7c 0d 94 c2 62
encode_release_packet ret=0
MP4 frame 409/1500: sequence=413 pts=16320000 us key=0 nv12=4478976 h264=19483 acquire=12.477 ms encode=26.229 ms mux=0.245 ms
start encode NV12 with RV1106 vendor packet ABI, frame=409
encode_put_frame ret=0
encode_get_packet ret=0 handle=0xae9cf958 expected=0xae9cf958
vendor packet: mpi_buf_id=177 len=19752 buf_size=1495040 offset=605952 data_num=1 flag=0x00000000 pts=409
valloc packet buffer: mpi_buf_id=177 dma_buf_fd=11 size=0
H264 first bytes: 00 00 00 01 41 e0 02 60 04 c6 02 7c 0b b5 05 22
encode_release_packet ret=0
MP4 frame 410/1500: sequence=414 pts=16360000 us key=0 nv12=4478976 h264=19752 acquire=13.052 ms encode=26.836 ms mux=1.136 ms
start encode NV12 with RV1106 vendor packet ABI, frame=410
encode_put_frame ret=0
encode_get_packet ret=0 handle=0xae9cf958 expected=0xae9cf958
vendor packet: mpi_buf_id=177 len=11771 buf_size=1495040 offset=625792 data_num=1 flag=0x00000000 pts=410
valloc packet buffer: mpi_buf_id=177 dma_buf_fd=11 size=0
H264 first bytes: 00 00 00 01 41 e0 02 80 05 06 02 3c 05 75 a8 2e
encode_release_packet ret=0
MP4 frame 411/1500: sequence=415 pts=16400000 us key=0 nv12=4478976 h264=11771 acquire=11.534 ms encode=26.352 ms mux=0.167 ms
start encode NV12 with RV1106 vendor packet ABI, frame=411
encode_put_frame ret=0
encode_get_packet ret=0 handle=0xae9cf958 expected=0xae9cf958
vendor packet: mpi_buf_id=177 len=19786 buf_size=1495040 offset=637568 data_num=1 flag=0x00000000 pts=411
valloc packet buffer: mpi_buf_id=177 dma_buf_fd=11 size=0
H264 first bytes: 00 00 00 01 41 e0 02 a0 05 46 02 7c 05 c5 20 56
encode_release_packet ret=0
MP4 frame 412/1500: sequence=416 pts=16440000 us key=0 nv12=4478976 h264=19786 acquire=12.970 ms encode=26.917 ms mux=0.251 ms
start encode NV12 with RV1106 vendor packet ABI, frame=412
encode_put_frame ret=0
encode_get_packet ret=0 handle=0xae9cf958 expected=0xae9cf958
vendor packet: mpi_buf_id=177 len=12233 buf_size=1495040 offset=657408 data_num=1 flag=0x00000000 pts=412
valloc packet buffer: mpi_buf_id=177 dma_buf_fd=11 size=0
H264 first bytes: 00 00 00 01 41 e0 02 c0 05 86 02 3c 0f 74 78 09
encode_release_packet ret=0
MP4 frame 413/1500: sequence=417 pts=16480000 us key=0 nv12=4478976 h264=12233 acquire=12.358 ms encode=26.310 ms mux=0.170 ms
start encode NV12 with RV1106 vendor packet ABI, frame=413
encode_put_frame ret=0
encode_get_packet ret=0 handle=0xae9cf958 expected=0xae9cf958
vendor packet: mpi_buf_id=177 len=20143 buf_size=1495040 offset=669696 data_num=1 flag=0x00000000 pts=413
valloc packet buffer: mpi_buf_id=177 dma_buf_fd=11 size=0
H264 first bytes: 00 00 00 01 41 e0 02 e0 05 c6 02 7c 05 bc 87 05
encode_release_packet ret=0
MP4 frame 414/1500: sequence=418 pts=16520000 us key=0 nv12=4478976 h264=20143 acquire=13.028 ms encode=26.847 ms mux=0.259 ms
start encode NV12 with RV1106 vendor packet ABI, frame=414
encode_put_frame ret=0
encode_get_packet ret=0 handle=0xae9cf958 expected=0xae9cf958
vendor packet: mpi_buf_id=177 len=12319 buf_size=1495040 offset=689920 data_num=1 flag=0x00000000 pts=414
valloc packet buffer: mpi_buf_id=177 dma_buf_fd=11 size=0
H264 first bytes: 00 00 00 01 41 e0 03 00 06 06 02 3c 08 f5 e2 59
encode_release_packet ret=0
MP4 frame 415/1500: sequence=419 pts=16560000 us key=0 nv12=4478976 h264=12319 acquire=12.414 ms encode=26.214 ms mux=0.168 ms
start encode NV12 with RV1106 vendor packet ABI, frame=415
encode_put_frame ret=0
encode_get_packet ret=0 handle=0xae9cf958 expected=0xae9cf958
vendor packet: mpi_buf_id=177 len=11510 buf_size=1495040 offset=702336 data_num=1 flag=0x00000000 pts=415
valloc packet buffer: mpi_buf_id=177 dma_buf_fd=11 size=0
H264 first bytes: 00 00 00 01 41 e0 03 20 06 46 02 3c 13 67 82 5a
encode_release_packet ret=0
MP4 frame 416/1500: sequence=420 pts=16600000 us key=0 nv12=4478976 h264=11510 acquire=13.118 ms encode=26.853 ms mux=0.167 ms
start encode NV12 with RV1106 vendor packet ABI, frame=416
encode_put_frame ret=0
encode_get_packet ret=0 handle=0xae9cf958 expected=0xae9cf958
vendor packet: mpi_buf_id=177 len=19218 buf_size=1495040 offset=713856 data_num=1 flag=0x00000000 pts=416
valloc packet buffer: mpi_buf_id=177 dma_buf_fd=11 size=0
H264 first bytes: 00 00 00 01 41 e0 03 40 06 86 02 7c 04 0d 38 76
encode_release_packet ret=0
MP4 frame 417/1500: sequence=421 pts=16640000 us key=0 nv12=4478976 h264=19218 acquire=12.492 ms encode=26.202 ms mux=0.245 ms
start encode NV12 with RV1106 vendor packet ABI, frame=417
encode_put_frame ret=0
encode_get_packet ret=0 handle=0xae9cf958 expected=0xae9cf958
vendor packet: mpi_buf_id=177 len=20057 buf_size=1495040 offset=733184 data_num=1 flag=0x00000000 pts=417
valloc packet buffer: mpi_buf_id=177 dma_buf_fd=11 size=0
H264 first bytes: 00 00 00 01 41 e0 03 60 06 c6 02 7c 54 d0 e8 97
encode_release_packet ret=0
MP4 frame 418/1500: sequence=422 pts=16680000 us key=0 nv12=4478976 h264=20057 acquire=13.073 ms encode=26.838 ms mux=0.258 ms
start encode NV12 with RV1106 vendor packet ABI, frame=418
encode_put_frame ret=0
encode_get_packet ret=0 handle=0xae9cf958 expected=0xae9cf958
vendor packet: mpi_buf_id=177 len=12147 buf_size=1495040 offset=753280 data_num=1 flag=0x00000000 pts=418
valloc packet buffer: mpi_buf_id=177 dma_buf_fd=11 size=0
H264 first bytes: 00 00 00 01 41 e0 03 80 07 06 02 3c 09 56 a0 c2
encode_release_packet ret=0
MP4 frame 419/1500: sequence=423 pts=16720000 us key=0 nv12=4478976 h264=12147 acquire=12.419 ms encode=26.385 ms mux=0.175 ms
start encode NV12 with RV1106 vendor packet ABI, frame=419
encode_put_frame ret=0
encode_get_packet ret=0 handle=0xae9cf958 expected=0xae9cf958
vendor packet: mpi_buf_id=177 len=12102 buf_size=1495040 offset=765440 data_num=1 flag=0x00000000 pts=419
valloc packet buffer: mpi_buf_id=177 dma_buf_fd=11 size=0
H264 first bytes: 00 00 00 01 41 e0 03 a0 07 46 02 3c 29 b8 ca 50
encode_release_packet ret=0
MP4 frame 420/1500: sequence=424 pts=16760000 us key=0 nv12=4478976 h264=12102 acquire=12.947 ms encode=26.825 ms mux=0.169 ms
start encode NV12 with RV1106 vendor packet ABI, frame=420
encode_put_frame ret=0
encode_get_packet ret=0 handle=0xae9cf958 expected=0xae9cf958
vendor packet: mpi_buf_id=177 len=199805 buf_size=1495040 offset=777600 data_num=1 flag=0x00000010 pts=420
valloc packet buffer: mpi_buf_id=177 dma_buf_fd=11 size=0
H264 first bytes: 00 00 00 01 65 b8 00 00 f0 00 00 2f c2 91 22 80
encode_release_packet ret=0
MP4 frame 421/1500: sequence=425 pts=16800000 us key=1 nv12=4478976 h264=199805 acquire=12.515 ms encode=26.364 ms mux=3.762 ms
start encode NV12 with RV1106 vendor packet ABI, frame=421
encode_put_frame ret=0
encode_get_packet ret=0 handle=0xae9cf958 expected=0xae9cf958
vendor packet: mpi_buf_id=177 len=9310 buf_size=1495040 offset=977408 data_num=1 flag=0x00000000 pts=421
valloc packet buffer: mpi_buf_id=177 dma_buf_fd=11 size=0
H264 first bytes: 00 00 00 01 41 e0 00 20 00 46 07 f0 a5 e0 a2 9c
encode_release_packet ret=0
MP4 frame 422/1500: sequence=426 pts=16840000 us key=0 nv12=4478976 h264=9310 acquire=9.372 ms encode=26.845 ms mux=0.143 ms
start encode NV12 with RV1106 vendor packet ABI, frame=422
encode_put_frame ret=0
encode_get_packet ret=0 handle=0xae9cf958 expected=0xae9cf958
vendor packet: mpi_buf_id=177 len=9151 buf_size=1495040 offset=986752 data_num=1 flag=0x00000000 pts=422
valloc packet buffer: mpi_buf_id=177 dma_buf_fd=11 size=0
H264 first bytes: 00 00 00 01 41 e0 00 40 00 86 07 f0 84 d8 09 39
encode_release_packet ret=0
MP4 frame 423/1500: sequence=427 pts=16880000 us key=0 nv12=4478976 h264=9151 acquire=12.520 ms encode=26.153 ms mux=0.142 ms
start encode NV12 with RV1106 vendor packet ABI, frame=423
encode_put_frame ret=0
encode_get_packet ret=0 handle=0xae9cf958 expected=0xae9cf958
vendor packet: mpi_buf_id=177 len=8491 buf_size=1495040 offset=995968 data_num=1 flag=0x00000000 pts=423
valloc packet buffer: mpi_buf_id=177 dma_buf_fd=11 size=0
H264 first bytes: 00 00 00 01 41 e0 00 60 00 c6 07 f5 6a 26 8d 06
encode_release_packet ret=0
MP4 frame 424/1500: sequence=428 pts=16920000 us key=0 nv12=4478976 h264=8491 acquire=13.220 ms encode=26.890 ms mux=0.131 ms
start encode NV12 with RV1106 vendor packet ABI, frame=424
encode_put_frame ret=0
encode_get_packet ret=0 handle=0xae9cf958 expected=0xae9cf958
vendor packet: mpi_buf_id=177 len=7819 buf_size=1495040 offset=1004544 data_num=1 flag=0x00000000 pts=424
valloc packet buffer: mpi_buf_id=177 dma_buf_fd=11 size=0
H264 first bytes: 00 00 00 01 41 e0 00 80 01 06 07 f0 33 5b 83 ac
encode_release_packet ret=0
MP4 frame 425/1500: sequence=429 pts=16960000 us key=0 nv12=4478976 h264=7819 acquire=12.480 ms encode=26.233 ms mux=0.130 ms
start encode NV12 with RV1106 vendor packet ABI, frame=425
encode_put_frame ret=0
encode_get_packet ret=0 handle=0xae9cf958 expected=0xae9cf958
vendor packet: mpi_buf_id=177 len=11567 buf_size=1495040 offset=1012480 data_num=1 flag=0x00000000 pts=425
valloc packet buffer: mpi_buf_id=177 dma_buf_fd=11 size=0
H264 first bytes: 00 00 00 01 41 e0 00 a0 01 46 02 3c 12 4c 58 7f
encode_release_packet ret=0
MP4 frame 426/1500: sequence=430 pts=17000000 us key=0 nv12=4478976 h264=11567 acquire=13.069 ms encode=26.819 ms mux=0.165 ms
start encode NV12 with RV1106 vendor packet ABI, frame=426
encode_put_frame ret=0
encode_get_packet ret=0 handle=0xae9cf958 expected=0xae9cf958
vendor packet: mpi_buf_id=177 len=6933 buf_size=1495040 offset=1024128 data_num=1 flag=0x00000000 pts=426
valloc packet buffer: mpi_buf_id=177 dma_buf_fd=11 size=0
H264 first bytes: 00 00 00 01 41 e0 00 c0 01 86 07 f0 28 5a 84 67
encode_release_packet ret=0
MP4 frame 427/1500: sequence=431 pts=17040000 us key=0 nv12=4478976 h264=6933 acquire=12.428 ms encode=26.195 ms mux=0.121 ms
start encode NV12 with RV1106 vendor packet ABI, frame=427
encode_put_frame ret=0
encode_get_packet ret=0 handle=0xae9cf958 expected=0xae9cf958
vendor packet: mpi_buf_id=177 len=10674 buf_size=1495040 offset=1031168 data_num=1 flag=0x00000000 pts=427
valloc packet buffer: mpi_buf_id=177 dma_buf_fd=11 size=0
H264 first bytes: 00 00 00 01 41 e0 00 e0 01 c6 02 3c 0b 55 05 42
encode_release_packet ret=0
MP4 frame 428/1500: sequence=432 pts=17080000 us key=0 nv12=4478976 h264=10674 acquire=13.187 ms encode=26.876 ms mux=0.158 ms
start encode NV12 with RV1106 vendor packet ABI, frame=428
encode_put_frame ret=0
encode_get_packet ret=0 handle=0xae9cf958 expected=0xae9cf958
vendor packet: mpi_buf_id=177 len=11059 buf_size=1495040 offset=1041920 data_num=1 flag=0x00000000 pts=428
valloc packet buffer: mpi_buf_id=177 dma_buf_fd=11 size=0
H264 first bytes: 00 00 00 01 41 e0 01 00 02 06 02 3c d3 60 de 79
encode_release_packet ret=0
MP4 frame 429/1500: sequence=433 pts=17120000 us key=0 nv12=4478976 h264=11059 acquire=12.494 ms encode=26.252 ms mux=0.159 ms
start encode NV12 with RV1106 vendor packet ABI, frame=429
encode_put_frame ret=0
encode_get_packet ret=0 handle=0xae9cf958 expected=0xae9cf958
vendor packet: mpi_buf_id=177 len=7171 buf_size=1495040 offset=1053056 data_num=1 flag=0x00000000 pts=429
valloc packet buffer: mpi_buf_id=177 dma_buf_fd=11 size=0
H264 first bytes: 00 00 00 01 41 e0 01 20 02 46 07 f0 24 d9 e0 d3
encode_release_packet ret=0
MP4 frame 430/1500: sequence=434 pts=17160000 us key=0 nv12=4478976 h264=7171 acquire=13.105 ms encode=26.836 ms mux=0.120 ms
start encode NV12 with RV1106 vendor packet ABI, frame=430
encode_put_frame ret=0
encode_get_packet ret=0 handle=0xae9cf958 expected=0xae9cf958
vendor packet: mpi_buf_id=177 len=11156 buf_size=1495040 offset=1060352 data_num=1 flag=0x00000000 pts=430
valloc packet buffer: mpi_buf_id=177 dma_buf_fd=11 size=0
H264 first bytes: 00 00 00 01 41 e0 01 40 02 86 02 3c 06 64 a6 82
encode_release_packet ret=0
MP4 frame 431/1500: sequence=435 pts=17200000 us key=0 nv12=4478976 h264=11156 acquire=12.553 ms encode=26.252 ms mux=0.158 ms
start encode NV12 with RV1106 vendor packet ABI, frame=431
encode_put_frame ret=0
encode_get_packet ret=0 handle=0xae9cf958 expected=0xae9cf958
vendor packet: mpi_buf_id=177 len=11153 buf_size=1495040 offset=1071616 data_num=1 flag=0x00000000 pts=431
valloc packet buffer: mpi_buf_id=177 dma_buf_fd=11 size=0
H264 first bytes: 00 00 00 01 41 e0 01 60 02 c6 02 3c 46 68 3e 98
encode_release_packet ret=0
MP4 frame 432/1500: sequence=436 pts=17240000 us key=0 nv12=4478976 h264=11153 acquire=13.105 ms encode=26.806 ms mux=0.165 ms
start encode NV12 with RV1106 vendor packet ABI, frame=432
encode_put_frame ret=0
encode_get_packet ret=0 handle=0xae9cf958 expected=0xae9cf958
vendor packet: mpi_buf_id=177 len=7633 buf_size=1495040 offset=1082880 data_num=1 flag=0x00000000 pts=432
valloc packet buffer: mpi_buf_id=177 dma_buf_fd=11 size=0
H264 first bytes: 00 00 00 01 41 e0 01 80 03 06 07 f0 9e 69 e8 d0
encode_release_packet ret=0
MP4 frame 433/1500: sequence=437 pts=17280000 us key=0 nv12=4478976 h264=7633 acquire=12.540 ms encode=26.233 ms mux=0.120 ms
start encode NV12 with RV1106 vendor packet ABI, frame=433
encode_put_frame ret=0
encode_get_packet ret=0 handle=0xae9cf958 expected=0xae9cf958
vendor packet: mpi_buf_id=177 len=10957 buf_size=1495040 offset=1090560 data_num=1 flag=0x00000000 pts=433
valloc packet buffer: mpi_buf_id=177 dma_buf_fd=11 size=0
H264 first bytes: 00 00 00 01 41 e0 01 a0 03 46 02 3c 46 48 56 65
encode_release_packet ret=0
MP4 frame 434/1500: sequence=438 pts=17320000 us key=0 nv12=4478976 h264=10957 acquire=13.166 ms encode=27.056 ms mux=0.166 ms
start encode NV12 with RV1106 vendor packet ABI, frame=434
encode_put_frame ret=0
encode_get_packet ret=0 handle=0xae9cf958 expected=0xae9cf958
vendor packet: mpi_buf_id=177 len=11376 buf_size=1495040 offset=1101568 data_num=1 flag=0x00000000 pts=434
valloc packet buffer: mpi_buf_id=177 dma_buf_fd=11 size=0
H264 first bytes: 00 00 00 01 41 e0 01 c0 03 86 02 3c 04 b4 d8 ec
encode_release_packet ret=0
MP4 frame 435/1500: sequence=439 pts=17360000 us key=0 nv12=4478976 h264=11376 acquire=12.288 ms encode=26.319 ms mux=0.162 ms
start encode NV12 with RV1106 vendor packet ABI, frame=435
encode_put_frame ret=0
encode_get_packet ret=0 handle=0xae9cf958 expected=0xae9cf958
vendor packet: mpi_buf_id=177 len=10335 buf_size=1495040 offset=1112960 data_num=1 flag=0x00000000 pts=435
valloc packet buffer: mpi_buf_id=177 dma_buf_fd=11 size=0
H264 first bytes: 00 00 00 01 41 e0 01 e0 03 c6 02 3c d3 e0 e3 3c
encode_release_packet ret=0
MP4 frame 436/1500: sequence=440 pts=17400000 us key=0 nv12=4478976 h264=10335 acquire=13.037 ms encode=26.831 ms mux=0.148 ms
start encode NV12 with RV1106 vendor packet ABI, frame=436
encode_put_frame ret=0
encode_get_packet ret=0 handle=0xae9cf958 expected=0xae9cf958
vendor packet: mpi_buf_id=177 len=11204 buf_size=1495040 offset=1123328 data_num=1 flag=0x00000000 pts=436
valloc packet buffer: mpi_buf_id=177 dma_buf_fd=11 size=0
H264 first bytes: 00 00 00 01 41 e0 02 00 04 06 02 3c 13 5e 06 8a
encode_release_packet ret=0
MP4 frame 437/1500: sequence=441 pts=17440000 us key=0 nv12=4478976 h264=11204 acquire=12.530 ms encode=26.342 ms mux=0.166 ms
start encode NV12 with RV1106 vendor packet ABI, frame=437
encode_put_frame ret=0
encode_get_packet ret=0 handle=0xae9cf958 expected=0xae9cf958
vendor packet: mpi_buf_id=177 len=10362 buf_size=1495040 offset=1134592 data_num=1 flag=0x00000000 pts=437
valloc packet buffer: mpi_buf_id=177 dma_buf_fd=11 size=0
H264 first bytes: 00 00 00 01 41 e0 02 20 04 46 02 3c 15 70 52 27
encode_release_packet ret=0
MP4 frame 438/1500: sequence=442 pts=17480000 us key=0 nv12=4478976 h264=10362 acquire=13.009 ms encode=26.829 ms mux=0.150 ms
start encode NV12 with RV1106 vendor packet ABI, frame=438
encode_put_frame ret=0
encode_get_packet ret=0 handle=0xae9cf958 expected=0xae9cf958
vendor packet: mpi_buf_id=177 len=11298 buf_size=1495040 offset=1144960 data_num=1 flag=0x00000000 pts=438
valloc packet buffer: mpi_buf_id=177 dma_buf_fd=11 size=0
H264 first bytes: 00 00 00 01 41 e0 02 40 04 86 02 3d 56 23 24 04
encode_release_packet ret=0
MP4 frame 439/1500: sequence=443 pts=17520000 us key=0 nv12=4478976 h264=11298 acquire=12.539 ms encode=26.222 ms mux=0.168 ms
start encode NV12 with RV1106 vendor packet ABI, frame=439
encode_put_frame ret=0
encode_get_packet ret=0 handle=0xae9cf958 expected=0xae9cf958
vendor packet: mpi_buf_id=177 len=10571 buf_size=1495040 offset=1156352 data_num=1 flag=0x00000000 pts=439
valloc packet buffer: mpi_buf_id=177 dma_buf_fd=11 size=0
H264 first bytes: 00 00 00 01 41 e0 02 60 04 c6 02 3c 1e 51 d0 94
encode_release_packet ret=0
MP4 frame 440/1500: sequence=444 pts=17560000 us key=0 nv12=4478976 h264=10571 acquire=13.127 ms encode=26.873 ms mux=0.153 ms
start encode NV12 with RV1106 vendor packet ABI, frame=440
encode_put_frame ret=0
encode_get_packet ret=0 handle=0xae9cf958 expected=0xae9cf958
vendor packet: mpi_buf_id=177 len=11240 buf_size=1495040 offset=1166976 data_num=1 flag=0x00000000 pts=440
valloc packet buffer: mpi_buf_id=177 dma_buf_fd=11 size=0
H264 first bytes: 00 00 00 01 41 e0 02 80 05 06 02 3c 14 59 01 50
encode_release_packet ret=0
MP4 frame 441/1500: sequence=445 pts=17600000 us key=0 nv12=4478976 h264=11240 acquire=12.483 ms encode=26.224 ms mux=0.166 ms
start encode NV12 with RV1106 vendor packet ABI, frame=441
encode_put_frame ret=0
encode_get_packet ret=0 handle=0xae9cf958 expected=0xae9cf958
vendor packet: mpi_buf_id=177 len=10557 buf_size=1495040 offset=1178240 data_num=1 flag=0x00000000 pts=441
valloc packet buffer: mpi_buf_id=177 dma_buf_fd=11 size=0
H264 first bytes: 00 00 00 01 41 e0 02 a0 05 46 02 3c 33 39 e0 b2
encode_release_packet ret=0
MP4 frame 442/1500: sequence=446 pts=17640000 us key=0 nv12=4478976 h264=10557 acquire=13.123 ms encode=26.944 ms mux=0.154 ms
start encode NV12 with RV1106 vendor packet ABI, frame=442
encode_put_frame ret=0
encode_get_packet ret=0 handle=0xae9cf958 expected=0xae9cf958
vendor packet: mpi_buf_id=177 len=10581 buf_size=1495040 offset=1188864 data_num=1 flag=0x00000000 pts=442
valloc packet buffer: mpi_buf_id=177 dma_buf_fd=11 size=0
H264 first bytes: 00 00 00 01 41 e0 02 c0 05 86 02 3c 07 9c f0 90
encode_release_packet ret=0
MP4 frame 443/1500: sequence=447 pts=17680000 us key=0 nv12=4478976 h264=10581 acquire=12.412 ms encode=26.244 ms mux=0.152 ms
start encode NV12 with RV1106 vendor packet ABI, frame=443
encode_put_frame ret=0
encode_get_packet ret=0 handle=0xae9cf958 expected=0xae9cf958
vendor packet: mpi_buf_id=177 len=6888 buf_size=1495040 offset=1199488 data_num=1 flag=0x00000000 pts=443
valloc packet buffer: mpi_buf_id=177 dma_buf_fd=11 size=0
H264 first bytes: 00 00 00 01 41 e0 02 e0 05 c6 07 f0 1a 1a 83 f9
encode_release_packet ret=0
MP4 frame 444/1500: sequence=448 pts=17720000 us key=0 nv12=4478976 h264=6888 acquire=13.121 ms encode=26.825 ms mux=0.119 ms
start encode NV12 with RV1106 vendor packet ABI, frame=444
encode_put_frame ret=0
encode_get_packet ret=0 handle=0xae9cf958 expected=0xae9cf958
vendor packet: mpi_buf_id=177 len=6927 buf_size=1495040 offset=1206400 data_num=1 flag=0x00000000 pts=444
valloc packet buffer: mpi_buf_id=177 dma_buf_fd=11 size=0
H264 first bytes: 00 00 00 01 41 e0 03 00 06 06 07 f0 20 cc 68 c9
encode_release_packet ret=0
MP4 frame 445/1500: sequence=449 pts=17760000 us key=0 nv12=4478976 h264=6927 acquire=12.574 ms encode=26.184 ms mux=0.120 ms
start encode NV12 with RV1106 vendor packet ABI, frame=445
encode_put_frame ret=0
encode_get_packet ret=0 handle=0xae9cf958 expected=0xae9cf958
vendor packet: mpi_buf_id=177 len=6915 buf_size=1495040 offset=1213440 data_num=1 flag=0x00000000 pts=445
valloc packet buffer: mpi_buf_id=177 dma_buf_fd=11 size=0
H264 first bytes: 00 00 00 01 41 e0 03 20 06 46 07 f0 9d 60 af 24
encode_release_packet ret=0
MP4 frame 446/1500: sequence=450 pts=17800000 us key=0 nv12=4478976 h264=6915 acquire=13.203 ms encode=26.925 ms mux=0.119 ms
start encode NV12 with RV1106 vendor packet ABI, frame=446
encode_put_frame ret=0
encode_get_packet ret=0 handle=0xae9cf958 expected=0xae9cf958
vendor packet: mpi_buf_id=177 len=10164 buf_size=1495040 offset=1220480 data_num=1 flag=0x00000000 pts=446
valloc packet buffer: mpi_buf_id=177 dma_buf_fd=11 size=0
H264 first bytes: 00 00 00 01 41 e0 03 40 06 86 02 3c 02 4b 92 04
encode_release_packet ret=0
MP4 frame 447/1500: sequence=451 pts=17840000 us key=0 nv12=4478976 h264=10164 acquire=12.468 ms encode=26.207 ms mux=0.148 ms
start encode NV12 with RV1106 vendor packet ABI, frame=447
encode_put_frame ret=0
encode_get_packet ret=0 handle=0xae9cf958 expected=0xae9cf958
vendor packet: mpi_buf_id=177 len=9148 buf_size=1495040 offset=1230720 data_num=1 flag=0x00000000 pts=447
valloc packet buffer: mpi_buf_id=177 dma_buf_fd=11 size=0
H264 first bytes: 00 00 00 01 41 e0 03 60 06 c6 02 3c 2f 31 a0 57
encode_release_packet ret=0
MP4 frame 448/1500: sequence=452 pts=17880000 us key=0 nv12=4478976 h264=9148 acquire=13.161 ms encode=26.812 ms mux=0.141 ms
start encode NV12 with RV1106 vendor packet ABI, frame=448
encode_put_frame ret=0
encode_get_packet ret=0 handle=0xae9cf958 expected=0xae9cf958
vendor packet: mpi_buf_id=177 len=9417 buf_size=1495040 offset=1239936 data_num=1 flag=0x00000000 pts=448
valloc packet buffer: mpi_buf_id=177 dma_buf_fd=11 size=0
H264 first bytes: 00 00 00 01 41 e0 03 80 07 06 02 3c 0d 79 41 50
encode_release_packet ret=0
MP4 frame 449/1500: sequence=453 pts=17920000 us key=0 nv12=4478976 h264=9417 acquire=12.566 ms encode=26.239 ms mux=1.054 ms
start encode NV12 with RV1106 vendor packet ABI, frame=449
encode_put_frame ret=0
encode_get_packet ret=0 handle=0xae9cf958 expected=0xae9cf958
vendor packet: mpi_buf_id=177 len=9890 buf_size=1495040 offset=1249408 data_num=1 flag=0x00000000 pts=449
valloc packet buffer: mpi_buf_id=177 dma_buf_fd=11 size=0
H264 first bytes: 00 00 00 01 41 e0 03 a0 07 46 02 3c 09 72 12 02
encode_release_packet ret=0
MP4 frame 450/1500: sequence=454 pts=17960000 us key=0 nv12=4478976 h264=9890 acquire=12.220 ms encode=26.918 ms mux=0.148 ms
start encode NV12 with RV1106 vendor packet ABI, frame=450
encode_put_frame ret=0
encode_get_packet ret=0 handle=0xae9cf958 expected=0xae9cf958
vendor packet: mpi_buf_id=177 len=226868 buf_size=1495040 offset=1259392 data_num=1 flag=0x00000010 pts=450
valloc packet buffer: mpi_buf_id=177 dma_buf_fd=11 size=0
H264 first bytes: 00 00 00 01 65 b8 00 00 40 00 00 0b f0 a4 48 a0
encode_release_packet ret=0
MP4 frame 451/1500: sequence=455 pts=18000000 us key=1 nv12=4478976 h264=226868 acquire=12.437 ms encode=26.298 ms mux=3.722 ms
start encode NV12 with RV1106 vendor packet ABI, frame=451
encode_put_frame ret=0
encode_get_packet ret=0 handle=0xae9cf958 expected=0xae9cf958
vendor packet: mpi_buf_id=177 len=4823 buf_size=1495040 offset=1486336 data_num=1 flag=0x00000000 pts=451
valloc packet buffer: mpi_buf_id=177 dma_buf_fd=11 size=0
H264 first bytes: 00 00 00 01 41 e0 00 20 00 46 05 f0 41 4a 08 e6
encode_release_packet ret=0
MP4 frame 452/1500: sequence=456 pts=18040000 us key=0 nv12=4478976 h264=4823 acquire=9.485 ms encode=26.884 ms mux=0.102 ms
start encode NV12 with RV1106 vendor packet ABI, frame=452
encode_put_frame ret=0
encode_get_packet ret=0 handle=0xae9cf958 expected=0xae9cf958
vendor packet: mpi_buf_id=177 len=4831 buf_size=1495040 offset=1491200 data_num=1 flag=0x00000000 pts=452
valloc packet buffer: mpi_buf_id=177 dma_buf_fd=11 size=0
H264 first bytes: 00 00 00 01 41 e0 00 40 00 86 05 f1 f3 60 cf 3c
encode_release_packet ret=0
MP4 frame 453/1500: sequence=457 pts=18080000 us key=0 nv12=4478976 h264=4831 acquire=12.512 ms encode=34.847 ms mux=0.107 ms
start encode NV12 with RV1106 vendor packet ABI, frame=453
encode_put_frame ret=0
encode_get_packet ret=0 handle=0xae9cf958 expected=0xae9cf958
vendor packet: mpi_buf_id=177 len=4555 buf_size=1495040 offset=1024 data_num=1 flag=0x00000000 pts=453
valloc packet buffer: mpi_buf_id=177 dma_buf_fd=11 size=0
H264 first bytes: 00 00 00 01 41 e0 00 60 00 c6 05 f0 4d 96 e6 70
encode_release_packet ret=0
MP4 frame 454/1500: sequence=458 pts=18120000 us key=0 nv12=4478976 h264=4555 acquire=4.574 ms encode=26.935 ms mux=0.089 ms
start encode NV12 with RV1106 vendor packet ABI, frame=454
encode_put_frame ret=0
encode_get_packet ret=0 handle=0xae9cf958 expected=0xae9cf958
vendor packet: mpi_buf_id=177 len=4375 buf_size=1495040 offset=5632 data_num=1 flag=0x00000000 pts=454
valloc packet buffer: mpi_buf_id=177 dma_buf_fd=11 size=0
H264 first bytes: 00 00 00 01 41 e0 00 80 01 06 05 f0 a4 f4 27 a1
encode_release_packet ret=0
MP4 frame 455/1500: sequence=459 pts=18160000 us key=0 nv12=4478976 h264=4375 acquire=12.474 ms encode=26.231 ms mux=0.092 ms
start encode NV12 with RV1106 vendor packet ABI, frame=455
encode_put_frame ret=0
encode_get_packet ret=0 handle=0xae9cf958 expected=0xae9cf958
vendor packet: mpi_buf_id=177 len=3992 buf_size=1495040 offset=10112 data_num=1 flag=0x00000000 pts=455
valloc packet buffer: mpi_buf_id=177 dma_buf_fd=11 size=0
H264 first bytes: 00 00 00 01 41 e0 00 a0 01 46 05 f0 21 cf 88 a5
encode_release_packet ret=0
MP4 frame 456/1500: sequence=460 pts=18200000 us key=0 nv12=4478976 h264=3992 acquire=13.185 ms encode=26.840 ms mux=0.086 ms
start encode NV12 with RV1106 vendor packet ABI, frame=456
encode_put_frame ret=0
encode_get_packet ret=0 handle=0xae9cf958 expected=0xae9cf958
vendor packet: mpi_buf_id=177 len=3682 buf_size=1495040 offset=14208 data_num=1 flag=0x00000000 pts=456
valloc packet buffer: mpi_buf_id=177 dma_buf_fd=11 size=0
H264 first bytes: 00 00 00 01 41 e0 00 c0 01 86 05 f0 4f 4a 08 e7
encode_release_packet ret=0
MP4 frame 457/1500: sequence=461 pts=18240000 us key=0 nv12=4478976 h264=3682 acquire=12.592 ms encode=26.336 ms mux=0.090 ms
start encode NV12 with RV1106 vendor packet ABI, frame=457
encode_put_frame ret=0
encode_get_packet ret=0 handle=0xae9cf958 expected=0xae9cf958
vendor packet: mpi_buf_id=177 len=4131 buf_size=1495040 offset=17920 data_num=1 flag=0x00000000 pts=457
valloc packet buffer: mpi_buf_id=177 dma_buf_fd=11 size=0
H264 first bytes: 00 00 00 01 41 e0 00 e0 01 c6 06 f2 52 82 0d c1
encode_release_packet ret=0
MP4 frame 458/1500: sequence=462 pts=18280000 us key=0 nv12=4478976 h264=4131 acquire=12.981 ms encode=26.820 ms mux=0.088 ms
start encode NV12 with RV1106 vendor packet ABI, frame=458
encode_put_frame ret=0
encode_get_packet ret=0 handle=0xae9cf958 expected=0xae9cf958
vendor packet: mpi_buf_id=177 len=4004 buf_size=1495040 offset=22144 data_num=1 flag=0x00000000 pts=458
valloc packet buffer: mpi_buf_id=177 dma_buf_fd=11 size=0
H264 first bytes: 00 00 00 01 41 e0 01 00 02 06 06 f0 fe b9 84 c1
encode_release_packet ret=0
MP4 frame 459/1500: sequence=463 pts=18320000 us key=0 nv12=4478976 h264=4004 acquire=12.592 ms encode=26.228 ms mux=0.089 ms
start encode NV12 with RV1106 vendor packet ABI, frame=459
encode_put_frame ret=0
encode_get_packet ret=0 handle=0xae9cf958 expected=0xae9cf958
vendor packet: mpi_buf_id=177 len=5726 buf_size=1495040 offset=26240 data_num=1 flag=0x00000000 pts=459
valloc packet buffer: mpi_buf_id=177 dma_buf_fd=11 size=0
H264 first bytes: 00 00 00 01 41 e0 01 20 02 46 07 f5 58 14 6b 07
encode_release_packet ret=0
MP4 frame 460/1500: sequence=464 pts=18360000 us key=0 nv12=4478976 h264=5726 acquire=13.204 ms encode=26.831 ms mux=0.104 ms
start encode NV12 with RV1106 vendor packet ABI, frame=460
encode_put_frame ret=0
encode_get_packet ret=0 handle=0xae9cf958 expected=0xae9cf958
vendor packet: mpi_buf_id=177 len=5606 buf_size=1495040 offset=32000 data_num=1 flag=0x00000000 pts=460
valloc packet buffer: mpi_buf_id=177 dma_buf_fd=11 size=0
H264 first bytes: 00 00 00 01 41 e0 01 40 02 86 07 f0 30 4d 8b 9f
encode_release_packet ret=0
MP4 frame 461/1500: sequence=465 pts=18400000 us key=0 nv12=4478976 h264=5606 acquire=12.581 ms encode=26.260 ms mux=0.099 ms
start encode NV12 with RV1106 vendor packet ABI, frame=461
encode_put_frame ret=0
encode_get_packet ret=0 handle=0xae9cf958 expected=0xae9cf958
vendor packet: mpi_buf_id=177 len=5897 buf_size=1495040 offset=37632 data_num=1 flag=0x00000000 pts=461
valloc packet buffer: mpi_buf_id=177 dma_buf_fd=11 size=0
H264 first bytes: 00 00 00 01 41 e0 01 60 02 c6 07 f2 53 80 a6 d4
encode_release_packet ret=0
MP4 frame 462/1500: sequence=466 pts=18440000 us key=0 nv12=4478976 h264=5897 acquire=13.149 ms encode=26.877 ms mux=0.109 ms
start encode NV12 with RV1106 vendor packet ABI, frame=462
encode_put_frame ret=0
encode_get_packet ret=0 handle=0xae9cf958 expected=0xae9cf958
vendor packet: mpi_buf_id=177 len=5773 buf_size=1495040 offset=43648 data_num=1 flag=0x00000000 pts=462
valloc packet buffer: mpi_buf_id=177 dma_buf_fd=11 size=0
H264 first bytes: 00 00 00 01 41 e0 01 80 03 06 07 f0 57 4a 02 db
encode_release_packet ret=0
MP4 frame 463/1500: sequence=467 pts=18480000 us key=0 nv12=4478976 h264=5773 acquire=12.533 ms encode=26.204 ms mux=0.107 ms
start encode NV12 with RV1106 vendor packet ABI, frame=463
encode_put_frame ret=0
encode_get_packet ret=0 handle=0xae9cf958 expected=0xae9cf958
vendor packet: mpi_buf_id=177 len=5872 buf_size=1495040 offset=49536 data_num=1 flag=0x00000000 pts=463
valloc packet buffer: mpi_buf_id=177 dma_buf_fd=11 size=0
H264 first bytes: 00 00 00 01 41 e0 01 a0 03 46 07 f1 b9 a0 5f bc
encode_release_packet ret=0
MP4 frame 464/1500: sequence=468 pts=18520000 us key=0 nv12=4478976 h264=5872 acquire=13.208 ms encode=26.864 ms mux=0.105 ms
start encode NV12 with RV1106 vendor packet ABI, frame=464
encode_put_frame ret=0
encode_get_packet ret=0 handle=0xae9cf958 expected=0xae9cf958
vendor packet: mpi_buf_id=177 len=5793 buf_size=1495040 offset=55424 data_num=1 flag=0x00000000 pts=464
valloc packet buffer: mpi_buf_id=177 dma_buf_fd=11 size=0
H264 first bytes: 00 00 00 01 41 e0 01 c0 03 86 07 f0 45 36 04 b9
encode_release_packet ret=0
MP4 frame 465/1500: sequence=469 pts=18560000 us key=0 nv12=4478976 h264=5793 acquire=12.589 ms encode=36.457 ms mux=0.105 ms
start encode NV12 with RV1106 vendor packet ABI, frame=465
encode_put_frame ret=0
encode_get_packet ret=0 handle=0xae9cf958 expected=0xae9cf958
vendor packet: mpi_buf_id=177 len=5770 buf_size=1495040 offset=61312 data_num=1 flag=0x00000000 pts=465
valloc packet buffer: mpi_buf_id=177 dma_buf_fd=11 size=0
H264 first bytes: 00 00 00 01 41 e0 01 e0 03 c6 07 f5 9a 1f cd 01
encode_release_packet ret=0
MP4 frame 466/1500: sequence=470 pts=18600000 us key=0 nv12=4478976 h264=5770 acquire=2.802 ms encode=26.826 ms mux=0.105 ms
start encode NV12 with RV1106 vendor packet ABI, frame=466
encode_put_frame ret=0
encode_get_packet ret=0 handle=0xae9cf958 expected=0xae9cf958
vendor packet: mpi_buf_id=177 len=4240 buf_size=1495040 offset=67200 data_num=1 flag=0x00000000 pts=466
valloc packet buffer: mpi_buf_id=177 dma_buf_fd=11 size=0
H264 first bytes: 00 00 00 01 41 e0 02 00 04 06 06 f1 f3 1e 0b e6
encode_release_packet ret=0
MP4 frame 467/1500: sequence=471 pts=18640000 us key=0 nv12=4478976 h264=4240 acquire=12.585 ms encode=26.208 ms mux=0.092 ms
start encode NV12 with RV1106 vendor packet ABI, frame=467
encode_put_frame ret=0
encode_get_packet ret=0 handle=0xae9cf958 expected=0xae9cf958
vendor packet: mpi_buf_id=177 len=5531 buf_size=1495040 offset=71552 data_num=1 flag=0x00000000 pts=467
valloc packet buffer: mpi_buf_id=177 dma_buf_fd=11 size=0
H264 first bytes: 00 00 00 01 41 e0 02 20 04 46 07 f0 4f 92 04 d9
encode_release_packet ret=0
MP4 frame 468/1500: sequence=472 pts=18680000 us key=0 nv12=4478976 h264=5531 acquire=13.204 ms encode=26.934 ms mux=0.103 ms
start encode NV12 with RV1106 vendor packet ABI, frame=468
encode_put_frame ret=0
encode_get_packet ret=0 handle=0xae9cf958 expected=0xae9cf958
vendor packet: mpi_buf_id=177 len=5436 buf_size=1495040 offset=77184 data_num=1 flag=0x00000000 pts=468
valloc packet buffer: mpi_buf_id=177 dma_buf_fd=11 size=0
H264 first bytes: 00 00 00 01 41 e0 02 40 04 86 07 f0 39 53 83 89
encode_release_packet ret=0
MP4 frame 469/1500: sequence=473 pts=18720000 us key=0 nv12=4478976 h264=5436 acquire=12.490 ms encode=26.217 ms mux=0.100 ms
start encode NV12 with RV1106 vendor packet ABI, frame=469
encode_put_frame ret=0
encode_get_packet ret=0 handle=0xae9cf958 expected=0xae9cf958
vendor packet: mpi_buf_id=177 len=5486 buf_size=1495040 offset=82688 data_num=1 flag=0x00000000 pts=469
valloc packet buffer: mpi_buf_id=177 dma_buf_fd=11 size=0
H264 first bytes: 00 00 00 01 41 e0 02 60 04 c6 07 f5 67 85 a7 51
encode_release_packet ret=0
MP4 frame 470/1500: sequence=474 pts=18760000 us key=0 nv12=4478976 h264=5486 acquire=13.191 ms encode=26.933 ms mux=0.108 ms
start encode NV12 with RV1106 vendor packet ABI, frame=470
encode_put_frame ret=0
encode_get_packet ret=0 handle=0xae9cf958 expected=0xae9cf958
vendor packet: mpi_buf_id=177 len=5274 buf_size=1495040 offset=88192 data_num=1 flag=0x00000000 pts=470
valloc packet buffer: mpi_buf_id=177 dma_buf_fd=11 size=0
H264 first bytes: 00 00 00 01 41 e0 02 80 05 06 07 f0 4f a8 10 b5
encode_release_packet ret=0
MP4 frame 471/1500: sequence=475 pts=18800000 us key=0 nv12=4478976 h264=5274 acquire=12.481 ms encode=26.224 ms mux=0.102 ms
start encode NV12 with RV1106 vendor packet ABI, frame=471
encode_put_frame ret=0
encode_get_packet ret=0 handle=0xae9cf958 expected=0xae9cf958
vendor packet: mpi_buf_id=177 len=4961 buf_size=1495040 offset=93568 data_num=1 flag=0x00000000 pts=471
valloc packet buffer: mpi_buf_id=177 dma_buf_fd=11 size=0
H264 first bytes: 00 00 00 01 41 e0 02 a0 05 46 07 f1 19 e0 78 98
encode_release_packet ret=0
MP4 frame 472/1500: sequence=476 pts=18840000 us key=0 nv12=4478976 h264=4961 acquire=13.185 ms encode=26.824 ms mux=0.096 ms
start encode NV12 with RV1106 vendor packet ABI, frame=472
encode_put_frame ret=0
encode_get_packet ret=0 handle=0xae9cf958 expected=0xae9cf958
vendor packet: mpi_buf_id=177 len=7716 buf_size=1495040 offset=98560 data_num=1 flag=0x00000000 pts=472
valloc packet buffer: mpi_buf_id=177 dma_buf_fd=11 size=0
H264 first bytes: 00 00 00 01 41 e0 02 c0 05 86 02 3c 02 33 94 17
encode_release_packet ret=0
MP4 frame 473/1500: sequence=477 pts=18880000 us key=0 nv12=4478976 h264=7716 acquire=12.590 ms encode=26.384 ms mux=0.123 ms
start encode NV12 with RV1106 vendor packet ABI, frame=473
encode_put_frame ret=0
encode_get_packet ret=0 handle=0xae9cf958 expected=0xae9cf958
vendor packet: mpi_buf_id=177 len=8008 buf_size=1495040 offset=106368 data_num=1 flag=0x00000000 pts=473
valloc packet buffer: mpi_buf_id=177 dma_buf_fd=11 size=0
H264 first bytes: 00 00 00 01 41 e0 02 e0 05 c6 02 3c 16 53 81 a2
encode_release_packet ret=0
MP4 frame 474/1500: sequence=478 pts=18920000 us key=0 nv12=4478976 h264=8008 acquire=13.011 ms encode=26.811 ms mux=0.128 ms
start encode NV12 with RV1106 vendor packet ABI, frame=474
encode_put_frame ret=0
encode_get_packet ret=0 handle=0xae9cf958 expected=0xae9cf958
vendor packet: mpi_buf_id=177 len=8467 buf_size=1495040 offset=114432 data_num=1 flag=0x00000000 pts=474
valloc packet buffer: mpi_buf_id=177 dma_buf_fd=11 size=0
H264 first bytes: 00 00 00 01 41 e0 03 00 06 06 02 3d 5e 04 69 f0
encode_release_packet ret=0
MP4 frame 475/1500: sequence=479 pts=18960000 us key=0 nv12=4478976 h264=8467 acquire=12.571 ms encode=26.201 ms mux=0.133 ms
start encode NV12 with RV1106 vendor packet ABI, frame=475
encode_put_frame ret=0
encode_get_packet ret=0 handle=0xae9cf958 expected=0xae9cf958
vendor packet: mpi_buf_id=177 len=8636 buf_size=1495040 offset=123008 data_num=1 flag=0x00000000 pts=475
valloc packet buffer: mpi_buf_id=177 dma_buf_fd=11 size=0
H264 first bytes: 00 00 00 01 41 e0 03 20 06 46 02 3c 05 16 48 7b
encode_release_packet ret=0
MP4 frame 476/1500: sequence=480 pts=19000000 us key=0 nv12=4478976 h264=8636 acquire=13.178 ms encode=26.825 ms mux=0.142 ms
start encode NV12 with RV1106 vendor packet ABI, frame=476
encode_put_frame ret=0
encode_get_packet ret=0 handle=0xae9cf958 expected=0xae9cf958
vendor packet: mpi_buf_id=177 len=8456 buf_size=1495040 offset=131712 data_num=1 flag=0x00000000 pts=476
valloc packet buffer: mpi_buf_id=177 dma_buf_fd=11 size=0
H264 first bytes: 00 00 00 01 41 e0 03 40 06 86 02 3c fa 42 4c 91
encode_release_packet ret=0
MP4 frame 477/1500: sequence=481 pts=19040000 us key=0 nv12=4478976 h264=8456 acquire=12.553 ms encode=26.193 ms mux=0.132 ms
start encode NV12 with RV1106 vendor packet ABI, frame=477
encode_put_frame ret=0
encode_get_packet ret=0 handle=0xae9cf958 expected=0xae9cf958
vendor packet: mpi_buf_id=177 len=14980 buf_size=1495040 offset=140288 data_num=1 flag=0x00000000 pts=477
valloc packet buffer: mpi_buf_id=177 dma_buf_fd=11 size=0
H264 first bytes: 00 00 00 01 41 e0 03 60 06 c6 02 7c d2 12 1a cb
encode_release_packet ret=0
MP4 frame 478/1500: sequence=482 pts=19080000 us key=0 nv12=4478976 h264=14980 acquire=13.193 ms encode=26.797 ms mux=0.227 ms
start encode NV12 with RV1106 vendor packet ABI, frame=478
encode_put_frame ret=0
encode_get_packet ret=0 handle=0xae9cf958 expected=0xae9cf958
vendor packet: mpi_buf_id=177 len=5948 buf_size=1495040 offset=155392 data_num=1 flag=0x00000000 pts=478
valloc packet buffer: mpi_buf_id=177 dma_buf_fd=11 size=0
H264 first bytes: 00 00 00 01 41 e0 03 80 07 06 07 f0 c6 69 b5 06
encode_release_packet ret=0
MP4 frame 479/1500: sequence=483 pts=19120000 us key=0 nv12=4478976 h264=5948 acquire=12.490 ms encode=26.309 ms mux=0.110 ms
start encode NV12 with RV1106 vendor packet ABI, frame=479
encode_put_frame ret=0
encode_get_packet ret=0 handle=0xae9cf958 expected=0xae9cf958
vendor packet: mpi_buf_id=177 len=6026 buf_size=1495040 offset=161408 data_num=1 flag=0x00000000 pts=479
valloc packet buffer: mpi_buf_id=177 dma_buf_fd=11 size=0
H264 first bytes: 00 00 00 01 41 e0 03 a0 07 46 07 f0 22 e7 80 ad
encode_release_packet ret=0
MP4 frame 480/1500: sequence=484 pts=19160000 us key=0 nv12=4478976 h264=6026 acquire=13.096 ms encode=27.061 ms mux=0.112 ms
start encode NV12 with RV1106 vendor packet ABI, frame=480
encode_put_frame ret=0
encode_get_packet ret=0 handle=0xae9cf958 expected=0xae9cf958
vendor packet: mpi_buf_id=177 len=231668 buf_size=1495040 offset=167552 data_num=1 flag=0x00000010 pts=480
valloc packet buffer: mpi_buf_id=177 dma_buf_fd=11 size=0
H264 first bytes: 00 00 00 01 65 b8 00 04 00 00 0a f0 a4 48 a0 00
encode_release_packet ret=0
MP4 frame 481/1500: sequence=485 pts=19200000 us key=1 nv12=4478976 h264=231668 acquire=12.348 ms encode=26.457 ms mux=4.259 ms
start encode NV12 with RV1106 vendor packet ABI, frame=481
encode_put_frame ret=0
encode_get_packet ret=0 handle=0xae9cf958 expected=0xae9cf958
vendor packet: mpi_buf_id=177 len=4801 buf_size=1495040 offset=399232 data_num=1 flag=0x00000000 pts=481
valloc packet buffer: mpi_buf_id=177 dma_buf_fd=11 size=0
H264 first bytes: 00 00 00 01 41 e0 00 20 00 46 05 f0 12 16 e3 6d
encode_release_packet ret=0
MP4 frame 482/1500: sequence=486 pts=19240000 us key=0 nv12=4478976 h264=4801 acquire=8.776 ms encode=26.877 ms mux=0.096 ms
start encode NV12 with RV1106 vendor packet ABI, frame=482
encode_put_frame ret=0
encode_get_packet ret=0 handle=0xae9cf958 expected=0xae9cf958
vendor packet: mpi_buf_id=177 len=6317 buf_size=1495040 offset=404096 data_num=1 flag=0x00000000 pts=482
valloc packet buffer: mpi_buf_id=177 dma_buf_fd=11 size=0
H264 first bytes: 00 00 00 01 41 e0 00 40 00 86 06 f1 5d 09 a8 16
encode_release_packet ret=0
MP4 frame 483/1500: sequence=487 pts=19280000 us key=0 nv12=4478976 h264=6317 acquire=12.534 ms encode=26.215 ms mux=0.113 ms
start encode NV12 with RV1106 vendor packet ABI, frame=483
encode_put_frame ret=0
encode_get_packet ret=0 handle=0xae9cf958 expected=0xae9cf958
vendor packet: mpi_buf_id=177 len=5325 buf_size=1495040 offset=410496 data_num=1 flag=0x00000000 pts=483
valloc packet buffer: mpi_buf_id=177 dma_buf_fd=11 size=0
H264 first bytes: 00 00 00 01 41 e0 00 60 00 c6 06 f0 79 36 e7 71
encode_release_packet ret=0
MP4 frame 484/1500: sequence=488 pts=19320000 us key=0 nv12=4478976 h264=5325 acquire=13.185 ms encode=26.895 ms mux=0.104 ms
start encode NV12 with RV1106 vendor packet ABI, frame=484
encode_put_frame ret=0
encode_get_packet ret=0 handle=0xae9cf958 expected=0xae9cf958
vendor packet: mpi_buf_id=177 len=4520 buf_size=1495040 offset=415872 data_num=1 flag=0x00000000 pts=484
valloc packet buffer: mpi_buf_id=177 dma_buf_fd=11 size=0
H264 first bytes: 00 00 00 01 41 e0 00 80 01 06 06 f0 31 de 22 7c
encode_release_packet ret=0
MP4 frame 485/1500: sequence=489 pts=19360000 us key=0 nv12=4478976 h264=4520 acquire=12.520 ms encode=26.200 ms mux=0.090 ms
start encode NV12 with RV1106 vendor packet ABI, frame=485
encode_put_frame ret=0
encode_get_packet ret=0 handle=0xae9cf958 expected=0xae9cf958
vendor packet: mpi_buf_id=177 len=4249 buf_size=1495040 offset=420480 data_num=1 flag=0x00000000 pts=485
valloc packet buffer: mpi_buf_id=177 dma_buf_fd=11 size=0
H264 first bytes: 00 00 00 01 41 e0 00 a0 01 46 06 f0 6f 4a 07 0a
encode_release_packet ret=0
MP4 frame 486/1500: sequence=490 pts=19400000 us key=0 nv12=4478976 h264=4249 acquire=13.220 ms encode=26.817 ms mux=0.091 ms
start encode NV12 with RV1106 vendor packet ABI, frame=486
encode_put_frame ret=0
encode_get_packet ret=0 handle=0xae9cf958 expected=0xae9cf958
vendor packet: mpi_buf_id=177 len=4340 buf_size=1495040 offset=424832 data_num=1 flag=0x00000000 pts=486
valloc packet buffer: mpi_buf_id=177 dma_buf_fd=11 size=0
H264 first bytes: 00 00 00 01 41 e0 00 c0 01 86 06 f0 55 23 81 06
encode_release_packet ret=0
MP4 frame 487/1500: sequence=491 pts=19440000 us key=0 nv12=4478976 h264=4340 acquire=12.607 ms encode=26.225 ms mux=0.089 ms
start encode NV12 with RV1106 vendor packet ABI, frame=487
encode_put_frame ret=0
encode_get_packet ret=0 handle=0xae9cf958 expected=0xae9cf958
vendor packet: mpi_buf_id=177 len=5954 buf_size=1495040 offset=429184 data_num=1 flag=0x00000000 pts=487
valloc packet buffer: mpi_buf_id=177 dma_buf_fd=11 size=0
H264 first bytes: 00 00 00 01 41 e0 00 e0 01 c6 07 f0 d4 d8 0f 29
encode_release_packet ret=0
MP4 frame 488/1500: sequence=492 pts=19480000 us key=0 nv12=4478976 h264=5954 acquire=13.209 ms encode=26.893 ms mux=0.106 ms
start encode NV12 with RV1106 vendor packet ABI, frame=488
encode_put_frame ret=0
encode_get_packet ret=0 handle=0xae9cf958 expected=0xae9cf958
vendor packet: mpi_buf_id=177 len=5864 buf_size=1495040 offset=435200 data_num=1 flag=0x00000000 pts=488
valloc packet buffer: mpi_buf_id=177 dma_buf_fd=11 size=0
H264 first bytes: 00 00 00 01 41 e0 01 00 02 06 07 f0 13 3d 0b 1f
encode_release_packet ret=0
MP4 frame 489/1500: sequence=493 pts=19520000 us key=0 nv12=4478976 h264=5864 acquire=12.510 ms encode=26.264 ms mux=0.109 ms
start encode NV12 with RV1106 vendor packet ABI, frame=489
encode_put_frame ret=0
encode_get_packet ret=0 handle=0xae9cf958 expected=0xae9cf958
vendor packet: mpi_buf_id=177 len=5470 buf_size=1495040 offset=441088 data_num=1 flag=0x00000000 pts=489
valloc packet buffer: mpi_buf_id=177 dma_buf_fd=11 size=0
H264 first bytes: 00 00 00 01 41 e0 01 20 02 46 07 f0 36 56 0f ad
encode_release_packet ret=0
MP4 frame 490/1500: sequence=494 pts=19560000 us key=0 nv12=4478976 h264=5470 acquire=13.148 ms encode=26.905 ms mux=0.105 ms
start encode NV12 with RV1106 vendor packet ABI, frame=490
encode_put_frame ret=0
encode_get_packet ret=0 handle=0xae9cf958 expected=0xae9cf958
vendor packet: mpi_buf_id=177 len=5461 buf_size=1495040 offset=446592 data_num=1 flag=0x00000000 pts=490
valloc packet buffer: mpi_buf_id=177 dma_buf_fd=11 size=0
H264 first bytes: 00 00 00 01 41 e0 01 40 02 86 07 f0 79 32 82 49
encode_release_packet ret=0
MP4 frame 491/1500: sequence=495 pts=19600000 us key=0 nv12=4478976 h264=5461 acquire=12.497 ms encode=26.246 ms mux=0.102 ms
start encode NV12 with RV1106 vendor packet ABI, frame=491
encode_put_frame ret=0
encode_get_packet ret=0 handle=0xae9cf958 expected=0xae9cf958
vendor packet: mpi_buf_id=177 len=6483 buf_size=1495040 offset=452096 data_num=1 flag=0x00000000 pts=491
valloc packet buffer: mpi_buf_id=177 dma_buf_fd=11 size=0
H264 first bytes: 00 00 00 01 41 e0 01 60 02 c6 07 f0 47 9e 07 7a
encode_release_packet ret=0
MP4 frame 492/1500: sequence=496 pts=19640000 us key=0 nv12=4478976 h264=6483 acquire=13.167 ms encode=26.886 ms mux=0.117 ms
start encode NV12 with RV1106 vendor packet ABI, frame=492
encode_put_frame ret=0
encode_get_packet ret=0 handle=0xae9cf958 expected=0xae9cf958
vendor packet: mpi_buf_id=177 len=5524 buf_size=1495040 offset=458624 data_num=1 flag=0x00000000 pts=492
valloc packet buffer: mpi_buf_id=177 dma_buf_fd=11 size=0
H264 first bytes: 00 00 00 01 41 e0 01 80 03 06 07 f0 24 cc bd c7
encode_release_packet ret=0
MP4 frame 493/1500: sequence=497 pts=19680000 us key=0 nv12=4478976 h264=5524 acquire=12.518 ms encode=26.249 ms mux=0.104 ms
start encode NV12 with RV1106 vendor packet ABI, frame=493
encode_put_frame ret=0
encode_get_packet ret=0 handle=0xae9cf958 expected=0xae9cf958
vendor packet: mpi_buf_id=177 len=5159 buf_size=1495040 offset=464256 data_num=1 flag=0x00000000 pts=493
valloc packet buffer: mpi_buf_id=177 dma_buf_fd=11 size=0
H264 first bytes: 00 00 00 01 41 e0 01 a0 03 46 07 f0 51 47 82 8c
encode_release_packet ret=0
MP4 frame 494/1500: sequence=498 pts=19720000 us key=0 nv12=4478976 h264=5159 acquire=13.158 ms encode=26.841 ms mux=0.101 ms
start encode NV12 with RV1106 vendor packet ABI, frame=494
encode_put_frame ret=0
encode_get_packet ret=0 handle=0xae9cf958 expected=0xae9cf958
vendor packet: mpi_buf_id=177 len=5255 buf_size=1495040 offset=469504 data_num=1 flag=0x00000000 pts=494
valloc packet buffer: mpi_buf_id=177 dma_buf_fd=11 size=0
H264 first bytes: 00 00 00 01 41 e0 01 c0 03 86 07 f0 31 cd 62 69
encode_release_packet ret=0
MP4 frame 495/1500: sequence=499 pts=19760000 us key=0 nv12=4478976 h264=5255 acquire=12.580 ms encode=26.169 ms mux=0.101 ms
start encode NV12 with RV1106 vendor packet ABI, frame=495
encode_put_frame ret=0
encode_get_packet ret=0 handle=0xae9cf958 expected=0xae9cf958
vendor packet: mpi_buf_id=177 len=8513 buf_size=1495040 offset=474880 data_num=1 flag=0x00000000 pts=495
valloc packet buffer: mpi_buf_id=177 dma_buf_fd=11 size=0
H264 first bytes: 00 00 00 01 41 e0 01 e0 03 c6 02 3c 10 ee 08 a8
encode_release_packet ret=0
MP4 frame 496/1500: sequence=500 pts=19800000 us key=0 nv12=4478976 h264=8513 acquire=13.240 ms encode=26.855 ms mux=0.133 ms
start encode NV12 with RV1106 vendor packet ABI, frame=496
encode_put_frame ret=0
encode_get_packet ret=0 handle=0xae9cf958 expected=0xae9cf958
vendor packet: mpi_buf_id=177 len=8294 buf_size=1495040 offset=483456 data_num=1 flag=0x00000000 pts=496
valloc packet buffer: mpi_buf_id=177 dma_buf_fd=11 size=0
H264 first bytes: 00 00 00 01 41 e0 02 00 04 06 02 3c 96 a0 7f 9d
encode_release_packet ret=0
MP4 frame 497/1500: sequence=501 pts=19840000 us key=0 nv12=4478976 h264=8294 acquire=12.426 ms encode=26.264 ms mux=0.126 ms
start encode NV12 with RV1106 vendor packet ABI, frame=497
encode_put_frame ret=0
encode_get_packet ret=0 handle=0xae9cf958 expected=0xae9cf958
vendor packet: mpi_buf_id=177 len=8905 buf_size=1495040 offset=491776 data_num=1 flag=0x00000000 pts=497
valloc packet buffer: mpi_buf_id=177 dma_buf_fd=11 size=0
H264 first bytes: 00 00 00 01 41 e0 02 20 04 46 02 3c 09 75 80 ca
encode_release_packet ret=0
MP4 frame 498/1500: sequence=502 pts=19880000 us key=0 nv12=4478976 h264=8905 acquire=13.117 ms encode=26.801 ms mux=0.136 ms
start encode NV12 with RV1106 vendor packet ABI, frame=498
encode_put_frame ret=0
encode_get_packet ret=0 handle=0xae9cf958 expected=0xae9cf958
vendor packet: mpi_buf_id=177 len=8365 buf_size=1495040 offset=500736 data_num=1 flag=0x00000000 pts=498
valloc packet buffer: mpi_buf_id=177 dma_buf_fd=11 size=0
H264 first bytes: 00 00 00 01 41 e0 02 40 04 86 02 3c 06 5e 58 76
encode_release_packet ret=0
MP4 frame 499/1500: sequence=503 pts=19920000 us key=0 nv12=4478976 h264=8365 acquire=12.586 ms encode=26.210 ms mux=0.136 ms
start encode NV12 with RV1106 vendor packet ABI, frame=499
encode_put_frame ret=0
encode_get_packet ret=0 handle=0xae9cf958 expected=0xae9cf958
vendor packet: mpi_buf_id=177 len=14196 buf_size=1495040 offset=509184 data_num=1 flag=0x00000000 pts=499
valloc packet buffer: mpi_buf_id=177 dma_buf_fd=11 size=0
H264 first bytes: 00 00 00 01 41 e0 02 60 04 c6 02 7c 7e c1 08 9c
encode_release_packet ret=0
MP4 frame 500/1500: sequence=504 pts=19960000 us key=0 nv12=4478976 h264=14196 acquire=13.162 ms encode=26.839 ms mux=0.198 ms
start encode NV12 with RV1106 vendor packet ABI, frame=500
encode_put_frame ret=0
encode_get_packet ret=0 handle=0xae9cf958 expected=0xae9cf958
vendor packet: mpi_buf_id=177 len=9775 buf_size=1495040 offset=523392 data_num=1 flag=0x00000000 pts=500
valloc packet buffer: mpi_buf_id=177 dma_buf_fd=11 size=0
H264 first bytes: 00 00 00 01 41 e0 02 80 05 06 02 3c 31 67 81 4e
encode_release_packet ret=0
MP4 frame 501/1500: sequence=505 pts=20000000 us key=0 nv12=4478976 h264=9775 acquire=12.474 ms encode=26.299 ms mux=0.145 ms
start encode NV12 with RV1106 vendor packet ABI, frame=501
encode_put_frame ret=0
encode_get_packet ret=0 handle=0xae9cf958 expected=0xae9cf958
vendor packet: mpi_buf_id=177 len=9676 buf_size=1495040 offset=533248 data_num=1 flag=0x00000000 pts=501
valloc packet buffer: mpi_buf_id=177 dma_buf_fd=11 size=0
H264 first bytes: 00 00 00 01 41 e0 02 a0 05 46 02 3c 02 43 9a 05
encode_release_packet ret=0
MP4 frame 502/1500: sequence=506 pts=20040000 us key=0 nv12=4478976 h264=9676 acquire=13.070 ms encode=26.834 ms mux=0.147 ms
start encode NV12 with RV1106 vendor packet ABI, frame=502
encode_put_frame ret=0
encode_get_packet ret=0 handle=0xae9cf958 expected=0xae9cf958
vendor packet: mpi_buf_id=177 len=10133 buf_size=1495040 offset=542976 data_num=1 flag=0x00000000 pts=502
valloc packet buffer: mpi_buf_id=177 dma_buf_fd=11 size=0
H264 first bytes: 00 00 00 01 41 e0 02 c0 05 86 02 3c 2f 39 60 4e
encode_release_packet ret=0
MP4 frame 503/1500: sequence=507 pts=20080000 us key=0 nv12=4478976 h264=10133 acquire=12.539 ms encode=26.193 ms mux=0.148 ms
start encode NV12 with RV1106 vendor packet ABI, frame=503
encode_put_frame ret=0
encode_get_packet ret=0 handle=0xae9cf958 expected=0xae9cf958
vendor packet: mpi_buf_id=177 len=15512 buf_size=1495040 offset=553216 data_num=1 flag=0x00000000 pts=503
valloc packet buffer: mpi_buf_id=177 dma_buf_fd=11 size=0
H264 first bytes: 00 00 00 01 41 e0 02 e0 05 c6 02 7c 37 58 10 4b
encode_release_packet ret=0
MP4 frame 504/1500: sequence=508 pts=20120000 us key=0 nv12=4478976 h264=15512 acquire=13.166 ms encode=26.920 ms mux=0.212 ms
start encode NV12 with RV1106 vendor packet ABI, frame=504
encode_put_frame ret=0
encode_get_packet ret=0 handle=0xae9cf958 expected=0xae9cf958
vendor packet: mpi_buf_id=177 len=10483 buf_size=1495040 offset=568832 data_num=1 flag=0x00000000 pts=504
valloc packet buffer: mpi_buf_id=177 dma_buf_fd=11 size=0
H264 first bytes: 00 00 00 01 41 e0 03 00 06 06 02 3c 2d 3e 04 79
encode_release_packet ret=0
MP4 frame 505/1500: sequence=509 pts=20160000 us key=0 nv12=4478976 h264=10483 acquire=12.377 ms encode=26.268 ms mux=0.152 ms
start encode NV12 with RV1106 vendor packet ABI, frame=505
encode_put_frame ret=0
encode_get_packet ret=0 handle=0xae9cf958 expected=0xae9cf958
vendor packet: mpi_buf_id=177 len=16474 buf_size=1495040 offset=579328 data_num=1 flag=0x00000000 pts=505
valloc packet buffer: mpi_buf_id=177 dma_buf_fd=11 size=0
H264 first bytes: 00 00 00 01 41 e0 03 20 06 46 02 7c 06 8e ca 2c
encode_release_packet ret=0
MP4 frame 506/1500: sequence=510 pts=20200000 us key=0 nv12=4478976 h264=16474 acquire=13.098 ms encode=26.809 ms mux=0.223 ms
start encode NV12 with RV1106 vendor packet ABI, frame=506
encode_put_frame ret=0
encode_get_packet ret=0 handle=0xae9cf958 expected=0xae9cf958
vendor packet: mpi_buf_id=177 len=17350 buf_size=1495040 offset=595840 data_num=1 flag=0x00000000 pts=506
valloc packet buffer: mpi_buf_id=177 dma_buf_fd=11 size=0
H264 first bytes: 00 00 00 01 41 e0 03 40 06 86 02 7c 1d cc e0 fa
encode_release_packet ret=0
MP4 frame 507/1500: sequence=511 pts=20240000 us key=0 nv12=4478976 h264=17350 acquire=12.479 ms encode=26.230 ms mux=0.222 ms
start encode NV12 with RV1106 vendor packet ABI, frame=507
encode_put_frame ret=0
encode_get_packet ret=0 handle=0xae9cf958 expected=0xae9cf958
vendor packet: mpi_buf_id=177 len=10883 buf_size=1495040 offset=613248 data_num=1 flag=0x00000000 pts=507
valloc packet buffer: mpi_buf_id=177 dma_buf_fd=11 size=0
H264 first bytes: 00 00 00 01 41 e0 03 60 06 c6 02 3c 27 39 e4 9b
encode_release_packet ret=0
MP4 frame 508/1500: sequence=512 pts=20280000 us key=0 nv12=4478976 h264=10883 acquire=13.062 ms encode=26.817 ms mux=0.157 ms
start encode NV12 with RV1106 vendor packet ABI, frame=508
encode_put_frame ret=0
encode_get_packet ret=0 handle=0xae9cf958 expected=0xae9cf958
vendor packet: mpi_buf_id=177 len=10445 buf_size=1495040 offset=624256 data_num=1 flag=0x00000000 pts=508
valloc packet buffer: mpi_buf_id=177 dma_buf_fd=11 size=0
H264 first bytes: 00 00 00 01 41 e0 03 80 07 06 02 3c 09 94 58 2d
encode_release_packet ret=0
MP4 frame 509/1500: sequence=513 pts=20320000 us key=0 nv12=4478976 h264=10445 acquire=12.539 ms encode=26.276 ms mux=0.161 ms
start encode NV12 with RV1106 vendor packet ABI, frame=509
encode_put_frame ret=0
encode_get_packet ret=0 handle=0xae9cf958 expected=0xae9cf958
vendor packet: mpi_buf_id=177 len=10120 buf_size=1495040 offset=634752 data_num=1 flag=0x00000000 pts=509
valloc packet buffer: mpi_buf_id=177 dma_buf_fd=11 size=0
H264 first bytes: 00 00 00 01 41 e0 03 a0 07 46 02 3c 96 e0 3e 24
encode_release_packet ret=0
MP4 frame 510/1500: sequence=514 pts=20360000 us key=0 nv12=4478976 h264=10120 acquire=13.077 ms encode=26.851 ms mux=0.146 ms
start encode NV12 with RV1106 vendor packet ABI, frame=510
encode_put_frame ret=0
encode_get_packet ret=0 handle=0xae9cf958 expected=0xae9cf958
vendor packet: mpi_buf_id=177 len=226587 buf_size=1495040 offset=644992 data_num=1 flag=0x00000010 pts=510
valloc packet buffer: mpi_buf_id=177 dma_buf_fd=11 size=0
H264 first bytes: 00 00 00 01 65 b8 00 02 00 00 03 02 fc 29 12 24
encode_release_packet ret=0
MP4 frame 511/1500: sequence=515 pts=20400000 us key=1 nv12=4478976 h264=226587 acquire=12.517 ms encode=26.204 ms mux=4.234 ms
start encode NV12 with RV1106 vendor packet ABI, frame=511
encode_put_frame ret=0
encode_get_packet ret=0 handle=0xae9cf958 expected=0xae9cf958
vendor packet: mpi_buf_id=177 len=6607 buf_size=1495040 offset=871680 data_num=1 flag=0x00000000 pts=511
valloc packet buffer: mpi_buf_id=177 dma_buf_fd=11 size=0
H264 first bytes: 00 00 00 01 41 e0 00 20 00 46 06 f0 4b 2a 85 e9
encode_release_packet ret=0
MP4 frame 512/1500: sequence=516 pts=20440000 us key=0 nv12=4478976 h264=6607 acquire=9.064 ms encode=27.032 ms mux=0.118 ms
start encode NV12 with RV1106 vendor packet ABI, frame=512
encode_put_frame ret=0
encode_get_packet ret=0 handle=0xae9cf958 expected=0xae9cf958
vendor packet: mpi_buf_id=177 len=8292 buf_size=1495040 offset=878336 data_num=1 flag=0x00000000 pts=512
valloc packet buffer: mpi_buf_id=177 dma_buf_fd=11 size=0
H264 first bytes: 00 00 00 01 41 e0 00 40 00 86 07 f3 ce 78 bb 3c
encode_release_packet ret=0
MP4 frame 513/1500: sequence=517 pts=20480000 us key=0 nv12=4478976 h264=8292 acquire=12.347 ms encode=26.176 ms mux=0.131 ms
start encode NV12 with RV1106 vendor packet ABI, frame=513
encode_put_frame ret=0
encode_get_packet ret=0 handle=0xae9cf958 expected=0xae9cf958
vendor packet: mpi_buf_id=177 len=7744 buf_size=1495040 offset=886656 data_num=1 flag=0x00000000 pts=513
valloc packet buffer: mpi_buf_id=177 dma_buf_fd=11 size=0
H264 first bytes: 00 00 00 01 41 e0 00 60 00 c6 07 f0 dc d8 17 e5
encode_release_packet ret=0
MP4 frame 514/1500: sequence=518 pts=20520000 us key=0 nv12=4478976 h264=7744 acquire=13.215 ms encode=26.812 ms mux=0.126 ms
start encode NV12 with RV1106 vendor packet ABI, frame=514
encode_put_frame ret=0
encode_get_packet ret=0 handle=0xae9cf958 expected=0xae9cf958
vendor packet: mpi_buf_id=177 len=7346 buf_size=1495040 offset=894464 data_num=1 flag=0x00000000 pts=514
valloc packet buffer: mpi_buf_id=177 dma_buf_fd=11 size=0
H264 first bytes: 00 00 00 01 41 e0 00 80 01 06 07 f0 61 58 56 63
encode_release_packet ret=0
MP4 frame 515/1500: sequence=519 pts=20560000 us key=0 nv12=4478976 h264=7346 acquire=12.578 ms encode=26.215 ms mux=0.121 ms
start encode NV12 with RV1106 vendor packet ABI, frame=515
encode_put_frame ret=0
encode_get_packet ret=0 handle=0xae9cf958 expected=0xae9cf958
vendor packet: mpi_buf_id=177 len=10178 buf_size=1495040 offset=901888 data_num=1 flag=0x00000000 pts=515
valloc packet buffer: mpi_buf_id=177 dma_buf_fd=11 size=0
H264 first bytes: 00 00 00 01 41 e0 00 a0 01 46 02 3c 47 42 48 08
encode_release_packet ret=0
MP4 frame 516/1500: sequence=520 pts=20600000 us key=0 nv12=4478976 h264=10178 acquire=13.183 ms encode=26.857 ms mux=0.146 ms
start encode NV12 with RV1106 vendor packet ABI, frame=516
encode_put_frame ret=0
encode_get_packet ret=0 handle=0xae9cf958 expected=0xae9cf958
vendor packet: mpi_buf_id=177 len=6411 buf_size=1495040 offset=912128 data_num=1 flag=0x00000000 pts=516
valloc packet buffer: mpi_buf_id=177 dma_buf_fd=11 size=0
H264 first bytes: 00 00 00 01 41 e0 00 c0 01 86 07 f2 ea 26 f0 4b
encode_release_packet ret=0
MP4 frame 517/1500: sequence=521 pts=20640000 us key=0 nv12=4478976 h264=6411 acquire=12.518 ms encode=26.231 ms mux=0.112 ms
start encode NV12 with RV1106 vendor packet ABI, frame=517
encode_put_frame ret=0
encode_get_packet ret=0 handle=0xae9cf958 expected=0xae9cf958
vendor packet: mpi_buf_id=177 len=9438 buf_size=1495040 offset=918656 data_num=1 flag=0x00000000 pts=517
valloc packet buffer: mpi_buf_id=177 dma_buf_fd=11 size=0
H264 first bytes: 00 00 00 01 41 e0 00 e0 01 c6 02 3c 04 1e 48 08
encode_release_packet ret=0
MP4 frame 518/1500: sequence=522 pts=20680000 us key=0 nv12=4478976 h264=9438 acquire=13.168 ms encode=26.818 ms mux=0.143 ms
start encode NV12 with RV1106 vendor packet ABI, frame=518
encode_put_frame ret=0
encode_get_packet ret=0 handle=0xae9cf958 expected=0xae9cf958
vendor packet: mpi_buf_id=177 len=9760 buf_size=1495040 offset=928128 data_num=1 flag=0x00000000 pts=518
valloc packet buffer: mpi_buf_id=177 dma_buf_fd=11 size=0
H264 first bytes: 00 00 00 01 41 e0 01 00 02 06 02 3c 1f f0 42 27
encode_release_packet ret=0
MP4 frame 519/1500: sequence=523 pts=20720000 us key=0 nv12=4478976 h264=9760 acquire=12.553 ms encode=26.181 ms mux=0.148 ms
start encode NV12 with RV1106 vendor packet ABI, frame=519
encode_put_frame ret=0
encode_get_packet ret=0 handle=0xae9cf958 expected=0xae9cf958
vendor packet: mpi_buf_id=177 len=6546 buf_size=1495040 offset=937984 data_num=1 flag=0x00000000 pts=519
valloc packet buffer: mpi_buf_id=177 dma_buf_fd=11 size=0
H264 first bytes: 00 00 00 01 41 e0 01 20 02 46 07 f0 f5 b8 3d 9f
encode_release_packet ret=0
MP4 frame 520/1500: sequence=524 pts=20760000 us key=0 nv12=4478976 h264=6546 acquire=13.188 ms encode=26.982 ms mux=0.119 ms
start encode NV12 with RV1106 vendor packet ABI, frame=520
encode_put_frame ret=0
encode_get_packet ret=0 handle=0xae9cf958 expected=0xae9cf958
vendor packet: mpi_buf_id=177 len=9533 buf_size=1495040 offset=944640 data_num=1 flag=0x00000000 pts=520
valloc packet buffer: mpi_buf_id=177 dma_buf_fd=11 size=0
H264 first bytes: 00 00 00 01 41 e0 01 40 02 86 02 3c 14 4d 86 ea
encode_release_packet ret=0
MP4 frame 521/1500: sequence=525 pts=20800000 us key=0 nv12=4478976 h264=9533 acquire=12.404 ms encode=26.236 ms mux=0.141 ms
start encode NV12 with RV1106 vendor packet ABI, frame=521
encode_put_frame ret=0
encode_get_packet ret=0 handle=0xae9cf958 expected=0xae9cf958
vendor packet: mpi_buf_id=177 len=9416 buf_size=1495040 offset=954240 data_num=1 flag=0x00000000 pts=521
valloc packet buffer: mpi_buf_id=177 dma_buf_fd=11 size=0
H264 first bytes: 00 00 00 01 41 e0 01 60 02 c6 02 3c 08 36 68 10
encode_release_packet ret=0
MP4 frame 522/1500: sequence=526 pts=20840000 us key=0 nv12=4478976 h264=9416 acquire=13.145 ms encode=26.834 ms mux=0.142 ms
start encode NV12 with RV1106 vendor packet ABI, frame=522
encode_put_frame ret=0
encode_get_packet ret=0 handle=0xae9cf958 expected=0xae9cf958
vendor packet: mpi_buf_id=177 len=9207 buf_size=1495040 offset=963712 data_num=1 flag=0x00000000 pts=522
valloc packet buffer: mpi_buf_id=177 dma_buf_fd=11 size=0
H264 first bytes: 00 00 00 01 41 e0 01 80 03 06 02 3c 05 9e 78 1b
encode_release_packet ret=0
MP4 frame 523/1500: sequence=527 pts=20880000 us key=0 nv12=4478976 h264=9207 acquire=12.544 ms encode=26.271 ms mux=0.136 ms
start encode NV12 with RV1106 vendor packet ABI, frame=523
encode_put_frame ret=0
encode_get_packet ret=0 handle=0xae9cf958 expected=0xae9cf958
vendor packet: mpi_buf_id=177 len=9454 buf_size=1495040 offset=972928 data_num=1 flag=0x00000000 pts=523
valloc packet buffer: mpi_buf_id=177 dma_buf_fd=11 size=0
H264 first bytes: 00 00 00 01 41 e0 01 a0 03 46 02 3c 0f da 82 59
encode_release_packet ret=0
MP4 frame 524/1500: sequence=528 pts=20920000 us key=0 nv12=4478976 h264=9454 acquire=13.100 ms encode=26.869 ms mux=0.145 ms
start encode NV12 with RV1106 vendor packet ABI, frame=524
encode_put_frame ret=0
encode_get_packet ret=0 handle=0xae9cf958 expected=0xae9cf958
vendor packet: mpi_buf_id=177 len=9391 buf_size=1495040 offset=982400 data_num=1 flag=0x00000000 pts=524
valloc packet buffer: mpi_buf_id=177 dma_buf_fd=11 size=0
H264 first bytes: 00 00 00 01 41 e0 01 c0 03 86 02 3c 23 54 24 e9
encode_release_packet ret=0
MP4 frame 525/1500: sequence=529 pts=20960000 us key=0 nv12=4478976 h264=9391 acquire=12.504 ms encode=26.188 ms mux=0.143 ms
start encode NV12 with RV1106 vendor packet ABI, frame=525
encode_put_frame ret=0
encode_get_packet ret=0 handle=0xae9cf958 expected=0xae9cf958
vendor packet: mpi_buf_id=177 len=9613 buf_size=1495040 offset=991872 data_num=1 flag=0x00000000 pts=525
valloc packet buffer: mpi_buf_id=177 dma_buf_fd=11 size=0
H264 first bytes: 00 00 00 01 41 e0 01 e0 03 c6 02 3d 5a 81 06 8f
encode_release_packet ret=0
MP4 frame 526/1500: sequence=530 pts=21000000 us key=0 nv12=4478976 h264=9613 acquire=13.183 ms encode=26.806 ms mux=0.144 ms
start encode NV12 with RV1106 vendor packet ABI, frame=526
encode_put_frame ret=0
encode_get_packet ret=0 handle=0xae9cf958 expected=0xae9cf958
vendor packet: mpi_buf_id=177 len=14953 buf_size=1495040 offset=1001600 data_num=1 flag=0x00000000 pts=526
valloc packet buffer: mpi_buf_id=177 dma_buf_fd=11 size=0
H264 first bytes: 00 00 00 01 41 e0 02 00 04 06 02 7c 0d f6 78 26
encode_release_packet ret=0
MP4 frame 527/1500: sequence=531 pts=21040000 us key=0 nv12=4478976 h264=14953 acquire=12.558 ms encode=26.231 ms mux=0.208 ms
start encode NV12 with RV1106 vendor packet ABI, frame=527
encode_put_frame ret=0
encode_get_packet ret=0 handle=0xae9cf958 expected=0xae9cf958
vendor packet: mpi_buf_id=177 len=10762 buf_size=1495040 offset=1016576 data_num=1 flag=0x00000000 pts=527
valloc packet buffer: mpi_buf_id=177 dma_buf_fd=11 size=0
H264 first bytes: 00 00 00 01 41 e0 02 20 04 46 02 3c 33 3e 19 9a
encode_release_packet ret=0
MP4 frame 528/1500: sequence=532 pts=21080000 us key=0 nv12=4478976 h264=10762 acquire=12.971 ms encode=26.787 ms mux=0.158 ms
start encode NV12 with RV1106 vendor packet ABI, frame=528
encode_put_frame ret=0
encode_get_packet ret=0 handle=0xae9cf958 expected=0xae9cf958
vendor packet: mpi_buf_id=177 len=9858 buf_size=1495040 offset=1027456 data_num=1 flag=0x00000000 pts=528
valloc packet buffer: mpi_buf_id=177 dma_buf_fd=11 size=0
H264 first bytes: 00 00 00 01 41 e0 02 40 04 86 02 3c 08 32 92 0e
encode_release_packet ret=0
MP4 frame 529/1500: sequence=533 pts=21120000 us key=0 nv12=4478976 h264=9858 acquire=12.569 ms encode=26.181 ms mux=0.146 ms
start encode NV12 with RV1106 vendor packet ABI, frame=529
encode_put_frame ret=0
encode_get_packet ret=0 handle=0xae9cf958 expected=0xae9cf958
vendor packet: mpi_buf_id=177 len=10264 buf_size=1495040 offset=1037440 data_num=1 flag=0x00000000 pts=529
valloc packet buffer: mpi_buf_id=177 dma_buf_fd=11 size=0
H264 first bytes: 00 00 00 01 41 e0 02 60 04 c6 02 3c 93 a8 30 99
encode_release_packet ret=0
MP4 frame 530/1500: sequence=534 pts=21160000 us key=0 nv12=4478976 h264=10264 acquire=13.192 ms encode=26.857 ms mux=0.155 ms
start encode NV12 with RV1106 vendor packet ABI, frame=530
encode_put_frame ret=0
encode_get_packet ret=0 handle=0xae9cf958 expected=0xae9cf958
vendor packet: mpi_buf_id=177 len=9646 buf_size=1495040 offset=1047808 data_num=1 flag=0x00000000 pts=530
valloc packet buffer: mpi_buf_id=177 dma_buf_fd=11 size=0
H264 first bytes: 00 00 00 01 41 e0 02 80 05 06 02 3d e4 87 32 c0
encode_release_packet ret=0
MP4 frame 531/1500: sequence=535 pts=21200000 us key=0 nv12=4478976 h264=9646 acquire=12.488 ms encode=26.222 ms mux=0.145 ms
start encode NV12 with RV1106 vendor packet ABI, frame=531
encode_put_frame ret=0
encode_get_packet ret=0 handle=0xae9cf958 expected=0xae9cf958
vendor packet: mpi_buf_id=177 len=9407 buf_size=1495040 offset=1057536 data_num=1 flag=0x00000000 pts=531
valloc packet buffer: mpi_buf_id=177 dma_buf_fd=11 size=0
H264 first bytes: 00 00 00 01 41 e0 02 a0 05 46 02 3c 05 3e 81 68
encode_release_packet ret=0
MP4 frame 532/1500: sequence=536 pts=21240000 us key=0 nv12=4478976 h264=9407 acquire=13.154 ms encode=26.793 ms mux=0.143 ms
start encode NV12 with RV1106 vendor packet ABI, frame=532
encode_put_frame ret=0
encode_get_packet ret=0 handle=0xae9cf958 expected=0xae9cf958
vendor packet: mpi_buf_id=177 len=8804 buf_size=1495040 offset=1067008 data_num=1 flag=0x00000000 pts=532
valloc packet buffer: mpi_buf_id=177 dma_buf_fd=11 size=0
H264 first bytes: 00 00 00 01 41 e0 02 c0 05 86 02 3d 4f 81 32 a1
encode_release_packet ret=0
MP4 frame 533/1500: sequence=537 pts=21280000 us key=0 nv12=4478976 h264=8804 acquire=12.572 ms encode=26.228 ms mux=0.133 ms
start encode NV12 with RV1106 vendor packet ABI, frame=533
encode_put_frame ret=0
encode_get_packet ret=0 handle=0xae9cf958 expected=0xae9cf958
vendor packet: mpi_buf_id=177 len=15509 buf_size=1495040 offset=1075840 data_num=1 flag=0x00000000 pts=533
valloc packet buffer: mpi_buf_id=177 dma_buf_fd=11 size=0
H264 first bytes: 00 00 00 01 41 e0 02 e0 05 c6 02 7c 4e c1 40 96
encode_release_packet ret=0
MP4 frame 534/1500: sequence=538 pts=21320000 us key=0 nv12=4478976 h264=15509 acquire=13.155 ms encode=26.908 ms mux=0.210 ms
start encode NV12 with RV1106 vendor packet ABI, frame=534
encode_put_frame ret=0
encode_get_packet ret=0 handle=0xae9cf958 expected=0xae9cf958
vendor packet: mpi_buf_id=177 len=10169 buf_size=1495040 offset=1091456 data_num=1 flag=0x00000000 pts=534
valloc packet buffer: mpi_buf_id=177 dma_buf_fd=11 size=0
H264 first bytes: 00 00 00 01 41 e0 03 00 06 06 02 3d 6f 94 bc d8
encode_release_packet ret=0
MP4 frame 535/1500: sequence=539 pts=21360000 us key=0 nv12=4478976 h264=10169 acquire=12.401 ms encode=26.333 ms mux=0.157 ms
start encode NV12 with RV1106 vendor packet ABI, frame=535
encode_put_frame ret=0
encode_get_packet ret=0 handle=0xae9cf958 expected=0xae9cf958
vendor packet: mpi_buf_id=177 len=9033 buf_size=1495040 offset=1101696 data_num=1 flag=0x00000000 pts=535
valloc packet buffer: mpi_buf_id=177 dma_buf_fd=11 size=0
H264 first bytes: 00 00 00 01 41 e0 03 20 06 46 02 3c 02 9f 3c 14
encode_release_packet ret=0
MP4 frame 536/1500: sequence=540 pts=21400000 us key=0 nv12=4478976 h264=9033 acquire=13.016 ms encode=26.894 ms mux=0.133 ms
start encode NV12 with RV1106 vendor packet ABI, frame=536
encode_put_frame ret=0
encode_get_packet ret=0 handle=0xae9cf958 expected=0xae9cf958
vendor packet: mpi_buf_id=177 len=9068 buf_size=1495040 offset=1110784 data_num=1 flag=0x00000000 pts=536
valloc packet buffer: mpi_buf_id=177 dma_buf_fd=11 size=0
H264 first bytes: 00 00 00 01 41 e0 03 40 06 86 02 3c 08 79 20 4f
encode_release_packet ret=0
MP4 frame 537/1500: sequence=541 pts=21440000 us key=0 nv12=4478976 h264=9068 acquire=12.483 ms encode=26.215 ms mux=0.142 ms
start encode NV12 with RV1106 vendor packet ABI, frame=537
encode_put_frame ret=0
encode_get_packet ret=0 handle=0xae9cf958 expected=0xae9cf958
vendor packet: mpi_buf_id=177 len=15884 buf_size=1495040 offset=1119872 data_num=1 flag=0x00000000 pts=537
valloc packet buffer: mpi_buf_id=177 dma_buf_fd=11 size=0
H264 first bytes: 00 00 00 01 41 e0 03 60 06 c6 02 7c 02 53 68 28
encode_release_packet ret=0
MP4 frame 538/1500: sequence=542 pts=21480000 us key=0 nv12=4478976 h264=15884 acquire=13.160 ms encode=26.846 ms mux=1.081 ms
start encode NV12 with RV1106 vendor packet ABI, frame=538
encode_put_frame ret=0
encode_get_packet ret=0 handle=0xae9cf958 expected=0xae9cf958
vendor packet: mpi_buf_id=177 len=16844 buf_size=1495040 offset=1135872 data_num=1 flag=0x00000000 pts=538
valloc packet buffer: mpi_buf_id=177 dma_buf_fd=11 size=0
H264 first bytes: 00 00 00 01 41 e0 03 80 07 06 02 7c 18 cd 05 22
encode_release_packet ret=0
MP4 frame 539/1500: sequence=543 pts=21520000 us key=0 nv12=4478976 h264=16844 acquire=11.585 ms encode=26.245 ms mux=0.217 ms
start encode NV12 with RV1106 vendor packet ABI, frame=539
encode_put_frame ret=0
encode_get_packet ret=0 handle=0xae9cf958 expected=0xae9cf958
vendor packet: mpi_buf_id=177 len=17393 buf_size=1495040 offset=1152768 data_num=1 flag=0x00000000 pts=539
valloc packet buffer: mpi_buf_id=177 dma_buf_fd=11 size=0
H264 first bytes: 00 00 00 01 41 e0 03 a0 07 46 02 7c 6f 42 47 d0
encode_release_packet ret=0
MP4 frame 540/1500: sequence=544 pts=21560000 us key=0 nv12=4478976 h264=17393 acquire=13.030 ms encode=26.792 ms mux=0.229 ms
start encode NV12 with RV1106 vendor packet ABI, frame=540
encode_put_frame ret=0
encode_get_packet ret=0 handle=0xae9cf958 expected=0xae9cf958
vendor packet: mpi_buf_id=177 len=225350 buf_size=1495040 offset=1170176 data_num=1 flag=0x00000010 pts=540
valloc packet buffer: mpi_buf_id=177 dma_buf_fd=11 size=0
H264 first bytes: 00 00 00 01 65 b8 00 03 00 00 03 02 fc 29 12 28
encode_release_packet ret=0
MP4 frame 541/1500: sequence=545 pts=21600000 us key=1 nv12=4478976 h264=225350 acquire=12.501 ms encode=26.192 ms mux=3.723 ms
start encode NV12 with RV1106 vendor packet ABI, frame=541
encode_put_frame ret=0
encode_get_packet ret=0 handle=0xae9cf958 expected=0xae9cf958
vendor packet: mpi_buf_id=177 len=13399 buf_size=1495040 offset=1395584 data_num=1 flag=0x00000000 pts=541
valloc packet buffer: mpi_buf_id=177 dma_buf_fd=11 size=0
H264 first bytes: 00 00 00 01 41 e0 00 20 00 46 02 3c f6 d0 93 02
encode_release_packet ret=0
MP4 frame 542/1500: sequence=546 pts=21640000 us key=0 nv12=4478976 h264=13399 acquire=9.588 ms encode=26.892 ms mux=0.190 ms
start encode NV12 with RV1106 vendor packet ABI, frame=542
encode_put_frame ret=0
encode_get_packet ret=0 handle=0xae9cf958 expected=0xae9cf958
vendor packet: mpi_buf_id=177 len=12950 buf_size=1495040 offset=1409024 data_num=1 flag=0x00000000 pts=542
valloc packet buffer: mpi_buf_id=177 dma_buf_fd=11 size=0
H264 first bytes: 00 00 00 01 41 e0 00 40 00 86 02 3c 17 4a 48 72
encode_release_packet ret=0
MP4 frame 543/1500: sequence=547 pts=21680000 us key=0 nv12=4478976 h264=12950 acquire=12.413 ms encode=26.341 ms mux=0.180 ms
start encode NV12 with RV1106 vendor packet ABI, frame=543
encode_put_frame ret=0
encode_get_packet ret=0 handle=0xae9cf958 expected=0xae9cf958
vendor packet: mpi_buf_id=177 len=8227 buf_size=1495040 offset=1422080 data_num=1 flag=0x00000000 pts=543
valloc packet buffer: mpi_buf_id=177 dma_buf_fd=11 size=0
H264 first bytes: 00 00 00 01 41 e0 00 60 00 c6 07 f0 38 d2 89 a7
encode_release_packet ret=0
MP4 frame 544/1500: sequence=548 pts=21720000 us key=0 nv12=4478976 h264=8227 acquire=12.995 ms encode=26.798 ms mux=0.127 ms
start encode NV12 with RV1106 vendor packet ABI, frame=544
encode_put_frame ret=0
encode_get_packet ret=0 handle=0xae9cf958 expected=0xae9cf958
vendor packet: mpi_buf_id=177 len=10957 buf_size=1495040 offset=1430400 data_num=1 flag=0x00000000 pts=544
valloc packet buffer: mpi_buf_id=177 dma_buf_fd=11 size=0
H264 first bytes: 00 00 00 01 41 e0 00 80 01 06 02 3c 09 33 e0 7a
encode_release_packet ret=0
MP4 frame 545/1500: sequence=549 pts=21760000 us key=0 nv12=4478976 h264=10957 acquire=12.586 ms encode=26.348 ms mux=0.161 ms
start encode NV12 with RV1106 vendor packet ABI, frame=545
encode_put_frame ret=0
encode_get_packet ret=0 handle=0xae9cf958 expected=0xae9cf958
vendor packet: mpi_buf_id=177 len=10587 buf_size=1495040 offset=1441408 data_num=1 flag=0x00000000 pts=545
valloc packet buffer: mpi_buf_id=177 dma_buf_fd=11 size=0
H264 first bytes: 00 00 00 01 41 e0 00 a0 01 46 02 3c 3f 58 47 82
encode_release_packet ret=0
MP4 frame 546/1500: sequence=550 pts=21800000 us key=0 nv12=4478976 h264=10587 acquire=13.002 ms encode=26.765 ms mux=0.162 ms
start encode NV12 with RV1106 vendor packet ABI, frame=546
encode_put_frame ret=0
encode_get_packet ret=0 handle=0xae9cf958 expected=0xae9cf958
vendor packet: mpi_buf_id=177 len=10870 buf_size=1495040 offset=1452032 data_num=1 flag=0x00000000 pts=546
valloc packet buffer: mpi_buf_id=177 dma_buf_fd=11 size=0
H264 first bytes: 00 00 00 01 41 e0 00 c0 01 86 02 3c 0c 15 87 a7
encode_release_packet ret=0
MP4 frame 547/1500: sequence=551 pts=21840000 us key=0 nv12=4478976 h264=10870 acquire=12.588 ms encode=26.213 ms mux=0.153 ms
start encode NV12 with RV1106 vendor packet ABI, frame=547
encode_put_frame ret=0
encode_get_packet ret=0 handle=0xae9cf958 expected=0xae9cf958
vendor packet: mpi_buf_id=177 len=6900 buf_size=1495040 offset=1462912 data_num=1 flag=0x00000000 pts=547
valloc packet buffer: mpi_buf_id=177 dma_buf_fd=11 size=0
H264 first bytes: 00 00 00 01 41 e0 00 e0 01 c6 07 f7 4a 05 4d c1
encode_release_packet ret=0
MP4 frame 548/1500: sequence=552 pts=21880000 us key=0 nv12=4478976 h264=6900 acquire=13.142 ms encode=26.820 ms mux=0.116 ms
start encode NV12 with RV1106 vendor packet ABI, frame=548
encode_put_frame ret=0
encode_get_packet ret=0 handle=0xae9cf958 expected=0xae9cf958
vendor packet: mpi_buf_id=177 len=9990 buf_size=1495040 offset=1469824 data_num=1 flag=0x00000000 pts=548
valloc packet buffer: mpi_buf_id=177 dma_buf_fd=11 size=0
H264 first bytes: 00 00 00 01 41 e0 01 00 02 06 02 3d 66 80 84 bc
encode_release_packet ret=0
MP4 frame 549/1500: sequence=553 pts=21920000 us key=0 nv12=4478976 h264=9990 acquire=12.584 ms encode=26.165 ms mux=0.155 ms
start encode NV12 with RV1106 vendor packet ABI, frame=549
encode_put_frame ret=0
encode_get_packet ret=0 handle=0xae9cf958 expected=0xae9cf958
vendor packet: mpi_buf_id=177 len=10359 buf_size=1495040 offset=1479936 data_num=1 flag=0x00000000 pts=549
valloc packet buffer: mpi_buf_id=177 dma_buf_fd=11 size=0
H264 first bytes: 00 00 00 01 41 e0 01 20 02 46 02 3c 08 72 1a 1e
encode_release_packet ret=0
MP4 frame 550/1500: sequence=554 pts=21960000 us key=0 nv12=4478976 h264=10359 acquire=13.194 ms encode=26.762 ms mux=0.155 ms
start encode NV12 with RV1106 vendor packet ABI, frame=550
encode_put_frame ret=0
encode_get_packet ret=0 handle=0xae9cf958 expected=0xae9cf958
vendor packet: mpi_buf_id=177 len=10157 buf_size=1495040 offset=1490304 data_num=1 flag=0x00000000 pts=550
valloc packet buffer: mpi_buf_id=177 dma_buf_fd=11 size=0
H264 first bytes: 00 00 00 01 41 e0 01 40 02 86 02 3c 04 9d a8 0a
encode_release_packet ret=0
MP4 frame 551/1500: sequence=555 pts=22000000 us key=0 nv12=4478976 h264=10157 acquire=12.599 ms encode=26.394 ms mux=0.155 ms
start encode NV12 with RV1106 vendor packet ABI, frame=551
encode_put_frame ret=0
encode_get_packet ret=0 handle=0xae9cf958 expected=0xae9cf958
vendor packet: mpi_buf_id=177 len=9892 buf_size=1495040 offset=5504 data_num=1 flag=0x00000000 pts=551
valloc packet buffer: mpi_buf_id=177 dma_buf_fd=11 size=0
H264 first bytes: 00 00 00 01 41 e0 01 60 02 c6 02 3c 06 75 9a 04
encode_release_packet ret=0
MP4 frame 552/1500: sequence=556 pts=22040000 us key=0 nv12=4478976 h264=9892 acquire=12.960 ms encode=26.815 ms mux=0.151 ms
start encode NV12 with RV1106 vendor packet ABI, frame=552
encode_put_frame ret=0
encode_get_packet ret=0 handle=0xae9cf958 expected=0xae9cf958
vendor packet: mpi_buf_id=177 len=9090 buf_size=1495040 offset=15488 data_num=1 flag=0x00000000 pts=552
valloc packet buffer: mpi_buf_id=177 dma_buf_fd=11 size=0
H264 first bytes: 00 00 00 01 41 e0 01 80 03 06 02 3c 3d a9 33 40
encode_release_packet ret=0
MP4 frame 553/1500: sequence=557 pts=22080000 us key=0 nv12=4478976 h264=9090 acquire=12.548 ms encode=26.194 ms mux=0.143 ms
start encode NV12 with RV1106 vendor packet ABI, frame=553
encode_put_frame ret=0
encode_get_packet ret=0 handle=0xae9cf958 expected=0xae9cf958
vendor packet: mpi_buf_id=177 len=9228 buf_size=1495040 offset=24704 data_num=1 flag=0x00000000 pts=553
valloc packet buffer: mpi_buf_id=177 dma_buf_fd=11 size=0
H264 first bytes: 00 00 00 01 41 e0 01 a0 03 46 02 3c 05 3f 0a 0b
encode_release_packet ret=0
MP4 frame 554/1500: sequence=558 pts=22120000 us key=0 nv12=4478976 h264=9228 acquire=13.174 ms encode=26.826 ms mux=0.143 ms
start encode NV12 with RV1106 vendor packet ABI, frame=554
encode_put_frame ret=0
encode_get_packet ret=0 handle=0xae9cf958 expected=0xae9cf958
vendor packet: mpi_buf_id=177 len=9645 buf_size=1495040 offset=34048 data_num=1 flag=0x00000000 pts=554
valloc packet buffer: mpi_buf_id=177 dma_buf_fd=11 size=0
H264 first bytes: 00 00 00 01 41 e0 01 c0 03 86 02 3c 04 fd e3 a8
encode_release_packet ret=0
MP4 frame 555/1500: sequence=559 pts=22160000 us key=0 nv12=4478976 h264=9645 acquire=12.543 ms encode=26.254 ms mux=0.144 ms
start encode NV12 with RV1106 vendor packet ABI, frame=555
encode_put_frame ret=0
encode_get_packet ret=0 handle=0xae9cf958 expected=0xae9cf958
vendor packet: mpi_buf_id=177 len=9688 buf_size=1495040 offset=43776 data_num=1 flag=0x00000000 pts=555
valloc packet buffer: mpi_buf_id=177 dma_buf_fd=11 size=0
H264 first bytes: 00 00 00 01 41 e0 01 e0 03 c6 02 3c 0d fa 81 57
encode_release_packet ret=0
MP4 frame 556/1500: sequence=560 pts=22200000 us key=0 nv12=4478976 h264=9688 acquire=13.111 ms encode=26.937 ms mux=0.145 ms
start encode NV12 with RV1106 vendor packet ABI, frame=556
encode_put_frame ret=0
encode_get_packet ret=0 handle=0xae9cf958 expected=0xae9cf958
vendor packet: mpi_buf_id=177 len=9357 buf_size=1495040 offset=53504 data_num=1 flag=0x00000000 pts=556
valloc packet buffer: mpi_buf_id=177 dma_buf_fd=11 size=0
H264 first bytes: 00 00 00 01 41 e0 02 00 04 06 02 3c 06 1c a4 04
encode_release_packet ret=0
MP4 frame 557/1500: sequence=561 pts=22240000 us key=0 nv12=4478976 h264=9357 acquire=12.440 ms encode=26.286 ms mux=0.144 ms
start encode NV12 with RV1106 vendor packet ABI, frame=557
encode_put_frame ret=0
encode_get_packet ret=0 handle=0xae9cf958 expected=0xae9cf958
vendor packet: mpi_buf_id=177 len=9400 buf_size=1495040 offset=62976 data_num=1 flag=0x00000000 pts=557
valloc packet buffer: mpi_buf_id=177 dma_buf_fd=11 size=0
H264 first bytes: 00 00 00 01 41 e0 02 20 04 46 02 3c 7e a0 da 72
encode_release_packet ret=0
MP4 frame 558/1500: sequence=562 pts=22280000 us key=0 nv12=4478976 h264=9400 acquire=13.079 ms encode=26.808 ms mux=0.138 ms
start encode NV12 with RV1106 vendor packet ABI, frame=558
encode_put_frame ret=0
encode_get_packet ret=0 handle=0xae9cf958 expected=0xae9cf958
vendor packet: mpi_buf_id=177 len=9304 buf_size=1495040 offset=72448 data_num=1 flag=0x00000000 pts=558
valloc packet buffer: mpi_buf_id=177 dma_buf_fd=11 size=0
H264 first bytes: 00 00 00 01 41 e0 02 40 04 86 02 3c 11 ca a0 4c
encode_release_packet ret=0
MP4 frame 559/1500: sequence=563 pts=22320000 us key=0 nv12=4478976 h264=9304 acquire=12.565 ms encode=26.457 ms mux=0.138 ms
start encode NV12 with RV1106 vendor packet ABI, frame=559
encode_put_frame ret=0
encode_get_packet ret=0 handle=0xae9cf958 expected=0xae9cf958
vendor packet: mpi_buf_id=177 len=9512 buf_size=1495040 offset=81792 data_num=1 flag=0x00000000 pts=559
valloc packet buffer: mpi_buf_id=177 dma_buf_fd=11 size=0
H264 first bytes: 00 00 00 01 41 e0 02 60 04 c6 02 3c 10 e5 84 66
encode_release_packet ret=0
MP4 frame 560/1500: sequence=564 pts=22360000 us key=0 nv12=4478976 h264=9512 acquire=12.921 ms encode=26.838 ms mux=0.145 ms
start encode NV12 with RV1106 vendor packet ABI, frame=560
encode_put_frame ret=0
encode_get_packet ret=0 handle=0xae9cf958 expected=0xae9cf958
vendor packet: mpi_buf_id=177 len=9053 buf_size=1495040 offset=91392 data_num=1 flag=0x00000000 pts=560
valloc packet buffer: mpi_buf_id=177 dma_buf_fd=11 size=0
H264 first bytes: 00 00 00 01 41 e0 02 80 05 06 02 3c 97 81 fa 77
encode_release_packet ret=0
MP4 frame 561/1500: sequence=565 pts=22400000 us key=0 nv12=4478976 h264=9053 acquire=12.534 ms encode=26.230 ms mux=0.137 ms
start encode NV12 with RV1106 vendor packet ABI, frame=561
encode_put_frame ret=0
encode_get_packet ret=0 handle=0xae9cf958 expected=0xae9cf958
vendor packet: mpi_buf_id=177 len=9263 buf_size=1495040 offset=100480 data_num=1 flag=0x00000000 pts=561
valloc packet buffer: mpi_buf_id=177 dma_buf_fd=11 size=0
H264 first bytes: 00 00 00 01 41 e0 02 a0 05 46 02 3c 0e 14 60 42
encode_release_packet ret=0
MP4 frame 562/1500: sequence=566 pts=22440000 us key=0 nv12=4478976 h264=9263 acquire=13.150 ms encode=26.811 ms mux=0.144 ms
start encode NV12 with RV1106 vendor packet ABI, frame=562
encode_put_frame ret=0
encode_get_packet ret=0 handle=0xae9cf958 expected=0xae9cf958
vendor packet: mpi_buf_id=177 len=9433 buf_size=1495040 offset=109824 data_num=1 flag=0x00000000 pts=562
valloc packet buffer: mpi_buf_id=177 dma_buf_fd=11 size=0
H264 first bytes: 00 00 00 01 41 e0 02 c0 05 86 02 3c 09 f2 9c 82
encode_release_packet ret=0
MP4 frame 563/1500: sequence=567 pts=22480000 us key=0 nv12=4478976 h264=9433 acquire=12.558 ms encode=26.289 ms mux=0.141 ms
start encode NV12 with RV1106 vendor packet ABI, frame=563
encode_put_frame ret=0
encode_get_packet ret=0 handle=0xae9cf958 expected=0xae9cf958
vendor packet: mpi_buf_id=177 len=9646 buf_size=1495040 offset=119296 data_num=1 flag=0x00000000 pts=563
valloc packet buffer: mpi_buf_id=177 dma_buf_fd=11 size=0
H264 first bytes: 00 00 00 01 41 e0 02 e0 05 c6 02 3c 6d b8 6c bf
encode_release_packet ret=0
MP4 frame 564/1500: sequence=568 pts=22520000 us key=0 nv12=4478976 h264=9646 acquire=13.077 ms encode=26.838 ms mux=0.170 ms
start encode NV12 with RV1106 vendor packet ABI, frame=564
encode_put_frame ret=0
encode_get_packet ret=0 handle=0xae9cf958 expected=0xae9cf958
vendor packet: mpi_buf_id=177 len=8498 buf_size=1495040 offset=129024 data_num=1 flag=0x00000000 pts=564
valloc packet buffer: mpi_buf_id=177 dma_buf_fd=11 size=0
H264 first bytes: 00 00 00 01 41 e0 03 00 06 06 02 3c 10 4e ee 52
encode_release_packet ret=0
MP4 frame 565/1500: sequence=569 pts=22560000 us key=0 nv12=4478976 h264=8498 acquire=12.514 ms encode=26.175 ms mux=0.136 ms
start encode NV12 with RV1106 vendor packet ABI, frame=565
encode_put_frame ret=0
encode_get_packet ret=0 handle=0xae9cf958 expected=0xae9cf958
vendor packet: mpi_buf_id=177 len=14647 buf_size=1495040 offset=137600 data_num=1 flag=0x00000000 pts=565
valloc packet buffer: mpi_buf_id=177 dma_buf_fd=11 size=0
H264 first bytes: 00 00 00 01 41 e0 03 20 06 46 02 7c 23 2b 92 63
encode_release_packet ret=0
MP4 frame 566/1500: sequence=570 pts=22600000 us key=0 nv12=4478976 h264=14647 acquire=13.199 ms encode=26.917 ms mux=0.196 ms
start encode NV12 with RV1106 vendor packet ABI, frame=566
encode_put_frame ret=0
encode_get_packet ret=0 handle=0xae9cf958 expected=0xae9cf958
vendor packet: mpi_buf_id=177 len=9609 buf_size=1495040 offset=152320 data_num=1 flag=0x00000000 pts=566
valloc packet buffer: mpi_buf_id=177 dma_buf_fd=11 size=0
H264 first bytes: 00 00 00 01 41 e0 03 40 06 86 02 3c 11 cc a0 96
encode_release_packet ret=0
MP4 frame 567/1500: sequence=571 pts=22640000 us key=0 nv12=4478976 h264=9609 acquire=12.285 ms encode=26.352 ms mux=0.142 ms
start encode NV12 with RV1106 vendor packet ABI, frame=567
encode_put_frame ret=0
encode_get_packet ret=0 handle=0xae9cf958 expected=0xae9cf958
vendor packet: mpi_buf_id=177 len=9130 buf_size=1495040 offset=162048 data_num=1 flag=0x00000000 pts=567
valloc packet buffer: mpi_buf_id=177 dma_buf_fd=11 size=0
H264 first bytes: 00 00 00 01 41 e0 03 60 06 c6 02 3c 0a 19 60 11
encode_release_packet ret=0
MP4 frame 568/1500: sequence=572 pts=22680000 us key=0 nv12=4478976 h264=9130 acquire=13.025 ms encode=26.872 ms mux=1.031 ms
start encode NV12 with RV1106 vendor packet ABI, frame=568
encode_put_frame ret=0
encode_get_packet ret=0 handle=0xae9cf958 expected=0xae9cf958
vendor packet: mpi_buf_id=177 len=9626 buf_size=1495040 offset=171264 data_num=1 flag=0x00000000 pts=568
valloc packet buffer: mpi_buf_id=177 dma_buf_fd=11 size=0
H264 first bytes: 00 00 00 01 41 e0 03 80 07 06 02 3c 0a b6 58 12
encode_release_packet ret=0
MP4 frame 569/1500: sequence=573 pts=22720000 us key=0 nv12=4478976 h264=9626 acquire=11.614 ms encode=26.239 ms mux=0.144 ms
start encode NV12 with RV1106 vendor packet ABI, frame=569
encode_put_frame ret=0
encode_get_packet ret=0 handle=0xae9cf958 expected=0xae9cf958
vendor packet: mpi_buf_id=177 len=14847 buf_size=1495040 offset=180992 data_num=1 flag=0x00000000 pts=569
valloc packet buffer: mpi_buf_id=177 dma_buf_fd=11 size=0
H264 first bytes: 00 00 00 01 41 e0 03 a0 07 46 02 7c 06 04 e6 04
encode_release_packet ret=0
MP4 frame 570/1500: sequence=574 pts=22760000 us key=0 nv12=4478976 h264=14847 acquire=13.115 ms encode=26.734 ms mux=0.201 ms
start encode NV12 with RV1106 vendor packet ABI, frame=570
encode_put_frame ret=0
encode_get_packet ret=0 handle=0xae9cf958 expected=0xae9cf958
vendor packet: mpi_buf_id=177 len=223150 buf_size=1495040 offset=195840 data_num=1 flag=0x00000010 pts=570
valloc packet buffer: mpi_buf_id=177 dma_buf_fd=11 size=0
H264 first bytes: 00 00 00 01 65 b8 00 01 00 00 03 00 af 11 12 28
encode_release_packet ret=0
MP4 frame 571/1500: sequence=575 pts=22800000 us key=1 nv12=4478976 h264=223150 acquire=12.577 ms encode=26.265 ms mux=3.675 ms
start encode NV12 with RV1106 vendor packet ABI, frame=571
encode_put_frame ret=0
encode_get_packet ret=0 handle=0xae9cf958 expected=0xae9cf958
vendor packet: mpi_buf_id=177 len=12777 buf_size=1495040 offset=419072 data_num=1 flag=0x00000000 pts=571
valloc packet buffer: mpi_buf_id=177 dma_buf_fd=11 size=0
H264 first bytes: 00 00 00 01 41 e0 00 20 00 46 02 3c 45 e3 67 c1
encode_release_packet ret=0
MP4 frame 572/1500: sequence=576 pts=22840000 us key=0 nv12=4478976 h264=12777 acquire=9.563 ms encode=26.869 ms mux=0.175 ms
start encode NV12 with RV1106 vendor packet ABI, frame=572
encode_put_frame ret=0
encode_get_packet ret=0 handle=0xae9cf958 expected=0xae9cf958
vendor packet: mpi_buf_id=177 len=11304 buf_size=1495040 offset=431872 data_num=1 flag=0x00000000 pts=572
valloc packet buffer: mpi_buf_id=177 dma_buf_fd=11 size=0
H264 first bytes: 00 00 00 01 41 e0 00 40 00 86 02 3c 33 2f b3 40
encode_release_packet ret=0
MP4 frame 573/1500: sequence=577 pts=22880000 us key=0 nv12=4478976 h264=11304 acquire=12.452 ms encode=26.190 ms mux=0.165 ms
start encode NV12 with RV1106 vendor packet ABI, frame=573
encode_put_frame ret=0
encode_get_packet ret=0 handle=0xae9cf958 expected=0xae9cf958
vendor packet: mpi_buf_id=177 len=11215 buf_size=1495040 offset=443264 data_num=1 flag=0x00000000 pts=573
valloc packet buffer: mpi_buf_id=177 dma_buf_fd=11 size=0
H264 first bytes: 00 00 00 01 41 e0 00 60 00 c6 02 3c 10 cf 81 6f
encode_release_packet ret=0
MP4 frame 574/1500: sequence=578 pts=22920000 us key=0 nv12=4478976 h264=11215 acquire=13.169 ms encode=26.942 ms mux=0.167 ms
start encode NV12 with RV1106 vendor packet ABI, frame=574
encode_put_frame ret=0
encode_get_packet ret=0 handle=0xae9cf958 expected=0xae9cf958
vendor packet: mpi_buf_id=177 len=7510 buf_size=1495040 offset=454528 data_num=1 flag=0x00000000 pts=574
valloc packet buffer: mpi_buf_id=177 dma_buf_fd=11 size=0
H264 first bytes: 00 00 00 01 41 e0 00 80 01 06 07 f0 be 79 e6 24
encode_release_packet ret=0
MP4 frame 575/1500: sequence=579 pts=22960000 us key=0 nv12=4478976 h264=7510 acquire=12.391 ms encode=26.233 ms mux=0.127 ms
start encode NV12 with RV1106 vendor packet ABI, frame=575
encode_put_frame ret=0
encode_get_packet ret=0 handle=0xae9cf958 expected=0xae9cf958
vendor packet: mpi_buf_id=177 len=7563 buf_size=1495040 offset=462080 data_num=1 flag=0x00000000 pts=575
valloc packet buffer: mpi_buf_id=177 dma_buf_fd=11 size=0
H264 first bytes: 00 00 00 01 41 e0 00 a0 01 46 07 f0 8e 58 08 9a
encode_release_packet ret=0
MP4 frame 576/1500: sequence=580 pts=23000000 us key=0 nv12=4478976 h264=7563 acquire=13.163 ms encode=26.812 ms mux=0.124 ms
start encode NV12 with RV1106 vendor packet ABI, frame=576
encode_put_frame ret=0
encode_get_packet ret=0 handle=0xae9cf958 expected=0xae9cf958
vendor packet: mpi_buf_id=177 len=6829 buf_size=1495040 offset=469760 data_num=1 flag=0x00000000 pts=576
valloc packet buffer: mpi_buf_id=177 dma_buf_fd=11 size=0
H264 first bytes: 00 00 00 01 41 e0 00 c0 01 86 07 f0 37 5b 81 2f
encode_release_packet ret=0
MP4 frame 577/1500: sequence=581 pts=23040000 us key=0 nv12=4478976 h264=6829 acquire=12.576 ms encode=26.153 ms mux=0.121 ms
start encode NV12 with RV1106 vendor packet ABI, frame=577
encode_put_frame ret=0
encode_get_packet ret=0 handle=0xae9cf958 expected=0xae9cf958
vendor packet: mpi_buf_id=177 len=7172 buf_size=1495040 offset=476672 data_num=1 flag=0x00000000 pts=577
valloc packet buffer: mpi_buf_id=177 dma_buf_fd=11 size=0
H264 first bytes: 00 00 00 01 41 e0 00 e0 01 c6 07 f0 ac b9 ba 12
encode_release_packet ret=0
MP4 frame 578/1500: sequence=582 pts=23080000 us key=0 nv12=4478976 h264=7172 acquire=13.235 ms encode=26.951 ms mux=0.122 ms
start encode NV12 with RV1106 vendor packet ABI, frame=578
encode_put_frame ret=0
encode_get_packet ret=0 handle=0xae9cf958 expected=0xae9cf958
vendor packet: mpi_buf_id=177 len=6368 buf_size=1495040 offset=483968 data_num=1 flag=0x00000000 pts=578
valloc packet buffer: mpi_buf_id=177 dma_buf_fd=11 size=0
H264 first bytes: 00 00 00 01 41 e0 01 00 02 06 07 f0 36 de 09 6d
encode_release_packet ret=0
MP4 frame 579/1500: sequence=583 pts=23120000 us key=0 nv12=4478976 h264=6368 acquire=12.446 ms encode=26.243 ms mux=0.111 ms
start encode NV12 with RV1106 vendor packet ABI, frame=579
encode_put_frame ret=0
encode_get_packet ret=0 handle=0xae9cf958 expected=0xae9cf958
vendor packet: mpi_buf_id=177 len=6071 buf_size=1495040 offset=490368 data_num=1 flag=0x00000000 pts=579
valloc packet buffer: mpi_buf_id=177 dma_buf_fd=11 size=0
H264 first bytes: 00 00 00 01 41 e0 01 20 02 46 07 f0 fc f8 63 34
encode_release_packet ret=0
MP4 frame 580/1500: sequence=584 pts=23160000 us key=0 nv12=4478976 h264=6071 acquire=13.175 ms encode=26.868 ms mux=0.110 ms
start encode NV12 with RV1106 vendor packet ABI, frame=580
encode_put_frame ret=0
encode_get_packet ret=0 handle=0xae9cf958 expected=0xae9cf958
vendor packet: mpi_buf_id=177 len=5920 buf_size=1495040 offset=496512 data_num=1 flag=0x00000000 pts=580
valloc packet buffer: mpi_buf_id=177 dma_buf_fd=11 size=0
H264 first bytes: 00 00 00 01 41 e0 01 40 02 86 07 f7 58 10 2d 43
encode_release_packet ret=0
MP4 frame 581/1500: sequence=585 pts=23200000 us key=0 nv12=4478976 h264=5920 acquire=12.523 ms encode=26.243 ms mux=0.110 ms
start encode NV12 with RV1106 vendor packet ABI, frame=581
encode_put_frame ret=0
encode_get_packet ret=0 handle=0xae9cf958 expected=0xae9cf958
vendor packet: mpi_buf_id=177 len=8489 buf_size=1495040 offset=502528 data_num=1 flag=0x00000000 pts=581
valloc packet buffer: mpi_buf_id=177 dma_buf_fd=11 size=0
H264 first bytes: 00 00 00 01 41 e0 01 60 02 c6 02 3c 2f 9e 03 ae
encode_release_packet ret=0
MP4 frame 582/1500: sequence=586 pts=23240000 us key=0 nv12=4478976 h264=8489 acquire=13.165 ms encode=26.935 ms mux=0.136 ms
start encode NV12 with RV1106 vendor packet ABI, frame=582
encode_put_frame ret=0
encode_get_packet ret=0 handle=0xae9cf958 expected=0xae9cf958
vendor packet: mpi_buf_id=177 len=9113 buf_size=1495040 offset=511104 data_num=1 flag=0x00000000 pts=582
valloc packet buffer: mpi_buf_id=177 dma_buf_fd=11 size=0
H264 first bytes: 00 00 00 01 41 e0 01 80 03 06 02 3c 08 94 e0 f6
encode_release_packet ret=0
MP4 frame 583/1500: sequence=587 pts=23280000 us key=0 nv12=4478976 h264=9113 acquire=12.439 ms encode=26.198 ms mux=0.136 ms
start encode NV12 with RV1106 vendor packet ABI, frame=583
encode_put_frame ret=0
encode_get_packet ret=0 handle=0xae9cf958 expected=0xae9cf958
vendor packet: mpi_buf_id=177 len=8685 buf_size=1495040 offset=520320 data_num=1 flag=0x00000000 pts=583
valloc packet buffer: mpi_buf_id=177 dma_buf_fd=11 size=0
H264 first bytes: 00 00 00 01 41 e0 01 a0 03 46 02 3c 04 94 d8 10
encode_release_packet ret=0
MP4 frame 584/1500: sequence=588 pts=23320000 us key=0 nv12=4478976 h264=8685 acquire=13.182 ms encode=26.883 ms mux=0.135 ms
start encode NV12 with RV1106 vendor packet ABI, frame=584
encode_put_frame ret=0
encode_get_packet ret=0 handle=0xae9cf958 expected=0xae9cf958
vendor packet: mpi_buf_id=177 len=5600 buf_size=1495040 offset=529024 data_num=1 flag=0x00000000 pts=584
valloc packet buffer: mpi_buf_id=177 dma_buf_fd=11 size=0
H264 first bytes: 00 00 00 01 41 e0 01 c0 03 86 07 f0 24 c8 78 12
encode_release_packet ret=0
MP4 frame 585/1500: sequence=589 pts=23360000 us key=0 nv12=4478976 h264=5600 acquire=12.492 ms encode=26.152 ms mux=0.102 ms
start encode NV12 with RV1106 vendor packet ABI, frame=585
encode_put_frame ret=0
encode_get_packet ret=0 handle=0xae9cf958 expected=0xae9cf958
vendor packet: mpi_buf_id=177 len=8723 buf_size=1495040 offset=534656 data_num=1 flag=0x00000000 pts=585
valloc packet buffer: mpi_buf_id=177 dma_buf_fd=11 size=0
H264 first bytes: 00 00 00 01 41 e0 01 e0 03 c6 02 3c f3 96 16 a6
encode_release_packet ret=0
MP4 frame 586/1500: sequence=590 pts=23400000 us key=0 nv12=4478976 h264=8723 acquire=13.262 ms encode=26.815 ms mux=0.136 ms
start encode NV12 with RV1106 vendor packet ABI, frame=586
encode_put_frame ret=0
encode_get_packet ret=0 handle=0xae9cf958 expected=0xae9cf958
vendor packet: mpi_buf_id=177 len=8591 buf_size=1495040 offset=543488 data_num=1 flag=0x00000000 pts=586
valloc packet buffer: mpi_buf_id=177 dma_buf_fd=11 size=0
H264 first bytes: 00 00 00 01 41 e0 02 00 04 06 02 3c 02 17 a0 5a
encode_release_packet ret=0
MP4 frame 587/1500: sequence=591 pts=23440000 us key=0 nv12=4478976 h264=8591 acquire=12.571 ms encode=26.260 ms mux=0.127 ms
start encode NV12 with RV1106 vendor packet ABI, frame=587
encode_put_frame ret=0
encode_get_packet ret=0 handle=0xae9cf958 expected=0xae9cf958
vendor packet: mpi_buf_id=177 len=9783 buf_size=1495040 offset=552192 data_num=1 flag=0x00000000 pts=587
valloc packet buffer: mpi_buf_id=177 dma_buf_fd=11 size=0
H264 first bytes: 00 00 00 01 41 e0 02 20 04 46 02 3c 04 16 a0 97
encode_release_packet ret=0
MP4 frame 588/1500: sequence=592 pts=23480000 us key=0 nv12=4478976 h264=9783 acquire=13.121 ms encode=26.798 ms mux=0.142 ms
start encode NV12 with RV1106 vendor packet ABI, frame=588
encode_put_frame ret=0
encode_get_packet ret=0 handle=0xae9cf958 expected=0xae9cf958
vendor packet: mpi_buf_id=177 len=8708 buf_size=1495040 offset=562048 data_num=1 flag=0x00000000 pts=588
valloc packet buffer: mpi_buf_id=177 dma_buf_fd=11 size=0
H264 first bytes: 00 00 00 01 41 e0 02 40 04 86 02 3c 06 5c c7 81
encode_release_packet ret=0
MP4 frame 589/1500: sequence=593 pts=23520000 us key=0 nv12=4478976 h264=8708 acquire=12.575 ms encode=26.263 ms mux=0.133 ms
start encode NV12 with RV1106 vendor packet ABI, frame=589
encode_put_frame ret=0
encode_get_packet ret=0 handle=0xae9cf958 expected=0xae9cf958
vendor packet: mpi_buf_id=177 len=9090 buf_size=1495040 offset=570880 data_num=1 flag=0x00000000 pts=589
valloc packet buffer: mpi_buf_id=177 dma_buf_fd=11 size=0
H264 first bytes: 00 00 00 01 41 e0 02 60 04 c6 02 3c 08 52 e0 59
encode_release_packet ret=0
MP4 frame 590/1500: sequence=594 pts=23560000 us key=0 nv12=4478976 h264=9090 acquire=13.121 ms encode=27.288 ms mux=0.143 ms
start encode NV12 with RV1106 vendor packet ABI, frame=590
encode_put_frame ret=0
encode_get_packet ret=0 handle=0xae9cf958 expected=0xae9cf958
vendor packet: mpi_buf_id=177 len=9163 buf_size=1495040 offset=580096 data_num=1 flag=0x00000000 pts=590
valloc packet buffer: mpi_buf_id=177 dma_buf_fd=11 size=0
H264 first bytes: 00 00 00 01 41 e0 02 80 05 06 02 3c 21 4a 02 12
encode_release_packet ret=0
MP4 frame 591/1500: sequence=595 pts=23600000 us key=0 nv12=4478976 h264=9163 acquire=12.111 ms encode=28.571 ms mux=0.138 ms
start encode NV12 with RV1106 vendor packet ABI, frame=591
encode_put_frame ret=0
encode_get_packet ret=0 handle=0xae9cf958 expected=0xae9cf958
vendor packet: mpi_buf_id=177 len=9398 buf_size=1495040 offset=589312 data_num=1 flag=0x00000000 pts=591
valloc packet buffer: mpi_buf_id=177 dma_buf_fd=11 size=0
H264 first bytes: 00 00 00 01 41 e0 02 a0 05 46 02 3c 08 17 42 53
encode_release_packet ret=0
MP4 frame 592/1500: sequence=596 pts=23640000 us key=0 nv12=4478976 h264=9398 acquire=10.777 ms encode=26.810 ms mux=0.147 ms
start encode NV12 with RV1106 vendor packet ABI, frame=592
encode_put_frame ret=0
encode_get_packet ret=0 handle=0xae9cf958 expected=0xae9cf958
vendor packet: mpi_buf_id=177 len=9783 buf_size=1495040 offset=598784 data_num=1 flag=0x00000000 pts=592
valloc packet buffer: mpi_buf_id=177 dma_buf_fd=11 size=0
H264 first bytes: 00 00 00 01 41 e0 02 c0 05 86 02 3c 17 d1 a0 7c
encode_release_packet ret=0
MP4 frame 593/1500: sequence=597 pts=23680000 us key=0 nv12=4478976 h264=9783 acquire=12.555 ms encode=26.262 ms mux=0.147 ms
start encode NV12 with RV1106 vendor packet ABI, frame=593
encode_put_frame ret=0
encode_get_packet ret=0 handle=0xae9cf958 expected=0xae9cf958
vendor packet: mpi_buf_id=177 len=9669 buf_size=1495040 offset=608640 data_num=1 flag=0x00000000 pts=593
valloc packet buffer: mpi_buf_id=177 dma_buf_fd=11 size=0
H264 first bytes: 00 00 00 01 41 e0 02 e0 05 c6 02 3c 3d 9e 6d 41
encode_release_packet ret=0
MP4 frame 594/1500: sequence=598 pts=23720000 us key=0 nv12=4478976 h264=9669 acquire=13.102 ms encode=26.858 ms mux=0.142 ms
start encode NV12 with RV1106 vendor packet ABI, frame=594
encode_put_frame ret=0
encode_get_packet ret=0 handle=0xae9cf958 expected=0xae9cf958
vendor packet: mpi_buf_id=177 len=9507 buf_size=1495040 offset=618368 data_num=1 flag=0x00000000 pts=594
valloc packet buffer: mpi_buf_id=177 dma_buf_fd=11 size=0
H264 first bytes: 00 00 00 01 41 e0 03 00 06 06 02 3c 08 d3 1e 32
encode_release_packet ret=0
MP4 frame 595/1500: sequence=599 pts=23760000 us key=0 nv12=4478976 h264=9507 acquire=12.523 ms encode=26.223 ms mux=0.149 ms
start encode NV12 with RV1106 vendor packet ABI, frame=595
encode_put_frame ret=0
encode_get_packet ret=0 handle=0xae9cf958 expected=0xae9cf958
vendor packet: mpi_buf_id=177 len=9147 buf_size=1495040 offset=627968 data_num=1 flag=0x00000000 pts=595
valloc packet buffer: mpi_buf_id=177 dma_buf_fd=11 size=0
H264 first bytes: 00 00 00 01 41 e0 03 20 06 46 02 3c 35 36 32 6c
encode_release_packet ret=0
MP4 frame 596/1500: sequence=600 pts=23800000 us key=0 nv12=4478976 h264=9147 acquire=13.130 ms encode=26.888 ms mux=0.145 ms
start encode NV12 with RV1106 vendor packet ABI, frame=596
encode_put_frame ret=0
encode_get_packet ret=0 handle=0xae9cf958 expected=0xae9cf958
vendor packet: mpi_buf_id=177 len=9439 buf_size=1495040 offset=637184 data_num=1 flag=0x00000000 pts=596
valloc packet buffer: mpi_buf_id=177 dma_buf_fd=11 size=0
H264 first bytes: 00 00 00 01 41 e0 03 40 06 86 02 3c 1b 49 83 6c
encode_release_packet ret=0
MP4 frame 597/1500: sequence=601 pts=23840000 us key=0 nv12=4478976 h264=9439 acquire=12.484 ms encode=26.200 ms mux=0.148 ms
start encode NV12 with RV1106 vendor packet ABI, frame=597
encode_put_frame ret=0
encode_get_packet ret=0 handle=0xae9cf958 expected=0xae9cf958
vendor packet: mpi_buf_id=177 len=9048 buf_size=1495040 offset=646656 data_num=1 flag=0x00000000 pts=597
valloc packet buffer: mpi_buf_id=177 dma_buf_fd=11 size=0
H264 first bytes: 00 00 00 01 41 e0 03 60 06 c6 02 3c f3 1e 3f 34
encode_release_packet ret=0
MP4 frame 598/1500: sequence=602 pts=23880000 us key=0 nv12=4478976 h264=9048 acquire=13.061 ms encode=26.843 ms mux=0.139 ms
start encode NV12 with RV1106 vendor packet ABI, frame=598
encode_put_frame ret=0
encode_get_packet ret=0 handle=0xae9cf958 expected=0xae9cf958
vendor packet: mpi_buf_id=177 len=14342 buf_size=1495040 offset=655744 data_num=1 flag=0x00000000 pts=598
valloc packet buffer: mpi_buf_id=177 dma_buf_fd=11 size=0
H264 first bytes: 00 00 00 01 41 e0 03 80 07 06 02 7c 0b d5 04 a2
encode_release_packet ret=0
MP4 frame 599/1500: sequence=603 pts=23920000 us key=0 nv12=4478976 h264=14342 acquire=12.532 ms encode=26.236 ms mux=0.200 ms
start encode NV12 with RV1106 vendor packet ABI, frame=599
encode_put_frame ret=0
encode_get_packet ret=0 handle=0xae9cf958 expected=0xae9cf958
vendor packet: mpi_buf_id=177 len=9475 buf_size=1495040 offset=670208 data_num=1 flag=0x00000000 pts=599
valloc packet buffer: mpi_buf_id=177 dma_buf_fd=11 size=0
H264 first bytes: 00 00 00 01 41 e0 03 a0 07 46 02 3c 04 fe 68 21
encode_release_packet ret=0
MP4 frame 600/1500: sequence=604 pts=23960000 us key=0 nv12=4478976 h264=9475 acquire=13.071 ms encode=26.900 ms mux=0.147 ms
start encode NV12 with RV1106 vendor packet ABI, frame=600
encode_put_frame ret=0
encode_get_packet ret=0 handle=0xae9cf958 expected=0xae9cf958
vendor packet: mpi_buf_id=177 len=224297 buf_size=1495040 offset=679808 data_num=1 flag=0x00000010 pts=600
valloc packet buffer: mpi_buf_id=177 dma_buf_fd=11 size=0
H264 first bytes: 00 00 00 01 65 b8 00 01 40 00 00 af 11 12 28 00
encode_release_packet ret=0
MP4 frame 601/1500: sequence=605 pts=24000000 us key=1 nv12=4478976 h264=224297 acquire=12.474 ms encode=26.245 ms mux=4.295 ms
start encode NV12 with RV1106 vendor packet ABI, frame=601
encode_put_frame ret=0
encode_get_packet ret=0 handle=0xae9cf958 expected=0xae9cf958
vendor packet: mpi_buf_id=177 len=12484 buf_size=1495040 offset=904192 data_num=1 flag=0x00000000 pts=601
valloc packet buffer: mpi_buf_id=177 dma_buf_fd=11 size=0
H264 first bytes: 00 00 00 01 41 e0 00 20 00 46 02 3c 10 4e 48 1d
encode_release_packet ret=0
MP4 frame 602/1500: sequence=606 pts=24040000 us key=0 nv12=4478976 h264=12484 acquire=8.959 ms encode=26.892 ms mux=0.175 ms
start encode NV12 with RV1106 vendor packet ABI, frame=602
encode_put_frame ret=0
encode_get_packet ret=0 handle=0xae9cf958 expected=0xae9cf958
vendor packet: mpi_buf_id=177 len=11260 buf_size=1495040 offset=916736 data_num=1 flag=0x00000000 pts=602
valloc packet buffer: mpi_buf_id=177 dma_buf_fd=11 size=0
H264 first bytes: 00 00 00 01 41 e0 00 40 00 86 02 3c 10 4c 78 4a
encode_release_packet ret=0
MP4 frame 603/1500: sequence=607 pts=24080000 us key=0 nv12=4478976 h264=11260 acquire=12.434 ms encode=26.194 ms mux=0.160 ms
start encode NV12 with RV1106 vendor packet ABI, frame=603
encode_put_frame ret=0
encode_get_packet ret=0 handle=0xae9cf958 expected=0xae9cf958
vendor packet: mpi_buf_id=177 len=7516 buf_size=1495040 offset=928000 data_num=1 flag=0x00000000 pts=603
valloc packet buffer: mpi_buf_id=177 dma_buf_fd=11 size=0
H264 first bytes: 00 00 00 01 41 e0 00 60 00 c6 07 f0 21 52 89 dc
encode_release_packet ret=0
MP4 frame 604/1500: sequence=608 pts=24120000 us key=0 nv12=4478976 h264=7516 acquire=13.150 ms encode=26.829 ms mux=0.128 ms
start encode NV12 with RV1106 vendor packet ABI, frame=604
encode_put_frame ret=0
encode_get_packet ret=0 handle=0xae9cf958 expected=0xae9cf958
vendor packet: mpi_buf_id=177 len=7371 buf_size=1495040 offset=935552 data_num=1 flag=0x00000000 pts=604
valloc packet buffer: mpi_buf_id=177 dma_buf_fd=11 size=0
H264 first bytes: 00 00 00 01 41 e0 00 80 01 06 07 f1 54 64 24 7d
encode_release_packet ret=0
MP4 frame 605/1500: sequence=609 pts=24160000 us key=0 nv12=4478976 h264=7371 acquire=12.573 ms encode=26.352 ms mux=0.128 ms
start encode NV12 with RV1106 vendor packet ABI, frame=605
encode_put_frame ret=0
encode_get_packet ret=0 handle=0xae9cf958 expected=0xae9cf958
vendor packet: mpi_buf_id=177 len=7388 buf_size=1495040 offset=942976 data_num=1 flag=0x00000000 pts=605
valloc packet buffer: mpi_buf_id=177 dma_buf_fd=11 size=0
H264 first bytes: 00 00 00 01 41 e0 00 a0 01 46 07 f0 15 f7 84 a5
encode_release_packet ret=0
MP4 frame 606/1500: sequence=610 pts=24200000 us key=0 nv12=4478976 h264=7388 acquire=13.020 ms encode=26.888 ms mux=0.128 ms
start encode NV12 with RV1106 vendor packet ABI, frame=606
encode_put_frame ret=0
encode_get_packet ret=0 handle=0xae9cf958 expected=0xae9cf958
vendor packet: mpi_buf_id=177 len=6819 buf_size=1495040 offset=950400 data_num=1 flag=0x00000000 pts=606
valloc packet buffer: mpi_buf_id=177 dma_buf_fd=11 size=0
H264 first bytes: 00 00 00 01 41 e0 00 c0 01 86 07 f0 3d cc 48 10
encode_release_packet ret=0
MP4 frame 607/1500: sequence=611 pts=24240000 us key=0 nv12=4478976 h264=6819 acquire=12.489 ms encode=26.161 ms mux=0.113 ms
start encode NV12 with RV1106 vendor packet ABI, frame=607
encode_put_frame ret=0
encode_get_packet ret=0 handle=0xae9cf958 expected=0xae9cf958
vendor packet: mpi_buf_id=177 len=6277 buf_size=1495040 offset=957312 data_num=1 flag=0x00000000 pts=607
valloc packet buffer: mpi_buf_id=177 dma_buf_fd=11 size=0
H264 first bytes: 00 00 00 01 41 e0 00 e0 01 c6 07 f0 24 cc a1 8c
encode_release_packet ret=0
MP4 frame 608/1500: sequence=612 pts=24280000 us key=0 nv12=4478976 h264=6277 acquire=13.245 ms encode=26.839 ms mux=0.111 ms
start encode NV12 with RV1106 vendor packet ABI, frame=608
encode_put_frame ret=0
encode_get_packet ret=0 handle=0xae9cf958 expected=0xae9cf958
vendor packet: mpi_buf_id=177 len=9038 buf_size=1495040 offset=963712 data_num=1 flag=0x00000000 pts=608
valloc packet buffer: mpi_buf_id=177 dma_buf_fd=11 size=0
H264 first bytes: 00 00 00 01 41 e0 01 00 02 06 02 3c d2 63 af 01
encode_release_packet ret=0
MP4 frame 609/1500: sequence=613 pts=24320000 us key=0 nv12=4478976 h264=9038 acquire=12.561 ms encode=26.218 ms mux=0.136 ms
start encode NV12 with RV1106 vendor packet ABI, frame=609
encode_put_frame ret=0
encode_get_packet ret=0 handle=0xae9cf958 expected=0xae9cf958
vendor packet: mpi_buf_id=177 len=9380 buf_size=1495040 offset=972800 data_num=1 flag=0x00000000 pts=609
valloc packet buffer: mpi_buf_id=177 dma_buf_fd=11 size=0
H264 first bytes: 00 00 00 01 41 e0 01 20 02 46 02 3c 2d 2f f0 73
encode_release_packet ret=0
MP4 frame 610/1500: sequence=614 pts=24360000 us key=0 nv12=4478976 h264=9380 acquire=13.169 ms encode=26.819 ms mux=0.148 ms
start encode NV12 with RV1106 vendor packet ABI, frame=610
encode_put_frame ret=0
encode_get_packet ret=0 handle=0xae9cf958 expected=0xae9cf958
vendor packet: mpi_buf_id=177 len=6849 buf_size=1495040 offset=982272 data_num=1 flag=0x00000000 pts=610
valloc packet buffer: mpi_buf_id=177 dma_buf_fd=11 size=0
H264 first bytes: 00 00 00 01 41 e0 01 40 02 86 07 f0 4f 6e 04 b9
encode_release_packet ret=0
MP4 frame 611/1500: sequence=615 pts=24400000 us key=0 nv12=4478976 h264=6849 acquire=12.545 ms encode=26.303 ms mux=0.113 ms
start encode NV12 with RV1106 vendor packet ABI, frame=611
encode_put_frame ret=0
encode_get_packet ret=0 handle=0xae9cf958 expected=0xae9cf958
vendor packet: mpi_buf_id=177 len=8831 buf_size=1495040 offset=989184 data_num=1 flag=0x00000000 pts=611
valloc packet buffer: mpi_buf_id=177 dma_buf_fd=11 size=0
H264 first bytes: 00 00 00 01 41 e0 01 60 02 c6 02 3c 09 d9 e0 d2
encode_release_packet ret=0
MP4 frame 612/1500: sequence=616 pts=24440000 us key=0 nv12=4478976 h264=8831 acquire=13.089 ms encode=26.837 ms mux=0.133 ms
start encode NV12 with RV1106 vendor packet ABI, frame=612
encode_put_frame ret=0
encode_get_packet ret=0 handle=0xae9cf958 expected=0xae9cf958
vendor packet: mpi_buf_id=177 len=9195 buf_size=1495040 offset=998016 data_num=1 flag=0x00000000 pts=612
valloc packet buffer: mpi_buf_id=177 dma_buf_fd=11 size=0
H264 first bytes: 00 00 00 01 41 e0 01 80 03 06 02 3c 0f 93 e0 4a
encode_release_packet ret=0
MP4 frame 613/1500: sequence=617 pts=24480000 us key=0 nv12=4478976 h264=9195 acquire=12.551 ms encode=26.289 ms mux=0.137 ms
start encode NV12 with RV1106 vendor packet ABI, frame=613
encode_put_frame ret=0
encode_get_packet ret=0 handle=0xae9cf958 expected=0xae9cf958
vendor packet: mpi_buf_id=177 len=9680 buf_size=1495040 offset=1007232 data_num=1 flag=0x00000000 pts=613
valloc packet buffer: mpi_buf_id=177 dma_buf_fd=11 size=0
H264 first bytes: 00 00 00 01 41 e0 01 a0 03 46 02 3c 06 76 ee ce
encode_release_packet ret=0
MP4 frame 614/1500: sequence=618 pts=24520000 us key=0 nv12=4478976 h264=9680 acquire=13.075 ms encode=26.919 ms mux=0.148 ms
start encode NV12 with RV1106 vendor packet ABI, frame=614
encode_put_frame ret=0
encode_get_packet ret=0 handle=0xae9cf958 expected=0xae9cf958
vendor packet: mpi_buf_id=177 len=10207 buf_size=1495040 offset=1016960 data_num=1 flag=0x00000000 pts=614
valloc packet buffer: mpi_buf_id=177 dma_buf_fd=11 size=0
H264 first bytes: 00 00 00 01 41 e0 01 c0 03 86 02 3c 39 21 20 5b
encode_release_packet ret=0
MP4 frame 615/1500: sequence=619 pts=24560000 us key=0 nv12=4478976 h264=10207 acquire=12.452 ms encode=26.193 ms mux=0.158 ms
start encode NV12 with RV1106 vendor packet ABI, frame=615
encode_put_frame ret=0
encode_get_packet ret=0 handle=0xae9cf958 expected=0xae9cf958
vendor packet: mpi_buf_id=177 len=6233 buf_size=1495040 offset=1027200 data_num=1 flag=0x00000000 pts=615
valloc packet buffer: mpi_buf_id=177 dma_buf_fd=11 size=0
H264 first bytes: 00 00 00 01 41 e0 01 e0 03 c6 07 f0 26 ee 1b 9d
encode_release_packet ret=0
MP4 frame 616/1500: sequence=620 pts=24600000 us key=0 nv12=4478976 h264=6233 acquire=13.171 ms encode=26.830 ms mux=0.112 ms
start encode NV12 with RV1106 vendor packet ABI, frame=616
encode_put_frame ret=0
encode_get_packet ret=0 handle=0xae9cf958 expected=0xae9cf958
vendor packet: mpi_buf_id=177 len=8992 buf_size=1495040 offset=1033472 data_num=1 flag=0x00000000 pts=616
valloc packet buffer: mpi_buf_id=177 dma_buf_fd=11 size=0
H264 first bytes: 00 00 00 01 41 e0 02 00 04 06 02 3c 0b f9 a1 bb
encode_release_packet ret=0
MP4 frame 617/1500: sequence=621 pts=24640000 us key=0 nv12=4478976 h264=8992 acquire=12.569 ms encode=26.225 ms mux=0.140 ms
start encode NV12 with RV1106 vendor packet ABI, frame=617
encode_put_frame ret=0
encode_get_packet ret=0 handle=0xae9cf958 expected=0xae9cf958
vendor packet: mpi_buf_id=177 len=9029 buf_size=1495040 offset=1042560 data_num=1 flag=0x00000000 pts=617
valloc packet buffer: mpi_buf_id=177 dma_buf_fd=11 size=0
H264 first bytes: 00 00 00 01 41 e0 02 20 04 46 02 3c 1e da 8b 98
encode_release_packet ret=0
MP4 frame 618/1500: sequence=622 pts=24680000 us key=0 nv12=4478976 h264=9029 acquire=13.149 ms encode=26.926 ms mux=0.141 ms
start encode NV12 with RV1106 vendor packet ABI, frame=618
encode_put_frame ret=0
encode_get_packet ret=0 handle=0xae9cf958 expected=0xae9cf958
vendor packet: mpi_buf_id=177 len=9696 buf_size=1495040 offset=1051648 data_num=1 flag=0x00000000 pts=618
valloc packet buffer: mpi_buf_id=177 dma_buf_fd=11 size=0
H264 first bytes: 00 00 00 01 41 e0 02 40 04 86 02 3c 39 39 e0 24
encode_release_packet ret=0
MP4 frame 619/1500: sequence=623 pts=24720000 us key=0 nv12=4478976 h264=9696 acquire=12.448 ms encode=26.207 ms mux=0.142 ms
start encode NV12 with RV1106 vendor packet ABI, frame=619
encode_put_frame ret=0
encode_get_packet ret=0 handle=0xae9cf958 expected=0xae9cf958
vendor packet: mpi_buf_id=177 len=9583 buf_size=1495040 offset=1061376 data_num=1 flag=0x00000000 pts=619
valloc packet buffer: mpi_buf_id=177 dma_buf_fd=11 size=0
H264 first bytes: 00 00 00 01 41 e0 02 60 04 c6 02 3d 59 e0 ab 2c
encode_release_packet ret=0
MP4 frame 620/1500: sequence=624 pts=24760000 us key=0 nv12=4478976 h264=9583 acquire=13.161 ms encode=26.879 ms mux=0.147 ms
start encode NV12 with RV1106 vendor packet ABI, frame=620
encode_put_frame ret=0
encode_get_packet ret=0 handle=0xae9cf958 expected=0xae9cf958
vendor packet: mpi_buf_id=177 len=9563 buf_size=1495040 offset=1070976 data_num=1 flag=0x00000000 pts=620
valloc packet buffer: mpi_buf_id=177 dma_buf_fd=11 size=0
H264 first bytes: 00 00 00 01 41 e0 02 80 05 06 02 3c 11 67 9a 53
encode_release_packet ret=0
MP4 frame 621/1500: sequence=625 pts=24800000 us key=0 nv12=4478976 h264=9563 acquire=12.490 ms encode=26.347 ms mux=0.139 ms
start encode NV12 with RV1106 vendor packet ABI, frame=621
encode_put_frame ret=0
encode_get_packet ret=0 handle=0xae9cf958 expected=0xae9cf958
vendor packet: mpi_buf_id=177 len=9514 buf_size=1495040 offset=1080576 data_num=1 flag=0x00000000 pts=621
valloc packet buffer: mpi_buf_id=177 dma_buf_fd=11 size=0
H264 first bytes: 00 00 00 01 41 e0 02 a0 05 46 02 3c 1f ca 68 99
encode_release_packet ret=0
MP4 frame 622/1500: sequence=626 pts=24840000 us key=0 nv12=4478976 h264=9514 acquire=13.034 ms encode=26.914 ms mux=0.148 ms
start encode NV12 with RV1106 vendor packet ABI, frame=622
encode_put_frame ret=0
encode_get_packet ret=0 handle=0xae9cf958 expected=0xae9cf958
vendor packet: mpi_buf_id=177 len=9714 buf_size=1495040 offset=1090176 data_num=1 flag=0x00000000 pts=622
valloc packet buffer: mpi_buf_id=177 dma_buf_fd=11 size=0
H264 first bytes: 00 00 00 01 41 e0 02 c0 05 86 02 3c 06 b6 61 42
encode_release_packet ret=0
MP4 frame 623/1500: sequence=627 pts=24880000 us key=0 nv12=4478976 h264=9714 acquire=12.453 ms encode=26.257 ms mux=0.144 ms
start encode NV12 with RV1106 vendor packet ABI, frame=623
encode_put_frame ret=0
encode_get_packet ret=0 handle=0xae9cf958 expected=0xae9cf958
vendor packet: mpi_buf_id=177 len=9014 buf_size=1495040 offset=1099904 data_num=1 flag=0x00000000 pts=623
valloc packet buffer: mpi_buf_id=177 dma_buf_fd=11 size=0
H264 first bytes: 00 00 00 01 41 e0 02 e0 05 c6 02 3c 06 0e 81 10
encode_release_packet ret=0
MP4 frame 624/1500: sequence=628 pts=24920000 us key=0 nv12=4478976 h264=9014 acquire=13.107 ms encode=26.812 ms mux=0.136 ms
start encode NV12 with RV1106 vendor packet ABI, frame=624
encode_put_frame ret=0
encode_get_packet ret=0 handle=0xae9cf958 expected=0xae9cf958
vendor packet: mpi_buf_id=177 len=9455 buf_size=1495040 offset=1108992 data_num=1 flag=0x00000000 pts=624
valloc packet buffer: mpi_buf_id=177 dma_buf_fd=11 size=0
H264 first bytes: 00 00 00 01 41 e0 03 00 06 06 02 3c 10 66 81 ba
encode_release_packet ret=0
MP4 frame 625/1500: sequence=629 pts=24960000 us key=0 nv12=4478976 h264=9455 acquire=12.563 ms encode=26.206 ms mux=0.141 ms
start encode NV12 with RV1106 vendor packet ABI, frame=625
encode_put_frame ret=0
encode_get_packet ret=0 handle=0xae9cf958 expected=0xae9cf958
vendor packet: mpi_buf_id=177 len=9396 buf_size=1495040 offset=1118464 data_num=1 flag=0x00000000 pts=625
valloc packet buffer: mpi_buf_id=177 dma_buf_fd=11 size=0
H264 first bytes: 00 00 00 01 41 e0 03 20 06 46 02 3c 0b 37 84 67
encode_release_packet ret=0
MP4 frame 626/1500: sequence=630 pts=25000000 us key=0 nv12=4478976 h264=9396 acquire=13.175 ms encode=26.824 ms mux=0.143 ms
start encode NV12 with RV1106 vendor packet ABI, frame=626
encode_put_frame ret=0
encode_get_packet ret=0 handle=0xae9cf958 expected=0xae9cf958
vendor packet: mpi_buf_id=177 len=9261 buf_size=1495040 offset=1127936 data_num=1 flag=0x00000000 pts=626
valloc packet buffer: mpi_buf_id=177 dma_buf_fd=11 size=0
H264 first bytes: 00 00 00 01 41 e0 03 40 06 86 02 3c 04 a4 d8 76
encode_release_packet ret=0
MP4 frame 627/1500: sequence=631 pts=25040000 us key=0 nv12=4478976 h264=9261 acquire=12.542 ms encode=26.165 ms mux=0.135 ms
start encode NV12 with RV1106 vendor packet ABI, frame=627
encode_put_frame ret=0
encode_get_packet ret=0 handle=0xae9cf958 expected=0xae9cf958
vendor packet: mpi_buf_id=177 len=14481 buf_size=1495040 offset=1137280 data_num=1 flag=0x00000000 pts=627
valloc packet buffer: mpi_buf_id=177 dma_buf_fd=11 size=0
H264 first bytes: 00 00 00 01 41 e0 03 60 06 c6 02 7c 16 cd 42 5e
encode_release_packet ret=0
MP4 frame 628/1500: sequence=632 pts=25080000 us key=0 nv12=4478976 h264=14481 acquire=13.203 ms encode=26.791 ms mux=0.206 ms
start encode NV12 with RV1106 vendor packet ABI, frame=628
encode_put_frame ret=0
encode_get_packet ret=0 handle=0xae9cf958 expected=0xae9cf958
vendor packet: mpi_buf_id=177 len=8946 buf_size=1495040 offset=1151872 data_num=1 flag=0x00000000 pts=628
valloc packet buffer: mpi_buf_id=177 dma_buf_fd=11 size=0
H264 first bytes: 00 00 00 01 41 e0 03 80 07 06 02 3c 08 33 12 0b
encode_release_packet ret=0
MP4 frame 629/1500: sequence=633 pts=25120000 us key=0 nv12=4478976 h264=8946 acquire=12.528 ms encode=26.400 ms mux=0.134 ms
start encode NV12 with RV1106 vendor packet ABI, frame=629
encode_put_frame ret=0
encode_get_packet ret=0 handle=0xae9cf958 expected=0xae9cf958
vendor packet: mpi_buf_id=177 len=9889 buf_size=1495040 offset=1160832 data_num=1 flag=0x00000000 pts=629
valloc packet buffer: mpi_buf_id=177 dma_buf_fd=11 size=0
H264 first bytes: 00 00 00 01 41 e0 03 a0 07 46 02 3c 05 ae 81 20
encode_release_packet ret=0
MP4 frame 630/1500: sequence=634 pts=25160000 us key=0 nv12=4478976 h264=9889 acquire=13.073 ms encode=30.844 ms mux=1.009 ms
start encode NV12 with RV1106 vendor packet ABI, frame=630
encode_put_frame ret=0
encode_get_packet ret=0 handle=0xae9cf958 expected=0xae9cf958
vendor packet: mpi_buf_id=177 len=225075 buf_size=1495040 offset=1170816 data_num=1 flag=0x00000010 pts=630
valloc packet buffer: mpi_buf_id=177 dma_buf_fd=11 size=0
H264 first bytes: 00 00 00 01 65 b8 00 01 80 00 00 af 11 12 28 00
encode_release_packet ret=0
MP4 frame 631/1500: sequence=635 pts=25200000 us key=1 nv12=4478976 h264=225075 acquire=7.570 ms encode=27.242 ms mux=3.646 ms
start encode NV12 with RV1106 vendor packet ABI, frame=631
encode_put_frame ret=0
encode_get_packet ret=0 handle=0xae9cf958 expected=0xae9cf958
vendor packet: mpi_buf_id=177 len=12222 buf_size=1495040 offset=1395968 data_num=1 flag=0x00000000 pts=631
valloc packet buffer: mpi_buf_id=177 dma_buf_fd=11 size=0
H264 first bytes: 00 00 00 01 41 e0 00 20 00 46 02 3c 37 32 81 ea
encode_release_packet ret=0
MP4 frame 632/1500: sequence=636 pts=25240000 us key=0 nv12=4478976 h264=12222 acquire=8.604 ms encode=27.754 ms mux=0.167 ms
start encode NV12 with RV1106 vendor packet ABI, frame=632
encode_put_frame ret=0
encode_get_packet ret=0 handle=0xae9cf958 expected=0xae9cf958
vendor packet: mpi_buf_id=177 len=11593 buf_size=1495040 offset=1408256 data_num=1 flag=0x00000000 pts=632
valloc packet buffer: mpi_buf_id=177 dma_buf_fd=11 size=0
H264 first bytes: 00 00 00 01 41 e0 00 40 00 86 02 3c 0d 75 82 89
encode_release_packet ret=0
MP4 frame 633/1500: sequence=637 pts=25280000 us key=0 nv12=4478976 h264=11593 acquire=11.580 ms encode=28.193 ms mux=0.168 ms
start encode NV12 with RV1106 vendor packet ABI, frame=633
encode_put_frame ret=0
encode_get_packet ret=0 handle=0xae9cf958 expected=0xae9cf958
vendor packet: mpi_buf_id=177 len=11377 buf_size=1495040 offset=1419904 data_num=1 flag=0x00000000 pts=633
valloc packet buffer: mpi_buf_id=177 dma_buf_fd=11 size=0
H264 first bytes: 00 00 00 01 41 e0 00 60 00 c6 02 3c 05 1c d8 99
encode_release_packet ret=0
MP4 frame 634/1500: sequence=638 pts=25320000 us key=0 nv12=4478976 h264=11377 acquire=11.165 ms encode=27.865 ms mux=0.161 ms
start encode NV12 with RV1106 vendor packet ABI, frame=634
encode_put_frame ret=0
encode_get_packet ret=0 handle=0xae9cf958 expected=0xae9cf958
vendor packet: mpi_buf_id=177 len=10660 buf_size=1495040 offset=1431296 data_num=1 flag=0x00000000 pts=634
valloc packet buffer: mpi_buf_id=177 dma_buf_fd=11 size=0
H264 first bytes: 00 00 00 01 41 e0 00 80 01 06 02 3c 3f 48 50 9d
encode_release_packet ret=0
MP4 frame 635/1500: sequence=639 pts=25360000 us key=0 nv12=4478976 h264=10660 acquire=11.810 ms encode=27.388 ms mux=0.154 ms
start encode NV12 with RV1106 vendor packet ABI, frame=635
encode_put_frame ret=0
encode_get_packet ret=0 handle=0xae9cf958 expected=0xae9cf958
vendor packet: mpi_buf_id=177 len=10597 buf_size=1495040 offset=1442048 data_num=1 flag=0x00000000 pts=635
valloc packet buffer: mpi_buf_id=177 dma_buf_fd=11 size=0
H264 first bytes: 00 00 00 01 41 e0 00 a0 01 46 02 3c 04 f6 48 72
encode_release_packet ret=0
MP4 frame 636/1500: sequence=640 pts=25400000 us key=0 nv12=4478976 h264=10597 acquire=11.635 ms encode=27.389 ms mux=0.163 ms
start encode NV12 with RV1106 vendor packet ABI, frame=636
encode_put_frame ret=0
encode_get_packet ret=0 handle=0xae9cf958 expected=0xae9cf958
vendor packet: mpi_buf_id=177 len=10995 buf_size=1495040 offset=1452672 data_num=1 flag=0x00000000 pts=636
valloc packet buffer: mpi_buf_id=177 dma_buf_fd=11 size=0
H264 first bytes: 00 00 00 01 41 e0 00 c0 01 86 02 3c 09 b9 e0 2a
encode_release_packet ret=0
MP4 frame 637/1500: sequence=641 pts=25440000 us key=0 nv12=4478976 h264=10995 acquire=11.843 ms encode=26.717 ms mux=0.160 ms
start encode NV12 with RV1106 vendor packet ABI, frame=637
encode_put_frame ret=0
encode_get_packet ret=0 handle=0xae9cf958 expected=0xae9cf958
vendor packet: mpi_buf_id=177 len=6755 buf_size=1495040 offset=1463680 data_num=1 flag=0x00000000 pts=637
valloc packet buffer: mpi_buf_id=177 dma_buf_fd=11 size=0
H264 first bytes: 00 00 00 01 41 e0 00 e0 01 c6 07 f0 7d 3e e6 34
encode_release_packet ret=0
MP4 frame 638/1500: sequence=642 pts=25480000 us key=0 nv12=4478976 h264=6755 acquire=12.628 ms encode=27.500 ms mux=0.125 ms
start encode NV12 with RV1106 vendor packet ABI, frame=638
encode_put_frame ret=0
encode_get_packet ret=0 handle=0xae9cf958 expected=0xae9cf958
vendor packet: mpi_buf_id=177 len=10049 buf_size=1495040 offset=1470464 data_num=1 flag=0x00000000 pts=638
valloc packet buffer: mpi_buf_id=177 dma_buf_fd=11 size=0
H264 first bytes: 00 00 00 01 41 e0 01 00 02 06 02 3c 0c 73 a8 9c
encode_release_packet ret=0
MP4 frame 639/1500: sequence=643 pts=25520000 us key=0 nv12=4478976 h264=10049 acquire=11.903 ms encode=27.200 ms mux=0.152 ms
start encode NV12 with RV1106 vendor packet ABI, frame=639
encode_put_frame ret=0
encode_get_packet ret=0 handle=0xae9cf958 expected=0xae9cf958
vendor packet: mpi_buf_id=177 len=9989 buf_size=1495040 offset=1480576 data_num=1 flag=0x00000000 pts=639
valloc packet buffer: mpi_buf_id=177 dma_buf_fd=11 size=0
H264 first bytes: 00 00 00 01 41 e0 01 20 02 46 02 3c 37 36 11 b8
encode_release_packet ret=0
MP4 frame 640/1500: sequence=644 pts=25560000 us key=0 nv12=4478976 h264=9989 acquire=12.162 ms encode=27.951 ms mux=0.149 ms
start encode NV12 with RV1106 vendor packet ABI, frame=640
encode_put_frame ret=0
encode_get_packet ret=0 handle=0xae9cf958 expected=0xae9cf958
vendor packet: mpi_buf_id=177 len=9884 buf_size=1495040 offset=1490688 data_num=1 flag=0x00000000 pts=640
valloc packet buffer: mpi_buf_id=177 dma_buf_fd=11 size=0
H264 first bytes: 00 00 00 01 41 e0 01 40 02 86 02 3c 99 e0 48 91
encode_release_packet ret=0
MP4 frame 641/1500: sequence=645 pts=25600000 us key=0 nv12=4478976 h264=9884 acquire=11.393 ms encode=27.262 ms mux=0.150 ms
start encode NV12 with RV1106 vendor packet ABI, frame=641
encode_put_frame ret=0
encode_get_packet ret=0 handle=0xae9cf958 expected=0xae9cf958
vendor packet: mpi_buf_id=177 len=9972 buf_size=1495040 offset=5632 data_num=1 flag=0x00000000 pts=641
valloc packet buffer: mpi_buf_id=177 dma_buf_fd=11 size=0
H264 first bytes: 00 00 00 01 41 e0 01 60 02 c6 02 3c 08 f6 78 04
encode_release_packet ret=0
MP4 frame 642/1500: sequence=646 pts=25640000 us key=0 nv12=4478976 h264=9972 acquire=12.101 ms encode=27.605 ms mux=0.148 ms
start encode NV12 with RV1106 vendor packet ABI, frame=642
encode_put_frame ret=0
encode_get_packet ret=0 handle=0xae9cf958 expected=0xae9cf958
vendor packet: mpi_buf_id=177 len=9750 buf_size=1495040 offset=15616 data_num=1 flag=0x00000000 pts=642
valloc packet buffer: mpi_buf_id=177 dma_buf_fd=11 size=0
H264 first bytes: 00 00 00 01 41 e0 01 80 03 06 02 3c 0a 53 e0 4e
encode_release_packet ret=0
MP4 frame 643/1500: sequence=647 pts=25680000 us key=0 nv12=4478976 h264=9750 acquire=11.772 ms encode=27.265 ms mux=0.150 ms
start encode NV12 with RV1106 vendor packet ABI, frame=643
encode_put_frame ret=0
encode_get_packet ret=0 handle=0xae9cf958 expected=0xae9cf958
vendor packet: mpi_buf_id=177 len=9915 buf_size=1495040 offset=25472 data_num=1 flag=0x00000000 pts=643
valloc packet buffer: mpi_buf_id=177 dma_buf_fd=11 size=0
H264 first bytes: 00 00 00 01 41 e0 01 a0 03 46 02 3c 04 47 05 02
encode_release_packet ret=0
MP4 frame 644/1500: sequence=648 pts=25720000 us key=0 nv12=4478976 h264=9915 acquire=12.091 ms encode=28.316 ms mux=0.153 ms
start encode NV12 with RV1106 vendor packet ABI, frame=644
encode_put_frame ret=0
encode_get_packet ret=0 handle=0xae9cf958 expected=0xae9cf958
vendor packet: mpi_buf_id=177 len=10083 buf_size=1495040 offset=35456 data_num=1 flag=0x00000000 pts=644
valloc packet buffer: mpi_buf_id=177 dma_buf_fd=11 size=0
H264 first bytes: 00 00 00 01 41 e0 01 c0 03 86 02 3c 08 d3 23 09
encode_release_packet ret=0
MP4 frame 645/1500: sequence=649 pts=25760000 us key=0 nv12=4478976 h264=10083 acquire=11.055 ms encode=27.183 ms mux=0.152 ms
start encode NV12 with RV1106 vendor packet ABI, frame=645
encode_put_frame ret=0
encode_get_packet ret=0 handle=0xae9cf958 expected=0xae9cf958
vendor packet: mpi_buf_id=177 len=9484 buf_size=1495040 offset=45568 data_num=1 flag=0x00000000 pts=645
valloc packet buffer: mpi_buf_id=177 dma_buf_fd=11 size=0
H264 first bytes: 00 00 00 01 41 e0 01 e0 03 c6 02 3c 12 6e 04 a9
encode_release_packet ret=0
MP4 frame 646/1500: sequence=650 pts=25800000 us key=0 nv12=4478976 h264=9484 acquire=12.168 ms encode=28.087 ms mux=0.142 ms
start encode NV12 with RV1106 vendor packet ABI, frame=646
encode_put_frame ret=0
encode_get_packet ret=0 handle=0xae9cf958 expected=0xae9cf958
vendor packet: mpi_buf_id=177 len=9805 buf_size=1495040 offset=55168 data_num=1 flag=0x00000000 pts=646
valloc packet buffer: mpi_buf_id=177 dma_buf_fd=11 size=0
H264 first bytes: 00 00 00 01 41 e0 02 00 04 06 02 3c 0d 13 1c 11
encode_release_packet ret=0
MP4 frame 647/1500: sequence=651 pts=25840000 us key=0 nv12=4478976 h264=9805 acquire=11.277 ms encode=26.743 ms mux=0.147 ms
start encode NV12 with RV1106 vendor packet ABI, frame=647
encode_put_frame ret=0
encode_get_packet ret=0 handle=0xae9cf958 expected=0xae9cf958
vendor packet: mpi_buf_id=177 len=9351 buf_size=1495040 offset=65024 data_num=1 flag=0x00000000 pts=647
valloc packet buffer: mpi_buf_id=177 dma_buf_fd=11 size=0
H264 first bytes: 00 00 00 01 41 e0 02 20 04 46 02 3c 0f 72 1e 06
encode_release_packet ret=0
MP4 frame 648/1500: sequence=652 pts=25880000 us key=0 nv12=4478976 h264=9351 acquire=12.641 ms encode=28.338 ms mux=0.140 ms
start encode NV12 with RV1106 vendor packet ABI, frame=648
encode_put_frame ret=0
encode_get_packet ret=0 handle=0xae9cf958 expected=0xae9cf958
vendor packet: mpi_buf_id=177 len=10049 buf_size=1495040 offset=74496 data_num=1 flag=0x00000000 pts=648
valloc packet buffer: mpi_buf_id=177 dma_buf_fd=11 size=0
H264 first bytes: 00 00 00 01 41 e0 02 40 04 86 02 3c 13 6a 04 f9
encode_release_packet ret=0
MP4 frame 649/1500: sequence=653 pts=25920000 us key=0 nv12=4478976 h264=10049 acquire=11.017 ms encode=26.779 ms mux=0.173 ms
start encode NV12 with RV1106 vendor packet ABI, frame=649
encode_put_frame ret=0
encode_get_packet ret=0 handle=0xae9cf958 expected=0xae9cf958
vendor packet: mpi_buf_id=177 len=9947 buf_size=1495040 offset=84608 data_num=1 flag=0x00000000 pts=649
valloc packet buffer: mpi_buf_id=177 dma_buf_fd=11 size=0
H264 first bytes: 00 00 00 01 41 e0 02 60 04 c6 02 3c 04 25 a8 6a
encode_release_packet ret=0
MP4 frame 650/1500: sequence=654 pts=25960000 us key=0 nv12=4478976 h264=9947 acquire=12.552 ms encode=27.349 ms mux=0.153 ms
start encode NV12 with RV1106 vendor packet ABI, frame=650
encode_put_frame ret=0
encode_get_packet ret=0 handle=0xae9cf958 expected=0xae9cf958
vendor packet: mpi_buf_id=177 len=9752 buf_size=1495040 offset=94592 data_num=1 flag=0x00000000 pts=650
valloc packet buffer: mpi_buf_id=177 dma_buf_fd=11 size=0
H264 first bytes: 00 00 00 01 41 e0 02 80 05 06 02 3c 06 9d a2 0b
encode_release_packet ret=0
MP4 frame 651/1500: sequence=655 pts=26000000 us key=0 nv12=4478976 h264=9752 acquire=12.035 ms encode=27.139 ms mux=0.146 ms
start encode NV12 with RV1106 vendor packet ABI, frame=651
encode_put_frame ret=0
encode_get_packet ret=0 handle=0xae9cf958 expected=0xae9cf958
vendor packet: mpi_buf_id=177 len=9361 buf_size=1495040 offset=104448 data_num=1 flag=0x00000000 pts=651
valloc packet buffer: mpi_buf_id=177 dma_buf_fd=11 size=0
H264 first bytes: 00 00 00 01 41 e0 02 a0 05 46 02 3c 04 b6 48 09
encode_release_packet ret=0
MP4 frame 652/1500: sequence=656 pts=26040000 us key=0 nv12=4478976 h264=9361 acquire=12.314 ms encode=27.485 ms mux=0.142 ms
start encode NV12 with RV1106 vendor packet ABI, frame=652
encode_put_frame ret=0
encode_get_packet ret=0 handle=0xae9cf958 expected=0xae9cf958
vendor packet: mpi_buf_id=177 len=9331 buf_size=1495040 offset=113920 data_num=1 flag=0x00000000 pts=652
valloc packet buffer: mpi_buf_id=177 dma_buf_fd=11 size=0
H264 first bytes: 00 00 00 01 41 e0 02 c0 05 86 02 3c 13 cb 85 a5
encode_release_packet ret=0
MP4 frame 653/1500: sequence=657 pts=26080000 us key=0 nv12=4478976 h264=9331 acquire=11.798 ms encode=27.166 ms mux=0.141 ms
start encode NV12 with RV1106 vendor packet ABI, frame=653
encode_put_frame ret=0
encode_get_packet ret=0 handle=0xae9cf958 expected=0xae9cf958
vendor packet: mpi_buf_id=177 len=9271 buf_size=1495040 offset=123264 data_num=1 flag=0x00000000 pts=653
valloc packet buffer: mpi_buf_id=177 dma_buf_fd=11 size=0
H264 first bytes: 00 00 00 01 41 e0 02 e0 05 c6 02 3c 08 d7 82 39
encode_release_packet ret=0
MP4 frame 654/1500: sequence=658 pts=26120000 us key=0 nv12=4478976 h264=9271 acquire=12.213 ms encode=28.456 ms mux=0.145 ms
start encode NV12 with RV1106 vendor packet ABI, frame=654
encode_put_frame ret=0
encode_get_packet ret=0 handle=0xae9cf958 expected=0xae9cf958
vendor packet: mpi_buf_id=177 len=9294 buf_size=1495040 offset=132608 data_num=1 flag=0x00000000 pts=654
valloc packet buffer: mpi_buf_id=177 dma_buf_fd=11 size=0
H264 first bytes: 00 00 00 01 41 e0 03 00 06 06 02 3c 1e cd 83 a9
encode_release_packet ret=0
MP4 frame 655/1500: sequence=659 pts=26160000 us key=0 nv12=4478976 h264=9294 acquire=10.901 ms encode=27.267 ms mux=0.142 ms
start encode NV12 with RV1106 vendor packet ABI, frame=655
encode_put_frame ret=0
encode_get_packet ret=0 handle=0xae9cf958 expected=0xae9cf958
vendor packet: mpi_buf_id=177 len=9921 buf_size=1495040 offset=141952 data_num=1 flag=0x00000000 pts=655
valloc packet buffer: mpi_buf_id=177 dma_buf_fd=11 size=0
H264 first bytes: 00 00 00 01 41 e0 03 20 06 46 02 3c 0f 72 92 05
encode_release_packet ret=0
MP4 frame 656/1500: sequence=660 pts=26200000 us key=0 nv12=4478976 h264=9921 acquire=12.135 ms encode=27.395 ms mux=0.153 ms
start encode NV12 with RV1106 vendor packet ABI, frame=656
encode_put_frame ret=0
encode_get_packet ret=0 handle=0xae9cf958 expected=0xae9cf958
vendor packet: mpi_buf_id=177 len=9337 buf_size=1495040 offset=151936 data_num=1 flag=0x00000000 pts=656
valloc packet buffer: mpi_buf_id=177 dma_buf_fd=11 size=0
H264 first bytes: 00 00 00 01 41 e0 03 40 06 86 02 3c 18 74 25 22
encode_release_packet ret=0
MP4 frame 657/1500: sequence=661 pts=26240000 us key=0 nv12=4478976 h264=9337 acquire=11.918 ms encode=27.121 ms mux=0.137 ms
start encode NV12 with RV1106 vendor packet ABI, frame=657
encode_put_frame ret=0
encode_get_packet ret=0 handle=0xae9cf958 expected=0xae9cf958
vendor packet: mpi_buf_id=177 len=9862 buf_size=1495040 offset=161280 data_num=1 flag=0x00000000 pts=657
valloc packet buffer: mpi_buf_id=177 dma_buf_fd=11 size=0
H264 first bytes: 00 00 00 01 41 e0 03 60 06 c6 02 3c 09 32 94 a2
encode_release_packet ret=0
MP4 frame 658/1500: sequence=662 pts=26280000 us key=0 nv12=4478976 h264=9862 acquire=12.267 ms encode=28.420 ms mux=1.042 ms
start encode NV12 with RV1106 vendor packet ABI, frame=658
encode_put_frame ret=0
encode_get_packet ret=0 handle=0xae9cf958 expected=0xae9cf958
vendor packet: mpi_buf_id=177 len=9508 buf_size=1495040 offset=171264 data_num=1 flag=0x00000000 pts=658
valloc packet buffer: mpi_buf_id=177 dma_buf_fd=11 size=0
H264 first bytes: 00 00 00 01 41 e0 03 80 07 06 02 3c 06 44 b8 8a
encode_release_packet ret=0
MP4 frame 659/1500: sequence=663 pts=26320000 us key=0 nv12=4478976 h264=9508 acquire=10.034 ms encode=27.176 ms mux=0.143 ms
start encode NV12 with RV1106 vendor packet ABI, frame=659
encode_put_frame ret=0
encode_get_packet ret=0 handle=0xae9cf958 expected=0xae9cf958
vendor packet: mpi_buf_id=177 len=9897 buf_size=1495040 offset=180864 data_num=1 flag=0x00000000 pts=659
valloc packet buffer: mpi_buf_id=177 dma_buf_fd=11 size=0
H264 first bytes: 00 00 00 01 41 e0 03 a0 07 46 02 3c 0c 14 e3 f7
encode_release_packet ret=0
MP4 frame 660/1500: sequence=664 pts=26360000 us key=0 nv12=4478976 h264=9897 acquire=12.209 ms encode=28.376 ms mux=0.146 ms
start encode NV12 with RV1106 vendor packet ABI, frame=660
encode_put_frame ret=0
encode_get_packet ret=0 handle=0xae9cf958 expected=0xae9cf958
vendor packet: mpi_buf_id=177 len=231004 buf_size=1495040 offset=190848 data_num=1 flag=0x00000010 pts=660
valloc packet buffer: mpi_buf_id=177 dma_buf_fd=11 size=0
H264 first bytes: 00 00 00 01 65 b8 00 01 c0 00 00 af 11 12 28 00
encode_release_packet ret=0
MP4 frame 661/1500: sequence=665 pts=26400000 us key=1 nv12=4478976 h264=231004 acquire=10.982 ms encode=27.772 ms mux=3.770 ms
start encode NV12 with RV1106 vendor packet ABI, frame=661
encode_put_frame ret=0
encode_get_packet ret=0 handle=0xae9cf958 expected=0xae9cf958
vendor packet: mpi_buf_id=177 len=11913 buf_size=1495040 offset=421888 data_num=1 flag=0x00000000 pts=661
valloc packet buffer: mpi_buf_id=177 dma_buf_fd=11 size=0
H264 first bytes: 00 00 00 01 41 e0 00 20 00 46 02 3c 61 7f d3 d0
encode_release_packet ret=0
MP4 frame 662/1500: sequence=666 pts=26440000 us key=0 nv12=4478976 h264=11913 acquire=7.951 ms encode=28.335 ms mux=0.170 ms
start encode NV12 with RV1106 vendor packet ABI, frame=662
encode_put_frame ret=0
encode_get_packet ret=0 handle=0xae9cf958 expected=0xae9cf958
vendor packet: mpi_buf_id=177 len=11507 buf_size=1495040 offset=433920 data_num=1 flag=0x00000000 pts=662
valloc packet buffer: mpi_buf_id=177 dma_buf_fd=11 size=0
H264 first bytes: 00 00 00 01 41 e0 00 40 00 86 02 3c 14 53 86 e9
encode_release_packet ret=0
MP4 frame 663/1500: sequence=667 pts=26480000 us key=0 nv12=4478976 h264=11507 acquire=10.997 ms encode=27.267 ms mux=0.169 ms
start encode NV12 with RV1106 vendor packet ABI, frame=663
encode_put_frame ret=0
encode_get_packet ret=0 handle=0xae9cf958 expected=0xae9cf958
vendor packet: mpi_buf_id=177 len=10616 buf_size=1495040 offset=445440 data_num=1 flag=0x00000000 pts=663
valloc packet buffer: mpi_buf_id=177 dma_buf_fd=11 size=0
H264 first bytes: 00 00 00 01 41 e0 00 60 00 c6 02 3c 35 26 08 26
encode_release_packet ret=0
MP4 frame 664/1500: sequence=668 pts=26520000 us key=0 nv12=4478976 h264=10616 acquire=12.062 ms encode=27.732 ms mux=0.156 ms
start encode NV12 with RV1106 vendor packet ABI, frame=664
encode_put_frame ret=0
encode_get_packet ret=0 handle=0xae9cf958 expected=0xae9cf958
vendor packet: mpi_buf_id=177 len=10635 buf_size=1495040 offset=456064 data_num=1 flag=0x00000000 pts=664
valloc packet buffer: mpi_buf_id=177 dma_buf_fd=11 size=0
H264 first bytes: 00 00 00 01 41 e0 00 80 01 06 02 3d d6 16 9b 13
encode_release_packet ret=0
MP4 frame 665/1500: sequence=669 pts=26560000 us key=0 nv12=4478976 h264=10635 acquire=11.652 ms encode=26.739 ms mux=0.160 ms
start encode NV12 with RV1106 vendor packet ABI, frame=665
encode_put_frame ret=0
encode_get_packet ret=0 handle=0xae9cf958 expected=0xae9cf958
vendor packet: mpi_buf_id=177 len=10797 buf_size=1495040 offset=466816 data_num=1 flag=0x00000000 pts=665
valloc packet buffer: mpi_buf_id=177 dma_buf_fd=11 size=0
H264 first bytes: 00 00 00 01 41 e0 00 a0 01 46 02 3c 74 f8 b9 71
encode_release_packet ret=0
MP4 frame 666/1500: sequence=670 pts=26600000 us key=0 nv12=4478976 h264=10797 acquire=12.611 ms encode=28.527 ms mux=0.156 ms
start encode NV12 with RV1106 vendor packet ABI, frame=666
encode_put_frame ret=0
encode_get_packet ret=0 handle=0xae9cf958 expected=0xae9cf958
vendor packet: mpi_buf_id=177 len=6812 buf_size=1495040 offset=477696 data_num=1 flag=0x00000000 pts=666
valloc packet buffer: mpi_buf_id=177 dma_buf_fd=11 size=0
H264 first bytes: 00 00 00 01 41 e0 00 c0 01 86 07 f0 23 e6 81 87
encode_release_packet ret=0
MP4 frame 667/1500: sequence=671 pts=26640000 us key=0 nv12=4478976 h264=6812 acquire=10.824 ms encode=27.171 ms mux=0.116 ms
start encode NV12 with RV1106 vendor packet ABI, frame=667
encode_put_frame ret=0
encode_get_packet ret=0 handle=0xae9cf958 expected=0xae9cf958
vendor packet: mpi_buf_id=177 len=10308 buf_size=1495040 offset=484608 data_num=1 flag=0x00000000 pts=667
valloc packet buffer: mpi_buf_id=177 dma_buf_fd=11 size=0
H264 first bytes: 00 00 00 01 41 e0 00 e0 01 c6 02 3c 08 dc 40 97
encode_release_packet ret=0
MP4 frame 668/1500: sequence=672 pts=26680000 us key=0 nv12=4478976 h264=10308 acquire=12.109 ms encode=31.226 ms mux=0.152 ms
start encode NV12 with RV1106 vendor packet ABI, frame=668
encode_put_frame ret=0
encode_get_packet ret=0 handle=0xae9cf958 expected=0xae9cf958
vendor packet: mpi_buf_id=177 len=9987 buf_size=1495040 offset=494976 data_num=1 flag=0x00000000 pts=668
valloc packet buffer: mpi_buf_id=177 dma_buf_fd=11 size=0
H264 first bytes: 00 00 00 01 41 e0 01 00 02 06 02 3c 23 36 08 27
encode_release_packet ret=0
MP4 frame 669/1500: sequence=673 pts=26720000 us key=0 nv12=4478976 h264=9987 acquire=8.115 ms encode=27.199 ms mux=0.151 ms
start encode NV12 with RV1106 vendor packet ABI, frame=669
encode_put_frame ret=0
encode_get_packet ret=0 handle=0xae9cf958 expected=0xae9cf958
vendor packet: mpi_buf_id=177 len=6520 buf_size=1495040 offset=505088 data_num=1 flag=0x00000000 pts=669
valloc packet buffer: mpi_buf_id=177 dma_buf_fd=11 size=0
H264 first bytes: 00 00 00 01 41 e0 01 20 02 46 07 f0 15 76 a1 9a
encode_release_packet ret=0
MP4 frame 670/1500: sequence=674 pts=26760000 us key=0 nv12=4478976 h264=6520 acquire=12.170 ms encode=27.287 ms mux=0.117 ms
start encode NV12 with RV1106 vendor packet ABI, frame=670
encode_put_frame ret=0
encode_get_packet ret=0 handle=0xae9cf958 expected=0xae9cf958
vendor packet: mpi_buf_id=177 len=9813 buf_size=1495040 offset=511616 data_num=1 flag=0x00000000 pts=670
valloc packet buffer: mpi_buf_id=177 dma_buf_fd=11 size=0
H264 first bytes: 00 00 00 01 41 e0 01 40 02 86 02 3c 0c 1a 14 24
encode_release_packet ret=0
MP4 frame 671/1500: sequence=675 pts=26800000 us key=0 nv12=4478976 h264=9813 acquire=12.118 ms encode=27.760 ms mux=0.144 ms
start encode NV12 with RV1106 vendor packet ABI, frame=671
encode_put_frame ret=0
encode_get_packet ret=0 handle=0xae9cf958 expected=0xae9cf958
vendor packet: mpi_buf_id=177 len=8871 buf_size=1495040 offset=521472 data_num=1 flag=0x00000000 pts=671
valloc packet buffer: mpi_buf_id=177 dma_buf_fd=11 size=0
H264 first bytes: 00 00 00 01 41 e0 01 60 02 c6 02 3c 0c 73 18 40
encode_release_packet ret=0
MP4 frame 672/1500: sequence=676 pts=26840000 us key=0 nv12=4478976 h264=8871 acquire=11.605 ms encode=27.775 ms mux=0.140 ms
start encode NV12 with RV1106 vendor packet ABI, frame=672
encode_put_frame ret=0
encode_get_packet ret=0 handle=0xae9cf958 expected=0xae9cf958
vendor packet: mpi_buf_id=177 len=8961 buf_size=1495040 offset=530432 data_num=1 flag=0x00000000 pts=672
valloc packet buffer: mpi_buf_id=177 dma_buf_fd=11 size=0
H264 first bytes: 00 00 00 01 41 e0 01 80 03 06 02 3c 04 84 9b 95
encode_release_packet ret=0
MP4 frame 673/1500: sequence=677 pts=26880000 us key=0 nv12=4478976 h264=8961 acquire=11.696 ms encode=26.856 ms mux=0.141 ms
start encode NV12 with RV1106 vendor packet ABI, frame=673
encode_put_frame ret=0
encode_get_packet ret=0 handle=0xae9cf958 expected=0xae9cf958
vendor packet: mpi_buf_id=177 len=9362 buf_size=1495040 offset=539520 data_num=1 flag=0x00000000 pts=673
valloc packet buffer: mpi_buf_id=177 dma_buf_fd=11 size=0
H264 first bytes: 00 00 00 01 41 e0 01 a0 03 46 02 3d d6 02 5f 82
encode_release_packet ret=0
MP4 frame 674/1500: sequence=678 pts=26920000 us key=0 nv12=4478976 h264=9362 acquire=12.427 ms encode=27.399 ms mux=0.139 ms
start encode NV12 with RV1106 vendor packet ABI, frame=674
encode_put_frame ret=0
encode_get_packet ret=0 handle=0xae9cf958 expected=0xae9cf958
vendor packet: mpi_buf_id=177 len=9583 buf_size=1495040 offset=548992 data_num=1 flag=0x00000000 pts=674
valloc packet buffer: mpi_buf_id=177 dma_buf_fd=11 size=0
H264 first bytes: 00 00 00 01 41 e0 01 c0 03 86 02 3c 10 67 82 3b
encode_release_packet ret=0
MP4 frame 675/1500: sequence=679 pts=26960000 us key=0 nv12=4478976 h264=9583 acquire=11.972 ms encode=27.269 ms mux=0.149 ms
start encode NV12 with RV1106 vendor packet ABI, frame=675
encode_put_frame ret=0
encode_get_packet ret=0 handle=0xae9cf958 expected=0xae9cf958
vendor packet: mpi_buf_id=177 len=9127 buf_size=1495040 offset=558592 data_num=1 flag=0x00000000 pts=675
valloc packet buffer: mpi_buf_id=177 dma_buf_fd=11 size=0
H264 first bytes: 00 00 00 01 41 e0 01 e0 03 c6 02 3c 74 c7 80 9b
encode_release_packet ret=0
MP4 frame 676/1500: sequence=680 pts=27000000 us key=0 nv12=4478976 h264=9127 acquire=12.071 ms encode=27.551 ms mux=0.141 ms
start encode NV12 with RV1106 vendor packet ABI, frame=676
encode_put_frame ret=0
encode_get_packet ret=0 handle=0xae9cf958 expected=0xae9cf958
vendor packet: mpi_buf_id=177 len=9034 buf_size=1495040 offset=567808 data_num=1 flag=0x00000000 pts=676
valloc packet buffer: mpi_buf_id=177 dma_buf_fd=11 size=0
H264 first bytes: 00 00 00 01 41 e0 02 00 04 06 02 3c 04 94 d8 08
encode_release_packet ret=0
MP4 frame 677/1500: sequence=681 pts=27040000 us key=0 nv12=4478976 h264=9034 acquire=11.833 ms encode=27.646 ms mux=0.138 ms
start encode NV12 with RV1106 vendor packet ABI, frame=677
encode_put_frame ret=0
encode_get_packet ret=0 handle=0xae9cf958 expected=0xae9cf958
vendor packet: mpi_buf_id=177 len=9394 buf_size=1495040 offset=576896 data_num=1 flag=0x00000000 pts=677
valloc packet buffer: mpi_buf_id=177 dma_buf_fd=11 size=0
H264 first bytes: 00 00 00 01 41 e0 02 20 04 46 02 3d 6a 08 37 00
encode_release_packet ret=0
MP4 frame 678/1500: sequence=682 pts=27080000 us key=0 nv12=4478976 h264=9394 acquire=11.718 ms encode=27.404 ms mux=0.140 ms
start encode NV12 with RV1106 vendor packet ABI, frame=678
encode_put_frame ret=0
encode_get_packet ret=0 handle=0xae9cf958 expected=0xae9cf958
vendor packet: mpi_buf_id=177 len=9067 buf_size=1495040 offset=586368 data_num=1 flag=0x00000000 pts=678
valloc packet buffer: mpi_buf_id=177 dma_buf_fd=11 size=0
H264 first bytes: 00 00 00 01 41 e0 02 40 04 86 02 3c 97 81 16 94
encode_release_packet ret=0
MP4 frame 679/1500: sequence=683 pts=27120000 us key=0 nv12=4478976 h264=9067 acquire=11.968 ms encode=26.685 ms mux=0.139 ms
start encode NV12 with RV1106 vendor packet ABI, frame=679
encode_put_frame ret=0
encode_get_packet ret=0 handle=0xae9cf958 expected=0xae9cf958
vendor packet: mpi_buf_id=177 len=9689 buf_size=1495040 offset=595456 data_num=1 flag=0x00000000 pts=679
valloc packet buffer: mpi_buf_id=177 dma_buf_fd=11 size=0
H264 first bytes: 00 00 00 01 41 e0 02 60 04 c6 02 3c 21 9e 0d 32
encode_release_packet ret=0
MP4 frame 680/1500: sequence=684 pts=27160000 us key=0 nv12=4478976 h264=9689 acquire=12.692 ms encode=27.660 ms mux=0.141 ms
start encode NV12 with RV1106 vendor packet ABI, frame=680
encode_put_frame ret=0
encode_get_packet ret=0 handle=0xae9cf958 expected=0xae9cf958
vendor packet: mpi_buf_id=177 len=9307 buf_size=1495040 offset=605184 data_num=1 flag=0x00000000 pts=680
valloc packet buffer: mpi_buf_id=177 dma_buf_fd=11 size=0
H264 first bytes: 00 00 00 01 41 e0 02 80 05 06 02 3c 25 78 5a 7c
encode_release_packet ret=0
MP4 frame 681/1500: sequence=685 pts=27200000 us key=0 nv12=4478976 h264=9307 acquire=11.721 ms encode=27.103 ms mux=0.143 ms
start encode NV12 with RV1106 vendor packet ABI, frame=681
encode_put_frame ret=0
encode_get_packet ret=0 handle=0xae9cf958 expected=0xae9cf958
vendor packet: mpi_buf_id=177 len=9721 buf_size=1495040 offset=614528 data_num=1 flag=0x00000000 pts=681
valloc packet buffer: mpi_buf_id=177 dma_buf_fd=11 size=0
H264 first bytes: 00 00 00 01 41 e0 02 a0 05 46 02 3c 05 54 e7 09
encode_release_packet ret=0
MP4 frame 682/1500: sequence=686 pts=27240000 us key=0 nv12=4478976 h264=9721 acquire=12.250 ms encode=27.822 ms mux=0.146 ms
start encode NV12 with RV1106 vendor packet ABI, frame=682
encode_put_frame ret=0
encode_get_packet ret=0 handle=0xae9cf958 expected=0xae9cf958
vendor packet: mpi_buf_id=177 len=9389 buf_size=1495040 offset=624256 data_num=1 flag=0x00000000 pts=682
valloc packet buffer: mpi_buf_id=177 dma_buf_fd=11 size=0
H264 first bytes: 00 00 00 01 41 e0 02 c0 05 86 02 3c 29 36 3a d4
encode_release_packet ret=0
MP4 frame 683/1500: sequence=687 pts=27280000 us key=0 nv12=4478976 h264=9389 acquire=11.545 ms encode=27.681 ms mux=0.142 ms
start encode NV12 with RV1106 vendor packet ABI, frame=683
encode_put_frame ret=0
encode_get_packet ret=0 handle=0xae9cf958 expected=0xae9cf958
vendor packet: mpi_buf_id=177 len=9480 buf_size=1495040 offset=633728 data_num=1 flag=0x00000000 pts=683
valloc packet buffer: mpi_buf_id=177 dma_buf_fd=11 size=0
H264 first bytes: 00 00 00 01 41 e0 02 e0 05 c6 02 3c 0a b4 84 09
encode_release_packet ret=0
MP4 frame 684/1500: sequence=688 pts=27320000 us key=0 nv12=4478976 h264=9480 acquire=11.703 ms encode=28.394 ms mux=0.147 ms
start encode NV12 with RV1106 vendor packet ABI, frame=684
encode_put_frame ret=0
encode_get_packet ret=0 handle=0xae9cf958 expected=0xae9cf958
vendor packet: mpi_buf_id=177 len=9101 buf_size=1495040 offset=643328 data_num=1 flag=0x00000000 pts=684
valloc packet buffer: mpi_buf_id=177 dma_buf_fd=11 size=0
H264 first bytes: 00 00 00 01 41 e0 03 00 06 06 02 3c 6d 92 05 49
encode_release_packet ret=0
MP4 frame 685/1500: sequence=689 pts=27360000 us key=0 nv12=4478976 h264=9101 acquire=10.981 ms encode=27.328 ms mux=0.144 ms
start encode NV12 with RV1106 vendor packet ABI, frame=685
encode_put_frame ret=0
encode_get_packet ret=0 handle=0xae9cf958 expected=0xae9cf958
vendor packet: mpi_buf_id=177 len=9686 buf_size=1495040 offset=652544 data_num=1 flag=0x00000000 pts=685
valloc packet buffer: mpi_buf_id=177 dma_buf_fd=11 size=0
H264 first bytes: 00 00 00 01 41 e0 03 20 06 46 02 3c 6e 68 62 72
encode_release_packet ret=0
MP4 frame 686/1500: sequence=690 pts=27400000 us key=0 nv12=4478976 h264=9686 acquire=12.037 ms encode=27.785 ms mux=0.143 ms
start encode NV12 with RV1106 vendor packet ABI, frame=686
encode_put_frame ret=0
encode_get_packet ret=0 handle=0xae9cf958 expected=0xae9cf958
vendor packet: mpi_buf_id=177 len=15386 buf_size=1495040 offset=662272 data_num=1 flag=0x00000000 pts=686
valloc packet buffer: mpi_buf_id=177 dma_buf_fd=11 size=0
H264 first bytes: 00 00 00 01 41 e0 03 40 06 86 02 7c 15 49 05 42
encode_release_packet ret=0
MP4 frame 687/1500: sequence=691 pts=27440000 us key=0 nv12=4478976 h264=15386 acquire=11.695 ms encode=26.789 ms mux=0.205 ms
start encode NV12 with RV1106 vendor packet ABI, frame=687
encode_put_frame ret=0
encode_get_packet ret=0 handle=0xae9cf958 expected=0xae9cf958
vendor packet: mpi_buf_id=177 len=6446 buf_size=1495040 offset=677760 data_num=1 flag=0x00000000 pts=687
valloc packet buffer: mpi_buf_id=177 dma_buf_fd=11 size=0
H264 first bytes: 00 00 00 01 41 e0 03 60 06 c6 07 f0 37 c9 86 2d
encode_release_packet ret=0
MP4 frame 688/1500: sequence=692 pts=27480000 us key=0 nv12=4478976 h264=6446 acquire=12.407 ms encode=28.479 ms mux=0.118 ms
start encode NV12 with RV1106 vendor packet ABI, frame=688
encode_put_frame ret=0
encode_get_packet ret=0 handle=0xae9cf958 expected=0xae9cf958
vendor packet: mpi_buf_id=177 len=9554 buf_size=1495040 offset=684288 data_num=1 flag=0x00000000 pts=688
valloc packet buffer: mpi_buf_id=177 dma_buf_fd=11 size=0
H264 first bytes: 00 00 00 01 41 e0 03 80 07 06 02 3d de 01 46 b3
encode_release_packet ret=0
MP4 frame 689/1500: sequence=693 pts=27520000 us key=0 nv12=4478976 h264=9554 acquire=10.906 ms encode=26.763 ms mux=1.016 ms
start encode NV12 with RV1106 vendor packet ABI, frame=689
encode_put_frame ret=0
encode_get_packet ret=0 handle=0xae9cf958 expected=0xae9cf958
vendor packet: mpi_buf_id=177 len=9370 buf_size=1495040 offset=693888 data_num=1 flag=0x00000000 pts=689
valloc packet buffer: mpi_buf_id=177 dma_buf_fd=11 size=0
H264 first bytes: 00 00 00 01 41 e0 03 a0 07 46 02 3c 0e 93 64 9b
encode_release_packet ret=0
MP4 frame 690/1500: sequence=694 pts=27560000 us key=0 nv12=4478976 h264=9370 acquire=12.538 ms encode=29.092 ms mux=0.142 ms
start encode NV12 with RV1106 vendor packet ABI, frame=690
encode_put_frame ret=0
encode_get_packet ret=0 handle=0xae9cf958 expected=0xae9cf958
vendor packet: mpi_buf_id=177 len=229701 buf_size=1495040 offset=703360 data_num=1 flag=0x00000010 pts=690
valloc packet buffer: mpi_buf_id=177 dma_buf_fd=11 size=0
H264 first bytes: 00 00 00 01 65 b8 00 00 80 00 00 2b c4 44 89 00
encode_release_packet ret=0
MP4 frame 691/1500: sequence=695 pts=27600000 us key=1 nv12=4478976 h264=229701 acquire=9.462 ms encode=31.593 ms mux=3.814 ms
start encode NV12 with RV1106 vendor packet ABI, frame=691
encode_put_frame ret=0
encode_get_packet ret=0 handle=0xae9cf958 expected=0xae9cf958
vendor packet: mpi_buf_id=177 len=8229 buf_size=1495040 offset=933120 data_num=1 flag=0x00000000 pts=691
valloc packet buffer: mpi_buf_id=177 dma_buf_fd=11 size=0
H264 first bytes: 00 00 00 01 41 e0 00 20 00 46 07 f0 55 78 2a ac
encode_release_packet ret=0
MP4 frame 692/1500: sequence=696 pts=27640000 us key=0 nv12=4478976 h264=8229 acquire=6.373 ms encode=29.273 ms mux=0.129 ms
start encode NV12 with RV1106 vendor packet ABI, frame=692
encode_put_frame ret=0
encode_get_packet ret=0 handle=0xae9cf958 expected=0xae9cf958
vendor packet: mpi_buf_id=177 len=11730 buf_size=1495040 offset=941440 data_num=1 flag=0x00000000 pts=692
valloc packet buffer: mpi_buf_id=177 dma_buf_fd=11 size=0
H264 first bytes: 00 00 00 01 41 e0 00 40 00 86 02 3c 25 58 1c 6d
encode_release_packet ret=0
MP4 frame 693/1500: sequence=697 pts=27680000 us key=0 nv12=4478976 h264=11730 acquire=7.829 ms encode=32.745 ms mux=0.167 ms
start encode NV12 with RV1106 vendor packet ABI, frame=693
encode_put_frame ret=0
encode_get_packet ret=0 handle=0xae9cf958 expected=0xae9cf958
vendor packet: mpi_buf_id=177 len=10651 buf_size=1495040 offset=953216 data_num=1 flag=0x00000000 pts=693
valloc packet buffer: mpi_buf_id=177 dma_buf_fd=11 size=0
H264 first bytes: 00 00 00 01 41 e0 00 60 00 c6 02 3c 11 cf 8b e8
encode_release_packet ret=0
MP4 frame 694/1500: sequence=698 pts=27720000 us key=0 nv12=4478976 h264=10651 acquire=6.605 ms encode=30.457 ms mux=0.162 ms
start encode NV12 with RV1106 vendor packet ABI, frame=694
encode_put_frame ret=0
encode_get_packet ret=0 handle=0xae9cf958 expected=0xae9cf958
vendor packet: mpi_buf_id=177 len=7449 buf_size=1495040 offset=963968 data_num=1 flag=0x00000000 pts=694
valloc packet buffer: mpi_buf_id=177 dma_buf_fd=11 size=0
H264 first bytes: 00 00 00 01 41 e0 00 80 01 06 07 fd 38 13 eb 04
encode_release_packet ret=0
MP4 frame 695/1500: sequence=699 pts=27760000 us key=0 nv12=4478976 h264=7449 acquire=9.281 ms encode=28.682 ms mux=0.126 ms
start encode NV12 with RV1106 vendor packet ABI, frame=695
encode_put_frame ret=0
encode_get_packet ret=0 handle=0xae9cf958 expected=0xae9cf958
vendor packet: mpi_buf_id=177 len=10462 buf_size=1495040 offset=971520 data_num=1 flag=0x00000000 pts=695
valloc packet buffer: mpi_buf_id=177 dma_buf_fd=11 size=0
H264 first bytes: 00 00 00 01 41 e0 00 a0 01 46 02 3c 11 5b 81 6e
encode_release_packet ret=0
MP4 frame 696/1500: sequence=700 pts=27800000 us key=0 nv12=4478976 h264=10462 acquire=10.284 ms encode=31.032 ms mux=0.152 ms
start encode NV12 with RV1106 vendor packet ABI, frame=696
encode_put_frame ret=0
encode_get_packet ret=0 handle=0xae9cf958 expected=0xae9cf958
vendor packet: mpi_buf_id=177 len=7132 buf_size=1495040 offset=982016 data_num=1 flag=0x00000000 pts=696
valloc packet buffer: mpi_buf_id=177 dma_buf_fd=11 size=0
H264 first bytes: 00 00 00 01 41 e0 00 c0 01 86 07 fd 28 2b 97 02
encode_release_packet ret=0
MP4 frame 697/1500: sequence=701 pts=27840000 us key=0 nv12=4478976 h264=7132 acquire=8.322 ms encode=32.907 ms mux=0.124 ms
start encode NV12 with RV1106 vendor packet ABI, frame=697
encode_put_frame ret=0
encode_get_packet ret=0 handle=0xae9cf958 expected=0xae9cf958
vendor packet: mpi_buf_id=177 len=9952 buf_size=1495040 offset=989184 data_num=1 flag=0x00000000 pts=697
valloc packet buffer: mpi_buf_id=177 dma_buf_fd=11 size=0
H264 first bytes: 00 00 00 01 41 e0 00 e0 01 c6 02 3c 11 cc 78 6e
encode_release_packet ret=0
MP4 frame 698/1500: sequence=702 pts=27880000 us key=0 nv12=4478976 h264=9952 acquire=6.484 ms encode=32.315 ms mux=0.148 ms
start encode NV12 with RV1106 vendor packet ABI, frame=698
encode_put_frame ret=0
encode_get_packet ret=0 handle=0xae9cf958 expected=0xae9cf958
vendor packet: mpi_buf_id=177 len=6462 buf_size=1495040 offset=999168 data_num=1 flag=0x00000000 pts=698
valloc packet buffer: mpi_buf_id=177 dma_buf_fd=11 size=0
H264 first bytes: 00 00 00 01 41 e0 01 00 02 06 07 f0 7b 29 e0 55
encode_release_packet ret=0
MP4 frame 699/1500: sequence=703 pts=27920000 us key=0 nv12=4478976 h264=6462 acquire=7.053 ms encode=29.672 ms mux=0.119 ms
start encode NV12 with RV1106 vendor packet ABI, frame=699
encode_put_frame ret=0
encode_get_packet ret=0 handle=0xae9cf958 expected=0xae9cf958
vendor packet: mpi_buf_id=177 len=6319 buf_size=1495040 offset=1005696 data_num=1 flag=0x00000000 pts=699
valloc packet buffer: mpi_buf_id=177 dma_buf_fd=11 size=0
H264 first bytes: 00 00 00 01 41 e0 01 20 02 46 07 f0 09 dc c7 84
encode_release_packet ret=0
MP4 frame 700/1500: sequence=704 pts=27960000 us key=0 nv12=4478976 h264=6319 acquire=9.780 ms encode=29.950 ms mux=0.118 ms
start encode NV12 with RV1106 vendor packet ABI, frame=700
encode_put_frame ret=0
encode_get_packet ret=0 handle=0xae9cf958 expected=0xae9cf958
vendor packet: mpi_buf_id=177 len=6302 buf_size=1495040 offset=1012096 data_num=1 flag=0x00000000 pts=700
valloc packet buffer: mpi_buf_id=177 dma_buf_fd=11 size=0
H264 first bytes: 00 00 00 01 41 e0 01 40 02 86 07 f0 57 9a 18 9c
encode_release_packet ret=0
MP4 frame 701/1500: sequence=705 pts=28000000 us key=0 nv12=4478976 h264=6302 acquire=9.455 ms encode=30.032 ms mux=0.117 ms
start encode NV12 with RV1106 vendor packet ABI, frame=701
encode_put_frame ret=0
encode_get_packet ret=0 handle=0xae9cf958 expected=0xae9cf958
vendor packet: mpi_buf_id=177 len=5899 buf_size=1495040 offset=1018496 data_num=1 flag=0x00000000 pts=701
valloc packet buffer: mpi_buf_id=177 dma_buf_fd=11 size=0
H264 first bytes: 00 00 00 01 41 e0 01 60 02 c6 07 f0 0c d5 1a 08
encode_release_packet ret=0
MP4 frame 702/1500: sequence=706 pts=28040000 us key=0 nv12=4478976 h264=5899 acquire=9.363 ms encode=33.226 ms mux=0.111 ms
start encode NV12 with RV1106 vendor packet ABI, frame=702
encode_put_frame ret=0
encode_get_packet ret=0 handle=0xae9cf958 expected=0xae9cf958
vendor packet: mpi_buf_id=177 len=5642 buf_size=1495040 offset=1024512 data_num=1 flag=0x00000000 pts=702
valloc packet buffer: mpi_buf_id=177 dma_buf_fd=11 size=0
H264 first bytes: 00 00 00 01 41 e0 01 80 03 06 07 f0 8f 42 47 68
encode_release_packet ret=0
MP4 frame 703/1500: sequence=707 pts=28080000 us key=0 nv12=4478976 h264=5642 acquire=6.115 ms encode=31.598 ms mux=0.105 ms
start encode NV12 with RV1106 vendor packet ABI, frame=703
encode_put_frame ret=0
encode_get_packet ret=0 handle=0xae9cf958 expected=0xae9cf958
vendor packet: mpi_buf_id=177 len=8230 buf_size=1495040 offset=1030272 data_num=1 flag=0x00000000 pts=703
valloc packet buffer: mpi_buf_id=177 dma_buf_fd=11 size=0
H264 first bytes: 00 00 00 01 41 e0 01 a0 03 46 02 3c 75 b9 eb 01
encode_release_packet ret=0
MP4 frame 704/1500: sequence=708 pts=28120000 us key=0 nv12=4478976 h264=8230 acquire=7.822 ms encode=29.687 ms mux=0.132 ms
start encode NV12 with RV1106 vendor packet ABI, frame=704
encode_put_frame ret=0
encode_get_packet ret=0 handle=0xae9cf958 expected=0xae9cf958
vendor packet: mpi_buf_id=177 len=7853 buf_size=1495040 offset=1038592 data_num=1 flag=0x00000000 pts=704
valloc packet buffer: mpi_buf_id=177 dma_buf_fd=11 size=0
H264 first bytes: 00 00 00 01 41 e0 01 c0 03 86 02 3c 0c 55 12 26
encode_release_packet ret=0
MP4 frame 705/1500: sequence=709 pts=28160000 us key=0 nv12=4478976 h264=7853 acquire=9.710 ms encode=30.104 ms mux=0.129 ms
start encode NV12 with RV1106 vendor packet ABI, frame=705
encode_put_frame ret=0
encode_get_packet ret=0 handle=0xae9cf958 expected=0xae9cf958
vendor packet: mpi_buf_id=177 len=8429 buf_size=1495040 offset=1046528 data_num=1 flag=0x00000000 pts=705
valloc packet buffer: mpi_buf_id=177 dma_buf_fd=11 size=0
H264 first bytes: 00 00 00 01 41 e0 01 e0 03 c6 02 3c 16 4b 80 8e
encode_release_packet ret=0
MP4 frame 706/1500: sequence=710 pts=28200000 us key=0 nv12=4478976 h264=8429 acquire=9.262 ms encode=31.144 ms mux=0.133 ms
start encode NV12 with RV1106 vendor packet ABI, frame=706
encode_put_frame ret=0
encode_get_packet ret=0 handle=0xae9cf958 expected=0xae9cf958
vendor packet: mpi_buf_id=177 len=8881 buf_size=1495040 offset=1054976 data_num=1 flag=0x00000000 pts=706
valloc packet buffer: mpi_buf_id=177 dma_buf_fd=11 size=0
H264 first bytes: 00 00 00 01 41 e0 02 00 04 06 02 3c 1e 4f 92 73
encode_release_packet ret=0
MP4 frame 707/1500: sequence=711 pts=28240000 us key=0 nv12=4478976 h264=8881 acquire=8.098 ms encode=29.342 ms mux=0.138 ms
start encode NV12 with RV1106 vendor packet ABI, frame=707
encode_put_frame ret=0
encode_get_packet ret=0 handle=0xae9cf958 expected=0xae9cf958
vendor packet: mpi_buf_id=177 len=8442 buf_size=1495040 offset=1063936 data_num=1 flag=0x00000000 pts=707
valloc packet buffer: mpi_buf_id=177 dma_buf_fd=11 size=0
H264 first bytes: 00 00 00 01 41 e0 02 20 04 46 02 3f 4a 02 8e 63
encode_release_packet ret=0
MP4 frame 708/1500: sequence=712 pts=28280000 us key=0 nv12=4478976 h264=8442 acquire=10.060 ms encode=32.003 ms mux=0.132 ms
start encode NV12 with RV1106 vendor packet ABI, frame=708
encode_put_frame ret=0
encode_get_packet ret=0 handle=0xae9cf958 expected=0xae9cf958
vendor packet: mpi_buf_id=177 len=9183 buf_size=1495040 offset=1072384 data_num=1 flag=0x00000000 pts=708
valloc packet buffer: mpi_buf_id=177 dma_buf_fd=11 size=0
H264 first bytes: 00 00 00 01 41 e0 02 40 04 86 02 3d d2 82 79 b0
encode_release_packet ret=0
MP4 frame 709/1500: sequence=713 pts=28320000 us key=0 nv12=4478976 h264=9183 acquire=8.503 ms encode=26.448 ms mux=0.141 ms
start encode NV12 with RV1106 vendor packet ABI, frame=709
encode_put_frame ret=0
encode_get_packet ret=0 handle=0xae9cf958 expected=0xae9cf958
vendor packet: mpi_buf_id=177 len=8962 buf_size=1495040 offset=1081600 data_num=1 flag=0x00000000 pts=709
valloc packet buffer: mpi_buf_id=177 dma_buf_fd=11 size=0
H264 first bytes: 00 00 00 01 41 e0 02 60 04 c6 02 3c 11 4f 84 38
encode_release_packet ret=0
MP4 frame 710/1500: sequence=714 pts=28360000 us key=0 nv12=4478976 h264=8962 acquire=12.567 ms encode=27.134 ms mux=0.136 ms
start encode NV12 with RV1106 vendor packet ABI, frame=710
encode_put_frame ret=0
encode_get_packet ret=0 handle=0xae9cf958 expected=0xae9cf958
vendor packet: mpi_buf_id=177 len=9002 buf_size=1495040 offset=1090688 data_num=1 flag=0x00000000 pts=710
valloc packet buffer: mpi_buf_id=177 dma_buf_fd=11 size=0
H264 first bytes: 00 00 00 01 41 e0 02 80 05 06 02 3c 11 c9 81 57
encode_release_packet ret=0
MP4 frame 711/1500: sequence=715 pts=28400000 us key=0 nv12=4478976 h264=9002 acquire=13.220 ms encode=28.616 ms mux=0.139 ms
start encode NV12 with RV1106 vendor packet ABI, frame=711
encode_put_frame ret=0
encode_get_packet ret=0 handle=0xae9cf958 expected=0xae9cf958
vendor packet: mpi_buf_id=177 len=8677 buf_size=1495040 offset=1099776 data_num=1 flag=0x00000000 pts=711
valloc packet buffer: mpi_buf_id=177 dma_buf_fd=11 size=0
H264 first bytes: 00 00 00 01 41 e0 02 a0 05 46 02 3c 14 52 80 48
encode_release_packet ret=0
MP4 frame 712/1500: sequence=716 pts=28440000 us key=0 nv12=4478976 h264=8677 acquire=9.797 ms encode=28.622 ms mux=0.137 ms
start encode NV12 with RV1106 vendor packet ABI, frame=712
encode_put_frame ret=0
encode_get_packet ret=0 handle=0xae9cf958 expected=0xae9cf958
vendor packet: mpi_buf_id=177 len=8180 buf_size=1495040 offset=1108480 data_num=1 flag=0x00000000 pts=712
valloc packet buffer: mpi_buf_id=177 dma_buf_fd=11 size=0
H264 first bytes: 00 00 00 01 41 e0 02 c0 05 86 02 3c 10 56 02 12
encode_release_packet ret=0
MP4 frame 713/1500: sequence=717 pts=28480000 us key=0 nv12=4478976 h264=8180 acquire=9.948 ms encode=29.292 ms mux=0.131 ms
start encode NV12 with RV1106 vendor packet ABI, frame=713
encode_put_frame ret=0
encode_get_packet ret=0 handle=0xae9cf958 expected=0xae9cf958
vendor packet: mpi_buf_id=177 len=13799 buf_size=1495040 offset=1116672 data_num=1 flag=0x00000000 pts=713
valloc packet buffer: mpi_buf_id=177 dma_buf_fd=11 size=0
H264 first bytes: 00 00 00 01 41 e0 02 e0 05 c6 02 7c 05 c5 1c 13
encode_release_packet ret=0
MP4 frame 714/1500: sequence=718 pts=28520000 us key=0 nv12=4478976 h264=13799 acquire=10.101 ms encode=31.621 ms mux=0.187 ms
start encode NV12 with RV1106 vendor packet ABI, frame=714
encode_put_frame ret=0
encode_get_packet ret=0 handle=0xae9cf958 expected=0xae9cf958
vendor packet: mpi_buf_id=177 len=9170 buf_size=1495040 offset=1130496 data_num=1 flag=0x00000000 pts=714
valloc packet buffer: mpi_buf_id=177 dma_buf_fd=11 size=0
H264 first bytes: 00 00 00 01 41 e0 03 00 06 06 02 3c 0f f2 1a 05
encode_release_packet ret=0
MP4 frame 715/1500: sequence=719 pts=28560000 us key=0 nv12=4478976 h264=9170 acquire=7.683 ms encode=27.098 ms mux=0.141 ms
start encode NV12 with RV1106 vendor packet ABI, frame=715
encode_put_frame ret=0
encode_get_packet ret=0 handle=0xae9cf958 expected=0xae9cf958
vendor packet: mpi_buf_id=177 len=9543 buf_size=1495040 offset=1139712 data_num=1 flag=0x00000000 pts=715
valloc packet buffer: mpi_buf_id=177 dma_buf_fd=11 size=0
H264 first bytes: 00 00 00 01 41 e0 03 20 06 46 02 3c 31 9a 06 49
encode_release_packet ret=0
MP4 frame 716/1500: sequence=720 pts=28600000 us key=0 nv12=4478976 h264=9543 acquire=12.272 ms encode=28.401 ms mux=0.141 ms
start encode NV12 with RV1106 vendor packet ABI, frame=716
encode_put_frame ret=0
encode_get_packet ret=0 handle=0xae9cf958 expected=0xae9cf958
vendor packet: mpi_buf_id=177 len=9334 buf_size=1495040 offset=1149312 data_num=1 flag=0x00000000 pts=716
valloc packet buffer: mpi_buf_id=177 dma_buf_fd=11 size=0
H264 first bytes: 00 00 00 01 41 e0 03 40 06 86 02 3c 08 12 60 53
encode_release_packet ret=0
MP4 frame 717/1500: sequence=721 pts=28640000 us key=0 nv12=4478976 h264=9334 acquire=11.118 ms encode=28.687 ms mux=0.146 ms
start encode NV12 with RV1106 vendor packet ABI, frame=717
encode_put_frame ret=0
encode_get_packet ret=0 handle=0xae9cf958 expected=0xae9cf958
vendor packet: mpi_buf_id=177 len=9611 buf_size=1495040 offset=1158656 data_num=1 flag=0x00000000 pts=717
valloc packet buffer: mpi_buf_id=177 dma_buf_fd=11 size=0
H264 first bytes: 00 00 00 01 41 e0 03 60 06 c6 02 3c 1e cc 78 0f
encode_release_packet ret=0
MP4 frame 718/1500: sequence=722 pts=28680000 us key=0 nv12=4478976 h264=9611 acquire=10.519 ms encode=27.261 ms mux=0.149 ms
start encode NV12 with RV1106 vendor packet ABI, frame=718
encode_put_frame ret=0
encode_get_packet ret=0 handle=0xae9cf958 expected=0xae9cf958
vendor packet: mpi_buf_id=177 len=15787 buf_size=1495040 offset=1168384 data_num=1 flag=0x00000000 pts=718
valloc packet buffer: mpi_buf_id=177 dma_buf_fd=11 size=0
H264 first bytes: 00 00 00 01 41 e0 03 80 07 06 02 7c 31 92 0a 76
encode_release_packet ret=0
MP4 frame 719/1500: sequence=723 pts=28720000 us key=0 nv12=4478976 h264=15787 acquire=12.122 ms encode=28.090 ms mux=0.212 ms
start encode NV12 with RV1106 vendor packet ABI, frame=719
encode_put_frame ret=0
encode_get_packet ret=0 handle=0xae9cf958 expected=0xae9cf958
vendor packet: mpi_buf_id=177 len=6680 buf_size=1495040 offset=1184256 data_num=1 flag=0x00000000 pts=719
valloc packet buffer: mpi_buf_id=177 dma_buf_fd=11 size=0
H264 first bytes: 00 00 00 01 41 e0 03 a0 07 46 07 f0 3b ea 3a 6c
encode_release_packet ret=0
MP4 frame 720/1500: sequence=724 pts=28760000 us key=0 nv12=4478976 h264=6680 acquire=11.205 ms encode=27.813 ms mux=0.115 ms
start encode NV12 with RV1106 vendor packet ABI, frame=720
encode_put_frame ret=0
encode_get_packet ret=0 handle=0xae9cf958 expected=0xae9cf958
vendor packet: mpi_buf_id=177 len=229423 buf_size=1495040 offset=1191040 data_num=1 flag=0x00000010 pts=720
valloc packet buffer: mpi_buf_id=177 dma_buf_fd=11 size=0
H264 first bytes: 00 00 00 01 65 b8 00 00 90 00 00 2b c2 91 22 80
encode_release_packet ret=0
MP4 frame 721/1500: sequence=725 pts=28800000 us key=1 nv12=4478976 h264=229423 acquire=11.672 ms encode=28.257 ms mux=4.480 ms
start encode NV12 with RV1106 vendor packet ABI, frame=721
encode_put_frame ret=0
encode_get_packet ret=0 handle=0xae9cf958 expected=0xae9cf958
vendor packet: mpi_buf_id=177 len=8581 buf_size=1495040 offset=1420544 data_num=1 flag=0x00000000 pts=721
valloc packet buffer: mpi_buf_id=177 dma_buf_fd=11 size=0
H264 first bytes: 00 00 00 01 41 e0 00 20 00 46 07 f0 bc d8 1f 27
encode_release_packet ret=0
MP4 frame 722/1500: sequence=726 pts=28840000 us key=0 nv12=4478976 h264=8581 acquire=6.654 ms encode=31.564 ms mux=0.137 ms
start encode NV12 with RV1106 vendor packet ABI, frame=722
encode_put_frame ret=0
encode_get_packet ret=0 handle=0xae9cf958 expected=0xae9cf958
vendor packet: mpi_buf_id=177 len=11500 buf_size=1495040 offset=1429248 data_num=1 flag=0x00000000 pts=722
valloc packet buffer: mpi_buf_id=177 dma_buf_fd=11 size=0
H264 first bytes: 00 00 00 01 41 e0 00 40 00 86 02 3c b3 28 08 19
encode_release_packet ret=0
MP4 frame 723/1500: sequence=727 pts=28880000 us key=0 nv12=4478976 h264=11500 acquire=7.814 ms encode=26.732 ms mux=0.169 ms
start encode NV12 with RV1106 vendor packet ABI, frame=723
encode_put_frame ret=0
encode_get_packet ret=0 handle=0xae9cf958 expected=0xae9cf958
vendor packet: mpi_buf_id=177 len=7856 buf_size=1495040 offset=1440768 data_num=1 flag=0x00000000 pts=723
valloc packet buffer: mpi_buf_id=177 dma_buf_fd=11 size=0
H264 first bytes: 00 00 00 01 41 e0 00 60 00 c6 07 f0 fc ea 5b 50
encode_release_packet ret=0
MP4 frame 724/1500: sequence=728 pts=28920000 us key=0 nv12=4478976 h264=7856 acquire=12.620 ms encode=27.787 ms mux=0.125 ms
start encode NV12 with RV1106 vendor packet ABI, frame=724
encode_put_frame ret=0
encode_get_packet ret=0 handle=0xae9cf958 expected=0xae9cf958
vendor packet: mpi_buf_id=177 len=7227 buf_size=1495040 offset=1448704 data_num=1 flag=0x00000000 pts=724
valloc packet buffer: mpi_buf_id=177 dma_buf_fd=11 size=0
H264 first bytes: 00 00 00 01 41 e0 00 80 01 06 07 f0 41 4e 07 59
encode_release_packet ret=0
MP4 frame 725/1500: sequence=729 pts=28960000 us key=0 nv12=4478976 h264=7227 acquire=11.591 ms encode=26.784 ms mux=0.121 ms
start encode NV12 with RV1106 vendor packet ABI, frame=725
encode_put_frame ret=0
encode_get_packet ret=0 handle=0xae9cf958 expected=0xae9cf958
vendor packet: mpi_buf_id=177 len=6573 buf_size=1495040 offset=1456000 data_num=1 flag=0x00000000 pts=725
valloc packet buffer: mpi_buf_id=177 dma_buf_fd=11 size=0
H264 first bytes: 00 00 00 01 41 e0 00 a0 01 46 07 f0 3b ea 5d c1
encode_release_packet ret=0
MP4 frame 726/1500: sequence=730 pts=29000000 us key=0 nv12=4478976 h264=6573 acquire=12.623 ms encode=28.414 ms mux=0.121 ms
start encode NV12 with RV1106 vendor packet ABI, frame=726
encode_put_frame ret=0
encode_get_packet ret=0 handle=0xae9cf958 expected=0xae9cf958
vendor packet: mpi_buf_id=177 len=9263 buf_size=1495040 offset=1462656 data_num=1 flag=0x00000000 pts=726
valloc packet buffer: mpi_buf_id=177 dma_buf_fd=11 size=0
H264 first bytes: 00 00 00 01 41 e0 00 c0 01 86 02 3c 76 d0 91 da
encode_release_packet ret=0
MP4 frame 727/1500: sequence=731 pts=29040000 us key=0 nv12=4478976 h264=9263 acquire=10.971 ms encode=27.249 ms mux=0.134 ms
start encode NV12 with RV1106 vendor packet ABI, frame=727
encode_put_frame ret=0
encode_get_packet ret=0 handle=0xae9cf958 expected=0xae9cf958
vendor packet: mpi_buf_id=177 len=6627 buf_size=1495040 offset=1472000 data_num=1 flag=0x00000000 pts=727
valloc packet buffer: mpi_buf_id=177 dma_buf_fd=11 size=0
H264 first bytes: 00 00 00 01 41 e0 00 e0 01 c6 07 f0 fc f8 14 af
encode_release_packet ret=0
MP4 frame 728/1500: sequence=732 pts=29080000 us key=0 nv12=4478976 h264=6627 acquire=12.170 ms encode=27.389 ms mux=0.117 ms
start encode NV12 with RV1106 vendor packet ABI, frame=728
encode_put_frame ret=0
encode_get_packet ret=0 handle=0xae9cf958 expected=0xae9cf958
vendor packet: mpi_buf_id=177 len=6515 buf_size=1495040 offset=1478656 data_num=1 flag=0x00000000 pts=728
valloc packet buffer: mpi_buf_id=177 dma_buf_fd=11 size=0
H264 first bytes: 00 00 00 01 41 e0 01 00 02 06 07 f0 35 ce 58 3a
encode_release_packet ret=0
MP4 frame 729/1500: sequence=733 pts=29120000 us key=0 nv12=4478976 h264=6515 acquire=11.969 ms encode=27.442 ms mux=0.117 ms
start encode NV12 with RV1106 vendor packet ABI, frame=729
encode_put_frame ret=0
encode_get_packet ret=0 handle=0xae9cf958 expected=0xae9cf958
vendor packet: mpi_buf_id=177 len=9061 buf_size=1495040 offset=1485184 data_num=1 flag=0x00000000 pts=729
valloc packet buffer: mpi_buf_id=177 dma_buf_fd=11 size=0
H264 first bytes: 00 00 00 01 41 e0 01 20 02 46 02 3c 1b f0 46 26
encode_release_packet ret=0
MP4 frame 730/1500: sequence=734 pts=29160000 us key=0 nv12=4478976 h264=9061 acquire=11.943 ms encode=27.610 ms mux=0.134 ms
start encode NV12 with RV1106 vendor packet ABI, frame=730
encode_put_frame ret=0
encode_get_packet ret=0 handle=0xae9cf958 expected=0xae9cf958
vendor packet: mpi_buf_id=177 len=9199 buf_size=1495040 offset=1494272 data_num=1 flag=0x00000000 pts=730
valloc packet buffer: mpi_buf_id=177 dma_buf_fd=11 size=0
H264 first bytes: 00 00 00 01 41 e0 01 40 02 86 02 3c 19 c8 90 94
encode_release_packet ret=0
MP4 frame 731/1500: sequence=735 pts=29200000 us key=0 nv12=4478976 h264=9199 acquire=11.765 ms encode=27.035 ms mux=0.138 ms
start encode NV12 with RV1106 vendor packet ABI, frame=731
encode_put_frame ret=0
encode_get_packet ret=0 handle=0xae9cf958 expected=0xae9cf958
vendor packet: mpi_buf_id=177 len=4696 buf_size=1495040 offset=8448 data_num=1 flag=0x00000000 pts=731
valloc packet buffer: mpi_buf_id=177 dma_buf_fd=11 size=0
H264 first bytes: 00 00 00 01 41 e0 01 60 02 c6 06 f0 61 2b 81 0f
encode_release_packet ret=0
MP4 frame 732/1500: sequence=736 pts=29240000 us key=0 nv12=4478976 h264=4696 acquire=12.334 ms encode=28.393 ms mux=0.097 ms
start encode NV12 with RV1106 vendor packet ABI, frame=732
encode_put_frame ret=0
encode_get_packet ret=0 handle=0xae9cf958 expected=0xae9cf958
vendor packet: mpi_buf_id=177 len=5883 buf_size=1495040 offset=13184 data_num=1 flag=0x00000000 pts=732
valloc packet buffer: mpi_buf_id=177 dma_buf_fd=11 size=0
H264 first bytes: 00 00 00 01 41 e0 01 80 03 06 07 f0 14 57 8a d4
encode_release_packet ret=0
MP4 frame 733/1500: sequence=737 pts=29280000 us key=0 nv12=4478976 h264=5883 acquire=11.054 ms encode=27.074 ms mux=0.108 ms
start encode NV12 with RV1106 vendor packet ABI, frame=733
encode_put_frame ret=0
encode_get_packet ret=0 handle=0xae9cf958 expected=0xae9cf958
vendor packet: mpi_buf_id=177 len=8706 buf_size=1495040 offset=19072 data_num=1 flag=0x00000000 pts=733
valloc packet buffer: mpi_buf_id=177 dma_buf_fd=11 size=0
H264 first bytes: 00 00 00 01 41 e0 01 a0 03 46 02 3c 3f 26 04 3a
encode_release_packet ret=0
MP4 frame 734/1500: sequence=738 pts=29320000 us key=0 nv12=4478976 h264=8706 acquire=12.303 ms encode=28.272 ms mux=0.164 ms
start encode NV12 with RV1106 vendor packet ABI, frame=734
encode_put_frame ret=0
encode_get_packet ret=0 handle=0xae9cf958 expected=0xae9cf958
vendor packet: mpi_buf_id=177 len=8724 buf_size=1495040 offset=27904 data_num=1 flag=0x00000000 pts=734
valloc packet buffer: mpi_buf_id=177 dma_buf_fd=11 size=0
H264 first bytes: 00 00 00 01 41 e0 01 c0 03 86 02 3c 05 45 28 1e
encode_release_packet ret=0
MP4 frame 735/1500: sequence=739 pts=29360000 us key=0 nv12=4478976 h264=8724 acquire=11.092 ms encode=27.802 ms mux=0.134 ms
start encode NV12 with RV1106 vendor packet ABI, frame=735
encode_put_frame ret=0
encode_get_packet ret=0 handle=0xae9cf958 expected=0xae9cf958
vendor packet: mpi_buf_id=177 len=8036 buf_size=1495040 offset=36736 data_num=1 flag=0x00000000 pts=735
valloc packet buffer: mpi_buf_id=177 dma_buf_fd=11 size=0
H264 first bytes: 00 00 00 01 41 e0 01 e0 03 c6 02 3c d6 a0 77 b3
encode_release_packet ret=0
MP4 frame 736/1500: sequence=740 pts=29400000 us key=0 nv12=4478976 h264=8036 acquire=11.575 ms encode=28.417 ms mux=0.133 ms
start encode NV12 with RV1106 vendor packet ABI, frame=736
encode_put_frame ret=0
encode_get_packet ret=0 handle=0xae9cf958 expected=0xae9cf958
vendor packet: mpi_buf_id=177 len=9286 buf_size=1495040 offset=44800 data_num=1 flag=0x00000000 pts=736
valloc packet buffer: mpi_buf_id=177 dma_buf_fd=11 size=0
H264 first bytes: 00 00 00 01 41 e0 02 00 04 06 02 3c 08 74 e5 98
encode_release_packet ret=0
MP4 frame 737/1500: sequence=741 pts=29440000 us key=0 nv12=4478976 h264=9286 acquire=10.967 ms encode=27.869 ms mux=0.138 ms
start encode NV12 with RV1106 vendor packet ABI, frame=737
encode_put_frame ret=0
encode_get_packet ret=0 handle=0xae9cf958 expected=0xae9cf958
vendor packet: mpi_buf_id=177 len=8944 buf_size=1495040 offset=54144 data_num=1 flag=0x00000000 pts=737
valloc packet buffer: mpi_buf_id=177 dma_buf_fd=11 size=0
H264 first bytes: 00 00 00 01 41 e0 02 20 04 46 02 3c 08 b3 e0 ff
encode_release_packet ret=0
MP4 frame 738/1500: sequence=742 pts=29480000 us key=0 nv12=4478976 h264=8944 acquire=11.386 ms encode=27.759 ms mux=0.136 ms
start encode NV12 with RV1106 vendor packet ABI, frame=738
encode_put_frame ret=0
encode_get_packet ret=0 handle=0xae9cf958 expected=0xae9cf958
vendor packet: mpi_buf_id=177 len=9078 buf_size=1495040 offset=63104 data_num=1 flag=0x00000000 pts=738
valloc packet buffer: mpi_buf_id=177 dma_buf_fd=11 size=0
H264 first bytes: 00 00 00 01 41 e0 02 40 04 86 02 3c 04 5f 04 c2
encode_release_packet ret=0
MP4 frame 739/1500: sequence=743 pts=29520000 us key=0 nv12=4478976 h264=9078 acquire=11.695 ms encode=26.764 ms mux=0.144 ms
start encode NV12 with RV1106 vendor packet ABI, frame=739
encode_put_frame ret=0
encode_get_packet ret=0 handle=0xae9cf958 expected=0xae9cf958
vendor packet: mpi_buf_id=177 len=9198 buf_size=1495040 offset=72192 data_num=1 flag=0x00000000 pts=739
valloc packet buffer: mpi_buf_id=177 dma_buf_fd=11 size=0
H264 first bytes: 00 00 00 01 41 e0 02 60 04 c6 02 3c da 82 ae 0a
encode_release_packet ret=0
MP4 frame 740/1500: sequence=744 pts=29560000 us key=0 nv12=4478976 h264=9198 acquire=12.516 ms encode=28.304 ms mux=0.139 ms
start encode NV12 with RV1106 vendor packet ABI, frame=740
encode_put_frame ret=0
encode_get_packet ret=0 handle=0xae9cf958 expected=0xae9cf958
vendor packet: mpi_buf_id=177 len=9595 buf_size=1495040 offset=81408 data_num=1 flag=0x00000000 pts=740
valloc packet buffer: mpi_buf_id=177 dma_buf_fd=11 size=0
H264 first bytes: 00 00 00 01 41 e0 02 80 05 06 02 3c db 9e a0 84
encode_release_packet ret=0
MP4 frame 741/1500: sequence=745 pts=29600000 us key=0 nv12=4478976 h264=9595 acquire=11.076 ms encode=27.174 ms mux=0.141 ms
start encode NV12 with RV1106 vendor packet ABI, frame=741
encode_put_frame ret=0
encode_get_packet ret=0 handle=0xae9cf958 expected=0xae9cf958
vendor packet: mpi_buf_id=177 len=8976 buf_size=1495040 offset=91008 data_num=1 flag=0x00000000 pts=741
valloc packet buffer: mpi_buf_id=177 dma_buf_fd=11 size=0
H264 first bytes: 00 00 00 01 41 e0 02 a0 05 46 02 3c 0a 32 12 04
encode_release_packet ret=0
MP4 frame 742/1500: sequence=746 pts=29640000 us key=0 nv12=4478976 h264=8976 acquire=12.192 ms encode=27.395 ms mux=0.136 ms
start encode NV12 with RV1106 vendor packet ABI, frame=742
encode_put_frame ret=0
encode_get_packet ret=0 handle=0xae9cf958 expected=0xae9cf958
vendor packet: mpi_buf_id=177 len=9533 buf_size=1495040 offset=100096 data_num=1 flag=0x00000000 pts=742
valloc packet buffer: mpi_buf_id=177 dma_buf_fd=11 size=0
H264 first bytes: 00 00 00 01 41 e0 02 c0 05 86 02 3c 0f 96 e1 cc
encode_release_packet ret=0
MP4 frame 743/1500: sequence=747 pts=29680000 us key=0 nv12=4478976 h264=9533 acquire=12.000 ms encode=27.638 ms mux=0.139 ms
start encode NV12 with RV1106 vendor packet ABI, frame=743
encode_put_frame ret=0
encode_get_packet ret=0 handle=0xae9cf958 expected=0xae9cf958
vendor packet: mpi_buf_id=177 len=9605 buf_size=1495040 offset=109696 data_num=1 flag=0x00000000 pts=743
valloc packet buffer: mpi_buf_id=177 dma_buf_fd=11 size=0
H264 first bytes: 00 00 00 01 41 e0 02 e0 05 c6 02 3c 04 8e 7e 6c
encode_release_packet ret=0
MP4 frame 744/1500: sequence=748 pts=29720000 us key=0 nv12=4478976 h264=9605 acquire=11.734 ms encode=27.939 ms mux=0.148 ms
start encode NV12 with RV1106 vendor packet ABI, frame=744
encode_put_frame ret=0
encode_get_packet ret=0 handle=0xae9cf958 expected=0xae9cf958
vendor packet: mpi_buf_id=177 len=9741 buf_size=1495040 offset=119424 data_num=1 flag=0x00000000 pts=744
valloc packet buffer: mpi_buf_id=177 dma_buf_fd=11 size=0
H264 first bytes: 00 00 00 01 41 e0 03 00 06 06 02 3c ba 87 e6 71
encode_release_packet ret=0
MP4 frame 745/1500: sequence=749 pts=29760000 us key=0 nv12=4478976 h264=9741 acquire=11.422 ms encode=27.831 ms mux=0.143 ms
start encode NV12 with RV1106 vendor packet ABI, frame=745
encode_put_frame ret=0
encode_get_packet ret=0 handle=0xae9cf958 expected=0xae9cf958
vendor packet: mpi_buf_id=177 len=9641 buf_size=1495040 offset=129280 data_num=1 flag=0x00000000 pts=745
valloc packet buffer: mpi_buf_id=177 dma_buf_fd=11 size=0
H264 first bytes: 00 00 00 01 41 e0 03 20 06 46 02 3c 2b 36 03 1e
encode_release_packet ret=0
MP4 frame 746/1500: sequence=750 pts=29800000 us key=0 nv12=4478976 h264=9641 acquire=11.401 ms encode=27.374 ms mux=0.144 ms
start encode NV12 with RV1106 vendor packet ABI, frame=746
encode_put_frame ret=0
encode_get_packet ret=0 handle=0xae9cf958 expected=0xae9cf958
vendor packet: mpi_buf_id=177 len=9831 buf_size=1495040 offset=139008 data_num=1 flag=0x00000000 pts=746
valloc packet buffer: mpi_buf_id=177 dma_buf_fd=11 size=0
H264 first bytes: 00 00 00 01 41 e0 03 40 06 86 02 3c 0f 59 e2 a9
encode_release_packet ret=0
MP4 frame 747/1500: sequence=751 pts=29840000 us key=0 nv12=4478976 h264=9831 acquire=12.014 ms encode=27.162 ms mux=0.149 ms
start encode NV12 with RV1106 vendor packet ABI, frame=747
encode_put_frame ret=0
encode_get_packet ret=0 handle=0xae9cf958 expected=0xae9cf958
vendor packet: mpi_buf_id=177 len=9767 buf_size=1495040 offset=148864 data_num=1 flag=0x00000000 pts=747
valloc packet buffer: mpi_buf_id=177 dma_buf_fd=11 size=0
H264 first bytes: 00 00 00 01 41 e0 03 60 06 c6 02 3c 37 33 96 7c
encode_release_packet ret=0
MP4 frame 748/1500: sequence=752 pts=29880000 us key=0 nv12=4478976 h264=9767 acquire=12.208 ms encode=28.400 ms mux=0.146 ms
start encode NV12 with RV1106 vendor packet ABI, frame=748
encode_put_frame ret=0
encode_get_packet ret=0 handle=0xae9cf958 expected=0xae9cf958
vendor packet: mpi_buf_id=177 len=15125 buf_size=1495040 offset=158720 data_num=1 flag=0x00000000 pts=748
valloc packet buffer: mpi_buf_id=177 dma_buf_fd=11 size=0
H264 first bytes: 00 00 00 01 41 e0 03 80 07 06 02 7c 09 db 18 24
encode_release_packet ret=0
MP4 frame 749/1500: sequence=753 pts=29920000 us key=0 nv12=4478976 h264=15125 acquire=10.947 ms encode=27.659 ms mux=0.203 ms
start encode NV12 with RV1106 vendor packet ABI, frame=749
encode_put_frame ret=0
encode_get_packet ret=0 handle=0xae9cf958 expected=0xae9cf958
vendor packet: mpi_buf_id=177 len=9673 buf_size=1495040 offset=173952 data_num=1 flag=0x00000000 pts=749
valloc packet buffer: mpi_buf_id=177 dma_buf_fd=11 size=0
H264 first bytes: 00 00 00 01 41 e0 03 a0 07 46 02 3c 3f 59 77 03
encode_release_packet ret=0
MP4 frame 750/1500: sequence=754 pts=29960000 us key=0 nv12=4478976 h264=9673 acquire=11.653 ms encode=27.333 ms mux=0.144 ms
start encode NV12 with RV1106 vendor packet ABI, frame=750
encode_put_frame ret=0
encode_get_packet ret=0 handle=0xae9cf958 expected=0xae9cf958
vendor packet: mpi_buf_id=177 len=224642 buf_size=1495040 offset=183680 data_num=1 flag=0x00000010 pts=750
valloc packet buffer: mpi_buf_id=177 dma_buf_fd=11 size=0
H264 first bytes: 00 00 00 01 65 b8 00 00 a0 00 00 2b c2 91 22 80
encode_release_packet ret=0
MP4 frame 751/1500: sequence=755 pts=30000000 us key=1 nv12=4478976 h264=224642 acquire=12.033 ms encode=26.768 ms mux=4.436 ms
start encode NV12 with RV1106 vendor packet ABI, frame=751
encode_put_frame ret=0
encode_get_packet ret=0 handle=0xae9cf958 expected=0xae9cf958
vendor packet: mpi_buf_id=177 len=12262 buf_size=1495040 offset=408448 data_num=1 flag=0x00000000 pts=751
valloc packet buffer: mpi_buf_id=177 dma_buf_fd=11 size=0
H264 first bytes: 00 00 00 01 41 e0 00 20 00 46 02 3c 33 2e 7b c3
encode_release_packet ret=0
MP4 frame 752/1500: sequence=756 pts=30040000 us key=0 nv12=4478976 h264=12262 acquire=8.305 ms encode=29.019 ms mux=0.177 ms
start encode NV12 with RV1106 vendor packet ABI, frame=752
encode_put_frame ret=0
encode_get_packet ret=0 handle=0xae9cf958 expected=0xae9cf958
vendor packet: mpi_buf_id=177 len=11753 buf_size=1495040 offset=420736 data_num=1 flag=0x00000000 pts=752
valloc packet buffer: mpi_buf_id=177 dma_buf_fd=11 size=0
H264 first bytes: 00 00 00 01 41 e0 00 40 00 86 02 3c 1e c9 8d 91
encode_release_packet ret=0
MP4 frame 753/1500: sequence=757 pts=30080000 us key=0 nv12=4478976 h264=11753 acquire=10.310 ms encode=27.126 ms mux=0.162 ms
start encode NV12 with RV1106 vendor packet ABI, frame=753
encode_put_frame ret=0
encode_get_packet ret=0 handle=0xae9cf958 expected=0xae9cf958
vendor packet: mpi_buf_id=177 len=11306 buf_size=1495040 offset=432512 data_num=1 flag=0x00000000 pts=753
valloc packet buffer: mpi_buf_id=177 dma_buf_fd=11 size=0
H264 first bytes: 00 00 00 01 41 e0 00 60 00 c6 02 3c 0c 14 98 95
encode_release_packet ret=0
MP4 frame 754/1500: sequence=758 pts=30120000 us key=0 nv12=4478976 h264=11306 acquire=12.233 ms encode=27.797 ms mux=0.164 ms
start encode NV12 with RV1106 vendor packet ABI, frame=754
encode_put_frame ret=0
encode_get_packet ret=0 handle=0xae9cf958 expected=0xae9cf958
vendor packet: mpi_buf_id=177 len=10838 buf_size=1495040 offset=443904 data_num=1 flag=0x00000000 pts=754
valloc packet buffer: mpi_buf_id=177 dma_buf_fd=11 size=0
H264 first bytes: 00 00 00 01 41 e0 00 80 01 06 02 3c 2b 36 01 59
encode_release_packet ret=0
MP4 frame 755/1500: sequence=759 pts=30160000 us key=0 nv12=4478976 h264=10838 acquire=11.516 ms encode=26.669 ms mux=0.159 ms
start encode NV12 with RV1106 vendor packet ABI, frame=755
encode_put_frame ret=0
encode_get_packet ret=0 handle=0xae9cf958 expected=0xae9cf958
vendor packet: mpi_buf_id=177 len=7377 buf_size=1495040 offset=454784 data_num=1 flag=0x00000000 pts=755
valloc packet buffer: mpi_buf_id=177 dma_buf_fd=11 size=0
H264 first bytes: 00 00 00 01 41 e0 00 a0 01 46 07 f0 67 48 12 09
encode_release_packet ret=0
MP4 frame 756/1500: sequence=760 pts=30200000 us key=0 nv12=4478976 h264=7377 acquire=12.672 ms encode=27.409 ms mux=0.125 ms
start encode NV12 with RV1106 vendor packet ABI, frame=756
encode_put_frame ret=0
encode_get_packet ret=0 handle=0xae9cf958 expected=0xae9cf958
vendor packet: mpi_buf_id=177 len=10334 buf_size=1495040 offset=462208 data_num=1 flag=0x00000000 pts=756
valloc packet buffer: mpi_buf_id=177 dma_buf_fd=11 size=0
H264 first bytes: 00 00 00 01 41 e0 00 c0 01 86 02 3c 3b 31 a1 db
encode_release_packet ret=0
MP4 frame 757/1500: sequence=761 pts=30240000 us key=0 nv12=4478976 h264=10334 acquire=12.008 ms encode=27.743 ms mux=0.154 ms
start encode NV12 with RV1106 vendor packet ABI, frame=757
encode_put_frame ret=0
encode_get_packet ret=0 handle=0xae9cf958 expected=0xae9cf958
vendor packet: mpi_buf_id=177 len=9943 buf_size=1495040 offset=472576 data_num=1 flag=0x00000000 pts=757
valloc packet buffer: mpi_buf_id=177 dma_buf_fd=11 size=0
H264 first bytes: 00 00 00 01 41 e0 00 e0 01 c6 02 3c 1f 5e 02 12
encode_release_packet ret=0
MP4 frame 758/1500: sequence=762 pts=30280000 us key=0 nv12=4478976 h264=9943 acquire=11.604 ms encode=27.768 ms mux=0.154 ms
start encode NV12 with RV1106 vendor packet ABI, frame=758
encode_put_frame ret=0
encode_get_packet ret=0 handle=0xae9cf958 expected=0xae9cf958
vendor packet: mpi_buf_id=177 len=10116 buf_size=1495040 offset=482560 data_num=1 flag=0x00000000 pts=758
valloc packet buffer: mpi_buf_id=177 dma_buf_fd=11 size=0
H264 first bytes: 00 00 00 01 41 e0 01 00 02 06 02 3c 04 04 a7 42
encode_release_packet ret=0
MP4 frame 759/1500: sequence=763 pts=30320000 us key=0 nv12=4478976 h264=10116 acquire=11.579 ms encode=26.724 ms mux=0.153 ms
start encode NV12 with RV1106 vendor packet ABI, frame=759
encode_put_frame ret=0
encode_get_packet ret=0 handle=0xae9cf958 expected=0xae9cf958
vendor packet: mpi_buf_id=177 len=10099 buf_size=1495040 offset=492800 data_num=1 flag=0x00000000 pts=759
valloc packet buffer: mpi_buf_id=177 dma_buf_fd=11 size=0
H264 first bytes: 00 00 00 01 41 e0 01 20 02 46 02 3c 21 58 1b 26
encode_release_packet ret=0
MP4 frame 760/1500: sequence=764 pts=30360000 us key=0 nv12=4478976 h264=10099 acquire=12.631 ms encode=27.417 ms mux=0.150 ms
start encode NV12 with RV1106 vendor packet ABI, frame=760
encode_put_frame ret=0
encode_get_packet ret=0 handle=0xae9cf958 expected=0xae9cf958
vendor packet: mpi_buf_id=177 len=6881 buf_size=1495040 offset=502912 data_num=1 flag=0x00000000 pts=760
valloc packet buffer: mpi_buf_id=177 dma_buf_fd=11 size=0
H264 first bytes: 00 00 00 01 41 e0 01 40 02 86 07 f0 24 48 68 16
encode_release_packet ret=0
MP4 frame 761/1500: sequence=765 pts=30400000 us key=0 nv12=4478976 h264=6881 acquire=11.960 ms encode=27.335 ms mux=0.120 ms
start encode NV12 with RV1106 vendor packet ABI, frame=761
encode_put_frame ret=0
encode_get_packet ret=0 handle=0xae9cf958 expected=0xae9cf958
vendor packet: mpi_buf_id=177 len=9780 buf_size=1495040 offset=509824 data_num=1 flag=0x00000000 pts=761
valloc packet buffer: mpi_buf_id=177 dma_buf_fd=11 size=0
H264 first bytes: 00 00 00 01 41 e0 01 60 02 c6 02 3c 10 4f 81 6a
encode_release_packet ret=0
MP4 frame 762/1500: sequence=766 pts=30440000 us key=0 nv12=4478976 h264=9780 acquire=12.043 ms encode=27.364 ms mux=0.148 ms
start encode NV12 with RV1106 vendor packet ABI, frame=762
encode_put_frame ret=0
encode_get_packet ret=0 handle=0xae9cf958 expected=0xae9cf958
vendor packet: mpi_buf_id=177 len=9267 buf_size=1495040 offset=519680 data_num=1 flag=0x00000000 pts=762
valloc packet buffer: mpi_buf_id=177 dma_buf_fd=11 size=0
H264 first bytes: 00 00 00 01 41 e0 01 80 03 06 02 3c 0b 53 4a 27
encode_release_packet ret=0
MP4 frame 763/1500: sequence=767 pts=30480000 us key=0 nv12=4478976 h264=9267 acquire=12.013 ms encode=27.654 ms mux=0.145 ms
start encode NV12 with RV1106 vendor packet ABI, frame=763
encode_put_frame ret=0
encode_get_packet ret=0 handle=0xae9cf958 expected=0xae9cf958
vendor packet: mpi_buf_id=177 len=9783 buf_size=1495040 offset=529024 data_num=1 flag=0x00000000 pts=763
valloc packet buffer: mpi_buf_id=177 dma_buf_fd=11 size=0
H264 first bytes: 00 00 00 01 41 e0 01 a0 03 46 02 3c 09 57 85 b7
encode_release_packet ret=0
MP4 frame 764/1500: sequence=768 pts=30520000 us key=0 nv12=4478976 h264=9783 acquire=11.715 ms encode=27.842 ms mux=0.147 ms
start encode NV12 with RV1106 vendor packet ABI, frame=764
encode_put_frame ret=0
encode_get_packet ret=0 handle=0xae9cf958 expected=0xae9cf958
vendor packet: mpi_buf_id=177 len=9623 buf_size=1495040 offset=538880 data_num=1 flag=0x00000000 pts=764
valloc packet buffer: mpi_buf_id=177 dma_buf_fd=11 size=0
H264 first bytes: 00 00 00 01 41 e0 01 c0 03 86 02 3c 05 95 e1 ea
encode_release_packet ret=0
MP4 frame 765/1500: sequence=769 pts=30560000 us key=0 nv12=4478976 h264=9623 acquire=11.518 ms encode=27.194 ms mux=0.146 ms
start encode NV12 with RV1106 vendor packet ABI, frame=765
encode_put_frame ret=0
encode_get_packet ret=0 handle=0xae9cf958 expected=0xae9cf958
vendor packet: mpi_buf_id=177 len=8682 buf_size=1495040 offset=548608 data_num=1 flag=0x00000000 pts=765
valloc packet buffer: mpi_buf_id=177 dma_buf_fd=11 size=0
H264 first bytes: 00 00 00 01 41 e0 01 e0 03 c6 02 3c 02 c6 5f db
encode_release_packet ret=0
MP4 frame 766/1500: sequence=770 pts=30600000 us key=0 nv12=4478976 h264=8682 acquire=12.175 ms encode=28.408 ms mux=0.137 ms
start encode NV12 with RV1106 vendor packet ABI, frame=766
encode_put_frame ret=0
encode_get_packet ret=0 handle=0xae9cf958 expected=0xae9cf958
vendor packet: mpi_buf_id=177 len=9661 buf_size=1495040 offset=557312 data_num=1 flag=0x00000000 pts=766
valloc packet buffer: mpi_buf_id=177 dma_buf_fd=11 size=0
H264 first bytes: 00 00 00 01 41 e0 02 00 04 06 02 3c 37 3a 9b 70
encode_release_packet ret=0
MP4 frame 767/1500: sequence=771 pts=30640000 us key=0 nv12=4478976 h264=9661 acquire=10.952 ms encode=27.705 ms mux=0.141 ms
start encode NV12 with RV1106 vendor packet ABI, frame=767
encode_put_frame ret=0
encode_get_packet ret=0 handle=0xae9cf958 expected=0xae9cf958
vendor packet: mpi_buf_id=177 len=9334 buf_size=1495040 offset=567040 data_num=1 flag=0x00000000 pts=767
valloc packet buffer: mpi_buf_id=177 dma_buf_fd=11 size=0
H264 first bytes: 00 00 00 01 41 e0 02 20 04 46 02 3c 3f 4e 06 3d
encode_release_packet ret=0
MP4 frame 768/1500: sequence=772 pts=30680000 us key=0 nv12=4478976 h264=9334 acquire=11.668 ms encode=27.421 ms mux=0.141 ms
start encode NV12 with RV1106 vendor packet ABI, frame=768
encode_put_frame ret=0
encode_get_packet ret=0 handle=0xae9cf958 expected=0xae9cf958
vendor packet: mpi_buf_id=177 len=9579 buf_size=1495040 offset=576384 data_num=1 flag=0x00000000 pts=768
valloc packet buffer: mpi_buf_id=177 dma_buf_fd=11 size=0
H264 first bytes: 00 00 00 01 41 e0 02 40 04 86 02 3c 0e 52 1a 33
encode_release_packet ret=0
MP4 frame 769/1500: sequence=773 pts=30720000 us key=0 nv12=4478976 h264=9579 acquire=11.964 ms encode=27.908 ms mux=0.146 ms
start encode NV12 with RV1106 vendor packet ABI, frame=769
encode_put_frame ret=0
encode_get_packet ret=0 handle=0xae9cf958 expected=0xae9cf958
vendor packet: mpi_buf_id=177 len=9315 buf_size=1495040 offset=585984 data_num=1 flag=0x00000000 pts=769
valloc packet buffer: mpi_buf_id=177 dma_buf_fd=11 size=0
H264 first bytes: 00 00 00 01 41 e0 02 60 04 c6 02 3c 09 32 9a 0c
encode_release_packet ret=0
MP4 frame 770/1500: sequence=774 pts=30760000 us key=0 nv12=4478976 h264=9315 acquire=11.448 ms encode=27.454 ms mux=0.139 ms
start encode NV12 with RV1106 vendor packet ABI, frame=770
encode_put_frame ret=0
encode_get_packet ret=0 handle=0xae9cf958 expected=0xae9cf958
vendor packet: mpi_buf_id=177 len=9289 buf_size=1495040 offset=595328 data_num=1 flag=0x00000000 pts=770
valloc packet buffer: mpi_buf_id=177 dma_buf_fd=11 size=0
H264 first bytes: 00 00 00 01 41 e0 02 80 05 06 02 3c 02 91 34 16
encode_release_packet ret=0
MP4 frame 771/1500: sequence=775 pts=30800000 us key=0 nv12=4478976 h264=9289 acquire=11.960 ms encode=27.016 ms mux=0.137 ms
start encode NV12 with RV1106 vendor packet ABI, frame=771
encode_put_frame ret=0
encode_get_packet ret=0 handle=0xae9cf958 expected=0xae9cf958
vendor packet: mpi_buf_id=177 len=9535 buf_size=1495040 offset=604672 data_num=1 flag=0x00000000 pts=771
valloc packet buffer: mpi_buf_id=177 dma_buf_fd=11 size=0
H264 first bytes: 00 00 00 01 41 e0 02 a0 05 46 02 3c 37 36 07 09
encode_release_packet ret=0
MP4 frame 772/1500: sequence=776 pts=30840000 us key=0 nv12=4478976 h264=9535 acquire=12.323 ms encode=27.333 ms mux=0.152 ms
start encode NV12 with RV1106 vendor packet ABI, frame=772
encode_put_frame ret=0
encode_get_packet ret=0 handle=0xae9cf958 expected=0xae9cf958
vendor packet: mpi_buf_id=177 len=9300 buf_size=1495040 offset=614272 data_num=1 flag=0x00000000 pts=772
valloc packet buffer: mpi_buf_id=177 dma_buf_fd=11 size=0
H264 first bytes: 00 00 00 01 41 e0 02 c0 05 86 02 3c 02 2d 3e 10
encode_release_packet ret=0
MP4 frame 773/1500: sequence=777 pts=30880000 us key=0 nv12=4478976 h264=9300 acquire=12.021 ms encode=26.220 ms mux=0.140 ms
start encode NV12 with RV1106 vendor packet ABI, frame=773
encode_put_frame ret=0
encode_get_packet ret=0 handle=0xae9cf958 expected=0xae9cf958
vendor packet: mpi_buf_id=177 len=9612 buf_size=1495040 offset=623616 data_num=1 flag=0x00000000 pts=773
valloc packet buffer: mpi_buf_id=177 dma_buf_fd=11 size=0
H264 first bytes: 00 00 00 01 41 e0 02 e0 05 c6 02 3c 65 c1 28 97
encode_release_packet ret=0
MP4 frame 774/1500: sequence=778 pts=30920000 us key=0 nv12=4478976 h264=9612 acquire=13.146 ms encode=26.847 ms mux=0.142 ms
start encode NV12 with RV1106 vendor packet ABI, frame=774
encode_put_frame ret=0
encode_get_packet ret=0 handle=0xae9cf958 expected=0xae9cf958
vendor packet: mpi_buf_id=177 len=9484 buf_size=1495040 offset=633344 data_num=1 flag=0x00000000 pts=774
valloc packet buffer: mpi_buf_id=177 dma_buf_fd=11 size=0
H264 first bytes: 00 00 00 01 41 e0 03 00 06 06 02 3c 04 e7 42 c7
encode_release_packet ret=0
MP4 frame 775/1500: sequence=779 pts=30960000 us key=0 nv12=4478976 h264=9484 acquire=12.530 ms encode=26.200 ms mux=0.141 ms
start encode NV12 with RV1106 vendor packet ABI, frame=775
encode_put_frame ret=0
encode_get_packet ret=0 handle=0xae9cf958 expected=0xae9cf958
vendor packet: mpi_buf_id=177 len=8684 buf_size=1495040 offset=642944 data_num=1 flag=0x00000000 pts=775
valloc packet buffer: mpi_buf_id=177 dma_buf_fd=11 size=0
H264 first bytes: 00 00 00 01 41 e0 03 20 06 46 02 3c 1e c9 81 76
encode_release_packet ret=0
MP4 frame 776/1500: sequence=780 pts=31000000 us key=0 nv12=4478976 h264=8684 acquire=13.169 ms encode=26.961 ms mux=0.133 ms
start encode NV12 with RV1106 vendor packet ABI, frame=776
encode_put_frame ret=0
encode_get_packet ret=0 handle=0xae9cf958 expected=0xae9cf958
vendor packet: mpi_buf_id=177 len=8818 buf_size=1495040 offset=651648 data_num=1 flag=0x00000000 pts=776
valloc packet buffer: mpi_buf_id=177 dma_buf_fd=11 size=0
H264 first bytes: 00 00 00 01 41 e0 03 40 06 86 02 3c 04 c4 a5 82
encode_release_packet ret=0
MP4 frame 777/1500: sequence=781 pts=31040000 us key=0 nv12=4478976 h264=8818 acquire=12.308 ms encode=26.235 ms mux=0.140 ms
start encode NV12 with RV1106 vendor packet ABI, frame=777
encode_put_frame ret=0
encode_get_packet ret=0 handle=0xae9cf958 expected=0xae9cf958
vendor packet: mpi_buf_id=177 len=14647 buf_size=1495040 offset=660480 data_num=1 flag=0x00000000 pts=777
valloc packet buffer: mpi_buf_id=177 dma_buf_fd=11 size=0
H264 first bytes: 00 00 00 01 41 e0 03 60 06 c6 02 7c 06 2c f1 c2
encode_release_packet ret=0
MP4 frame 778/1500: sequence=782 pts=31080000 us key=0 nv12=4478976 h264=14647 acquire=13.138 ms encode=26.840 ms mux=1.093 ms
start encode NV12 with RV1106 vendor packet ABI, frame=778
encode_put_frame ret=0
encode_get_packet ret=0 handle=0xae9cf958 expected=0xae9cf958
vendor packet: mpi_buf_id=177 len=10227 buf_size=1495040 offset=675200 data_num=1 flag=0x00000000 pts=778
valloc packet buffer: mpi_buf_id=177 dma_buf_fd=11 size=0
H264 first bytes: 00 00 00 01 41 e0 03 80 07 06 02 3c 09 f2 60 20
encode_release_packet ret=0
MP4 frame 779/1500: sequence=783 pts=31120000 us key=0 nv12=4478976 h264=10227 acquire=11.573 ms encode=26.240 ms mux=0.150 ms
start encode NV12 with RV1106 vendor packet ABI, frame=779
encode_put_frame ret=0
encode_get_packet ret=0 handle=0xae9cf958 expected=0xae9cf958
vendor packet: mpi_buf_id=177 len=9220 buf_size=1495040 offset=685440 data_num=1 flag=0x00000000 pts=779
valloc packet buffer: mpi_buf_id=177 dma_buf_fd=11 size=0
H264 first bytes: 00 00 00 01 41 e0 03 a0 07 46 02 3c 02 1d 9e 0b
encode_release_packet ret=0
MP4 frame 780/1500: sequence=784 pts=31160000 us key=0 nv12=4478976 h264=9220 acquire=13.117 ms encode=26.848 ms mux=0.145 ms
start encode NV12 with RV1106 vendor packet ABI, frame=780
encode_put_frame ret=0
encode_get_packet ret=0 handle=0xae9cf958 expected=0xae9cf958
vendor packet: mpi_buf_id=177 len=228515 buf_size=1495040 offset=694784 data_num=1 flag=0x00000010 pts=780
valloc packet buffer: mpi_buf_id=177 dma_buf_fd=11 size=0
H264 first bytes: 00 00 00 01 65 b8 00 00 b0 00 00 2b c4 44 8a 00
encode_release_packet ret=0
MP4 frame 781/1500: sequence=785 pts=31200000 us key=1 nv12=4478976 h264=228515 acquire=12.515 ms encode=26.231 ms mux=3.727 ms
start encode NV12 with RV1106 vendor packet ABI, frame=781
encode_put_frame ret=0
encode_get_packet ret=0 handle=0xae9cf958 expected=0xae9cf958
vendor packet: mpi_buf_id=177 len=12060 buf_size=1495040 offset=923392 data_num=1 flag=0x00000000 pts=781
valloc packet buffer: mpi_buf_id=177 dma_buf_fd=11 size=0
H264 first bytes: 00 00 00 01 41 e0 00 20 00 46 02 3c 1f d6 18 99
encode_release_packet ret=0
MP4 frame 782/1500: sequence=786 pts=31240000 us key=0 nv12=4478976 h264=12060 acquire=9.566 ms encode=26.854 ms mux=0.172 ms
start encode NV12 with RV1106 vendor packet ABI, frame=782
encode_put_frame ret=0
encode_get_packet ret=0 handle=0xae9cf958 expected=0xae9cf958
vendor packet: mpi_buf_id=177 len=11695 buf_size=1495040 offset=935552 data_num=1 flag=0x00000000 pts=782
valloc packet buffer: mpi_buf_id=177 dma_buf_fd=11 size=0
H264 first bytes: 00 00 00 01 41 e0 00 40 00 86 02 3c 2d 3e 07 da
encode_release_packet ret=0
MP4 frame 783/1500: sequence=787 pts=31280000 us key=0 nv12=4478976 h264=11695 acquire=12.467 ms encode=26.171 ms mux=0.168 ms
start encode NV12 with RV1106 vendor packet ABI, frame=783
encode_put_frame ret=0
encode_get_packet ret=0 handle=0xae9cf958 expected=0xae9cf958
vendor packet: mpi_buf_id=177 len=11014 buf_size=1495040 offset=947328 data_num=1 flag=0x00000000 pts=783
valloc packet buffer: mpi_buf_id=177 dma_buf_fd=11 size=0
H264 first bytes: 00 00 00 01 41 e0 00 60 00 c6 02 3c 12 4a e1 cb
encode_release_packet ret=0
MP4 frame 784/1500: sequence=788 pts=31320000 us key=0 nv12=4478976 h264=11014 acquire=13.174 ms encode=26.970 ms mux=0.163 ms
start encode NV12 with RV1106 vendor packet ABI, frame=784
encode_put_frame ret=0
encode_get_packet ret=0 handle=0xae9cf958 expected=0xae9cf958
vendor packet: mpi_buf_id=177 len=11286 buf_size=1495040 offset=958464 data_num=1 flag=0x00000000 pts=784
valloc packet buffer: mpi_buf_id=177 dma_buf_fd=11 size=0
H264 first bytes: 00 00 00 01 41 e0 00 80 01 06 02 3c 08 d3 14 82
encode_release_packet ret=0
MP4 frame 785/1500: sequence=789 pts=31360000 us key=0 nv12=4478976 h264=11286 acquire=12.379 ms encode=26.221 ms mux=0.165 ms
start encode NV12 with RV1106 vendor packet ABI, frame=785
encode_put_frame ret=0
encode_get_packet ret=0 handle=0xae9cf958 expected=0xae9cf958
vendor packet: mpi_buf_id=177 len=10885 buf_size=1495040 offset=969856 data_num=1 flag=0x00000000 pts=785
valloc packet buffer: mpi_buf_id=177 dma_buf_fd=11 size=0
H264 first bytes: 00 00 00 01 41 e0 00 a0 01 46 02 3c 75 41 38 94
encode_release_packet ret=0
MP4 frame 786/1500: sequence=790 pts=31400000 us key=0 nv12=4478976 h264=10885 acquire=13.132 ms encode=26.813 ms mux=0.166 ms
start encode NV12 with RV1106 vendor packet ABI, frame=786
encode_put_frame ret=0
encode_get_packet ret=0 handle=0xae9cf958 expected=0xae9cf958
vendor packet: mpi_buf_id=177 len=7108 buf_size=1495040 offset=980864 data_num=1 flag=0x00000000 pts=786
valloc packet buffer: mpi_buf_id=177 dma_buf_fd=11 size=0
H264 first bytes: 00 00 00 01 41 e0 00 c0 01 86 07 f0 49 4a 0b ab
encode_release_packet ret=0
MP4 frame 787/1500: sequence=791 pts=31440000 us key=0 nv12=4478976 h264=7108 acquire=12.539 ms encode=26.318 ms mux=0.123 ms
start encode NV12 with RV1106 vendor packet ABI, frame=787
encode_put_frame ret=0
encode_get_packet ret=0 handle=0xae9cf958 expected=0xae9cf958
vendor packet: mpi_buf_id=177 len=10490 buf_size=1495040 offset=988032 data_num=1 flag=0x00000000 pts=787
valloc packet buffer: mpi_buf_id=177 dma_buf_fd=11 size=0
H264 first bytes: 00 00 00 01 41 e0 00 e0 01 c6 02 3c 23 b8 08 8e
encode_release_packet ret=0
MP4 frame 788/1500: sequence=792 pts=31480000 us key=0 nv12=4478976 h264=10490 acquire=13.073 ms encode=26.915 ms mux=0.154 ms
start encode NV12 with RV1106 vendor packet ABI, frame=788
encode_put_frame ret=0
encode_get_packet ret=0 handle=0xae9cf958 expected=0xae9cf958
vendor packet: mpi_buf_id=177 len=9888 buf_size=1495040 offset=998528 data_num=1 flag=0x00000000 pts=788
valloc packet buffer: mpi_buf_id=177 dma_buf_fd=11 size=0
H264 first bytes: 00 00 00 01 41 e0 01 00 02 06 02 3c 33 78 11 e7
encode_release_packet ret=0
MP4 frame 789/1500: sequence=793 pts=31520000 us key=0 nv12=4478976 h264=9888 acquire=12.444 ms encode=26.217 ms mux=0.152 ms
start encode NV12 with RV1106 vendor packet ABI, frame=789
encode_put_frame ret=0
encode_get_packet ret=0 handle=0xae9cf958 expected=0xae9cf958
vendor packet: mpi_buf_id=177 len=10501 buf_size=1495040 offset=1008512 data_num=1 flag=0x00000000 pts=789
valloc packet buffer: mpi_buf_id=177 dma_buf_fd=11 size=0
H264 first bytes: 00 00 00 01 41 e0 01 20 02 46 02 3c 02 41 48 18
encode_release_packet ret=0
MP4 frame 790/1500: sequence=794 pts=31560000 us key=0 nv12=4478976 h264=10501 acquire=13.144 ms encode=26.884 ms mux=0.154 ms
start encode NV12 with RV1106 vendor packet ABI, frame=790
encode_put_frame ret=0
encode_get_packet ret=0 handle=0xae9cf958 expected=0xae9cf958
vendor packet: mpi_buf_id=177 len=6674 buf_size=1495040 offset=1019136 data_num=1 flag=0x00000000 pts=790
valloc packet buffer: mpi_buf_id=177 dma_buf_fd=11 size=0
H264 first bytes: 00 00 00 01 41 e0 01 40 02 86 07 f3 52 81 0a 72
encode_release_packet ret=0
MP4 frame 791/1500: sequence=795 pts=31600000 us key=0 nv12=4478976 h264=6674 acquire=12.474 ms encode=26.258 ms mux=0.114 ms
start encode NV12 with RV1106 vendor packet ABI, frame=791
encode_put_frame ret=0
encode_get_packet ret=0 handle=0xae9cf958 expected=0xae9cf958
vendor packet: mpi_buf_id=177 len=10105 buf_size=1495040 offset=1025920 data_num=1 flag=0x00000000 pts=791
valloc packet buffer: mpi_buf_id=177 dma_buf_fd=11 size=0
H264 first bytes: 00 00 00 01 41 e0 01 60 02 c6 02 3c 25 c1 30 96
encode_release_packet ret=0
MP4 frame 792/1500: sequence=796 pts=31640000 us key=0 nv12=4478976 h264=10105 acquire=13.147 ms encode=26.903 ms mux=0.148 ms
start encode NV12 with RV1106 vendor packet ABI, frame=792
encode_put_frame ret=0
encode_get_packet ret=0 handle=0xae9cf958 expected=0xae9cf958
vendor packet: mpi_buf_id=177 len=9970 buf_size=1495040 offset=1036032 data_num=1 flag=0x00000000 pts=792
valloc packet buffer: mpi_buf_id=177 dma_buf_fd=11 size=0
H264 first bytes: 00 00 00 01 41 e0 01 80 03 06 02 3c 15 4f 80 c4
encode_release_packet ret=0
MP4 frame 793/1500: sequence=797 pts=31680000 us key=0 nv12=4478976 h264=9970 acquire=12.469 ms encode=26.231 ms mux=0.147 ms
start encode NV12 with RV1106 vendor packet ABI, frame=793
encode_put_frame ret=0
encode_get_packet ret=0 handle=0xae9cf958 expected=0xae9cf958
vendor packet: mpi_buf_id=177 len=9631 buf_size=1495040 offset=1046016 data_num=1 flag=0x00000000 pts=793
valloc packet buffer: mpi_buf_id=177 dma_buf_fd=11 size=0
H264 first bytes: 00 00 00 01 41 e0 01 a0 03 46 02 3c 04 06 68 11
encode_release_packet ret=0
MP4 frame 794/1500: sequence=798 pts=31720000 us key=0 nv12=4478976 h264=9631 acquire=13.136 ms encode=26.896 ms mux=0.143 ms
start encode NV12 with RV1106 vendor packet ABI, frame=794
encode_put_frame ret=0
encode_get_packet ret=0 handle=0xae9cf958 expected=0xae9cf958
vendor packet: mpi_buf_id=177 len=6657 buf_size=1495040 offset=1055744 data_num=1 flag=0x00000000 pts=794
valloc packet buffer: mpi_buf_id=177 dma_buf_fd=11 size=0
H264 first bytes: 00 00 00 01 41 e0 01 c0 03 86 07 f0 16 b3 38 dc
encode_release_packet ret=0
MP4 frame 795/1500: sequence=799 pts=31760000 us key=0 nv12=4478976 h264=6657 acquire=12.471 ms encode=26.174 ms mux=0.115 ms
start encode NV12 with RV1106 vendor packet ABI, frame=795
encode_put_frame ret=0
encode_get_packet ret=0 handle=0xae9cf958 expected=0xae9cf958
vendor packet: mpi_buf_id=177 len=9322 buf_size=1495040 offset=1062528 data_num=1 flag=0x00000000 pts=795
valloc packet buffer: mpi_buf_id=177 dma_buf_fd=11 size=0
H264 first bytes: 00 00 00 01 41 e0 01 e0 03 c6 02 3c 0e 34 c5 89
encode_release_packet ret=0
MP4 frame 796/1500: sequence=800 pts=31800000 us key=0 nv12=4478976 h264=9322 acquire=13.234 ms encode=26.828 ms mux=0.144 ms
start encode NV12 with RV1106 vendor packet ABI, frame=796
encode_put_frame ret=0
encode_get_packet ret=0 handle=0xae9cf958 expected=0xae9cf958
vendor packet: mpi_buf_id=177 len=9321 buf_size=1495040 offset=1071872 data_num=1 flag=0x00000000 pts=796
valloc packet buffer: mpi_buf_id=177 dma_buf_fd=11 size=0
H264 first bytes: 00 00 00 01 41 e0 02 00 04 06 02 3c 10 56 06 4d
encode_release_packet ret=0
MP4 frame 797/1500: sequence=801 pts=31840000 us key=0 nv12=4478976 h264=9321 acquire=12.539 ms encode=26.303 ms mux=0.142 ms
start encode NV12 with RV1106 vendor packet ABI, frame=797
encode_put_frame ret=0
encode_get_packet ret=0 handle=0xae9cf958 expected=0xae9cf958
vendor packet: mpi_buf_id=177 len=9031 buf_size=1495040 offset=1081216 data_num=1 flag=0x00000000 pts=797
valloc packet buffer: mpi_buf_id=177 dma_buf_fd=11 size=0
H264 first bytes: 00 00 00 01 41 e0 02 20 04 46 02 3c 6c f8 46 94
encode_release_packet ret=0
MP4 frame 798/1500: sequence=802 pts=31880000 us key=0 nv12=4478976 h264=9031 acquire=13.057 ms encode=26.866 ms mux=0.136 ms
start encode NV12 with RV1106 vendor packet ABI, frame=798
encode_put_frame ret=0
encode_get_packet ret=0 handle=0xae9cf958 expected=0xae9cf958
vendor packet: mpi_buf_id=177 len=9142 buf_size=1495040 offset=1090304 data_num=1 flag=0x00000000 pts=798
valloc packet buffer: mpi_buf_id=177 dma_buf_fd=11 size=0
H264 first bytes: 00 00 00 01 41 e0 02 40 04 86 02 3c 21 2e 05 c9
encode_release_packet ret=0
MP4 frame 799/1500: sequence=803 pts=31920000 us key=0 nv12=4478976 h264=9142 acquire=12.520 ms encode=26.176 ms mux=0.143 ms
start encode NV12 with RV1106 vendor packet ABI, frame=799
encode_put_frame ret=0
encode_get_packet ret=0 handle=0xae9cf958 expected=0xae9cf958
vendor packet: mpi_buf_id=177 len=9417 buf_size=1495040 offset=1099520 data_num=1 flag=0x00000000 pts=799
valloc packet buffer: mpi_buf_id=177 dma_buf_fd=11 size=0
H264 first bytes: 00 00 00 01 41 e0 02 60 04 c6 02 3c 05 74 f8 25
encode_release_packet ret=0
MP4 frame 800/1500: sequence=804 pts=31960000 us key=0 nv12=4478976 h264=9417 acquire=13.198 ms encode=26.836 ms mux=0.142 ms
start encode NV12 with RV1106 vendor packet ABI, frame=800
encode_put_frame ret=0
encode_get_packet ret=0 handle=0xae9cf958 expected=0xae9cf958
vendor packet: mpi_buf_id=177 len=9567 buf_size=1495040 offset=1108992 data_num=1 flag=0x00000000 pts=800
valloc packet buffer: mpi_buf_id=177 dma_buf_fd=11 size=0
H264 first bytes: 00 00 00 01 41 e0 02 80 05 06 02 3c 64 e6 81 96
encode_release_packet ret=0
MP4 frame 801/1500: sequence=805 pts=32000000 us key=0 nv12=4478976 h264=9567 acquire=12.534 ms encode=26.166 ms mux=0.147 ms
start encode NV12 with RV1106 vendor packet ABI, frame=801
encode_put_frame ret=0
encode_get_packet ret=0 handle=0xae9cf958 expected=0xae9cf958
vendor packet: mpi_buf_id=177 len=9843 buf_size=1495040 offset=1118592 data_num=1 flag=0x00000000 pts=801
valloc packet buffer: mpi_buf_id=177 dma_buf_fd=11 size=0
H264 first bytes: 00 00 00 01 41 e0 02 a0 05 46 02 3c 0f 53 60 ab
encode_release_packet ret=0
MP4 frame 802/1500: sequence=806 pts=32040000 us key=0 nv12=4478976 h264=9843 acquire=13.212 ms encode=26.799 ms mux=0.143 ms
start encode NV12 with RV1106 vendor packet ABI, frame=802
encode_put_frame ret=0
encode_get_packet ret=0 handle=0xae9cf958 expected=0xae9cf958
vendor packet: mpi_buf_id=177 len=9166 buf_size=1495040 offset=1128448 data_num=1 flag=0x00000000 pts=802
valloc packet buffer: mpi_buf_id=177 dma_buf_fd=11 size=0
H264 first bytes: 00 00 00 01 41 e0 02 c0 05 86 02 3c 0c b3 60 b6
encode_release_packet ret=0
MP4 frame 803/1500: sequence=807 pts=32080000 us key=0 nv12=4478976 h264=9166 acquire=12.569 ms encode=26.195 ms mux=0.144 ms
start encode NV12 with RV1106 vendor packet ABI, frame=803
encode_put_frame ret=0
encode_get_packet ret=0 handle=0xae9cf958 expected=0xae9cf958
vendor packet: mpi_buf_id=177 len=9380 buf_size=1495040 offset=1137664 data_num=1 flag=0x00000000 pts=803
valloc packet buffer: mpi_buf_id=177 dma_buf_fd=11 size=0
H264 first bytes: 00 00 00 01 41 e0 02 e0 05 c6 02 3c 18 53 04 e2
encode_release_packet ret=0
MP4 frame 804/1500: sequence=808 pts=32120000 us key=0 nv12=4478976 h264=9380 acquire=13.173 ms encode=26.822 ms mux=0.140 ms
start encode NV12 with RV1106 vendor packet ABI, frame=804
encode_put_frame ret=0
encode_get_packet ret=0 handle=0xae9cf958 expected=0xae9cf958
vendor packet: mpi_buf_id=177 len=9992 buf_size=1495040 offset=1147136 data_num=1 flag=0x00000000 pts=804
valloc packet buffer: mpi_buf_id=177 dma_buf_fd=11 size=0
H264 first bytes: 00 00 00 01 41 e0 03 00 06 06 02 3c 3d 2e 02 6a
encode_release_packet ret=0
MP4 frame 805/1500: sequence=809 pts=32160000 us key=0 nv12=4478976 h264=9992 acquire=12.561 ms encode=26.196 ms mux=0.149 ms
start encode NV12 with RV1106 vendor packet ABI, frame=805
encode_put_frame ret=0
encode_get_packet ret=0 handle=0xae9cf958 expected=0xae9cf958
vendor packet: mpi_buf_id=177 len=9144 buf_size=1495040 offset=1157248 data_num=1 flag=0x00000000 pts=805
valloc packet buffer: mpi_buf_id=177 dma_buf_fd=11 size=0
H264 first bytes: 00 00 00 01 41 e0 03 20 06 46 02 3c 04 1c e6 a9
encode_release_packet ret=0
MP4 frame 806/1500: sequence=810 pts=32200000 us key=0 nv12=4478976 h264=9144 acquire=13.155 ms encode=26.806 ms mux=0.142 ms
start encode NV12 with RV1106 vendor packet ABI, frame=806
encode_put_frame ret=0
encode_get_packet ret=0 handle=0xae9cf958 expected=0xae9cf958
vendor packet: mpi_buf_id=177 len=9056 buf_size=1495040 offset=1166464 data_num=1 flag=0x00000000 pts=806
valloc packet buffer: mpi_buf_id=177 dma_buf_fd=11 size=0
H264 first bytes: 00 00 00 01 41 e0 03 40 06 86 02 3c 6c f8 08 59
encode_release_packet ret=0
MP4 frame 807/1500: sequence=811 pts=32240000 us key=0 nv12=4478976 h264=9056 acquire=12.560 ms encode=26.196 ms mux=0.131 ms
start encode NV12 with RV1106 vendor packet ABI, frame=807
encode_put_frame ret=0
encode_get_packet ret=0 handle=0xae9cf958 expected=0xae9cf958
vendor packet: mpi_buf_id=177 len=9793 buf_size=1495040 offset=1175552 data_num=1 flag=0x00000000 pts=807
valloc packet buffer: mpi_buf_id=177 dma_buf_fd=11 size=0
H264 first bytes: 00 00 00 01 41 e0 03 60 06 c6 02 3c 11 cd 80 4a
encode_release_packet ret=0
MP4 frame 808/1500: sequence=812 pts=32280000 us key=0 nv12=4478976 h264=9793 acquire=13.083 ms encode=26.852 ms mux=0.141 ms
start encode NV12 with RV1106 vendor packet ABI, frame=808
encode_put_frame ret=0
encode_get_packet ret=0 handle=0xae9cf958 expected=0xae9cf958
vendor packet: mpi_buf_id=177 len=9410 buf_size=1495040 offset=1185408 data_num=1 flag=0x00000000 pts=808
valloc packet buffer: mpi_buf_id=177 dma_buf_fd=11 size=0
H264 first bytes: 00 00 00 01 41 e0 03 80 07 06 02 3c 2d 36 10 90
encode_release_packet ret=0
MP4 frame 809/1500: sequence=813 pts=32320000 us key=0 nv12=4478976 h264=9410 acquire=12.512 ms encode=26.362 ms mux=1.026 ms
start encode NV12 with RV1106 vendor packet ABI, frame=809
encode_put_frame ret=0
encode_get_packet ret=0 handle=0xae9cf958 expected=0xae9cf958
vendor packet: mpi_buf_id=177 len=15119 buf_size=1495040 offset=1194880 data_num=1 flag=0x00000000 pts=809
valloc packet buffer: mpi_buf_id=177 dma_buf_fd=11 size=0
H264 first bytes: 00 00 00 01 41 e0 03 a0 07 46 02 7c 04 d6 c1 58
encode_release_packet ret=0
MP4 frame 810/1500: sequence=814 pts=32360000 us key=0 nv12=4478976 h264=15119 acquire=12.122 ms encode=26.862 ms mux=0.209 ms
start encode NV12 with RV1106 vendor packet ABI, frame=810
encode_put_frame ret=0
encode_get_packet ret=0 handle=0xae9cf958 expected=0xae9cf958
vendor packet: mpi_buf_id=177 len=227872 buf_size=1495040 offset=1210112 data_num=1 flag=0x00000010 pts=810
valloc packet buffer: mpi_buf_id=177 dma_buf_fd=11 size=0
H264 first bytes: 00 00 00 01 65 b8 00 00 c0 00 00 2b c2 91 22 80
encode_release_packet ret=0
MP4 frame 811/1500: sequence=815 pts=32400000 us key=1 nv12=4478976 h264=227872 acquire=12.424 ms encode=26.325 ms mux=3.649 ms
start encode NV12 with RV1106 vendor packet ABI, frame=811
encode_put_frame ret=0
encode_get_packet ret=0 handle=0xae9cf958 expected=0xae9cf958
vendor packet: mpi_buf_id=177 len=12173 buf_size=1495040 offset=1438080 data_num=1 flag=0x00000000 pts=811
valloc packet buffer: mpi_buf_id=177 dma_buf_fd=11 size=0
H264 first bytes: 00 00 00 01 41 e0 00 20 00 46 02 3c 12 4e e4 a7
encode_release_packet ret=0
MP4 frame 812/1500: sequence=816 pts=32440000 us key=0 nv12=4478976 h264=12173 acquire=9.534 ms encode=26.812 ms mux=0.168 ms
start encode NV12 with RV1106 vendor packet ABI, frame=812
encode_put_frame ret=0
encode_get_packet ret=0 handle=0xae9cf958 expected=0xae9cf958
vendor packet: mpi_buf_id=177 len=12039 buf_size=1495040 offset=1450368 data_num=1 flag=0x00000000 pts=812
valloc packet buffer: mpi_buf_id=177 dma_buf_fd=11 size=0
H264 first bytes: 00 00 00 01 41 e0 00 40 00 86 02 3c 08 b3 12 0c
encode_release_packet ret=0
MP4 frame 813/1500: sequence=817 pts=32480000 us key=0 nv12=4478976 h264=12039 acquire=12.522 ms encode=26.270 ms mux=0.170 ms
start encode NV12 with RV1106 vendor packet ABI, frame=813
encode_put_frame ret=0
encode_get_packet ret=0 handle=0xae9cf958 expected=0xae9cf958
vendor packet: mpi_buf_id=177 len=8137 buf_size=1495040 offset=1462528 data_num=1 flag=0x00000000 pts=813
valloc packet buffer: mpi_buf_id=177 dma_buf_fd=11 size=0
H264 first bytes: 00 00 00 01 41 e0 00 60 00 c6 07 f0 d5 38 1c 27
encode_release_packet ret=0
MP4 frame 814/1500: sequence=818 pts=32520000 us key=0 nv12=4478976 h264=8137 acquire=13.075 ms encode=26.809 ms mux=0.129 ms
start encode NV12 with RV1106 vendor packet ABI, frame=814
encode_put_frame ret=0
encode_get_packet ret=0 handle=0xae9cf958 expected=0xae9cf958
vendor packet: mpi_buf_id=177 len=7354 buf_size=1495040 offset=1470720 data_num=1 flag=0x00000000 pts=814
valloc packet buffer: mpi_buf_id=177 dma_buf_fd=11 size=0
H264 first bytes: 00 00 00 01 41 e0 00 80 01 06 07 f0 73 4a 1d 9b
encode_release_packet ret=0
MP4 frame 815/1500: sequence=819 pts=32560000 us key=0 nv12=4478976 h264=7354 acquire=12.578 ms encode=26.392 ms mux=0.124 ms
start encode NV12 with RV1106 vendor packet ABI, frame=815
encode_put_frame ret=0
encode_get_packet ret=0 handle=0xae9cf958 expected=0xae9cf958
vendor packet: mpi_buf_id=177 len=10668 buf_size=1495040 offset=1478144 data_num=1 flag=0x00000000 pts=815
valloc packet buffer: mpi_buf_id=177 dma_buf_fd=11 size=0
H264 first bytes: 00 00 00 01 41 e0 00 a0 01 46 02 3c 93 9e 02 72
encode_release_packet ret=0
MP4 frame 816/1500: sequence=820 pts=32600000 us key=0 nv12=4478976 h264=10668 acquire=12.992 ms encode=26.824 ms mux=0.156 ms
start encode NV12 with RV1106 vendor packet ABI, frame=816
encode_put_frame ret=0
encode_get_packet ret=0 handle=0xae9cf958 expected=0xae9cf958
vendor packet: mpi_buf_id=177 len=10538 buf_size=1495040 offset=1488896 data_num=1 flag=0x00000000 pts=816
valloc packet buffer: mpi_buf_id=177 dma_buf_fd=11 size=0
H264 first bytes: 00 00 00 01 41 e0 00 c0 01 86 02 3c 1c 65 80 aa
encode_release_packet ret=0
MP4 frame 817/1500: sequence=821 pts=32640000 us key=0 nv12=4478976 h264=10538 acquire=12.542 ms encode=26.221 ms mux=0.157 ms
start encode NV12 with RV1106 vendor packet ABI, frame=817
encode_put_frame ret=0
encode_get_packet ret=0 handle=0xae9cf958 expected=0xae9cf958
vendor packet: mpi_buf_id=177 len=7087 buf_size=1495040 offset=4480 data_num=1 flag=0x00000000 pts=817
valloc packet buffer: mpi_buf_id=177 dma_buf_fd=11 size=0
H264 first bytes: 00 00 00 01 41 e0 00 e0 01 c6 07 f1 74 a0 d6 7c
encode_release_packet ret=0
MP4 frame 818/1500: sequence=822 pts=32680000 us key=0 nv12=4478976 h264=7087 acquire=13.135 ms encode=26.922 ms mux=0.117 ms
start encode NV12 with RV1106 vendor packet ABI, frame=818
encode_put_frame ret=0
encode_get_packet ret=0 handle=0xae9cf958 expected=0xae9cf958
vendor packet: mpi_buf_id=177 len=9702 buf_size=1495040 offset=11648 data_num=1 flag=0x00000000 pts=818
valloc packet buffer: mpi_buf_id=177 dma_buf_fd=11 size=0
H264 first bytes: 00 00 00 01 41 e0 01 00 02 06 02 3c 4e e1 ca 4c
encode_release_packet ret=0
MP4 frame 819/1500: sequence=823 pts=32720000 us key=0 nv12=4478976 h264=9702 acquire=12.469 ms encode=26.202 ms mux=0.143 ms
start encode NV12 with RV1106 vendor packet ABI, frame=819
encode_put_frame ret=0
encode_get_packet ret=0 handle=0xae9cf958 expected=0xae9cf958
vendor packet: mpi_buf_id=177 len=6700 buf_size=1495040 offset=21376 data_num=1 flag=0x00000000 pts=819
valloc packet buffer: mpi_buf_id=177 dma_buf_fd=11 size=0
H264 first bytes: 00 00 00 01 41 e0 01 20 02 46 07 f0 22 59 e4 a5
encode_release_packet ret=0
MP4 frame 820/1500: sequence=824 pts=32760000 us key=0 nv12=4478976 h264=6700 acquire=13.163 ms encode=26.925 ms mux=0.138 ms
start encode NV12 with RV1106 vendor packet ABI, frame=820
encode_put_frame ret=0
encode_get_packet ret=0 handle=0xae9cf958 expected=0xae9cf958
vendor packet: mpi_buf_id=177 len=9809 buf_size=1495040 offset=28160 data_num=1 flag=0x00000000 pts=820
valloc packet buffer: mpi_buf_id=177 dma_buf_fd=11 size=0
H264 first bytes: 00 00 00 01 41 e0 01 40 02 86 02 3c 04 77 04 42
encode_release_packet ret=0
MP4 frame 821/1500: sequence=825 pts=32800000 us key=0 nv12=4478976 h264=9809 acquire=12.456 ms encode=26.294 ms mux=0.147 ms
start encode NV12 with RV1106 vendor packet ABI, frame=821
encode_put_frame ret=0
encode_get_packet ret=0 handle=0xae9cf958 expected=0xae9cf958
vendor packet: mpi_buf_id=177 len=6347 buf_size=1495040 offset=38016 data_num=1 flag=0x00000000 pts=821
valloc packet buffer: mpi_buf_id=177 dma_buf_fd=11 size=0
H264 first bytes: 00 00 00 01 41 e0 01 60 02 c6 07 f0 f6 68 2e a2
encode_release_packet ret=0
MP4 frame 822/1500: sequence=826 pts=32840000 us key=0 nv12=4478976 h264=6347 acquire=13.070 ms encode=26.823 ms mux=0.116 ms
start encode NV12 with RV1106 vendor packet ABI, frame=822
encode_put_frame ret=0
encode_get_packet ret=0 handle=0xae9cf958 expected=0xae9cf958
vendor packet: mpi_buf_id=177 len=6011 buf_size=1495040 offset=44416 data_num=1 flag=0x00000000 pts=822
valloc packet buffer: mpi_buf_id=177 dma_buf_fd=11 size=0
H264 first bytes: 00 00 00 01 41 e0 01 80 03 06 07 f0 14 39 e0 40
encode_release_packet ret=0
MP4 frame 823/1500: sequence=827 pts=32880000 us key=0 nv12=4478976 h264=6011 acquire=12.577 ms encode=26.312 ms mux=0.113 ms
start encode NV12 with RV1106 vendor packet ABI, frame=823
encode_put_frame ret=0
encode_get_packet ret=0 handle=0xae9cf958 expected=0xae9cf958
vendor packet: mpi_buf_id=177 len=6161 buf_size=1495040 offset=50432 data_num=1 flag=0x00000000 pts=823
valloc packet buffer: mpi_buf_id=177 dma_buf_fd=11 size=0
H264 first bytes: 00 00 00 01 41 e0 01 a0 03 46 07 f0 f5 a8 0a b9
encode_release_packet ret=0
MP4 frame 824/1500: sequence=828 pts=32920000 us key=0 nv12=4478976 h264=6161 acquire=13.091 ms encode=26.899 ms mux=0.114 ms
start encode NV12 with RV1106 vendor packet ABI, frame=824
encode_put_frame ret=0
encode_get_packet ret=0 handle=0xae9cf958 expected=0xae9cf958
vendor packet: mpi_buf_id=177 len=5440 buf_size=1495040 offset=56704 data_num=1 flag=0x00000000 pts=824
valloc packet buffer: mpi_buf_id=177 dma_buf_fd=11 size=0
H264 first bytes: 00 00 00 01 41 e0 01 c0 03 86 07 f0 6d 6e 08 26
encode_release_packet ret=0
MP4 frame 825/1500: sequence=829 pts=32960000 us key=0 nv12=4478976 h264=5440 acquire=12.500 ms encode=26.217 ms mux=0.102 ms
start encode NV12 with RV1106 vendor packet ABI, frame=825
encode_put_frame ret=0
encode_get_packet ret=0 handle=0xae9cf958 expected=0xae9cf958
vendor packet: mpi_buf_id=177 len=8346 buf_size=1495040 offset=62208 data_num=1 flag=0x00000000 pts=825
valloc packet buffer: mpi_buf_id=177 dma_buf_fd=11 size=0
H264 first bytes: 00 00 00 01 41 e0 01 e0 03 c6 02 3c 04 35 1a 03
encode_release_packet ret=0
MP4 frame 826/1500: sequence=830 pts=33000000 us key=0 nv12=4478976 h264=8346 acquire=13.201 ms encode=26.836 ms mux=0.130 ms
start encode NV12 with RV1106 vendor packet ABI, frame=826
encode_put_frame ret=0
encode_get_packet ret=0 handle=0xae9cf958 expected=0xae9cf958
vendor packet: mpi_buf_id=177 len=8594 buf_size=1495040 offset=70656 data_num=1 flag=0x00000000 pts=826
valloc packet buffer: mpi_buf_id=177 dma_buf_fd=11 size=0
H264 first bytes: 00 00 00 01 41 e0 02 00 04 06 02 3c 04 9c d8 11
encode_release_packet ret=0
MP4 frame 827/1500: sequence=831 pts=33040000 us key=0 nv12=4478976 h264=8594 acquire=12.541 ms encode=26.223 ms mux=0.135 ms
start encode NV12 with RV1106 vendor packet ABI, frame=827
encode_put_frame ret=0
encode_get_packet ret=0 handle=0xae9cf958 expected=0xae9cf958
vendor packet: mpi_buf_id=177 len=8865 buf_size=1495040 offset=79360 data_num=1 flag=0x00000000 pts=827
valloc packet buffer: mpi_buf_id=177 dma_buf_fd=11 size=0
H264 first bytes: 00 00 00 01 41 e0 02 20 04 46 02 3c 10 49 80 86
encode_release_packet ret=0
MP4 frame 828/1500: sequence=832 pts=33080000 us key=0 nv12=4478976 h264=8865 acquire=13.155 ms encode=26.823 ms mux=0.135 ms
start encode NV12 with RV1106 vendor packet ABI, frame=828
encode_put_frame ret=0
encode_get_packet ret=0 handle=0xae9cf958 expected=0xae9cf958
vendor packet: mpi_buf_id=177 len=9110 buf_size=1495040 offset=88320 data_num=1 flag=0x00000000 pts=828
valloc packet buffer: mpi_buf_id=177 dma_buf_fd=11 size=0
H264 first bytes: 00 00 00 01 41 e0 02 40 04 86 02 3c 05 ff 04 a2
encode_release_packet ret=0
MP4 frame 829/1500: sequence=833 pts=33120000 us key=0 nv12=4478976 h264=9110 acquire=12.563 ms encode=26.203 ms mux=0.139 ms
start encode NV12 with RV1106 vendor packet ABI, frame=829
encode_put_frame ret=0
encode_get_packet ret=0 handle=0xae9cf958 expected=0xae9cf958
vendor packet: mpi_buf_id=177 len=9471 buf_size=1495040 offset=97536 data_num=1 flag=0x00000000 pts=829
valloc packet buffer: mpi_buf_id=177 dma_buf_fd=11 size=0
H264 first bytes: 00 00 00 01 41 e0 02 60 04 c6 02 3c 2b 21 e0 21
encode_release_packet ret=0
MP4 frame 830/1500: sequence=834 pts=33160000 us key=0 nv12=4478976 h264=9471 acquire=13.175 ms encode=26.826 ms mux=0.141 ms
start encode NV12 with RV1106 vendor packet ABI, frame=830
encode_put_frame ret=0
encode_get_packet ret=0 handle=0xae9cf958 expected=0xae9cf958
vendor packet: mpi_buf_id=177 len=9718 buf_size=1495040 offset=107008 data_num=1 flag=0x00000000 pts=830
valloc packet buffer: mpi_buf_id=177 dma_buf_fd=11 size=0
H264 first bytes: 00 00 00 01 41 e0 02 80 05 06 02 3c 11 ea 07 1c
encode_release_packet ret=0
MP4 frame 831/1500: sequence=835 pts=33200000 us key=0 nv12=4478976 h264=9718 acquire=12.534 ms encode=26.413 ms mux=0.150 ms
start encode NV12 with RV1106 vendor packet ABI, frame=831
encode_put_frame ret=0
encode_get_packet ret=0 handle=0xae9cf958 expected=0xae9cf958
vendor packet: mpi_buf_id=177 len=9319 buf_size=1495040 offset=116736 data_num=1 flag=0x00000000 pts=831
valloc packet buffer: mpi_buf_id=177 dma_buf_fd=11 size=0
H264 first bytes: 00 00 00 01 41 e0 02 a0 05 46 02 3c 1a e8 16 89
encode_release_packet ret=0
MP4 frame 832/1500: sequence=836 pts=33240000 us key=0 nv12=4478976 h264=9319 acquire=12.950 ms encode=26.886 ms mux=0.146 ms
start encode NV12 with RV1106 vendor packet ABI, frame=832
encode_put_frame ret=0
encode_get_packet ret=0 handle=0xae9cf958 expected=0xae9cf958
vendor packet: mpi_buf_id=177 len=6036 buf_size=1495040 offset=126080 data_num=1 flag=0x00000000 pts=832
valloc packet buffer: mpi_buf_id=177 dma_buf_fd=11 size=0
H264 first bytes: 00 00 00 01 41 e0 02 c0 05 86 07 f0 63 36 06 09
encode_release_packet ret=0
MP4 frame 833/1500: sequence=837 pts=33280000 us key=0 nv12=4478976 h264=6036 acquire=12.491 ms encode=26.315 ms mux=0.113 ms
start encode NV12 with RV1106 vendor packet ABI, frame=833
encode_put_frame ret=0
encode_get_packet ret=0 handle=0xae9cf958 expected=0xae9cf958
vendor packet: mpi_buf_id=177 len=8769 buf_size=1495040 offset=132224 data_num=1 flag=0x00000000 pts=833
valloc packet buffer: mpi_buf_id=177 dma_buf_fd=11 size=0
H264 first bytes: 00 00 00 01 41 e0 02 e0 05 c6 02 3c d3 60 4b a7
encode_release_packet ret=0
MP4 frame 834/1500: sequence=838 pts=33320000 us key=0 nv12=4478976 h264=8769 acquire=13.071 ms encode=26.848 ms mux=0.136 ms
start encode NV12 with RV1106 vendor packet ABI, frame=834
encode_put_frame ret=0
encode_get_packet ret=0 handle=0xae9cf958 expected=0xae9cf958
vendor packet: mpi_buf_id=177 len=9126 buf_size=1495040 offset=141056 data_num=1 flag=0x00000000 pts=834
valloc packet buffer: mpi_buf_id=177 dma_buf_fd=11 size=0
H264 first bytes: 00 00 00 01 41 e0 03 00 06 06 02 3c 11 56 08 b3
encode_release_packet ret=0
MP4 frame 835/1500: sequence=839 pts=33360000 us key=0 nv12=4478976 h264=9126 acquire=12.537 ms encode=26.195 ms mux=0.139 ms
start encode NV12 with RV1106 vendor packet ABI, frame=835
encode_put_frame ret=0
encode_get_packet ret=0 handle=0xae9cf958 expected=0xae9cf958
vendor packet: mpi_buf_id=177 len=8999 buf_size=1495040 offset=150272 data_num=1 flag=0x00000000 pts=835
valloc packet buffer: mpi_buf_id=177 dma_buf_fd=11 size=0
H264 first bytes: 00 00 00 01 41 e0 03 20 06 46 02 3c 0f f3 60 32
encode_release_packet ret=0
MP4 frame 836/1500: sequence=840 pts=33400000 us key=0 nv12=4478976 h264=8999 acquire=13.170 ms encode=26.857 ms mux=0.136 ms
start encode NV12 with RV1106 vendor packet ABI, frame=836
encode_put_frame ret=0
encode_get_packet ret=0 handle=0xae9cf958 expected=0xae9cf958
vendor packet: mpi_buf_id=177 len=14651 buf_size=1495040 offset=159360 data_num=1 flag=0x00000000 pts=836
valloc packet buffer: mpi_buf_id=177 dma_buf_fd=11 size=0
H264 first bytes: 00 00 00 01 41 e0 03 40 06 86 02 7c 67 42 47 a8
encode_release_packet ret=0
MP4 frame 837/1500: sequence=841 pts=33440000 us key=0 nv12=4478976 h264=14651 acquire=12.521 ms encode=26.239 ms mux=0.202 ms
start encode NV12 with RV1106 vendor packet ABI, frame=837
encode_put_frame ret=0
encode_get_packet ret=0 handle=0xae9cf958 expected=0xae9cf958
vendor packet: mpi_buf_id=177 len=9445 buf_size=1495040 offset=174080 data_num=1 flag=0x00000000 pts=837
valloc packet buffer: mpi_buf_id=177 dma_buf_fd=11 size=0
H264 first bytes: 00 00 00 01 41 e0 03 60 06 c6 02 3c 6c d8 08 5c
encode_release_packet ret=0
MP4 frame 838/1500: sequence=842 pts=33480000 us key=0 nv12=4478976 h264=9445 acquire=13.078 ms encode=26.805 ms mux=0.143 ms
start encode NV12 with RV1106 vendor packet ABI, frame=838
encode_put_frame ret=0
encode_get_packet ret=0 handle=0xae9cf958 expected=0xae9cf958
vendor packet: mpi_buf_id=177 len=9390 buf_size=1495040 offset=183552 data_num=1 flag=0x00000000 pts=838
valloc packet buffer: mpi_buf_id=177 dma_buf_fd=11 size=0
H264 first bytes: 00 00 00 01 41 e0 03 80 07 06 02 3c 37 58 08 dc
encode_release_packet ret=0
MP4 frame 839/1500: sequence=843 pts=33520000 us key=0 nv12=4478976 h264=9390 acquire=12.572 ms encode=26.382 ms mux=0.142 ms
start encode NV12 with RV1106 vendor packet ABI, frame=839
encode_put_frame ret=0
encode_get_packet ret=0 handle=0xae9cf958 expected=0xae9cf958
vendor packet: mpi_buf_id=177 len=9724 buf_size=1495040 offset=193024 data_num=1 flag=0x00000000 pts=839
valloc packet buffer: mpi_buf_id=177 dma_buf_fd=11 size=0
H264 first bytes: 00 00 00 01 41 e0 03 a0 07 46 02 3c d3 60 3b a5
encode_release_packet ret=0
MP4 frame 840/1500: sequence=844 pts=33560000 us key=0 nv12=4478976 h264=9724 acquire=12.984 ms encode=26.839 ms mux=0.146 ms
start encode NV12 with RV1106 vendor packet ABI, frame=840
encode_put_frame ret=0
encode_get_packet ret=0 handle=0xae9cf958 expected=0xae9cf958
vendor packet: mpi_buf_id=177 len=224908 buf_size=1495040 offset=202752 data_num=1 flag=0x00000010 pts=840
valloc packet buffer: mpi_buf_id=177 dma_buf_fd=11 size=0
H264 first bytes: 00 00 00 01 65 b8 00 00 d0 00 00 2b c2 91 22 80
encode_release_packet ret=0
MP4 frame 841/1500: sequence=845 pts=33600000 us key=1 nv12=4478976 h264=224908 acquire=12.533 ms encode=26.203 ms mux=4.335 ms
start encode NV12 with RV1106 vendor packet ABI, frame=841
encode_put_frame ret=0
encode_get_packet ret=0 handle=0xae9cf958 expected=0xae9cf958
vendor packet: mpi_buf_id=177 len=12095 buf_size=1495040 offset=427776 data_num=1 flag=0x00000000 pts=841
valloc packet buffer: mpi_buf_id=177 dma_buf_fd=11 size=0
H264 first bytes: 00 00 00 01 41 e0 00 20 00 46 02 3c 1f d2 e8 4c
encode_release_packet ret=0
MP4 frame 842/1500: sequence=846 pts=33640000 us key=0 nv12=4478976 h264=12095 acquire=8.971 ms encode=26.978 ms mux=0.172 ms
start encode NV12 with RV1106 vendor packet ABI, frame=842
encode_put_frame ret=0
encode_get_packet ret=0 handle=0xae9cf958 expected=0xae9cf958
vendor packet: mpi_buf_id=177 len=11218 buf_size=1495040 offset=439936 data_num=1 flag=0x00000000 pts=842
valloc packet buffer: mpi_buf_id=177 dma_buf_fd=11 size=0
H264 first bytes: 00 00 00 01 41 e0 00 40 00 86 02 3c 14 cc e0 72
encode_release_packet ret=0
MP4 frame 843/1500: sequence=847 pts=33680000 us key=0 nv12=4478976 h264=11218 acquire=12.645 ms encode=26.846 ms mux=0.161 ms
start encode NV12 with RV1106 vendor packet ABI, frame=843
encode_put_frame ret=0
encode_get_packet ret=0 handle=0xae9cf958 expected=0xae9cf958
vendor packet: mpi_buf_id=177 len=10830 buf_size=1495040 offset=451200 data_num=1 flag=0x00000000 pts=843
valloc packet buffer: mpi_buf_id=177 dma_buf_fd=11 size=0
H264 first bytes: 00 00 00 01 41 e0 00 60 00 c6 02 3c 27 3e 08 e5
encode_release_packet ret=0
MP4 frame 844/1500: sequence=848 pts=33720000 us key=0 nv12=4478976 h264=10830 acquire=12.204 ms encode=26.810 ms mux=0.165 ms
start encode NV12 with RV1106 vendor packet ABI, frame=844
encode_put_frame ret=0
encode_get_packet ret=0 handle=0xae9cf958 expected=0xae9cf958
vendor packet: mpi_buf_id=177 len=10982 buf_size=1495040 offset=462080 data_num=1 flag=0x00000000 pts=844
valloc packet buffer: mpi_buf_id=177 dma_buf_fd=11 size=0
H264 first bytes: 00 00 00 01 41 e0 00 80 01 06 02 3c 04 8d 38 b9
encode_release_packet ret=0
MP4 frame 845/1500: sequence=849 pts=33760000 us key=0 nv12=4478976 h264=10982 acquire=12.533 ms encode=26.272 ms mux=0.155 ms
start encode NV12 with RV1106 vendor packet ABI, frame=845
encode_put_frame ret=0
encode_get_packet ret=0 handle=0xae9cf958 expected=0xae9cf958
vendor packet: mpi_buf_id=177 len=10641 buf_size=1495040 offset=473088 data_num=1 flag=0x00000000 pts=845
valloc packet buffer: mpi_buf_id=177 dma_buf_fd=11 size=0
H264 first bytes: 00 00 00 01 41 e0 00 a0 01 46 02 3c 12 53 80 80
encode_release_packet ret=0
MP4 frame 846/1500: sequence=850 pts=33800000 us key=0 nv12=4478976 h264=10641 acquire=13.085 ms encode=26.828 ms mux=0.154 ms
start encode NV12 with RV1106 vendor packet ABI, frame=846
encode_put_frame ret=0
encode_get_packet ret=0 handle=0xae9cf958 expected=0xae9cf958
vendor packet: mpi_buf_id=177 len=6830 buf_size=1495040 offset=483840 data_num=1 flag=0x00000000 pts=846
valloc packet buffer: mpi_buf_id=177 dma_buf_fd=11 size=0
H264 first bytes: 00 00 00 01 41 e0 00 c0 01 86 07 f0 23 4c ee 73
encode_release_packet ret=0
MP4 frame 847/1500: sequence=851 pts=33840000 us key=0 nv12=4478976 h264=6830 acquire=12.427 ms encode=26.168 ms mux=0.121 ms
start encode NV12 with RV1106 vendor packet ABI, frame=847
encode_put_frame ret=0
encode_get_packet ret=0 handle=0xae9cf958 expected=0xae9cf958
vendor packet: mpi_buf_id=177 len=7650 buf_size=1495040 offset=490752 data_num=1 flag=0x00000000 pts=847
valloc packet buffer: mpi_buf_id=177 dma_buf_fd=11 size=0
H264 first bytes: 00 00 00 01 41 e0 00 e0 01 c6 07 f0 53 9a 05 6a
encode_release_packet ret=0
MP4 frame 848/1500: sequence=852 pts=33880000 us key=0 nv12=4478976 h264=7650 acquire=13.218 ms encode=26.893 ms mux=0.127 ms
start encode NV12 with RV1106 vendor packet ABI, frame=848
encode_put_frame ret=0
encode_get_packet ret=0 handle=0xae9cf958 expected=0xae9cf958
vendor packet: mpi_buf_id=177 len=6370 buf_size=1495040 offset=498432 data_num=1 flag=0x00000000 pts=848
valloc packet buffer: mpi_buf_id=177 dma_buf_fd=11 size=0
H264 first bytes: 00 00 00 01 41 e0 01 00 02 06 07 f0 71 36 08 ef
encode_release_packet ret=0
MP4 frame 849/1500: sequence=853 pts=33920000 us key=0 nv12=4478976 h264=6370 acquire=12.493 ms encode=26.237 ms mux=0.111 ms
start encode NV12 with RV1106 vendor packet ABI, frame=849
encode_put_frame ret=0
encode_get_packet ret=0 handle=0xae9cf958 expected=0xae9cf958
vendor packet: mpi_buf_id=177 len=5963 buf_size=1495040 offset=504832 data_num=1 flag=0x00000000 pts=849
valloc packet buffer: mpi_buf_id=177 dma_buf_fd=11 size=0
H264 first bytes: 00 00 00 01 41 e0 01 20 02 46 07 f0 47 39 20 82
encode_release_packet ret=0
MP4 frame 850/1500: sequence=854 pts=33960000 us key=0 nv12=4478976 h264=5963 acquire=13.177 ms encode=26.825 ms mux=0.110 ms
start encode NV12 with RV1106 vendor packet ABI, frame=850
encode_put_frame ret=0
encode_get_packet ret=0 handle=0xae9cf958 expected=0xae9cf958
vendor packet: mpi_buf_id=177 len=8924 buf_size=1495040 offset=510848 data_num=1 flag=0x00000000 pts=850
valloc packet buffer: mpi_buf_id=177 dma_buf_fd=11 size=0
H264 first bytes: 00 00 00 01 41 e0 01 40 02 86 02 3c 11 da 81 3e
encode_release_packet ret=0
MP4 frame 851/1500: sequence=855 pts=34000000 us key=0 nv12=4478976 h264=8924 acquire=12.580 ms encode=26.194 ms mux=0.137 ms
start encode NV12 with RV1106 vendor packet ABI, frame=851
encode_put_frame ret=0
encode_get_packet ret=0 handle=0xae9cf958 expected=0xae9cf958
vendor packet: mpi_buf_id=177 len=9147 buf_size=1495040 offset=519808 data_num=1 flag=0x00000000 pts=851
valloc packet buffer: mpi_buf_id=177 dma_buf_fd=11 size=0
H264 first bytes: 00 00 00 01 41 e0 01 60 02 c6 02 3c 0e 37 82 ca
encode_release_packet ret=0
MP4 frame 852/1500: sequence=856 pts=34040000 us key=0 nv12=4478976 h264=9147 acquire=13.177 ms encode=26.882 ms mux=0.145 ms
start encode NV12 with RV1106 vendor packet ABI, frame=852
encode_put_frame ret=0
encode_get_packet ret=0 handle=0xae9cf958 expected=0xae9cf958
vendor packet: mpi_buf_id=177 len=5856 buf_size=1495040 offset=529024 data_num=1 flag=0x00000000 pts=852
valloc packet buffer: mpi_buf_id=177 dma_buf_fd=11 size=0
H264 first bytes: 00 00 00 01 41 e0 01 80 03 06 07 f1 b3 e0 65 a5
encode_release_packet ret=0
MP4 frame 853/1500: sequence=857 pts=34080000 us key=0 nv12=4478976 h264=5856 acquire=12.492 ms encode=26.310 ms mux=0.110 ms
start encode NV12 with RV1106 vendor packet ABI, frame=853
encode_put_frame ret=0
encode_get_packet ret=0 handle=0xae9cf958 expected=0xae9cf958
vendor packet: mpi_buf_id=177 len=5730 buf_size=1495040 offset=534912 data_num=1 flag=0x00000000 pts=853
valloc packet buffer: mpi_buf_id=177 dma_buf_fd=11 size=0
H264 first bytes: 00 00 00 01 41 e0 01 a0 03 46 07 f0 29 d6 0b eb
encode_release_packet ret=0
MP4 frame 854/1500: sequence=858 pts=34120000 us key=0 nv12=4478976 h264=5730 acquire=13.095 ms encode=27.002 ms mux=0.107 ms
start encode NV12 with RV1106 vendor packet ABI, frame=854
encode_put_frame ret=0
encode_get_packet ret=0 handle=0xae9cf958 expected=0xae9cf958
vendor packet: mpi_buf_id=177 len=8607 buf_size=1495040 offset=540672 data_num=1 flag=0x00000000 pts=854
valloc packet buffer: mpi_buf_id=177 dma_buf_fd=11 size=0
H264 first bytes: 00 00 00 01 41 e0 01 c0 03 86 02 3c 0c 35 14 24
encode_release_packet ret=0
MP4 frame 855/1500: sequence=859 pts=34160000 us key=0 nv12=4478976 h264=8607 acquire=12.406 ms encode=26.220 ms mux=0.134 ms
start encode NV12 with RV1106 vendor packet ABI, frame=855
encode_put_frame ret=0
encode_get_packet ret=0 handle=0xae9cf958 expected=0xae9cf958
vendor packet: mpi_buf_id=177 len=9005 buf_size=1495040 offset=549376 data_num=1 flag=0x00000000 pts=855
valloc packet buffer: mpi_buf_id=177 dma_buf_fd=11 size=0
H264 first bytes: 00 00 00 01 41 e0 01 e0 03 c6 02 3c 05 06 78 db
encode_release_packet ret=0
MP4 frame 856/1500: sequence=860 pts=34200000 us key=0 nv12=4478976 h264=9005 acquire=13.155 ms encode=26.821 ms mux=0.144 ms
start encode NV12 with RV1106 vendor packet ABI, frame=856
encode_put_frame ret=0
encode_get_packet ret=0 handle=0xae9cf958 expected=0xae9cf958
vendor packet: mpi_buf_id=177 len=5835 buf_size=1495040 offset=558464 data_num=1 flag=0x00000000 pts=856
valloc packet buffer: mpi_buf_id=177 dma_buf_fd=11 size=0
H264 first bytes: 00 00 00 01 41 e0 02 00 04 06 07 f0 30 d9 e0 4b
encode_release_packet ret=0
MP4 frame 857/1500: sequence=861 pts=34240000 us key=0 nv12=4478976 h264=5835 acquire=12.552 ms encode=26.240 ms mux=0.114 ms
start encode NV12 with RV1106 vendor packet ABI, frame=857
encode_put_frame ret=0
encode_get_packet ret=0 handle=0xae9cf958 expected=0xae9cf958
vendor packet: mpi_buf_id=177 len=8197 buf_size=1495040 offset=564352 data_num=1 flag=0x00000000 pts=857
valloc packet buffer: mpi_buf_id=177 dma_buf_fd=11 size=0
H264 first bytes: 00 00 00 01 41 e0 02 20 04 46 02 3c 3b 9a 01 5d
encode_release_packet ret=0
MP4 frame 858/1500: sequence=862 pts=34280000 us key=0 nv12=4478976 h264=8197 acquire=13.154 ms encode=26.801 ms mux=0.125 ms
start encode NV12 with RV1106 vendor packet ABI, frame=858
encode_put_frame ret=0
encode_get_packet ret=0 handle=0xae9cf958 expected=0xae9cf958
vendor packet: mpi_buf_id=177 len=9321 buf_size=1495040 offset=572672 data_num=1 flag=0x00000000 pts=858
valloc packet buffer: mpi_buf_id=177 dma_buf_fd=11 size=0
H264 first bytes: 00 00 00 01 41 e0 02 40 04 86 02 3c 12 cf 80 84
encode_release_packet ret=0
MP4 frame 859/1500: sequence=863 pts=34320000 us key=0 nv12=4478976 h264=9321 acquire=12.590 ms encode=26.219 ms mux=0.149 ms
start encode NV12 with RV1106 vendor packet ABI, frame=859
encode_put_frame ret=0
encode_get_packet ret=0 handle=0xae9cf958 expected=0xae9cf958
vendor packet: mpi_buf_id=177 len=9016 buf_size=1495040 offset=582016 data_num=1 flag=0x00000000 pts=859
valloc packet buffer: mpi_buf_id=177 dma_buf_fd=11 size=0
H264 first bytes: 00 00 00 01 41 e0 02 60 04 c6 02 3c 39 a8 09 be
encode_release_packet ret=0
MP4 frame 860/1500: sequence=864 pts=34360000 us key=0 nv12=4478976 h264=9016 acquire=13.137 ms encode=26.862 ms mux=0.144 ms
start encode NV12 with RV1106 vendor packet ABI, frame=860
encode_put_frame ret=0
encode_get_packet ret=0 handle=0xae9cf958 expected=0xae9cf958
vendor packet: mpi_buf_id=177 len=9278 buf_size=1495040 offset=591104 data_num=1 flag=0x00000000 pts=860
valloc packet buffer: mpi_buf_id=177 dma_buf_fd=11 size=0
H264 first bytes: 00 00 00 01 41 e0 02 80 05 06 02 3c 02 4b 36 14
encode_release_packet ret=0
MP4 frame 861/1500: sequence=865 pts=34400000 us key=0 nv12=4478976 h264=9278 acquire=12.507 ms encode=26.201 ms mux=0.137 ms
start encode NV12 with RV1106 vendor packet ABI, frame=861
encode_put_frame ret=0
encode_get_packet ret=0 handle=0xae9cf958 expected=0xae9cf958
vendor packet: mpi_buf_id=177 len=9391 buf_size=1495040 offset=600448 data_num=1 flag=0x00000000 pts=861
valloc packet buffer: mpi_buf_id=177 dma_buf_fd=11 size=0
H264 first bytes: 00 00 00 01 41 e0 02 a0 05 46 02 3c 02 25 96 3b
encode_release_packet ret=0
MP4 frame 862/1500: sequence=866 pts=34440000 us key=0 nv12=4478976 h264=9391 acquire=13.181 ms encode=26.953 ms mux=0.144 ms
start encode NV12 with RV1106 vendor packet ABI, frame=862
encode_put_frame ret=0
encode_get_packet ret=0 handle=0xae9cf958 expected=0xae9cf958
vendor packet: mpi_buf_id=177 len=8963 buf_size=1495040 offset=609920 data_num=1 flag=0x00000000 pts=862
valloc packet buffer: mpi_buf_id=177 dma_buf_fd=11 size=0
H264 first bytes: 00 00 00 01 41 e0 02 c0 05 86 02 3c 05 d7 04 22
encode_release_packet ret=0
MP4 frame 863/1500: sequence=867 pts=34480000 us key=0 nv12=4478976 h264=8963 acquire=12.416 ms encode=26.235 ms mux=0.143 ms
start encode NV12 with RV1106 vendor packet ABI, frame=863
encode_put_frame ret=0
encode_get_packet ret=0 handle=0xae9cf958 expected=0xae9cf958
vendor packet: mpi_buf_id=177 len=8646 buf_size=1495040 offset=619008 data_num=1 flag=0x00000000 pts=863
valloc packet buffer: mpi_buf_id=177 dma_buf_fd=11 size=0
H264 first bytes: 00 00 00 01 41 e0 02 e0 05 c6 02 3c 08 19 20 16
encode_release_packet ret=0
MP4 frame 864/1500: sequence=868 pts=34520000 us key=0 nv12=4478976 h264=8646 acquire=13.127 ms encode=26.928 ms mux=0.132 ms
start encode NV12 with RV1106 vendor packet ABI, frame=864
encode_put_frame ret=0
encode_get_packet ret=0 handle=0xae9cf958 expected=0xae9cf958
vendor packet: mpi_buf_id=177 len=14180 buf_size=1495040 offset=627712 data_num=1 flag=0x00000000 pts=864
valloc packet buffer: mpi_buf_id=177 dma_buf_fd=11 size=0
H264 first bytes: 00 00 00 01 41 e0 03 00 06 06 02 7c 1c 4d 05 a2
encode_release_packet ret=0
MP4 frame 865/1500: sequence=869 pts=34560000 us key=0 nv12=4478976 h264=14180 acquire=12.471 ms encode=26.253 ms mux=0.196 ms
start encode NV12 with RV1106 vendor packet ABI, frame=865
encode_put_frame ret=0
encode_get_packet ret=0 handle=0xae9cf958 expected=0xae9cf958
vendor packet: mpi_buf_id=177 len=9859 buf_size=1495040 offset=641920 data_num=1 flag=0x00000000 pts=865
valloc packet buffer: mpi_buf_id=177 dma_buf_fd=11 size=0
H264 first bytes: 00 00 00 01 41 e0 03 20 06 46 02 3c 10 5a 81 22
encode_release_packet ret=0
MP4 frame 866/1500: sequence=870 pts=34600000 us key=0 nv12=4478976 h264=9859 acquire=13.055 ms encode=26.875 ms mux=0.140 ms
start encode NV12 with RV1106 vendor packet ABI, frame=866
encode_put_frame ret=0
encode_get_packet ret=0 handle=0xae9cf958 expected=0xae9cf958
vendor packet: mpi_buf_id=177 len=6039 buf_size=1495040 offset=651904 data_num=1 flag=0x00000000 pts=866
valloc packet buffer: mpi_buf_id=177 dma_buf_fd=11 size=0
H264 first bytes: 00 00 00 01 41 e0 03 40 06 86 07 f0 28 c8 a0 14
encode_release_packet ret=0
MP4 frame 867/1500: sequence=871 pts=34640000 us key=0 nv12=4478976 h264=6039 acquire=12.502 ms encode=26.211 ms mux=0.107 ms
start encode NV12 with RV1106 vendor packet ABI, frame=867
encode_put_frame ret=0
encode_get_packet ret=0 handle=0xae9cf958 expected=0xae9cf958
vendor packet: mpi_buf_id=177 len=9874 buf_size=1495040 offset=658048 data_num=1 flag=0x00000000 pts=867
valloc packet buffer: mpi_buf_id=177 dma_buf_fd=11 size=0
H264 first bytes: 00 00 00 01 41 e0 03 60 06 c6 02 3c 05 de 70 46
encode_release_packet ret=0
MP4 frame 868/1500: sequence=872 pts=34680000 us key=0 nv12=4478976 h264=9874 acquire=13.198 ms encode=26.815 ms mux=0.154 ms
start encode NV12 with RV1106 vendor packet ABI, frame=868
encode_put_frame ret=0
encode_get_packet ret=0 handle=0xae9cf958 expected=0xae9cf958
vendor packet: mpi_buf_id=177 len=14756 buf_size=1495040 offset=668032 data_num=1 flag=0x00000000 pts=868
valloc packet buffer: mpi_buf_id=177 dma_buf_fd=11 size=0
H264 first bytes: 00 00 00 01 41 e0 03 80 07 06 02 7c 0f 93 14 40
encode_release_packet ret=0
MP4 frame 869/1500: sequence=873 pts=34720000 us key=0 nv12=4478976 h264=14756 acquire=12.532 ms encode=26.291 ms mux=0.197 ms
start encode NV12 with RV1106 vendor packet ABI, frame=869
encode_put_frame ret=0
encode_get_packet ret=0 handle=0xae9cf958 expected=0xae9cf958
vendor packet: mpi_buf_id=177 len=10311 buf_size=1495040 offset=682880 data_num=1 flag=0x00000000 pts=869
valloc packet buffer: mpi_buf_id=177 dma_buf_fd=11 size=0
H264 first bytes: 00 00 00 01 41 e0 03 a0 07 46 02 3c 06 b4 cc 78
encode_release_packet ret=0
MP4 frame 870/1500: sequence=874 pts=34760000 us key=0 nv12=4478976 h264=10311 acquire=13.020 ms encode=26.983 ms mux=0.999 ms
start encode NV12 with RV1106 vendor packet ABI, frame=870
encode_put_frame ret=0
encode_get_packet ret=0 handle=0xae9cf958 expected=0xae9cf958
vendor packet: mpi_buf_id=177 len=226430 buf_size=1495040 offset=693248 data_num=1 flag=0x00000010 pts=870
valloc packet buffer: mpi_buf_id=177 dma_buf_fd=11 size=0
H264 first bytes: 00 00 00 01 65 b8 00 00 e0 00 00 2b c2 91 22 80
encode_release_packet ret=0
MP4 frame 871/1500: sequence=875 pts=34800000 us key=1 nv12=4478976 h264=226430 acquire=11.542 ms encode=26.265 ms mux=3.536 ms
start encode NV12 with RV1106 vendor packet ABI, frame=871
encode_put_frame ret=0
encode_get_packet ret=0 handle=0xae9cf958 expected=0xae9cf958
vendor packet: mpi_buf_id=177 len=12702 buf_size=1495040 offset=919680 data_num=1 flag=0x00000000 pts=871
valloc packet buffer: mpi_buf_id=177 dma_buf_fd=11 size=0
H264 first bytes: 00 00 00 01 41 e0 00 20 00 46 02 3c 0b 7c 10 89
encode_release_packet ret=0
MP4 frame 872/1500: sequence=876 pts=34840000 us key=0 nv12=4478976 h264=12702 acquire=9.682 ms encode=26.882 ms mux=0.176 ms
start encode NV12 with RV1106 vendor packet ABI, frame=872
encode_put_frame ret=0
encode_get_packet ret=0 handle=0xae9cf958 expected=0xae9cf958
vendor packet: mpi_buf_id=177 len=11815 buf_size=1495040 offset=932480 data_num=1 flag=0x00000000 pts=872
valloc packet buffer: mpi_buf_id=177 dma_buf_fd=11 size=0
H264 first bytes: 00 00 00 01 41 e0 00 40 00 86 02 3c 08 fc 13 09
encode_release_packet ret=0
MP4 frame 873/1500: sequence=877 pts=34880000 us key=0 nv12=4478976 h264=11815 acquire=12.445 ms encode=26.203 ms mux=0.164 ms
start encode NV12 with RV1106 vendor packet ABI, frame=873
encode_put_frame ret=0
encode_get_packet ret=0 handle=0xae9cf958 expected=0xae9cf958
vendor packet: mpi_buf_id=177 len=12562 buf_size=1495040 offset=944384 data_num=1 flag=0x00000000 pts=873
valloc packet buffer: mpi_buf_id=177 dma_buf_fd=11 size=0
H264 first bytes: 00 00 00 01 41 e0 00 60 00 c6 02 3c 04 1f 18 25
encode_release_packet ret=0
MP4 frame 874/1500: sequence=878 pts=34920000 us key=0 nv12=4478976 h264=12562 acquire=13.144 ms encode=26.881 ms mux=0.173 ms
start encode NV12 with RV1106 vendor packet ABI, frame=874
encode_put_frame ret=0
encode_get_packet ret=0 handle=0xae9cf958 expected=0xae9cf958
vendor packet: mpi_buf_id=177 len=8583 buf_size=1495040 offset=957056 data_num=1 flag=0x00000000 pts=874
valloc packet buffer: mpi_buf_id=177 dma_buf_fd=11 size=0
H264 first bytes: 00 00 00 01 41 e0 00 80 01 06 06 f0 6f 3e 06 99
encode_release_packet ret=0
MP4 frame 875/1500: sequence=879 pts=34960000 us key=0 nv12=4478976 h264=8583 acquire=12.469 ms encode=26.280 ms mux=0.128 ms
start encode NV12 with RV1106 vendor packet ABI, frame=875
encode_put_frame ret=0
encode_get_packet ret=0 handle=0xae9cf958 expected=0xae9cf958
vendor packet: mpi_buf_id=177 len=9651 buf_size=1495040 offset=965760 data_num=1 flag=0x00000000 pts=875
valloc packet buffer: mpi_buf_id=177 dma_buf_fd=11 size=0
H264 first bytes: 00 00 00 01 41 e0 00 a0 01 46 07 f0 13 b9 a7 ac
encode_release_packet ret=0
MP4 frame 876/1500: sequence=880 pts=35000000 us key=0 nv12=4478976 h264=9651 acquire=13.101 ms encode=26.816 ms mux=0.140 ms
start encode NV12 with RV1106 vendor packet ABI, frame=876
encode_put_frame ret=0
encode_get_packet ret=0 handle=0xae9cf958 expected=0xae9cf958
vendor packet: mpi_buf_id=177 len=7393 buf_size=1495040 offset=975488 data_num=1 flag=0x00000000 pts=876
valloc packet buffer: mpi_buf_id=177 dma_buf_fd=11 size=0
H264 first bytes: 00 00 00 01 41 e0 00 c0 01 86 06 f0 3f ef bc 14
encode_release_packet ret=0
MP4 frame 877/1500: sequence=881 pts=35040000 us key=0 nv12=4478976 h264=7393 acquire=12.557 ms encode=26.173 ms mux=0.126 ms
start encode NV12 with RV1106 vendor packet ABI, frame=877
encode_put_frame ret=0
encode_get_packet ret=0 handle=0xae9cf958 expected=0xae9cf958
vendor packet: mpi_buf_id=177 len=8918 buf_size=1495040 offset=982912 data_num=1 flag=0x00000000 pts=877
valloc packet buffer: mpi_buf_id=177 dma_buf_fd=11 size=0
H264 first bytes: 00 00 00 01 41 e0 00 e0 01 c6 07 f0 24 4e e0 aa
encode_release_packet ret=0
MP4 frame 878/1500: sequence=882 pts=35080000 us key=0 nv12=4478976 h264=8918 acquire=13.102 ms encode=26.884 ms mux=0.132 ms
start encode NV12 with RV1106 vendor packet ABI, frame=878
encode_put_frame ret=0
encode_get_packet ret=0 handle=0xae9cf958 expected=0xae9cf958
vendor packet: mpi_buf_id=177 len=8072 buf_size=1495040 offset=991872 data_num=1 flag=0x00000000 pts=878
valloc packet buffer: mpi_buf_id=177 dma_buf_fd=11 size=0
H264 first bytes: 00 00 00 01 41 e0 01 00 02 06 07 f1 53 28 39 b5
encode_release_packet ret=0
MP4 frame 879/1500: sequence=883 pts=35120000 us key=0 nv12=4478976 h264=8072 acquire=12.500 ms encode=26.188 ms mux=0.129 ms
start encode NV12 with RV1106 vendor packet ABI, frame=879
encode_put_frame ret=0
encode_get_packet ret=0 handle=0xae9cf958 expected=0xae9cf958
vendor packet: mpi_buf_id=177 len=7978 buf_size=1495040 offset=1000064 data_num=1 flag=0x00000000 pts=879
valloc packet buffer: mpi_buf_id=177 dma_buf_fd=11 size=0
H264 first bytes: 00 00 00 01 41 e0 01 20 02 46 07 f0 21 e7 81 36
encode_release_packet ret=0
MP4 frame 880/1500: sequence=884 pts=35160000 us key=0 nv12=4478976 h264=7978 acquire=13.205 ms encode=26.834 ms mux=0.129 ms
start encode NV12 with RV1106 vendor packet ABI, frame=880
encode_put_frame ret=0
encode_get_packet ret=0 handle=0xae9cf958 expected=0xae9cf958
vendor packet: mpi_buf_id=177 len=7510 buf_size=1495040 offset=1008128 data_num=1 flag=0x00000000 pts=880
valloc packet buffer: mpi_buf_id=177 dma_buf_fd=11 size=0
H264 first bytes: 00 00 00 01 41 e0 01 40 02 86 07 f0 24 d9 21 bb
encode_release_packet ret=0
MP4 frame 881/1500: sequence=885 pts=35200000 us key=0 nv12=4478976 h264=7510 acquire=12.549 ms encode=26.273 ms mux=0.126 ms
start encode NV12 with RV1106 vendor packet ABI, frame=881
encode_put_frame ret=0
encode_get_packet ret=0 handle=0xae9cf958 expected=0xae9cf958
vendor packet: mpi_buf_id=177 len=7217 buf_size=1495040 offset=1015680 data_num=1 flag=0x00000000 pts=881
valloc packet buffer: mpi_buf_id=177 dma_buf_fd=11 size=0
H264 first bytes: 00 00 00 01 41 e0 01 60 02 c6 07 f0 7f 59 6f 1f
encode_release_packet ret=0
MP4 frame 882/1500: sequence=886 pts=35240000 us key=0 nv12=4478976 h264=7217 acquire=13.108 ms encode=26.837 ms mux=0.117 ms
start encode NV12 with RV1106 vendor packet ABI, frame=882
encode_put_frame ret=0
encode_get_packet ret=0 handle=0xae9cf958 expected=0xae9cf958
vendor packet: mpi_buf_id=177 len=9453 buf_size=1495040 offset=1022976 data_num=1 flag=0x00000000 pts=882
valloc packet buffer: mpi_buf_id=177 dma_buf_fd=11 size=0
H264 first bytes: 00 00 00 01 41 e0 01 80 03 06 02 3c 1e 4d 81 1b
encode_release_packet ret=0
MP4 frame 883/1500: sequence=887 pts=35280000 us key=0 nv12=4478976 h264=9453 acquire=12.566 ms encode=26.206 ms mux=0.140 ms
start encode NV12 with RV1106 vendor packet ABI, frame=883
encode_put_frame ret=0
encode_get_packet ret=0 handle=0xae9cf958 expected=0xae9cf958
vendor packet: mpi_buf_id=177 len=9152 buf_size=1495040 offset=1032448 data_num=1 flag=0x00000000 pts=883
valloc packet buffer: mpi_buf_id=177 dma_buf_fd=11 size=0
H264 first bytes: 00 00 00 01 41 e0 01 a0 03 46 02 3c 14 4c e0 24
encode_release_packet ret=0
MP4 frame 884/1500: sequence=888 pts=35320000 us key=0 nv12=4478976 h264=9152 acquire=13.167 ms encode=26.826 ms mux=0.146 ms
start encode NV12 with RV1106 vendor packet ABI, frame=884
encode_put_frame ret=0
encode_get_packet ret=0 handle=0xae9cf958 expected=0xae9cf958
vendor packet: mpi_buf_id=177 len=9304 buf_size=1495040 offset=1041664 data_num=1 flag=0x00000000 pts=884
valloc packet buffer: mpi_buf_id=177 dma_buf_fd=11 size=0
H264 first bytes: 00 00 00 01 41 e0 01 c0 03 86 02 3c 0a 39 21 39
encode_release_packet ret=0
MP4 frame 885/1500: sequence=889 pts=35360000 us key=0 nv12=4478976 h264=9304 acquire=12.545 ms encode=26.395 ms mux=0.147 ms
start encode NV12 with RV1106 vendor packet ABI, frame=885
encode_put_frame ret=0
encode_get_packet ret=0 handle=0xae9cf958 expected=0xae9cf958
vendor packet: mpi_buf_id=177 len=9751 buf_size=1495040 offset=1051008 data_num=1 flag=0x00000000 pts=885
valloc packet buffer: mpi_buf_id=177 dma_buf_fd=11 size=0
H264 first bytes: 00 00 00 01 41 e0 01 e0 03 c6 02 3c 04 df 04 22
encode_release_packet ret=0
MP4 frame 886/1500: sequence=890 pts=35400000 us key=0 nv12=4478976 h264=9751 acquire=12.972 ms encode=26.892 ms mux=0.149 ms
start encode NV12 with RV1106 vendor packet ABI, frame=886
encode_put_frame ret=0
encode_get_packet ret=0 handle=0xae9cf958 expected=0xae9cf958
vendor packet: mpi_buf_id=177 len=6519 buf_size=1495040 offset=1060864 data_num=1 flag=0x00000000 pts=886
valloc packet buffer: mpi_buf_id=177 dma_buf_fd=11 size=0
H264 first bytes: 00 00 00 01 41 e0 02 00 04 06 07 f0 4f 32 84 6b
encode_release_packet ret=0
MP4 frame 887/1500: sequence=891 pts=35440000 us key=0 nv12=4478976 h264=6519 acquire=12.471 ms encode=26.236 ms mux=0.114 ms
start encode NV12 with RV1106 vendor packet ABI, frame=887
encode_put_frame ret=0
encode_get_packet ret=0 handle=0xae9cf958 expected=0xae9cf958
vendor packet: mpi_buf_id=177 len=9890 buf_size=1495040 offset=1067392 data_num=1 flag=0x00000000 pts=887
valloc packet buffer: mpi_buf_id=177 dma_buf_fd=11 size=0
H264 first bytes: 00 00 00 01 41 e0 02 20 04 46 02 3c 09 d2 50 93
encode_release_packet ret=0
MP4 frame 888/1500: sequence=892 pts=35480000 us key=0 nv12=4478976 h264=9890 acquire=13.162 ms encode=26.755 ms mux=0.142 ms
start encode NV12 with RV1106 vendor packet ABI, frame=888
encode_put_frame ret=0
encode_get_packet ret=0 handle=0xae9cf958 expected=0xae9cf958
vendor packet: mpi_buf_id=177 len=9737 buf_size=1495040 offset=1077376 data_num=1 flag=0x00000000 pts=888
valloc packet buffer: mpi_buf_id=177 dma_buf_fd=11 size=0
H264 first bytes: 00 00 00 01 41 e0 02 40 04 86 02 3c 65 24 26 a0
encode_release_packet ret=0
MP4 frame 889/1500: sequence=893 pts=35520000 us key=0 nv12=4478976 h264=9737 acquire=12.618 ms encode=26.213 ms mux=0.146 ms
start encode NV12 with RV1106 vendor packet ABI, frame=889
encode_put_frame ret=0
encode_get_packet ret=0 handle=0xae9cf958 expected=0xae9cf958
vendor packet: mpi_buf_id=177 len=9917 buf_size=1495040 offset=1087232 data_num=1 flag=0x00000000 pts=889
valloc packet buffer: mpi_buf_id=177 dma_buf_fd=11 size=0
H264 first bytes: 00 00 00 01 41 e0 02 60 04 c6 02 3c 1d 56 11 98
encode_release_packet ret=0
MP4 frame 890/1500: sequence=894 pts=35560000 us key=0 nv12=4478976 h264=9917 acquire=13.150 ms encode=26.884 ms mux=0.145 ms
start encode NV12 with RV1106 vendor packet ABI, frame=890
encode_put_frame ret=0
encode_get_packet ret=0 handle=0xae9cf958 expected=0xae9cf958
vendor packet: mpi_buf_id=177 len=9434 buf_size=1495040 offset=1097216 data_num=1 flag=0x00000000 pts=890
valloc packet buffer: mpi_buf_id=177 dma_buf_fd=11 size=0
H264 first bytes: 00 00 00 01 41 e0 02 80 05 06 02 3c 64 ae 02 92
encode_release_packet ret=0
MP4 frame 891/1500: sequence=895 pts=35600000 us key=0 nv12=4478976 h264=9434 acquire=12.487 ms encode=26.940 ms mux=0.142 ms
start encode NV12 with RV1106 vendor packet ABI, frame=891
encode_put_frame ret=0
encode_get_packet ret=0 handle=0xae9cf958 expected=0xae9cf958
vendor packet: mpi_buf_id=177 len=9100 buf_size=1495040 offset=1106688 data_num=1 flag=0x00000000 pts=891
valloc packet buffer: mpi_buf_id=177 dma_buf_fd=11 size=0
H264 first bytes: 00 00 00 01 41 e0 02 a0 05 46 02 3c 06 4c e4 83
encode_release_packet ret=0
MP4 frame 892/1500: sequence=896 pts=35640000 us key=0 nv12=4478976 h264=9100 acquire=12.435 ms encode=26.783 ms mux=0.142 ms
start encode NV12 with RV1106 vendor packet ABI, frame=892
encode_put_frame ret=0
encode_get_packet ret=0 handle=0xae9cf958 expected=0xae9cf958
vendor packet: mpi_buf_id=177 len=9164 buf_size=1495040 offset=1115904 data_num=1 flag=0x00000000 pts=892
valloc packet buffer: mpi_buf_id=177 dma_buf_fd=11 size=0
H264 first bytes: 00 00 00 01 41 e0 02 c0 05 86 02 3c 3f 46 80 b6
encode_release_packet ret=0
MP4 frame 893/1500: sequence=897 pts=35680000 us key=0 nv12=4478976 h264=9164 acquire=12.594 ms encode=26.341 ms mux=0.137 ms
start encode NV12 with RV1106 vendor packet ABI, frame=893
encode_put_frame ret=0
encode_get_packet ret=0 handle=0xae9cf958 expected=0xae9cf958
vendor packet: mpi_buf_id=177 len=9623 buf_size=1495040 offset=1125120 data_num=1 flag=0x00000000 pts=893
valloc packet buffer: mpi_buf_id=177 dma_buf_fd=11 size=0
H264 first bytes: 00 00 00 01 41 e0 02 e0 05 c6 02 3c 76 78 34 9f
encode_release_packet ret=0
MP4 frame 894/1500: sequence=898 pts=35720000 us key=0 nv12=4478976 h264=9623 acquire=13.022 ms encode=26.892 ms mux=0.144 ms
start encode NV12 with RV1106 vendor packet ABI, frame=894
encode_put_frame ret=0
encode_get_packet ret=0 handle=0xae9cf958 expected=0xae9cf958
vendor packet: mpi_buf_id=177 len=9368 buf_size=1495040 offset=1134848 data_num=1 flag=0x00000000 pts=894
valloc packet buffer: mpi_buf_id=177 dma_buf_fd=11 size=0
H264 first bytes: 00 00 00 01 41 e0 03 00 06 06 02 3c 3f 32 80 44
encode_release_packet ret=0
MP4 frame 895/1500: sequence=899 pts=35760000 us key=0 nv12=4478976 h264=9368 acquire=12.488 ms encode=26.243 ms mux=0.146 ms
start encode NV12 with RV1106 vendor packet ABI, frame=895
encode_put_frame ret=0
encode_get_packet ret=0 handle=0xae9cf958 expected=0xae9cf958
vendor packet: mpi_buf_id=177 len=9284 buf_size=1495040 offset=1144320 data_num=1 flag=0x00000000 pts=895
valloc packet buffer: mpi_buf_id=177 dma_buf_fd=11 size=0
H264 first bytes: 00 00 00 01 41 e0 03 20 06 46 02 3c f7 86 35 00
encode_release_packet ret=0
MP4 frame 896/1500: sequence=900 pts=35800000 us key=0 nv12=4478976 h264=9284 acquire=13.124 ms encode=26.873 ms mux=0.140 ms
start encode NV12 with RV1106 vendor packet ABI, frame=896
encode_put_frame ret=0
encode_get_packet ret=0 handle=0xae9cf958 expected=0xae9cf958
vendor packet: mpi_buf_id=177 len=9044 buf_size=1495040 offset=1153664 data_num=1 flag=0x00000000 pts=896
valloc packet buffer: mpi_buf_id=177 dma_buf_fd=11 size=0
H264 first bytes: 00 00 00 01 41 e0 03 40 06 86 02 3c 04 8d 1a 02
encode_release_packet ret=0
MP4 frame 897/1500: sequence=901 pts=35840000 us key=0 nv12=4478976 h264=9044 acquire=12.494 ms encode=26.339 ms mux=0.136 ms
start encode NV12 with RV1106 vendor packet ABI, frame=897
encode_put_frame ret=0
encode_get_packet ret=0 handle=0xae9cf958 expected=0xae9cf958
vendor packet: mpi_buf_id=177 len=13990 buf_size=1495040 offset=1162752 data_num=1 flag=0x00000000 pts=897
valloc packet buffer: mpi_buf_id=177 dma_buf_fd=11 size=0
H264 first bytes: 00 00 00 01 41 e0 03 60 06 c6 02 7c 2b 3e 06 0b
encode_release_packet ret=0
MP4 frame 898/1500: sequence=902 pts=35880000 us key=0 nv12=4478976 h264=13990 acquire=13.060 ms encode=31.446 ms mux=0.188 ms
start encode NV12 with RV1106 vendor packet ABI, frame=898
encode_put_frame ret=0
encode_get_packet ret=0 handle=0xae9cf958 expected=0xae9cf958
vendor packet: mpi_buf_id=177 len=9260 buf_size=1495040 offset=1176832 data_num=1 flag=0x00000000 pts=898
valloc packet buffer: mpi_buf_id=177 dma_buf_fd=11 size=0
H264 first bytes: 00 00 00 01 41 e0 03 80 07 06 02 3c 13 c9 81 42
encode_release_packet ret=0
MP4 frame 899/1500: sequence=903 pts=35920000 us key=0 nv12=4478976 h264=9260 acquire=7.891 ms encode=27.154 ms mux=1.026 ms
start encode NV12 with RV1106 vendor packet ABI, frame=899
encode_put_frame ret=0
encode_get_packet ret=0 handle=0xae9cf958 expected=0xae9cf958
vendor packet: mpi_buf_id=177 len=9062 buf_size=1495040 offset=1186176 data_num=1 flag=0x00000000 pts=899
valloc packet buffer: mpi_buf_id=177 dma_buf_fd=11 size=0
H264 first bytes: 00 00 00 01 41 e0 03 a0 07 46 02 3c 04 ae 58 dc
encode_release_packet ret=0
MP4 frame 900/1500: sequence=904 pts=35960000 us key=0 nv12=4478976 h264=9062 acquire=11.303 ms encode=28.364 ms mux=0.143 ms
start encode NV12 with RV1106 vendor packet ABI, frame=900
encode_put_frame ret=0
encode_get_packet ret=0 handle=0xae9cf958 expected=0xae9cf958
vendor packet: mpi_buf_id=177 len=230602 buf_size=1495040 offset=1195264 data_num=1 flag=0x00000010 pts=900
valloc packet buffer: mpi_buf_id=177 dma_buf_fd=11 size=0
H264 first bytes: 00 00 00 01 65 b8 00 00 f0 00 00 2f c2 91 21 a0
encode_release_packet ret=0
MP4 frame 901/1500: sequence=905 pts=36000000 us key=1 nv12=4478976 h264=230602 acquire=11.012 ms encode=26.851 ms mux=3.787 ms
start encode NV12 with RV1106 vendor packet ABI, frame=901
encode_put_frame ret=0
encode_get_packet ret=0 handle=0xae9cf958 expected=0xae9cf958
vendor packet: mpi_buf_id=177 len=12189 buf_size=1495040 offset=1425920 data_num=1 flag=0x00000000 pts=901
valloc packet buffer: mpi_buf_id=177 dma_buf_fd=11 size=0
H264 first bytes: 00 00 00 01 41 e0 00 20 00 46 02 3c 27 b8 21 90
encode_release_packet ret=0
MP4 frame 902/1500: sequence=906 pts=36040000 us key=0 nv12=4478976 h264=12189 acquire=8.851 ms encode=27.500 ms mux=0.181 ms
start encode NV12 with RV1106 vendor packet ABI, frame=902
encode_put_frame ret=0
encode_get_packet ret=0 handle=0xae9cf958 expected=0xae9cf958
vendor packet: mpi_buf_id=177 len=11651 buf_size=1495040 offset=1438208 data_num=1 flag=0x00000000 pts=902
valloc packet buffer: mpi_buf_id=177 dma_buf_fd=11 size=0
H264 first bytes: 00 00 00 01 41 e0 00 40 00 86 02 3c 10 de 04 e9
encode_release_packet ret=0
MP4 frame 903/1500: sequence=907 pts=36080000 us key=0 nv12=4478976 h264=11651 acquire=11.828 ms encode=26.737 ms mux=0.172 ms
start encode NV12 with RV1106 vendor packet ABI, frame=903
encode_put_frame ret=0
encode_get_packet ret=0 handle=0xae9cf958 expected=0xae9cf958
vendor packet: mpi_buf_id=177 len=11599 buf_size=1495040 offset=1449984 data_num=1 flag=0x00000000 pts=903
valloc packet buffer: mpi_buf_id=177 dma_buf_fd=11 size=0
H264 first bytes: 00 00 00 01 41 e0 00 60 00 c6 02 3c 92 e5 e0 94
encode_release_packet ret=0
MP4 frame 904/1500: sequence=908 pts=36120000 us key=0 nv12=4478976 h264=11599 acquire=12.608 ms encode=27.477 ms mux=0.168 ms
start encode NV12 with RV1106 vendor packet ABI, frame=904
encode_put_frame ret=0
encode_get_packet ret=0 handle=0xae9cf958 expected=0xae9cf958
vendor packet: mpi_buf_id=177 len=10677 buf_size=1495040 offset=1461632 data_num=1 flag=0x00000000 pts=904
valloc packet buffer: mpi_buf_id=177 dma_buf_fd=11 size=0
H264 first bytes: 00 00 00 01 41 e0 00 80 01 06 02 3f a9 33 40 97
encode_release_packet ret=0
MP4 frame 905/1500: sequence=909 pts=36160000 us key=0 nv12=4478976 h264=10677 acquire=11.718 ms encode=27.035 ms mux=0.180 ms
start encode NV12 with RV1106 vendor packet ABI, frame=905
encode_put_frame ret=0
encode_get_packet ret=0 handle=0xae9cf958 expected=0xae9cf958
vendor packet: mpi_buf_id=177 len=10646 buf_size=1495040 offset=1472384 data_num=1 flag=0x00000000 pts=905
valloc packet buffer: mpi_buf_id=177 dma_buf_fd=11 size=0
H264 first bytes: 00 00 00 01 41 e0 00 a0 01 46 02 3c 6d fc d0 45
encode_release_packet ret=0
MP4 frame 906/1500: sequence=910 pts=36200000 us key=0 nv12=4478976 h264=10646 acquire=12.329 ms encode=27.384 ms mux=0.151 ms
start encode NV12 with RV1106 vendor packet ABI, frame=906
encode_put_frame ret=0
encode_get_packet ret=0 handle=0xae9cf958 expected=0xae9cf958
vendor packet: mpi_buf_id=177 len=10030 buf_size=1495040 offset=1483136 data_num=1 flag=0x00000000 pts=906
valloc packet buffer: mpi_buf_id=177 dma_buf_fd=11 size=0
H264 first bytes: 00 00 00 01 41 e0 00 c0 01 86 02 3c d4 e0 73 a5
encode_release_packet ret=0
MP4 frame 907/1500: sequence=911 pts=36240000 us key=0 nv12=4478976 h264=10030 acquire=11.960 ms encode=26.735 ms mux=0.155 ms
start encode NV12 with RV1106 vendor packet ABI, frame=907
encode_put_frame ret=0
encode_get_packet ret=0 handle=0xae9cf958 expected=0xae9cf958
vendor packet: mpi_buf_id=177 len=6652 buf_size=1495040 offset=1493248 data_num=1 flag=0x00000000 pts=907
valloc packet buffer: mpi_buf_id=177 dma_buf_fd=11 size=0
H264 first bytes: 00 00 00 01 41 e0 00 e0 01 c6 07 f0 3d 66 82 3d
encode_release_packet ret=0
MP4 frame 908/1500: sequence=912 pts=36280000 us key=0 nv12=4478976 h264=6652 acquire=12.621 ms encode=28.374 ms mux=0.115 ms
start encode NV12 with RV1106 vendor packet ABI, frame=908
encode_put_frame ret=0
encode_get_packet ret=0 handle=0xae9cf958 expected=0xae9cf958
vendor packet: mpi_buf_id=177 len=10219 buf_size=1495040 offset=4864 data_num=1 flag=0x00000000 pts=908
valloc packet buffer: mpi_buf_id=177 dma_buf_fd=11 size=0
H264 first bytes: 00 00 00 01 41 e0 01 00 02 06 02 3c 17 ec 11 89
encode_release_packet ret=0
MP4 frame 909/1500: sequence=913 pts=36320000 us key=0 nv12=4478976 h264=10219 acquire=11.021 ms encode=27.898 ms mux=0.155 ms
start encode NV12 with RV1106 vendor packet ABI, frame=909
encode_put_frame ret=0
encode_get_packet ret=0 handle=0xae9cf958 expected=0xae9cf958
vendor packet: mpi_buf_id=177 len=9980 buf_size=1495040 offset=15104 data_num=1 flag=0x00000000 pts=909
valloc packet buffer: mpi_buf_id=177 dma_buf_fd=11 size=0
H264 first bytes: 00 00 00 01 41 e0 01 20 02 46 02 3c 16 4c 44 25
encode_release_packet ret=0
MP4 frame 910/1500: sequence=914 pts=36360000 us key=0 nv12=4478976 h264=9980 acquire=11.449 ms encode=27.457 ms mux=0.153 ms
start encode NV12 with RV1106 vendor packet ABI, frame=910
encode_put_frame ret=0
encode_get_packet ret=0 handle=0xae9cf958 expected=0xae9cf958
vendor packet: mpi_buf_id=177 len=9516 buf_size=1495040 offset=25088 data_num=1 flag=0x00000000 pts=910
valloc packet buffer: mpi_buf_id=177 dma_buf_fd=11 size=0
H264 first bytes: 00 00 00 01 41 e0 01 40 02 86 02 3f 3e 04 0a 40
encode_release_packet ret=0
MP4 frame 911/1500: sequence=915 pts=36400000 us key=0 nv12=4478976 h264=9516 acquire=11.920 ms encode=27.273 ms mux=0.143 ms
start encode NV12 with RV1106 vendor packet ABI, frame=911
encode_put_frame ret=0
encode_get_packet ret=0 handle=0xae9cf958 expected=0xae9cf958
vendor packet: mpi_buf_id=177 len=9339 buf_size=1495040 offset=34688 data_num=1 flag=0x00000000 pts=911
valloc packet buffer: mpi_buf_id=177 dma_buf_fd=11 size=0
H264 first bytes: 00 00 00 01 41 e0 01 60 02 c6 02 3c 04 24 a4 80
encode_release_packet ret=0
MP4 frame 912/1500: sequence=916 pts=36440000 us key=0 nv12=4478976 h264=9339 acquire=12.093 ms encode=27.962 ms mux=0.146 ms
start encode NV12 with RV1106 vendor packet ABI, frame=912
encode_put_frame ret=0
encode_get_packet ret=0 handle=0xae9cf958 expected=0xae9cf958
vendor packet: mpi_buf_id=177 len=9349 buf_size=1495040 offset=44032 data_num=1 flag=0x00000000 pts=912
valloc packet buffer: mpi_buf_id=177 dma_buf_fd=11 size=0
H264 first bytes: 00 00 00 01 41 e0 01 80 03 06 02 3c 31 78 fc c1
encode_release_packet ret=0
MP4 frame 913/1500: sequence=917 pts=36480000 us key=0 nv12=4478976 h264=9349 acquire=11.384 ms encode=26.745 ms mux=0.142 ms
start encode NV12 with RV1106 vendor packet ABI, frame=913
encode_put_frame ret=0
encode_get_packet ret=0 handle=0xae9cf958 expected=0xae9cf958
vendor packet: mpi_buf_id=177 len=9115 buf_size=1495040 offset=53504 data_num=1 flag=0x00000000 pts=913
valloc packet buffer: mpi_buf_id=177 dma_buf_fd=11 size=0
H264 first bytes: 00 00 00 01 41 e0 01 a0 03 46 02 3c 65 34 24 76
encode_release_packet ret=0
MP4 frame 914/1500: sequence=918 pts=36520000 us key=0 nv12=4478976 h264=9115 acquire=12.782 ms encode=27.385 ms mux=0.138 ms
start encode NV12 with RV1106 vendor packet ABI, frame=914
encode_put_frame ret=0
encode_get_packet ret=0 handle=0xae9cf958 expected=0xae9cf958
vendor packet: mpi_buf_id=177 len=8676 buf_size=1495040 offset=62720 data_num=1 flag=0x00000000 pts=914
valloc packet buffer: mpi_buf_id=177 dma_buf_fd=11 size=0
H264 first bytes: 00 00 00 01 41 e0 01 c0 03 86 02 3c 3f 3a 87 2c
encode_release_packet ret=0
MP4 frame 915/1500: sequence=919 pts=36560000 us key=0 nv12=4478976 h264=8676 acquire=11.845 ms encode=26.822 ms mux=0.137 ms
start encode NV12 with RV1106 vendor packet ABI, frame=915
encode_put_frame ret=0
encode_get_packet ret=0 handle=0xae9cf958 expected=0xae9cf958
vendor packet: mpi_buf_id=177 len=9826 buf_size=1495040 offset=71424 data_num=1 flag=0x00000000 pts=915
valloc packet buffer: mpi_buf_id=177 dma_buf_fd=11 size=0
H264 first bytes: 00 00 00 01 41 e0 01 e0 03 c6 02 3c 05 3c ea 03
encode_release_packet ret=0
MP4 frame 916/1500: sequence=920 pts=36600000 us key=0 nv12=4478976 h264=9826 acquire=12.552 ms encode=27.369 ms mux=0.146 ms
start encode NV12 with RV1106 vendor packet ABI, frame=916
encode_put_frame ret=0
encode_get_packet ret=0 handle=0xae9cf958 expected=0xae9cf958
vendor packet: mpi_buf_id=177 len=9573 buf_size=1495040 offset=81280 data_num=1 flag=0x00000000 pts=916
valloc packet buffer: mpi_buf_id=177 dma_buf_fd=11 size=0
H264 first bytes: 00 00 00 01 41 e0 02 00 04 06 02 3c 04 dc e8 13
encode_release_packet ret=0
MP4 frame 917/1500: sequence=921 pts=36640000 us key=0 nv12=4478976 h264=9573 acquire=11.900 ms encode=27.329 ms mux=0.147 ms
start encode NV12 with RV1106 vendor packet ABI, frame=917
encode_put_frame ret=0
encode_get_packet ret=0 handle=0xae9cf958 expected=0xae9cf958
vendor packet: mpi_buf_id=177 len=9600 buf_size=1495040 offset=90880 data_num=1 flag=0x00000000 pts=917
valloc packet buffer: mpi_buf_id=177 dma_buf_fd=11 size=0
H264 first bytes: 00 00 00 01 41 e0 02 20 04 46 02 3c 39 58 2b b5
encode_release_packet ret=0
MP4 frame 918/1500: sequence=922 pts=36680000 us key=0 nv12=4478976 h264=9600 acquire=12.170 ms encode=27.263 ms mux=0.140 ms
start encode NV12 with RV1106 vendor packet ABI, frame=918
encode_put_frame ret=0
encode_get_packet ret=0 handle=0xae9cf958 expected=0xae9cf958
vendor packet: mpi_buf_id=177 len=9601 buf_size=1495040 offset=100480 data_num=1 flag=0x00000000 pts=918
valloc packet buffer: mpi_buf_id=177 dma_buf_fd=11 size=0
H264 first bytes: 00 00 00 01 41 e0 02 40 04 86 02 3c 2f 96 2a 6c
encode_release_packet ret=0
MP4 frame 919/1500: sequence=923 pts=36720000 us key=0 nv12=4478976 h264=9601 acquire=11.991 ms encode=27.585 ms mux=0.144 ms
start encode NV12 with RV1106 vendor packet ABI, frame=919
encode_put_frame ret=0
encode_get_packet ret=0 handle=0xae9cf958 expected=0xae9cf958
vendor packet: mpi_buf_id=177 len=8850 buf_size=1495040 offset=110208 data_num=1 flag=0x00000000 pts=919
valloc packet buffer: mpi_buf_id=177 dma_buf_fd=11 size=0
H264 first bytes: 00 00 00 01 41 e0 02 60 04 c6 02 3c 04 bc fa e0
encode_release_packet ret=0
MP4 frame 920/1500: sequence=924 pts=36760000 us key=0 nv12=4478976 h264=8850 acquire=11.753 ms encode=27.374 ms mux=0.142 ms
start encode NV12 with RV1106 vendor packet ABI, frame=920
encode_put_frame ret=0
encode_get_packet ret=0 handle=0xae9cf958 expected=0xae9cf958
vendor packet: mpi_buf_id=177 len=9693 buf_size=1495040 offset=119168 data_num=1 flag=0x00000000 pts=920
valloc packet buffer: mpi_buf_id=177 dma_buf_fd=11 size=0
H264 first bytes: 00 00 00 01 41 e0 02 80 05 06 02 3c 33 31 a2 6d
encode_release_packet ret=0
MP4 frame 921/1500: sequence=925 pts=36800000 us key=0 nv12=4478976 h264=9693 acquire=12.058 ms encode=26.742 ms mux=0.149 ms
start encode NV12 with RV1106 vendor packet ABI, frame=921
encode_put_frame ret=0
encode_get_packet ret=0 handle=0xae9cf958 expected=0xae9cf958
vendor packet: mpi_buf_id=177 len=9517 buf_size=1495040 offset=128896 data_num=1 flag=0x00000000 pts=921
valloc packet buffer: mpi_buf_id=177 dma_buf_fd=11 size=0
H264 first bytes: 00 00 00 01 41 e0 02 a0 05 46 02 3c 44 98 63 34
encode_release_packet ret=0
MP4 frame 922/1500: sequence=926 pts=36840000 us key=0 nv12=4478976 h264=9517 acquire=12.564 ms encode=27.333 ms mux=0.150 ms
start encode NV12 with RV1106 vendor packet ABI, frame=922
encode_put_frame ret=0
encode_get_packet ret=0 handle=0xae9cf958 expected=0xae9cf958
vendor packet: mpi_buf_id=177 len=9432 buf_size=1495040 offset=138496 data_num=1 flag=0x00000000 pts=922
valloc packet buffer: mpi_buf_id=177 dma_buf_fd=11 size=0
H264 first bytes: 00 00 00 01 41 e0 02 c0 05 86 02 3c 33 78 e9 30
encode_release_packet ret=0
MP4 frame 923/1500: sequence=927 pts=36880000 us key=0 nv12=4478976 h264=9432 acquire=12.032 ms encode=26.721 ms mux=0.142 ms
start encode NV12 with RV1106 vendor packet ABI, frame=923
encode_put_frame ret=0
encode_get_packet ret=0 handle=0xae9cf958 expected=0xae9cf958
vendor packet: mpi_buf_id=177 len=9323 buf_size=1495040 offset=147968 data_num=1 flag=0x00000000 pts=923
valloc packet buffer: mpi_buf_id=177 dma_buf_fd=11 size=0
H264 first bytes: 00 00 00 01 41 e0 02 e0 05 c6 02 3c 31 2e 37 3c
encode_release_packet ret=0
MP4 frame 924/1500: sequence=928 pts=36920000 us key=0 nv12=4478976 h264=9323 acquire=12.654 ms encode=27.528 ms mux=0.143 ms
start encode NV12 with RV1106 vendor packet ABI, frame=924
encode_put_frame ret=0
encode_get_packet ret=0 handle=0xae9cf958 expected=0xae9cf958
vendor packet: mpi_buf_id=177 len=8513 buf_size=1495040 offset=157312 data_num=1 flag=0x00000000 pts=924
valloc packet buffer: mpi_buf_id=177 dma_buf_fd=11 size=0
H264 first bytes: 00 00 00 01 41 e0 03 00 06 06 02 3c 37 36 06 69
encode_release_packet ret=0
MP4 frame 925/1500: sequence=929 pts=36960000 us key=0 nv12=4478976 h264=8513 acquire=11.859 ms encode=27.117 ms mux=0.137 ms
start encode NV12 with RV1106 vendor packet ABI, frame=925
encode_put_frame ret=0
encode_get_packet ret=0 handle=0xae9cf958 expected=0xae9cf958
vendor packet: mpi_buf_id=177 len=8800 buf_size=1495040 offset=165888 data_num=1 flag=0x00000000 pts=925
valloc packet buffer: mpi_buf_id=177 dma_buf_fd=11 size=0
H264 first bytes: 00 00 00 01 41 e0 03 20 06 46 02 3c 21 6a 15 c9
encode_release_packet ret=0
MP4 frame 926/1500: sequence=930 pts=37000000 us key=0 nv12=4478976 h264=8800 acquire=12.235 ms encode=27.820 ms mux=0.137 ms
start encode NV12 with RV1106 vendor packet ABI, frame=926
encode_put_frame ret=0
encode_get_packet ret=0 handle=0xae9cf958 expected=0xae9cf958
vendor packet: mpi_buf_id=177 len=9073 buf_size=1495040 offset=174720 data_num=1 flag=0x00000000 pts=926
valloc packet buffer: mpi_buf_id=177 dma_buf_fd=11 size=0
H264 first bytes: 00 00 00 01 41 e0 03 40 06 86 02 3d d6 02 97 24
encode_release_packet ret=0
MP4 frame 927/1500: sequence=931 pts=37040000 us key=0 nv12=4478976 h264=9073 acquire=11.559 ms encode=27.207 ms mux=0.140 ms
start encode NV12 with RV1106 vendor packet ABI, frame=927
encode_put_frame ret=0
encode_get_packet ret=0 handle=0xae9cf958 expected=0xae9cf958
vendor packet: mpi_buf_id=177 len=14910 buf_size=1495040 offset=183808 data_num=1 flag=0x00000000 pts=927
valloc packet buffer: mpi_buf_id=177 dma_buf_fd=11 size=0
H264 first bytes: 00 00 00 01 41 e0 03 60 06 c6 02 7c 04 0c f8 28
encode_release_packet ret=0
MP4 frame 928/1500: sequence=932 pts=37080000 us key=0 nv12=4478976 h264=14910 acquire=12.176 ms encode=28.651 ms mux=1.107 ms
start encode NV12 with RV1106 vendor packet ABI, frame=928
encode_put_frame ret=0
encode_get_packet ret=0 handle=0xae9cf958 expected=0xae9cf958
vendor packet: mpi_buf_id=177 len=9572 buf_size=1495040 offset=198784 data_num=1 flag=0x00000000 pts=928
valloc packet buffer: mpi_buf_id=177 dma_buf_fd=11 size=0
H264 first bytes: 00 00 00 01 41 e0 03 80 07 06 02 3c 05 1c a4 83
encode_release_packet ret=0
MP4 frame 929/1500: sequence=933 pts=37120000 us key=0 nv12=4478976 h264=9572 acquire=9.748 ms encode=32.257 ms mux=0.143 ms
start encode NV12 with RV1106 vendor packet ABI, frame=929
encode_put_frame ret=0
encode_get_packet ret=0 handle=0xae9cf958 expected=0xae9cf958
vendor packet: mpi_buf_id=177 len=9649 buf_size=1495040 offset=208384 data_num=1 flag=0x00000000 pts=929
valloc packet buffer: mpi_buf_id=177 dma_buf_fd=11 size=0
H264 first bytes: 00 00 00 01 41 e0 03 a0 07 46 02 3c 25 4e 10 cf
encode_release_packet ret=0
MP4 frame 930/1500: sequence=934 pts=37160000 us key=0 nv12=4478976 h264=9649 acquire=7.118 ms encode=32.434 ms mux=0.147 ms
start encode NV12 with RV1106 vendor packet ABI, frame=930
encode_put_frame ret=0
encode_get_packet ret=0 handle=0xae9cf958 expected=0xae9cf958
vendor packet: mpi_buf_id=177 len=230006 buf_size=1495040 offset=218112 data_num=1 flag=0x00000010 pts=930
valloc packet buffer: mpi_buf_id=177 dma_buf_fd=11 size=0
H264 first bytes: 00 00 00 01 65 b8 00 00 40 00 00 0b f0 a4 48 a0
encode_release_packet ret=0
MP4 frame 931/1500: sequence=935 pts=37200000 us key=1 nv12=4478976 h264=230006 acquire=6.942 ms encode=32.862 ms mux=3.880 ms
start encode NV12 with RV1106 vendor packet ABI, frame=931
encode_put_frame ret=0
encode_get_packet ret=0 handle=0xae9cf958 expected=0xae9cf958
vendor packet: mpi_buf_id=177 len=11620 buf_size=1495040 offset=448128 data_num=1 flag=0x00000000 pts=931
valloc packet buffer: mpi_buf_id=177 dma_buf_fd=11 size=0
H264 first bytes: 00 00 00 01 41 e0 00 20 00 46 02 3c 5d 1a 15 a5
encode_release_packet ret=0
MP4 frame 932/1500: sequence=936 pts=37240000 us key=0 nv12=4478976 h264=11620 acquire=5.390 ms encode=27.158 ms mux=0.171 ms
start encode NV12 with RV1106 vendor packet ABI, frame=932
encode_put_frame ret=0
encode_get_packet ret=0 handle=0xae9cf958 expected=0xae9cf958
vendor packet: mpi_buf_id=177 len=11222 buf_size=1495040 offset=459776 data_num=1 flag=0x00000000 pts=932
valloc packet buffer: mpi_buf_id=177 dma_buf_fd=11 size=0
H264 first bytes: 00 00 00 01 41 e0 00 40 00 86 02 3c 21 31 e0 27
encode_release_packet ret=0
MP4 frame 933/1500: sequence=937 pts=37280000 us key=0 nv12=4478976 h264=11222 acquire=9.523 ms encode=27.080 ms mux=0.158 ms
start encode NV12 with RV1106 vendor packet ABI, frame=933
encode_put_frame ret=0
encode_get_packet ret=0 handle=0xae9cf958 expected=0xae9cf958
vendor packet: mpi_buf_id=177 len=11677 buf_size=1495040 offset=471040 data_num=1 flag=0x00000000 pts=933
valloc packet buffer: mpi_buf_id=177 dma_buf_fd=11 size=0
H264 first bytes: 00 00 00 01 41 e0 00 60 00 c6 02 3c 33 33 92 94
encode_release_packet ret=0
MP4 frame 934/1500: sequence=938 pts=37320000 us key=0 nv12=4478976 h264=11677 acquire=12.260 ms encode=27.332 ms mux=0.166 ms
start encode NV12 with RV1106 vendor packet ABI, frame=934
encode_put_frame ret=0
encode_get_packet ret=0 handle=0xae9cf958 expected=0xae9cf958
vendor packet: mpi_buf_id=177 len=11074 buf_size=1495040 offset=482816 data_num=1 flag=0x00000000 pts=934
valloc packet buffer: mpi_buf_id=177 dma_buf_fd=11 size=0
H264 first bytes: 00 00 00 01 41 e0 00 80 01 06 02 3c 45 9a 0f 26
encode_release_packet ret=0
MP4 frame 935/1500: sequence=939 pts=37360000 us key=0 nv12=4478976 h264=11074 acquire=12.008 ms encode=27.605 ms mux=0.162 ms
start encode NV12 with RV1106 vendor packet ABI, frame=935
encode_put_frame ret=0
encode_get_packet ret=0 handle=0xae9cf958 expected=0xae9cf958
vendor packet: mpi_buf_id=177 len=7094 buf_size=1495040 offset=493952 data_num=1 flag=0x00000000 pts=935
valloc packet buffer: mpi_buf_id=177 dma_buf_fd=11 size=0
H264 first bytes: 00 00 00 01 41 e0 00 a0 01 46 07 f0 fe a1 59 30
encode_release_packet ret=0
MP4 frame 936/1500: sequence=940 pts=37400000 us key=0 nv12=4478976 h264=7094 acquire=11.744 ms encode=27.422 ms mux=0.122 ms
start encode NV12 with RV1106 vendor packet ABI, frame=936
encode_put_frame ret=0
encode_get_packet ret=0 handle=0xae9cf958 expected=0xae9cf958
vendor packet: mpi_buf_id=177 len=10250 buf_size=1495040 offset=501120 data_num=1 flag=0x00000000 pts=936
valloc packet buffer: mpi_buf_id=177 dma_buf_fd=11 size=0
H264 first bytes: 00 00 00 01 41 e0 00 c0 01 86 02 3c 3b 58 34 a6
encode_release_packet ret=0
MP4 frame 937/1500: sequence=941 pts=37440000 us key=0 nv12=4478976 h264=10250 acquire=11.980 ms encode=27.172 ms mux=0.155 ms
start encode NV12 with RV1106 vendor packet ABI, frame=937
encode_put_frame ret=0
encode_get_packet ret=0 handle=0xae9cf958 expected=0xae9cf958
vendor packet: mpi_buf_id=177 len=10587 buf_size=1495040 offset=511488 data_num=1 flag=0x00000000 pts=937
valloc packet buffer: mpi_buf_id=177 dma_buf_fd=11 size=0
H264 first bytes: 00 00 00 01 41 e0 00 e0 01 c6 02 3c 0c f3 21 22
encode_release_packet ret=0
MP4 frame 938/1500: sequence=942 pts=37480000 us key=0 nv12=4478976 h264=10587 acquire=12.197 ms encode=28.285 ms mux=0.160 ms
start encode NV12 with RV1106 vendor packet ABI, frame=938
encode_put_frame ret=0
encode_get_packet ret=0 handle=0xae9cf958 expected=0xae9cf958
vendor packet: mpi_buf_id=177 len=7065 buf_size=1495040 offset=522112 data_num=1 flag=0x00000000 pts=938
valloc packet buffer: mpi_buf_id=177 dma_buf_fd=11 size=0
H264 first bytes: 00 00 00 01 41 e0 01 00 02 06 07 f1 7c 10 89 ee
encode_release_packet ret=0
MP4 frame 939/1500: sequence=943 pts=37520000 us key=0 nv12=4478976 h264=7065 acquire=11.047 ms encode=27.220 ms mux=0.119 ms
start encode NV12 with RV1106 vendor packet ABI, frame=939
encode_put_frame ret=0
encode_get_packet ret=0 handle=0xae9cf958 expected=0xae9cf958
vendor packet: mpi_buf_id=177 len=10286 buf_size=1495040 offset=529280 data_num=1 flag=0x00000000 pts=939
valloc packet buffer: mpi_buf_id=177 dma_buf_fd=11 size=0
H264 first bytes: 00 00 00 01 41 e0 01 20 02 46 02 3c 15 4c 78 62
encode_release_packet ret=0
MP4 frame 940/1500: sequence=944 pts=37560000 us key=0 nv12=4478976 h264=10286 acquire=12.188 ms encode=27.488 ms mux=0.158 ms
start encode NV12 with RV1106 vendor packet ABI, frame=940
encode_put_frame ret=0
encode_get_packet ret=0 handle=0xae9cf958 expected=0xae9cf958
vendor packet: mpi_buf_id=177 len=6428 buf_size=1495040 offset=539648 data_num=1 flag=0x00000000 pts=940
valloc packet buffer: mpi_buf_id=177 dma_buf_fd=11 size=0
H264 first bytes: 00 00 00 01 41 e0 01 40 02 86 07 f0 25 ca 58 25
encode_release_packet ret=0
MP4 frame 941/1500: sequence=945 pts=37600000 us key=0 nv12=4478976 h264=6428 acquire=11.847 ms encode=27.187 ms mux=0.117 ms
start encode NV12 with RV1106 vendor packet ABI, frame=941
encode_put_frame ret=0
encode_get_packet ret=0 handle=0xae9cf958 expected=0xae9cf958
vendor packet: mpi_buf_id=177 len=9629 buf_size=1495040 offset=546176 data_num=1 flag=0x00000000 pts=941
valloc packet buffer: mpi_buf_id=177 dma_buf_fd=11 size=0
H264 first bytes: 00 00 00 01 41 e0 01 60 02 c6 02 3c 0a f7 80 e1
encode_release_packet ret=0
MP4 frame 942/1500: sequence=946 pts=37640000 us key=0 nv12=4478976 h264=9629 acquire=12.205 ms encode=28.230 ms mux=0.147 ms
start encode NV12 with RV1106 vendor packet ABI, frame=942
encode_put_frame ret=0
encode_get_packet ret=0 handle=0xae9cf958 expected=0xae9cf958
vendor packet: mpi_buf_id=177 len=9122 buf_size=1495040 offset=555904 data_num=1 flag=0x00000000 pts=942
valloc packet buffer: mpi_buf_id=177 dma_buf_fd=11 size=0
H264 first bytes: 00 00 00 01 41 e0 01 80 03 06 02 3c 2f 67 82 cc
encode_release_packet ret=0
MP4 frame 943/1500: sequence=947 pts=37680000 us key=0 nv12=4478976 h264=9122 acquire=11.138 ms encode=27.772 ms mux=0.144 ms
start encode NV12 with RV1106 vendor packet ABI, frame=943
encode_put_frame ret=0
encode_get_packet ret=0 handle=0xae9cf958 expected=0xae9cf958
vendor packet: mpi_buf_id=177 len=5987 buf_size=1495040 offset=565120 data_num=1 flag=0x00000000 pts=943
valloc packet buffer: mpi_buf_id=177 dma_buf_fd=11 size=0
H264 first bytes: 00 00 00 01 41 e0 01 a0 03 46 07 f0 19 72 e0 41
encode_release_packet ret=0
MP4 frame 944/1500: sequence=948 pts=37720000 us key=0 nv12=4478976 h264=5987 acquire=11.608 ms encode=28.193 ms mux=0.107 ms
start encode NV12 with RV1106 vendor packet ABI, frame=944
encode_put_frame ret=0
encode_get_packet ret=0 handle=0xae9cf958 expected=0xae9cf958
vendor packet: mpi_buf_id=177 len=6243 buf_size=1495040 offset=571136 data_num=1 flag=0x00000000 pts=944
valloc packet buffer: mpi_buf_id=177 dma_buf_fd=11 size=0
H264 first bytes: 00 00 00 01 41 e0 01 c0 03 86 07 f0 12 74 78 7b
encode_release_packet ret=0
MP4 frame 945/1500: sequence=949 pts=37760000 us key=0 nv12=4478976 h264=6243 acquire=11.213 ms encode=27.922 ms mux=0.110 ms
start encode NV12 with RV1106 vendor packet ABI, frame=945
encode_put_frame ret=0
encode_get_packet ret=0 handle=0xae9cf958 expected=0xae9cf958
vendor packet: mpi_buf_id=177 len=6018 buf_size=1495040 offset=577408 data_num=1 flag=0x00000000 pts=945
valloc packet buffer: mpi_buf_id=177 dma_buf_fd=11 size=0
H264 first bytes: 00 00 00 01 41 e0 01 e0 03 c6 07 f0 77 9e 06 cc
encode_release_packet ret=0
MP4 frame 946/1500: sequence=950 pts=37800000 us key=0 nv12=4478976 h264=6018 acquire=11.473 ms encode=27.767 ms mux=0.105 ms
start encode NV12 with RV1106 vendor packet ABI, frame=946
encode_put_frame ret=0
encode_get_packet ret=0 handle=0xae9cf958 expected=0xae9cf958
vendor packet: mpi_buf_id=177 len=5588 buf_size=1495040 offset=583552 data_num=1 flag=0x00000000 pts=946
valloc packet buffer: mpi_buf_id=177 dma_buf_fd=11 size=0
H264 first bytes: 00 00 00 01 41 e0 02 00 04 06 07 f0 d4 e6 88 b7
encode_release_packet ret=0
MP4 frame 947/1500: sequence=951 pts=37840000 us key=0 nv12=4478976 h264=5588 acquire=11.638 ms encode=26.783 ms mux=0.105 ms
start encode NV12 with RV1106 vendor packet ABI, frame=947
encode_put_frame ret=0
encode_get_packet ret=0 handle=0xae9cf958 expected=0xae9cf958
vendor packet: mpi_buf_id=177 len=7513 buf_size=1495040 offset=589184 data_num=1 flag=0x00000000 pts=947
valloc packet buffer: mpi_buf_id=177 dma_buf_fd=11 size=0
H264 first bytes: 00 00 00 01 41 e0 02 20 04 46 02 3d 56 1a cf 1d
encode_release_packet ret=0
MP4 frame 948/1500: sequence=952 pts=37880000 us key=0 nv12=4478976 h264=7513 acquire=12.516 ms encode=27.343 ms mux=0.127 ms
start encode NV12 with RV1106 vendor packet ABI, frame=948
encode_put_frame ret=0
encode_get_packet ret=0 handle=0xae9cf958 expected=0xae9cf958
vendor packet: mpi_buf_id=177 len=7833 buf_size=1495040 offset=596736 data_num=1 flag=0x00000000 pts=948
valloc packet buffer: mpi_buf_id=177 dma_buf_fd=11 size=0
H264 first bytes: 00 00 00 01 41 e0 02 40 04 86 02 3c 12 4e 48 7e
encode_release_packet ret=0
MP4 frame 949/1500: sequence=953 pts=37920000 us key=0 nv12=4478976 h264=7833 acquire=12.068 ms encode=27.105 ms mux=0.126 ms
start encode NV12 with RV1106 vendor packet ABI, frame=949
encode_put_frame ret=0
encode_get_packet ret=0 handle=0xae9cf958 expected=0xae9cf958
vendor packet: mpi_buf_id=177 len=13620 buf_size=1495040 offset=604672 data_num=1 flag=0x00000000 pts=949
valloc packet buffer: mpi_buf_id=177 dma_buf_fd=11 size=0
H264 first bytes: 00 00 00 01 41 e0 02 60 04 c6 02 7c 16 52 10 25
encode_release_packet ret=0
MP4 frame 950/1500: sequence=954 pts=37960000 us key=0 nv12=4478976 h264=13620 acquire=12.267 ms encode=27.365 ms mux=0.190 ms
start encode NV12 with RV1106 vendor packet ABI, frame=950
encode_put_frame ret=0
encode_get_packet ret=0 handle=0xae9cf958 expected=0xae9cf958
vendor packet: mpi_buf_id=177 len=9275 buf_size=1495040 offset=618368 data_num=1 flag=0x00000000 pts=950
valloc packet buffer: mpi_buf_id=177 dma_buf_fd=11 size=0
H264 first bytes: 00 00 00 01 41 e0 02 80 05 06 02 3c 0f b9 60 41
encode_release_packet ret=0
MP4 frame 951/1500: sequence=955 pts=38000000 us key=0 nv12=4478976 h264=9275 acquire=11.977 ms encode=27.771 ms mux=0.142 ms
start encode NV12 with RV1106 vendor packet ABI, frame=951
encode_put_frame ret=0
encode_get_packet ret=0 handle=0xae9cf958 expected=0xae9cf958
vendor packet: mpi_buf_id=177 len=9025 buf_size=1495040 offset=627712 data_num=1 flag=0x00000000 pts=951
valloc packet buffer: mpi_buf_id=177 dma_buf_fd=11 size=0
H264 first bytes: 00 00 00 01 41 e0 02 a0 05 46 02 3c 2f 9e 0e 38
encode_release_packet ret=0
MP4 frame 952/1500: sequence=956 pts=38040000 us key=0 nv12=4478976 h264=9025 acquire=11.591 ms encode=27.865 ms mux=0.140 ms
start encode NV12 with RV1106 vendor packet ABI, frame=952
encode_put_frame ret=0
encode_get_packet ret=0 handle=0xae9cf958 expected=0xae9cf958
vendor packet: mpi_buf_id=177 len=9464 buf_size=1495040 offset=636800 data_num=1 flag=0x00000000 pts=952
valloc packet buffer: mpi_buf_id=177 dma_buf_fd=11 size=0
H264 first bytes: 00 00 00 01 41 e0 02 c0 05 86 02 3c 0e b4 e7 9d
encode_release_packet ret=0
MP4 frame 953/1500: sequence=957 pts=38080000 us key=0 nv12=4478976 h264=9464 acquire=11.502 ms encode=26.781 ms mux=0.143 ms
start encode NV12 with RV1106 vendor packet ABI, frame=953
encode_put_frame ret=0
encode_get_packet ret=0 handle=0xae9cf958 expected=0xae9cf958
vendor packet: mpi_buf_id=177 len=5963 buf_size=1495040 offset=646272 data_num=1 flag=0x00000000 pts=953
valloc packet buffer: mpi_buf_id=177 dma_buf_fd=11 size=0
H264 first bytes: 00 00 00 01 41 e0 02 e0 05 c6 07 f0 7f d0 94 e8
encode_release_packet ret=0
MP4 frame 954/1500: sequence=958 pts=38120000 us key=0 nv12=4478976 h264=5963 acquire=12.585 ms encode=27.437 ms mux=0.106 ms
start encode NV12 with RV1106 vendor packet ABI, frame=954
encode_put_frame ret=0
encode_get_packet ret=0 handle=0xae9cf958 expected=0xae9cf958
vendor packet: mpi_buf_id=177 len=9875 buf_size=1495040 offset=652288 data_num=1 flag=0x00000000 pts=954
valloc packet buffer: mpi_buf_id=177 dma_buf_fd=11 size=0
H264 first bytes: 00 00 00 01 41 e0 03 00 06 06 02 3c 21 96 15 9d
encode_release_packet ret=0
MP4 frame 955/1500: sequence=959 pts=38160000 us key=0 nv12=4478976 h264=9875 acquire=11.977 ms encode=26.775 ms mux=0.149 ms
start encode NV12 with RV1106 vendor packet ABI, frame=955
encode_put_frame ret=0
encode_get_packet ret=0 handle=0xae9cf958 expected=0xae9cf958
vendor packet: mpi_buf_id=177 len=8859 buf_size=1495040 offset=662272 data_num=1 flag=0x00000000 pts=955
valloc packet buffer: mpi_buf_id=177 dma_buf_fd=11 size=0
H264 first bytes: 00 00 00 01 41 e0 03 20 06 46 02 3c 0a 75 80 ce
encode_release_packet ret=0
MP4 frame 956/1500: sequence=960 pts=38200000 us key=0 nv12=4478976 h264=8859 acquire=12.597 ms encode=27.773 ms mux=0.136 ms
start encode NV12 with RV1106 vendor packet ABI, frame=956
encode_put_frame ret=0
encode_get_packet ret=0 handle=0xae9cf958 expected=0xae9cf958
vendor packet: mpi_buf_id=177 len=8420 buf_size=1495040 offset=671232 data_num=1 flag=0x00000000 pts=956
valloc packet buffer: mpi_buf_id=177 dma_buf_fd=11 size=0
H264 first bytes: 00 00 00 01 41 e0 03 40 06 86 02 3c 12 5e 03 df
encode_release_packet ret=0
MP4 frame 957/1500: sequence=961 pts=38240000 us key=0 nv12=4478976 h264=8420 acquire=11.599 ms encode=27.142 ms mux=0.138 ms
start encode NV12 with RV1106 vendor packet ABI, frame=957
encode_put_frame ret=0
encode_get_packet ret=0 handle=0xae9cf958 expected=0xae9cf958
vendor packet: mpi_buf_id=177 len=8674 buf_size=1495040 offset=679680 data_num=1 flag=0x00000000 pts=957
valloc packet buffer: mpi_buf_id=177 dma_buf_fd=11 size=0
H264 first bytes: 00 00 00 01 41 e0 03 60 06 c6 02 3c 08 52 e0 2a
encode_release_packet ret=0
MP4 frame 958/1500: sequence=962 pts=38280000 us key=0 nv12=4478976 h264=8674 acquire=12.225 ms encode=28.141 ms mux=0.138 ms
start encode NV12 with RV1106 vendor packet ABI, frame=958
encode_put_frame ret=0
encode_get_packet ret=0 handle=0xae9cf958 expected=0xae9cf958
vendor packet: mpi_buf_id=177 len=14722 buf_size=1495040 offset=688384 data_num=1 flag=0x00000000 pts=958
valloc packet buffer: mpi_buf_id=177 dma_buf_fd=11 size=0
H264 first bytes: 00 00 00 01 41 e0 03 80 07 06 02 7c 55 14 13 09
encode_release_packet ret=0
MP4 frame 959/1500: sequence=963 pts=38320000 us key=0 nv12=4478976 h264=14722 acquire=11.233 ms encode=27.663 ms mux=0.201 ms
start encode NV12 with RV1106 vendor packet ABI, frame=959
encode_put_frame ret=0
encode_get_packet ret=0 handle=0xae9cf958 expected=0xae9cf958
vendor packet: mpi_buf_id=177 len=9339 buf_size=1495040 offset=703232 data_num=1 flag=0x00000000 pts=959
valloc packet buffer: mpi_buf_id=177 dma_buf_fd=11 size=0
H264 first bytes: 00 00 00 01 41 e0 03 a0 07 46 02 3c 54 e4 04 22
encode_release_packet ret=0
MP4 frame 960/1500: sequence=964 pts=38360000 us key=0 nv12=4478976 h264=9339 acquire=11.634 ms encode=26.834 ms mux=1.043 ms
start encode NV12 with RV1106 vendor packet ABI, frame=960
encode_put_frame ret=0
encode_get_packet ret=0 handle=0xae9cf958 expected=0xae9cf958
vendor packet: mpi_buf_id=177 len=228947 buf_size=1495040 offset=712576 data_num=1 flag=0x00000010 pts=960
valloc packet buffer: mpi_buf_id=177 dma_buf_fd=11 size=0
H264 first bytes: 00 00 00 01 65 b8 00 04 00 00 0a f0 a4 48 a0 00
encode_release_packet ret=0
MP4 frame 961/1500: sequence=965 pts=38400000 us key=1 nv12=4478976 h264=228947 acquire=11.641 ms encode=26.254 ms mux=3.687 ms
start encode NV12 with RV1106 vendor packet ABI, frame=961
encode_put_frame ret=0
encode_get_packet ret=0 handle=0xae9cf958 expected=0xae9cf958
vendor packet: mpi_buf_id=177 len=8334 buf_size=1495040 offset=941568 data_num=1 flag=0x00000000 pts=961
valloc packet buffer: mpi_buf_id=177 dma_buf_fd=11 size=0
H264 first bytes: 00 00 00 01 41 e0 00 20 00 46 07 f0 cc fb d4 4d
encode_release_packet ret=0
MP4 frame 962/1500: sequence=966 pts=38440000 us key=0 nv12=4478976 h264=8334 acquire=9.543 ms encode=26.863 ms mux=0.136 ms
start encode NV12 with RV1106 vendor packet ABI, frame=962
encode_put_frame ret=0
encode_get_packet ret=0 handle=0xae9cf958 expected=0xae9cf958
vendor packet: mpi_buf_id=177 len=11870 buf_size=1495040 offset=950016 data_num=1 flag=0x00000000 pts=962
valloc packet buffer: mpi_buf_id=177 dma_buf_fd=11 size=0
H264 first bytes: 00 00 00 01 41 e0 00 40 00 86 02 3c 2b b9 e9 42
encode_release_packet ret=0
MP4 frame 963/1500: sequence=967 pts=38480000 us key=0 nv12=4478976 h264=11870 acquire=12.500 ms encode=26.362 ms mux=0.170 ms
start encode NV12 with RV1106 vendor packet ABI, frame=963
encode_put_frame ret=0
encode_get_packet ret=0 handle=0xae9cf958 expected=0xae9cf958
vendor packet: mpi_buf_id=177 len=11487 buf_size=1495040 offset=961920 data_num=1 flag=0x00000000 pts=963
valloc packet buffer: mpi_buf_id=177 dma_buf_fd=11 size=0
H264 first bytes: 00 00 00 01 41 e0 00 60 00 c6 02 3c 2f 78 31 94
encode_release_packet ret=0
MP4 frame 964/1500: sequence=968 pts=38520000 us key=0 nv12=4478976 h264=11487 acquire=12.986 ms encode=26.831 ms mux=0.174 ms
start encode NV12 with RV1106 vendor packet ABI, frame=964
encode_put_frame ret=0
encode_get_packet ret=0 handle=0xae9cf958 expected=0xae9cf958
vendor packet: mpi_buf_id=177 len=7521 buf_size=1495040 offset=973440 data_num=1 flag=0x00000000 pts=964
valloc packet buffer: mpi_buf_id=177 dma_buf_fd=11 size=0
H264 first bytes: 00 00 00 01 41 e0 00 80 01 06 07 f2 5a 81 eb 50
encode_release_packet ret=0
MP4 frame 965/1500: sequence=969 pts=38560000 us key=0 nv12=4478976 h264=7521 acquire=12.516 ms encode=26.203 ms mux=0.127 ms
start encode NV12 with RV1106 vendor packet ABI, frame=965
encode_put_frame ret=0
encode_get_packet ret=0 handle=0xae9cf958 expected=0xae9cf958
vendor packet: mpi_buf_id=177 len=7307 buf_size=1495040 offset=980992 data_num=1 flag=0x00000000 pts=965
valloc packet buffer: mpi_buf_id=177 dma_buf_fd=11 size=0
H264 first bytes: 00 00 00 01 41 e0 00 a0 01 46 07 f0 3a 4d 81 8e
encode_release_packet ret=0
MP4 frame 966/1500: sequence=970 pts=38600000 us key=0 nv12=4478976 h264=7307 acquire=13.174 ms encode=26.837 ms mux=0.127 ms
start encode NV12 with RV1106 vendor packet ABI, frame=966
encode_put_frame ret=0
encode_get_packet ret=0 handle=0xae9cf958 expected=0xae9cf958
vendor packet: mpi_buf_id=177 len=10354 buf_size=1495040 offset=988416 data_num=1 flag=0x00000000 pts=966
valloc packet buffer: mpi_buf_id=177 dma_buf_fd=11 size=0
H264 first bytes: 00 00 00 01 41 e0 00 c0 01 86 02 3c d6 e2 fa 12
encode_release_packet ret=0
MP4 frame 967/1500: sequence=971 pts=38640000 us key=0 nv12=4478976 h264=10354 acquire=12.554 ms encode=26.222 ms mux=0.154 ms
start encode NV12 with RV1106 vendor packet ABI, frame=967
encode_put_frame ret=0
encode_get_packet ret=0 handle=0xae9cf958 expected=0xae9cf958
vendor packet: mpi_buf_id=177 len=10036 buf_size=1495040 offset=998784 data_num=1 flag=0x00000000 pts=967
valloc packet buffer: mpi_buf_id=177 dma_buf_fd=11 size=0
H264 first bytes: 00 00 00 01 41 e0 00 e0 01 c6 02 3c 04 b7 42 c7
encode_release_packet ret=0
MP4 frame 968/1500: sequence=972 pts=38680000 us key=0 nv12=4478976 h264=10036 acquire=13.130 ms encode=27.378 ms mux=0.151 ms
start encode NV12 with RV1106 vendor packet ABI, frame=968
encode_put_frame ret=0
encode_get_packet ret=0 handle=0xae9cf958 expected=0xae9cf958
vendor packet: mpi_buf_id=177 len=6767 buf_size=1495040 offset=1008896 data_num=1 flag=0x00000000 pts=968
valloc packet buffer: mpi_buf_id=177 dma_buf_fd=11 size=0
H264 first bytes: 00 00 00 01 41 e0 01 00 02 06 07 f0 18 52 1c 58
encode_release_packet ret=0
MP4 frame 969/1500: sequence=973 pts=38720000 us key=0 nv12=4478976 h264=6767 acquire=12.010 ms encode=26.216 ms mux=0.119 ms
start encode NV12 with RV1106 vendor packet ABI, frame=969
encode_put_frame ret=0
encode_get_packet ret=0 handle=0xae9cf958 expected=0xae9cf958
vendor packet: mpi_buf_id=177 len=9890 buf_size=1495040 offset=1015680 data_num=1 flag=0x00000000 pts=969
valloc packet buffer: mpi_buf_id=177 dma_buf_fd=11 size=0
H264 first bytes: 00 00 00 01 41 e0 01 20 02 46 02 3c 39 96 0b 66
encode_release_packet ret=0
MP4 frame 970/1500: sequence=974 pts=38760000 us key=0 nv12=4478976 h264=9890 acquire=13.157 ms encode=26.852 ms mux=0.147 ms
start encode NV12 with RV1106 vendor packet ABI, frame=970
encode_put_frame ret=0
encode_get_packet ret=0 handle=0xae9cf958 expected=0xae9cf958
vendor packet: mpi_buf_id=177 len=6387 buf_size=1495040 offset=1025664 data_num=1 flag=0x00000000 pts=970
valloc packet buffer: mpi_buf_id=177 dma_buf_fd=11 size=0
H264 first bytes: 00 00 00 01 41 e0 01 40 02 86 07 f0 fd 1a 2a 7c
encode_release_packet ret=0
MP4 frame 971/1500: sequence=975 pts=38800000 us key=0 nv12=4478976 h264=6387 acquire=12.514 ms encode=26.322 ms mux=0.112 ms
start encode NV12 with RV1106 vendor packet ABI, frame=971
encode_put_frame ret=0
encode_get_packet ret=0 handle=0xae9cf958 expected=0xae9cf958
vendor packet: mpi_buf_id=177 len=6679 buf_size=1495040 offset=1032064 data_num=1 flag=0x00000000 pts=971
valloc packet buffer: mpi_buf_id=177 dma_buf_fd=11 size=0
H264 first bytes: 00 00 00 01 41 e0 01 60 02 c6 07 f0 14 16 e2 f5
encode_release_packet ret=0
MP4 frame 972/1500: sequence=976 pts=38840000 us key=0 nv12=4478976 h264=6679 acquire=13.078 ms encode=26.842 ms mux=0.115 ms
start encode NV12 with RV1106 vendor packet ABI, frame=972
encode_put_frame ret=0
encode_get_packet ret=0 handle=0xae9cf958 expected=0xae9cf958
vendor packet: mpi_buf_id=177 len=8786 buf_size=1495040 offset=1038848 data_num=1 flag=0x00000000 pts=972
valloc packet buffer: mpi_buf_id=177 dma_buf_fd=11 size=0
H264 first bytes: 00 00 00 01 41 e0 01 80 03 06 02 3c 09 73 60 51
encode_release_packet ret=0
MP4 frame 973/1500: sequence=977 pts=38880000 us key=0 nv12=4478976 h264=8786 acquire=12.557 ms encode=26.188 ms mux=0.140 ms
start encode NV12 with RV1106 vendor packet ABI, frame=973
encode_put_frame ret=0
encode_get_packet ret=0 handle=0xae9cf958 expected=0xae9cf958
vendor packet: mpi_buf_id=177 len=8772 buf_size=1495040 offset=1047680 data_num=1 flag=0x00000000 pts=973
valloc packet buffer: mpi_buf_id=177 dma_buf_fd=11 size=0
H264 first bytes: 00 00 00 01 41 e0 01 a0 03 46 02 3c 0c b3 22 09
encode_release_packet ret=0
MP4 frame 974/1500: sequence=978 pts=38920000 us key=0 nv12=4478976 h264=8772 acquire=13.181 ms encode=26.960 ms mux=0.134 ms
start encode NV12 with RV1106 vendor packet ABI, frame=974
encode_put_frame ret=0
encode_get_packet ret=0 handle=0xae9cf958 expected=0xae9cf958
vendor packet: mpi_buf_id=177 len=5556 buf_size=1495040 offset=1056512 data_num=1 flag=0x00000000 pts=974
valloc packet buffer: mpi_buf_id=177 dma_buf_fd=11 size=0
H264 first bytes: 00 00 00 01 41 e0 01 c0 03 86 07 f0 10 35 87 74
encode_release_packet ret=0
MP4 frame 975/1500: sequence=979 pts=38960000 us key=0 nv12=4478976 h264=5556 acquire=12.419 ms encode=26.233 ms mux=0.105 ms
start encode NV12 with RV1106 vendor packet ABI, frame=975
encode_put_frame ret=0
encode_get_packet ret=0 handle=0xae9cf958 expected=0xae9cf958
vendor packet: mpi_buf_id=177 len=8504 buf_size=1495040 offset=1062144 data_num=1 flag=0x00000000 pts=975
valloc packet buffer: mpi_buf_id=177 dma_buf_fd=11 size=0
H264 first bytes: 00 00 00 01 41 e0 01 e0 03 c6 02 3c 3b 39 a0 22
encode_release_packet ret=0
MP4 frame 976/1500: sequence=980 pts=39000000 us key=0 nv12=4478976 h264=8504 acquire=13.183 ms encode=26.779 ms mux=0.135 ms
start encode NV12 with RV1106 vendor packet ABI, frame=976
encode_put_frame ret=0
encode_get_packet ret=0 handle=0xae9cf958 expected=0xae9cf958
vendor packet: mpi_buf_id=177 len=9040 buf_size=1495040 offset=1070720 data_num=1 flag=0x00000000 pts=976
valloc packet buffer: mpi_buf_id=177 dma_buf_fd=11 size=0
H264 first bytes: 00 00 00 01 41 e0 02 00 04 06 02 3c 12 ce 58 29
encode_release_packet ret=0
MP4 frame 977/1500: sequence=981 pts=39040000 us key=0 nv12=4478976 h264=9040 acquire=12.603 ms encode=26.216 ms mux=0.138 ms
start encode NV12 with RV1106 vendor packet ABI, frame=977
encode_put_frame ret=0
encode_get_packet ret=0 handle=0xae9cf958 expected=0xae9cf958
vendor packet: mpi_buf_id=177 len=6011 buf_size=1495040 offset=1079808 data_num=1 flag=0x00000000 pts=977
valloc packet buffer: mpi_buf_id=177 dma_buf_fd=11 size=0
H264 first bytes: 00 00 00 01 41 e0 02 20 04 46 07 f0 25 49 86 f2
encode_release_packet ret=0
MP4 frame 978/1500: sequence=982 pts=39080000 us key=0 nv12=4478976 h264=6011 acquire=13.168 ms encode=26.748 ms mux=0.109 ms
start encode NV12 with RV1106 vendor packet ABI, frame=978
encode_put_frame ret=0
encode_get_packet ret=0 handle=0xae9cf958 expected=0xae9cf958
vendor packet: mpi_buf_id=177 len=5619 buf_size=1495040 offset=1085824 data_num=1 flag=0x00000000 pts=978
valloc packet buffer: mpi_buf_id=177 dma_buf_fd=11 size=0
H264 first bytes: 00 00 00 01 41 e0 02 40 04 86 07 f0 4b 33 83 4a
encode_release_packet ret=0
MP4 frame 979/1500: sequence=983 pts=39120000 us key=0 nv12=4478976 h264=5619 acquire=12.649 ms encode=26.382 ms mux=0.106 ms
start encode NV12 with RV1106 vendor packet ABI, frame=979
encode_put_frame ret=0
encode_get_packet ret=0 handle=0xae9cf958 expected=0xae9cf958
vendor packet: mpi_buf_id=177 len=7943 buf_size=1495040 offset=1091456 data_num=1 flag=0x00000000 pts=979
valloc packet buffer: mpi_buf_id=177 dma_buf_fd=11 size=0
H264 first bytes: 00 00 00 01 41 e0 02 60 04 c6 02 3c 6d 41 10 9a
encode_release_packet ret=0
MP4 frame 980/1500: sequence=984 pts=39160000 us key=0 nv12=4478976 h264=7943 acquire=13.030 ms encode=26.899 ms mux=0.130 ms
start encode NV12 with RV1106 vendor packet ABI, frame=980
encode_put_frame ret=0
encode_get_packet ret=0 handle=0xae9cf958 expected=0xae9cf958
vendor packet: mpi_buf_id=177 len=8732 buf_size=1495040 offset=1099520 data_num=1 flag=0x00000000 pts=980
valloc packet buffer: mpi_buf_id=177 dma_buf_fd=11 size=0
H264 first bytes: 00 00 00 01 41 e0 02 80 05 06 02 3c 10 d2 81 7a
encode_release_packet ret=0
MP4 frame 981/1500: sequence=985 pts=39200000 us key=0 nv12=4478976 h264=8732 acquire=12.482 ms encode=26.243 ms mux=0.132 ms
start encode NV12 with RV1106 vendor packet ABI, frame=981
encode_put_frame ret=0
encode_get_packet ret=0 handle=0xae9cf958 expected=0xae9cf958
vendor packet: mpi_buf_id=177 len=8358 buf_size=1495040 offset=1108352 data_num=1 flag=0x00000000 pts=981
valloc packet buffer: mpi_buf_id=177 dma_buf_fd=11 size=0
H264 first bytes: 00 00 00 01 41 e0 02 a0 05 46 02 3c 14 c8 58 1a
encode_release_packet ret=0
MP4 frame 982/1500: sequence=986 pts=39240000 us key=0 nv12=4478976 h264=8358 acquire=13.137 ms encode=26.966 ms mux=0.134 ms
start encode NV12 with RV1106 vendor packet ABI, frame=982
encode_put_frame ret=0
encode_get_packet ret=0 handle=0xae9cf958 expected=0xae9cf958
vendor packet: mpi_buf_id=177 len=9268 buf_size=1495040 offset=1116800 data_num=1 flag=0x00000000 pts=982
valloc packet buffer: mpi_buf_id=177 dma_buf_fd=11 size=0
H264 first bytes: 00 00 00 01 41 e0 02 c0 05 86 02 3c 07 4c a5 18
encode_release_packet ret=0
MP4 frame 983/1500: sequence=987 pts=39280000 us key=0 nv12=4478976 h264=9268 acquire=12.420 ms encode=26.220 ms mux=0.144 ms
start encode NV12 with RV1106 vendor packet ABI, frame=983
encode_put_frame ret=0
encode_get_packet ret=0 handle=0xae9cf958 expected=0xae9cf958
vendor packet: mpi_buf_id=177 len=8656 buf_size=1495040 offset=1126144 data_num=1 flag=0x00000000 pts=983
valloc packet buffer: mpi_buf_id=177 dma_buf_fd=11 size=0
H264 first bytes: 00 00 00 01 41 e0 02 e0 05 c6 02 3c 4c f8 1d f5
encode_release_packet ret=0
MP4 frame 984/1500: sequence=988 pts=39320000 us key=0 nv12=4478976 h264=8656 acquire=13.147 ms encode=26.825 ms mux=0.136 ms
start encode NV12 with RV1106 vendor packet ABI, frame=984
encode_put_frame ret=0
encode_get_packet ret=0 handle=0xae9cf958 expected=0xae9cf958
vendor packet: mpi_buf_id=177 len=8877 buf_size=1495040 offset=1134848 data_num=1 flag=0x00000000 pts=984
valloc packet buffer: mpi_buf_id=177 dma_buf_fd=11 size=0
H264 first bytes: 00 00 00 01 41 e0 03 00 06 06 02 3d ca 49 a7 c1
encode_release_packet ret=0
MP4 frame 985/1500: sequence=989 pts=39360000 us key=0 nv12=4478976 h264=8877 acquire=12.561 ms encode=26.228 ms mux=0.141 ms
start encode NV12 with RV1106 vendor packet ABI, frame=985
encode_put_frame ret=0
encode_get_packet ret=0 handle=0xae9cf958 expected=0xae9cf958
vendor packet: mpi_buf_id=177 len=9004 buf_size=1495040 offset=1143808 data_num=1 flag=0x00000000 pts=985
valloc packet buffer: mpi_buf_id=177 dma_buf_fd=11 size=0
H264 first bytes: 00 00 00 01 41 e0 03 20 06 46 02 3c 1e 4f 81 aa
encode_release_packet ret=0
MP4 frame 986/1500: sequence=990 pts=39400000 us key=0 nv12=4478976 h264=9004 acquire=13.149 ms encode=26.850 ms mux=0.134 ms
start encode NV12 with RV1106 vendor packet ABI, frame=986
encode_put_frame ret=0
encode_get_packet ret=0 handle=0xae9cf958 expected=0xae9cf958
vendor packet: mpi_buf_id=177 len=14440 buf_size=1495040 offset=1152896 data_num=1 flag=0x00000000 pts=986
valloc packet buffer: mpi_buf_id=177 dma_buf_fd=11 size=0
H264 first bytes: 00 00 00 01 41 e0 03 40 06 86 02 7c 04 2c 98 1f
encode_release_packet ret=0
MP4 frame 987/1500: sequence=991 pts=39440000 us key=0 nv12=4478976 h264=14440 acquire=12.407 ms encode=26.198 ms mux=0.200 ms
start encode NV12 with RV1106 vendor packet ABI, frame=987
encode_put_frame ret=0
encode_get_packet ret=0 handle=0xae9cf958 expected=0xae9cf958
vendor packet: mpi_buf_id=177 len=9599 buf_size=1495040 offset=1167360 data_num=1 flag=0x00000000 pts=987
valloc packet buffer: mpi_buf_id=177 dma_buf_fd=11 size=0
H264 first bytes: 00 00 00 01 41 e0 03 60 06 c6 02 3c 04 bc a5 90
encode_release_packet ret=0
MP4 frame 988/1500: sequence=992 pts=39480000 us key=0 nv12=4478976 h264=9599 acquire=13.118 ms encode=26.834 ms mux=0.143 ms
start encode NV12 with RV1106 vendor packet ABI, frame=988
encode_put_frame ret=0
encode_get_packet ret=0 handle=0xae9cf958 expected=0xae9cf958
vendor packet: mpi_buf_id=177 len=9504 buf_size=1495040 offset=1176960 data_num=1 flag=0x00000000 pts=988
valloc packet buffer: mpi_buf_id=177 dma_buf_fd=11 size=0
H264 first bytes: 00 00 00 01 41 e0 03 80 07 06 02 3c 08 33 a8 08
encode_release_packet ret=0
MP4 frame 989/1500: sequence=993 pts=39520000 us key=0 nv12=4478976 h264=9504 acquire=12.541 ms encode=26.238 ms mux=0.145 ms
start encode NV12 with RV1106 vendor packet ABI, frame=989
encode_put_frame ret=0
encode_get_packet ret=0 handle=0xae9cf958 expected=0xae9cf958
vendor packet: mpi_buf_id=177 len=9249 buf_size=1495040 offset=1186560 data_num=1 flag=0x00000000 pts=989
valloc packet buffer: mpi_buf_id=177 dma_buf_fd=11 size=0
H264 first bytes: 00 00 00 01 41 e0 03 a0 07 46 02 3c 06 56 78 12
encode_release_packet ret=0
MP4 frame 990/1500: sequence=994 pts=39560000 us key=0 nv12=4478976 h264=9249 acquire=13.131 ms encode=26.821 ms mux=0.159 ms
start encode NV12 with RV1106 vendor packet ABI, frame=990
encode_put_frame ret=0
encode_get_packet ret=0 handle=0xae9cf958 expected=0xae9cf958
vendor packet: mpi_buf_id=177 len=229487 buf_size=1495040 offset=1195904 data_num=1 flag=0x00000010 pts=990
valloc packet buffer: mpi_buf_id=177 dma_buf_fd=11 size=0
H264 first bytes: 00 00 00 01 65 b8 00 02 00 00 03 02 fc 29 12 28
encode_release_packet ret=0
MP4 frame 991/1500: sequence=995 pts=39600000 us key=1 nv12=4478976 h264=229487 acquire=12.535 ms encode=26.252 ms mux=4.448 ms
start encode NV12 with RV1106 vendor packet ABI, frame=991
encode_put_frame ret=0
encode_get_packet ret=0 handle=0xae9cf958 expected=0xae9cf958
vendor packet: mpi_buf_id=177 len=18028 buf_size=1495040 offset=1425408 data_num=1 flag=0x00000000 pts=991
valloc packet buffer: mpi_buf_id=177 dma_buf_fd=11 size=0
H264 first bytes: 00 00 00 01 41 e0 00 20 00 46 02 7c d3 b8 1c b2
encode_release_packet ret=0
MP4 frame 992/1500: sequence=996 pts=39640000 us key=0 nv12=4478976 h264=18028 acquire=8.795 ms encode=26.910 ms mux=0.235 ms
start encode NV12 with RV1106 vendor packet ABI, frame=992
encode_put_frame ret=0
encode_get_packet ret=0 handle=0xae9cf958 expected=0xae9cf958
vendor packet: mpi_buf_id=177 len=11574 buf_size=1495040 offset=1443456 data_num=1 flag=0x00000000 pts=992
valloc packet buffer: mpi_buf_id=177 dma_buf_fd=11 size=0
H264 first bytes: 00 00 00 01 41 e0 00 40 00 86 02 3c 0f 52 96 16
encode_release_packet ret=0
MP4 frame 993/1500: sequence=997 pts=39680000 us key=0 nv12=4478976 h264=11574 acquire=12.363 ms encode=26.201 ms mux=0.170 ms
start encode NV12 with RV1106 vendor packet ABI, frame=993
encode_put_frame ret=0
encode_get_packet ret=0 handle=0xae9cf958 expected=0xae9cf958
vendor packet: mpi_buf_id=177 len=11503 buf_size=1495040 offset=1455104 data_num=1 flag=0x00000000 pts=993
valloc packet buffer: mpi_buf_id=177 dma_buf_fd=11 size=0
H264 first bytes: 00 00 00 01 41 e0 00 60 00 c6 02 3d c8 a0 e7 a1
encode_release_packet ret=0
MP4 frame 994/1500: sequence=998 pts=39720000 us key=0 nv12=4478976 h264=11503 acquire=13.143 ms encode=26.991 ms mux=0.167 ms
start encode NV12 with RV1106 vendor packet ABI, frame=994
encode_put_frame ret=0
encode_get_packet ret=0 handle=0xae9cf958 expected=0xae9cf958
vendor packet: mpi_buf_id=177 len=7707 buf_size=1495040 offset=1466624 data_num=1 flag=0x00000000 pts=994
valloc packet buffer: mpi_buf_id=177 dma_buf_fd=11 size=0
H264 first bytes: 00 00 00 01 41 e0 00 80 01 06 07 f0 3b 4d 86 f7
encode_release_packet ret=0
MP4 frame 995/1500: sequence=999 pts=39760000 us key=0 nv12=4478976 h264=7707 acquire=12.350 ms encode=26.240 ms mux=0.125 ms
start encode NV12 with RV1106 vendor packet ABI, frame=995
encode_put_frame ret=0
encode_get_packet ret=0 handle=0xae9cf958 expected=0xae9cf958
vendor packet: mpi_buf_id=177 len=10730 buf_size=1495040 offset=1474432 data_num=1 flag=0x00000000 pts=995
valloc packet buffer: mpi_buf_id=177 dma_buf_fd=11 size=0
H264 first bytes: 00 00 00 01 41 e0 00 a0 01 46 02 3c 94 a0 96 7d
encode_release_packet ret=0
MP4 frame 996/1500: sequence=1000 pts=39800000 us key=0 nv12=4478976 h264=10730 acquire=13.145 ms encode=26.902 ms mux=0.156 ms
start encode NV12 with RV1106 vendor packet ABI, frame=996
encode_put_frame ret=0
encode_get_packet ret=0 handle=0xae9cf958 expected=0xae9cf958
vendor packet: mpi_buf_id=177 len=7420 buf_size=1495040 offset=1485184 data_num=1 flag=0x00000000 pts=996
valloc packet buffer: mpi_buf_id=177 dma_buf_fd=11 size=0
H264 first bytes: 00 00 00 01 41 e0 00 c0 01 86 07 f7 6a 03 2a 53
encode_release_packet ret=0
MP4 frame 997/1500: sequence=1001 pts=39840000 us key=0 nv12=4478976 h264=7420 acquire=12.461 ms encode=26.187 ms mux=0.123 ms
start encode NV12 with RV1106 vendor packet ABI, frame=997
encode_put_frame ret=0
encode_get_packet ret=0 handle=0xae9cf958 expected=0xae9cf958
vendor packet: mpi_buf_id=177 len=10189 buf_size=1495040 offset=1492608 data_num=1 flag=0x00000000 pts=997
valloc packet buffer: mpi_buf_id=177 dma_buf_fd=11 size=0
H264 first bytes: 00 00 00 01 41 e0 00 e0 01 c6 02 3c 35 3e 7b c1
encode_release_packet ret=0
MP4 frame 998/1500: sequence=1002 pts=39880000 us key=0 nv12=4478976 h264=10189 acquire=13.206 ms encode=26.917 ms mux=0.146 ms
start encode NV12 with RV1106 vendor packet ABI, frame=998
encode_put_frame ret=0
encode_get_packet ret=0 handle=0xae9cf958 expected=0xae9cf958
vendor packet: mpi_buf_id=177 len=9756 buf_size=1495040 offset=7808 data_num=1 flag=0x00000000 pts=998
valloc packet buffer: mpi_buf_id=177 dma_buf_fd=11 size=0
H264 first bytes: 00 00 00 01 41 e0 01 00 02 06 02 3c 46 68 2f a8
encode_release_packet ret=0
MP4 frame 999/1500: sequence=1003 pts=39920000 us key=0 nv12=4478976 h264=9756 acquire=12.444 ms encode=26.177 ms mux=0.143 ms
start encode NV12 with RV1106 vendor packet ABI, frame=999
encode_put_frame ret=0
encode_get_packet ret=0 handle=0xae9cf958 expected=0xae9cf958
vendor packet: mpi_buf_id=177 len=6494 buf_size=1495040 offset=17664 data_num=1 flag=0x00000000 pts=999
valloc packet buffer: mpi_buf_id=177 dma_buf_fd=11 size=0
H264 first bytes: 00 00 00 01 41 e0 01 20 02 46 07 f0 75 3e 09 ed
encode_release_packet ret=0
MP4 frame 1000/1500: sequence=1004 pts=39960000 us key=0 nv12=4478976 h264=6494 acquire=13.199 ms encode=26.847 ms mux=0.118 ms
start encode NV12 with RV1106 vendor packet ABI, frame=1000
encode_put_frame ret=0
encode_get_packet ret=0 handle=0xae9cf958 expected=0xae9cf958
vendor packet: mpi_buf_id=177 len=8853 buf_size=1495040 offset=24192 data_num=1 flag=0x00000000 pts=1000
valloc packet buffer: mpi_buf_id=177 dma_buf_fd=11 size=0
H264 first bytes: 00 00 00 01 41 e0 01 40 02 86 02 3c 0e 53 18 20
encode_release_packet ret=0
MP4 frame 1001/1500: sequence=1005 pts=40000000 us key=0 nv12=4478976 h264=8853 acquire=12.547 ms encode=26.205 ms mux=0.138 ms
start encode NV12 with RV1106 vendor packet ABI, frame=1001
encode_put_frame ret=0
encode_get_packet ret=0 handle=0xae9cf958 expected=0xae9cf958
vendor packet: mpi_buf_id=177 len=5996 buf_size=1495040 offset=33152 data_num=1 flag=0x00000000 pts=1001
valloc packet buffer: mpi_buf_id=177 dma_buf_fd=11 size=0
H264 first bytes: 00 00 00 01 41 e0 01 60 02 c6 07 f0 fd 60 e2 6c
encode_release_packet ret=0
MP4 frame 1002/1500: sequence=1006 pts=40040000 us key=0 nv12=4478976 h264=5996 acquire=13.166 ms encode=26.967 ms mux=0.111 ms
start encode NV12 with RV1106 vendor packet ABI, frame=1002
encode_put_frame ret=0
encode_get_packet ret=0 handle=0xae9cf958 expected=0xae9cf958
vendor packet: mpi_buf_id=177 len=5940 buf_size=1495040 offset=39168 data_num=1 flag=0x00000000 pts=1002
valloc packet buffer: mpi_buf_id=177 dma_buf_fd=11 size=0
H264 first bytes: 00 00 00 01 41 e0 01 80 03 06 07 f0 6d 32 85 65
encode_release_packet ret=0
MP4 frame 1003/1500: sequence=1007 pts=40080000 us key=0 nv12=4478976 h264=5940 acquire=12.437 ms encode=26.189 ms mux=0.112 ms
start encode NV12 with RV1106 vendor packet ABI, frame=1003
encode_put_frame ret=0
encode_get_packet ret=0 handle=0xae9cf958 expected=0xae9cf958
vendor packet: mpi_buf_id=177 len=9049 buf_size=1495040 offset=45184 data_num=1 flag=0x00000000 pts=1003
valloc packet buffer: mpi_buf_id=177 dma_buf_fd=11 size=0
H264 first bytes: 00 00 00 01 41 e0 01 a0 03 46 02 3c 3d 58 6e 47
encode_release_packet ret=0
MP4 frame 1004/1500: sequence=1008 pts=40120000 us key=0 nv12=4478976 h264=9049 acquire=13.208 ms encode=26.870 ms mux=0.138 ms
start encode NV12 with RV1106 vendor packet ABI, frame=1004
encode_put_frame ret=0
encode_get_packet ret=0 handle=0xae9cf958 expected=0xae9cf958
vendor packet: mpi_buf_id=177 len=8714 buf_size=1495040 offset=54272 data_num=1 flag=0x00000000 pts=1004
valloc packet buffer: mpi_buf_id=177 dma_buf_fd=11 size=0
H264 first bytes: 00 00 00 01 41 e0 01 c0 03 86 02 3c d3 60 93 82
encode_release_packet ret=0
MP4 frame 1005/1500: sequence=1009 pts=40160000 us key=0 nv12=4478976 h264=8714 acquire=12.522 ms encode=26.228 ms mux=0.132 ms
start encode NV12 with RV1106 vendor packet ABI, frame=1005
encode_put_frame ret=0
encode_get_packet ret=0 handle=0xae9cf958 expected=0xae9cf958
vendor packet: mpi_buf_id=177 len=8891 buf_size=1495040 offset=63104 data_num=1 flag=0x00000000 pts=1005
valloc packet buffer: mpi_buf_id=177 dma_buf_fd=11 size=0
H264 first bytes: 00 00 00 01 41 e0 01 e0 03 c6 02 3c 07 2c c6 05
encode_release_packet ret=0
MP4 frame 1006/1500: sequence=1010 pts=40200000 us key=0 nv12=4478976 h264=8891 acquire=13.145 ms encode=26.782 ms mux=0.144 ms
start encode NV12 with RV1106 vendor packet ABI, frame=1006
encode_put_frame ret=0
encode_get_packet ret=0 handle=0xae9cf958 expected=0xae9cf958
vendor packet: mpi_buf_id=177 len=9041 buf_size=1495040 offset=72064 data_num=1 flag=0x00000000 pts=1006
valloc packet buffer: mpi_buf_id=177 dma_buf_fd=11 size=0
H264 first bytes: 00 00 00 01 41 e0 02 00 04 06 02 3d da 85 e4 c3
encode_release_packet ret=0
MP4 frame 1007/1500: sequence=1011 pts=40240000 us key=0 nv12=4478976 h264=9041 acquire=12.592 ms encode=26.317 ms mux=0.135 ms
start encode NV12 with RV1106 vendor packet ABI, frame=1007
encode_put_frame ret=0
encode_get_packet ret=0 handle=0xae9cf958 expected=0xae9cf958
vendor packet: mpi_buf_id=177 len=9109 buf_size=1495040 offset=81152 data_num=1 flag=0x00000000 pts=1007
valloc packet buffer: mpi_buf_id=177 dma_buf_fd=11 size=0
H264 first bytes: 00 00 00 01 41 e0 02 20 04 46 02 3c 12 4e 78 16
encode_release_packet ret=0
MP4 frame 1008/1500: sequence=1012 pts=40280000 us key=0 nv12=4478976 h264=9109 acquire=13.056 ms encode=26.836 ms mux=0.136 ms
start encode NV12 with RV1106 vendor packet ABI, frame=1008
encode_put_frame ret=0
encode_get_packet ret=0 handle=0xae9cf958 expected=0xae9cf958
vendor packet: mpi_buf_id=177 len=8983 buf_size=1495040 offset=90368 data_num=1 flag=0x00000000 pts=1008
valloc packet buffer: mpi_buf_id=177 dma_buf_fd=11 size=0
H264 first bytes: 00 00 00 01 41 e0 02 40 04 86 02 3c 11 f4 25 32
encode_release_packet ret=0
MP4 frame 1009/1500: sequence=1013 pts=40320000 us key=0 nv12=4478976 h264=8983 acquire=12.538 ms encode=26.265 ms mux=0.144 ms
start encode NV12 with RV1106 vendor packet ABI, frame=1009
encode_put_frame ret=0
encode_get_packet ret=0 handle=0xae9cf958 expected=0xae9cf958
vendor packet: mpi_buf_id=177 len=8390 buf_size=1495040 offset=99456 data_num=1 flag=0x00000000 pts=1009
valloc packet buffer: mpi_buf_id=177 dma_buf_fd=11 size=0
H264 first bytes: 00 00 00 01 41 e0 02 60 04 c6 02 3c 09 72 58 9b
encode_release_packet ret=0
MP4 frame 1010/1500: sequence=1014 pts=40360000 us key=0 nv12=4478976 h264=8390 acquire=13.100 ms encode=26.989 ms mux=0.135 ms
start encode NV12 with RV1106 vendor packet ABI, frame=1010
encode_put_frame ret=0
encode_get_packet ret=0 handle=0xae9cf958 expected=0xae9cf958
vendor packet: mpi_buf_id=177 len=9292 buf_size=1495040 offset=107904 data_num=1 flag=0x00000000 pts=1010
valloc packet buffer: mpi_buf_id=177 dma_buf_fd=11 size=0
H264 first bytes: 00 00 00 01 41 e0 02 80 05 06 02 3c 06 36 68 08
encode_release_packet ret=0
MP4 frame 1011/1500: sequence=1015 pts=40400000 us key=0 nv12=4478976 h264=9292 acquire=12.394 ms encode=26.193 ms mux=0.140 ms
start encode NV12 with RV1106 vendor packet ABI, frame=1011
encode_put_frame ret=0
encode_get_packet ret=0 handle=0xae9cf958 expected=0xae9cf958
vendor packet: mpi_buf_id=177 len=8898 buf_size=1495040 offset=117248 data_num=1 flag=0x00000000 pts=1011
valloc packet buffer: mpi_buf_id=177 dma_buf_fd=11 size=0
H264 first bytes: 00 00 00 01 41 e0 02 a0 05 46 02 3d cd 82 0c d1
encode_release_packet ret=0
MP4 frame 1012/1500: sequence=1016 pts=40440000 us key=0 nv12=4478976 h264=8898 acquire=13.188 ms encode=26.846 ms mux=0.134 ms
start encode NV12 with RV1106 vendor packet ABI, frame=1012
encode_put_frame ret=0
encode_get_packet ret=0 handle=0xae9cf958 expected=0xae9cf958
vendor packet: mpi_buf_id=177 len=8740 buf_size=1495040 offset=126208 data_num=1 flag=0x00000000 pts=1012
valloc packet buffer: mpi_buf_id=177 dma_buf_fd=11 size=0
H264 first bytes: 00 00 00 01 41 e0 02 c0 05 86 02 3c 3f 26 03 86
encode_release_packet ret=0
MP4 frame 1013/1500: sequence=1017 pts=40480000 us key=0 nv12=4478976 h264=8740 acquire=12.528 ms encode=26.240 ms mux=0.136 ms
start encode NV12 with RV1106 vendor packet ABI, frame=1013
encode_put_frame ret=0
encode_get_packet ret=0 handle=0xae9cf958 expected=0xae9cf958
vendor packet: mpi_buf_id=177 len=8576 buf_size=1495040 offset=135040 data_num=1 flag=0x00000000 pts=1013
valloc packet buffer: mpi_buf_id=177 dma_buf_fd=11 size=0
H264 first bytes: 00 00 00 01 41 e0 02 e0 05 c6 02 3c 04 77 04 a2
encode_release_packet ret=0
MP4 frame 1014/1500: sequence=1018 pts=40520000 us key=0 nv12=4478976 h264=8576 acquire=13.131 ms encode=26.820 ms mux=0.129 ms
start encode NV12 with RV1106 vendor packet ABI, frame=1014
encode_put_frame ret=0
encode_get_packet ret=0 handle=0xae9cf958 expected=0xae9cf958
vendor packet: mpi_buf_id=177 len=8540 buf_size=1495040 offset=143616 data_num=1 flag=0x00000000 pts=1014
valloc packet buffer: mpi_buf_id=177 dma_buf_fd=11 size=0
H264 first bytes: 00 00 00 01 41 e0 03 00 06 06 02 3d cf 80 ca cd
encode_release_packet ret=0
MP4 frame 1015/1500: sequence=1019 pts=40560000 us key=0 nv12=4478976 h264=8540 acquire=12.564 ms encode=26.221 ms mux=0.132 ms
start encode NV12 with RV1106 vendor packet ABI, frame=1015
encode_put_frame ret=0
encode_get_packet ret=0 handle=0xae9cf958 expected=0xae9cf958
vendor packet: mpi_buf_id=177 len=14321 buf_size=1495040 offset=152192 data_num=1 flag=0x00000000 pts=1015
valloc packet buffer: mpi_buf_id=177 dma_buf_fd=11 size=0
H264 first bytes: 00 00 00 01 41 e0 03 20 06 46 02 7c 08 76 a1 da
encode_release_packet ret=0
MP4 frame 1016/1500: sequence=1020 pts=40600000 us key=0 nv12=4478976 h264=14321 acquire=13.161 ms encode=26.896 ms mux=0.195 ms
start encode NV12 with RV1106 vendor packet ABI, frame=1016
encode_put_frame ret=0
encode_get_packet ret=0 handle=0xae9cf958 expected=0xae9cf958
vendor packet: mpi_buf_id=177 len=9869 buf_size=1495040 offset=166528 data_num=1 flag=0x00000000 pts=1016
valloc packet buffer: mpi_buf_id=177 dma_buf_fd=11 size=0
H264 first bytes: 00 00 00 01 41 e0 03 40 06 86 02 3c 04 75 a0 4a
encode_release_packet ret=0
MP4 frame 1017/1500: sequence=1021 pts=40640000 us key=0 nv12=4478976 h264=9869 acquire=12.424 ms encode=26.229 ms mux=0.145 ms
start encode NV12 with RV1106 vendor packet ABI, frame=1017
encode_put_frame ret=0
encode_get_packet ret=0 handle=0xae9cf958 expected=0xae9cf958
vendor packet: mpi_buf_id=177 len=9924 buf_size=1495040 offset=176512 data_num=1 flag=0x00000000 pts=1017
valloc packet buffer: mpi_buf_id=177 dma_buf_fd=11 size=0
H264 first bytes: 00 00 00 01 41 e0 03 60 06 c6 02 3c 17 4a 78 d9
encode_release_packet ret=0
MP4 frame 1018/1500: sequence=1022 pts=40680000 us key=0 nv12=4478976 h264=9924 acquire=13.025 ms encode=26.885 ms mux=0.145 ms
start encode NV12 with RV1106 vendor packet ABI, frame=1018
encode_put_frame ret=0
encode_get_packet ret=0 handle=0xae9cf958 expected=0xae9cf958
vendor packet: mpi_buf_id=177 len=9388 buf_size=1495040 offset=186496 data_num=1 flag=0x00000000 pts=1018
valloc packet buffer: mpi_buf_id=177 dma_buf_fd=11 size=0
H264 first bytes: 00 00 00 01 41 e0 03 80 07 06 02 3c 08 32 60 60
encode_release_packet ret=0
MP4 frame 1019/1500: sequence=1023 pts=40720000 us key=0 nv12=4478976 h264=9388 acquire=12.481 ms encode=26.251 ms mux=1.025 ms
start encode NV12 with RV1106 vendor packet ABI, frame=1019
encode_put_frame ret=0
encode_get_packet ret=0 handle=0xae9cf958 expected=0xae9cf958
vendor packet: mpi_buf_id=177 len=15157 buf_size=1495040 offset=195968 data_num=1 flag=0x00000000 pts=1019
valloc packet buffer: mpi_buf_id=177 dma_buf_fd=11 size=0
H264 first bytes: 00 00 00 01 41 e0 03 a0 07 46 02 7c 4f 05 02 4a
encode_release_packet ret=0
MP4 frame 1020/1500: sequence=1024 pts=40760000 us key=0 nv12=4478976 h264=15157 acquire=12.232 ms encode=26.827 ms mux=0.203 ms
start encode NV12 with RV1106 vendor packet ABI, frame=1020
encode_put_frame ret=0
encode_get_packet ret=0 handle=0xae9cf958 expected=0xae9cf958
vendor packet: mpi_buf_id=177 len=228666 buf_size=1495040 offset=211200 data_num=1 flag=0x00000010 pts=1020
valloc packet buffer: mpi_buf_id=177 dma_buf_fd=11 size=0
H264 first bytes: 00 00 00 01 65 b8 00 03 00 00 03 02 fc 29 12 20
encode_release_packet ret=0
MP4 frame 1021/1500: sequence=1025 pts=40800000 us key=1 nv12=4478976 h264=228666 acquire=12.471 ms encode=26.310 ms mux=3.727 ms
start encode NV12 with RV1106 vendor packet ABI, frame=1021
encode_put_frame ret=0
encode_get_packet ret=0 handle=0xae9cf958 expected=0xae9cf958
vendor packet: mpi_buf_id=177 len=12120 buf_size=1495040 offset=439936 data_num=1 flag=0x00000000 pts=1021
valloc packet buffer: mpi_buf_id=177 dma_buf_fd=11 size=0
H264 first bytes: 00 00 00 01 41 e0 00 20 00 46 02 3c 9a 81 be 6c
encode_release_packet ret=0
MP4 frame 1022/1500: sequence=1026 pts=40840000 us key=0 nv12=4478976 h264=12120 acquire=9.476 ms encode=26.887 ms mux=0.179 ms
start encode NV12 with RV1106 vendor packet ABI, frame=1022
encode_put_frame ret=0
encode_get_packet ret=0 handle=0xae9cf958 expected=0xae9cf958
vendor packet: mpi_buf_id=177 len=12081 buf_size=1495040 offset=452096 data_num=1 flag=0x00000000 pts=1022
valloc packet buffer: mpi_buf_id=177 dma_buf_fd=11 size=0
H264 first bytes: 00 00 00 01 41 e0 00 40 00 86 02 3c 25 6a 08 6d
encode_release_packet ret=0
MP4 frame 1023/1500: sequence=1027 pts=40880000 us key=0 nv12=4478976 h264=12081 acquire=12.433 ms encode=26.226 ms mux=0.170 ms
start encode NV12 with RV1106 vendor packet ABI, frame=1023
encode_put_frame ret=0
encode_get_packet ret=0 handle=0xae9cf958 expected=0xae9cf958
vendor packet: mpi_buf_id=177 len=7825 buf_size=1495040 offset=464256 data_num=1 flag=0x00000000 pts=1023
valloc packet buffer: mpi_buf_id=177 dma_buf_fd=11 size=0
H264 first bytes: 00 00 00 01 41 e0 00 60 00 c6 07 f0 53 36 3e 8f
encode_release_packet ret=0
MP4 frame 1024/1500: sequence=1028 pts=40920000 us key=0 nv12=4478976 h264=7825 acquire=13.124 ms encode=26.787 ms mux=0.129 ms
start encode NV12 with RV1106 vendor packet ABI, frame=1024
encode_put_frame ret=0
encode_get_packet ret=0 handle=0xae9cf958 expected=0xae9cf958
vendor packet: mpi_buf_id=177 len=10843 buf_size=1495040 offset=472192 data_num=1 flag=0x00000000 pts=1024
valloc packet buffer: mpi_buf_id=177 dma_buf_fd=11 size=0
H264 first bytes: 00 00 00 01 41 e0 00 80 01 06 02 3c f3 92 22 9c
encode_release_packet ret=0
MP4 frame 1025/1500: sequence=1029 pts=40960000 us key=0 nv12=4478976 h264=10843 acquire=12.598 ms encode=26.337 ms mux=0.158 ms
start encode NV12 with RV1106 vendor packet ABI, frame=1025
encode_put_frame ret=0
encode_get_packet ret=0 handle=0xae9cf958 expected=0xae9cf958
vendor packet: mpi_buf_id=177 len=11230 buf_size=1495040 offset=483072 data_num=1 flag=0x00000000 pts=1025
valloc packet buffer: mpi_buf_id=177 dma_buf_fd=11 size=0
H264 first bytes: 00 00 00 01 41 e0 00 a0 01 46 02 3c 76 a1 dc f1
encode_release_packet ret=0
MP4 frame 1026/1500: sequence=1030 pts=41000000 us key=0 nv12=4478976 h264=11230 acquire=13.019 ms encode=26.857 ms mux=0.166 ms
start encode NV12 with RV1106 vendor packet ABI, frame=1026
encode_put_frame ret=0
encode_get_packet ret=0 handle=0xae9cf958 expected=0xae9cf958
vendor packet: mpi_buf_id=177 len=6874 buf_size=1495040 offset=494336 data_num=1 flag=0x00000000 pts=1026
valloc packet buffer: mpi_buf_id=177 dma_buf_fd=11 size=0
H264 first bytes: 00 00 00 01 41 e0 00 c0 01 86 07 f0 6b 66 83 aa
encode_release_packet ret=0
MP4 frame 1027/1500: sequence=1031 pts=41040000 us key=0 nv12=4478976 h264=6874 acquire=12.494 ms encode=26.176 ms mux=0.118 ms
start encode NV12 with RV1106 vendor packet ABI, frame=1027
encode_put_frame ret=0
encode_get_packet ret=0 handle=0xae9cf958 expected=0xae9cf958
vendor packet: mpi_buf_id=177 len=9714 buf_size=1495040 offset=501248 data_num=1 flag=0x00000000 pts=1027
valloc packet buffer: mpi_buf_id=177 dma_buf_fd=11 size=0
H264 first bytes: 00 00 00 01 41 e0 00 e0 01 c6 02 3c 13 67 8f d5
encode_release_packet ret=0
MP4 frame 1028/1500: sequence=1032 pts=41080000 us key=0 nv12=4478976 h264=9714 acquire=13.217 ms encode=26.882 ms mux=0.147 ms
start encode NV12 with RV1106 vendor packet ABI, frame=1028
encode_put_frame ret=0
encode_get_packet ret=0 handle=0xae9cf958 expected=0xae9cf958
vendor packet: mpi_buf_id=177 len=9400 buf_size=1495040 offset=510976 data_num=1 flag=0x00000000 pts=1028
valloc packet buffer: mpi_buf_id=177 dma_buf_fd=11 size=0
H264 first bytes: 00 00 00 01 41 e0 01 00 02 06 02 3c 17 56 02 7e
encode_release_packet ret=0
MP4 frame 1029/1500: sequence=1033 pts=41120000 us key=0 nv12=4478976 h264=9400 acquire=12.480 ms encode=26.257 ms mux=0.138 ms
start encode NV12 with RV1106 vendor packet ABI, frame=1029
encode_put_frame ret=0
encode_get_packet ret=0 handle=0xae9cf958 expected=0xae9cf958
vendor packet: mpi_buf_id=177 len=10094 buf_size=1495040 offset=520448 data_num=1 flag=0x00000000 pts=1029
valloc packet buffer: mpi_buf_id=177 dma_buf_fd=11 size=0
H264 first bytes: 00 00 00 01 41 e0 01 20 02 46 02 3c 3f 66 8b 9b
encode_release_packet ret=0
MP4 frame 1030/1500: sequence=1034 pts=41160000 us key=0 nv12=4478976 h264=10094 acquire=13.125 ms encode=26.905 ms mux=0.147 ms
start encode NV12 with RV1106 vendor packet ABI, frame=1030
encode_put_frame ret=0
encode_get_packet ret=0 handle=0xae9cf958 expected=0xae9cf958
vendor packet: mpi_buf_id=177 len=9722 buf_size=1495040 offset=530560 data_num=1 flag=0x00000000 pts=1030
valloc packet buffer: mpi_buf_id=177 dma_buf_fd=11 size=0
H264 first bytes: 00 00 00 01 41 e0 01 40 02 86 02 3c 1f cc 78 1c
encode_release_packet ret=0
MP4 frame 1031/1500: sequence=1035 pts=41200000 us key=0 nv12=4478976 h264=9722 acquire=12.460 ms encode=26.266 ms mux=0.142 ms
start encode NV12 with RV1106 vendor packet ABI, frame=1031
encode_put_frame ret=0
encode_get_packet ret=0 handle=0xae9cf958 expected=0xae9cf958
vendor packet: mpi_buf_id=177 len=9660 buf_size=1495040 offset=540288 data_num=1 flag=0x00000000 pts=1031
valloc packet buffer: mpi_buf_id=177 dma_buf_fd=11 size=0
H264 first bytes: 00 00 00 01 41 e0 01 60 02 c6 02 3c 15 d3 83 4a
encode_release_packet ret=0
MP4 frame 1032/1500: sequence=1036 pts=41240000 us key=0 nv12=4478976 h264=9660 acquire=13.111 ms encode=26.819 ms mux=0.148 ms
start encode NV12 with RV1106 vendor packet ABI, frame=1032
encode_put_frame ret=0
encode_get_packet ret=0 handle=0xae9cf958 expected=0xae9cf958
vendor packet: mpi_buf_id=177 len=9861 buf_size=1495040 offset=550016 data_num=1 flag=0x00000000 pts=1032
valloc packet buffer: mpi_buf_id=177 dma_buf_fd=11 size=0
H264 first bytes: 00 00 00 01 41 e0 01 80 03 06 02 3c 29 36 04 e9
encode_release_packet ret=0
MP4 frame 1033/1500: sequence=1037 pts=41280000 us key=0 nv12=4478976 h264=9861 acquire=12.547 ms encode=26.417 ms mux=0.148 ms
start encode NV12 with RV1106 vendor packet ABI, frame=1033
encode_put_frame ret=0
encode_get_packet ret=0 handle=0xae9cf958 expected=0xae9cf958
vendor packet: mpi_buf_id=177 len=6705 buf_size=1495040 offset=560000 data_num=1 flag=0x00000000 pts=1033
valloc packet buffer: mpi_buf_id=177 dma_buf_fd=11 size=0
H264 first bytes: 00 00 00 01 41 e0 01 a0 03 46 07 f0 32 56 08 27
encode_release_packet ret=0
MP4 frame 1034/1500: sequence=1038 pts=41320000 us key=0 nv12=4478976 h264=6705 acquire=12.948 ms encode=26.831 ms mux=0.121 ms
start encode NV12 with RV1106 vendor packet ABI, frame=1034
encode_put_frame ret=0
encode_get_packet ret=0 handle=0xae9cf958 expected=0xae9cf958
vendor packet: mpi_buf_id=177 len=9423 buf_size=1495040 offset=566784 data_num=1 flag=0x00000000 pts=1034
valloc packet buffer: mpi_buf_id=177 dma_buf_fd=11 size=0
H264 first bytes: 00 00 00 01 41 e0 01 c0 03 86 02 3c 07 36 a0 70
encode_release_packet ret=0
MP4 frame 1035/1500: sequence=1039 pts=41360000 us key=0 nv12=4478976 h264=9423 acquire=12.559 ms encode=26.222 ms mux=0.138 ms
start encode NV12 with RV1106 vendor packet ABI, frame=1035
encode_put_frame ret=0
encode_get_packet ret=0 handle=0xae9cf958 expected=0xae9cf958
vendor packet: mpi_buf_id=177 len=9783 buf_size=1495040 offset=576256 data_num=1 flag=0x00000000 pts=1035
valloc packet buffer: mpi_buf_id=177 dma_buf_fd=11 size=0
H264 first bytes: 00 00 00 01 41 e0 01 e0 03 c6 02 3c 04 5d 1d 09
encode_release_packet ret=0
MP4 frame 1036/1500: sequence=1040 pts=41400000 us key=0 nv12=4478976 h264=9783 acquire=13.165 ms encode=26.798 ms mux=0.148 ms
start encode NV12 with RV1106 vendor packet ABI, frame=1036
encode_put_frame ret=0
encode_get_packet ret=0 handle=0xae9cf958 expected=0xae9cf958
vendor packet: mpi_buf_id=177 len=9913 buf_size=1495040 offset=586112 data_num=1 flag=0x00000000 pts=1036
valloc packet buffer: mpi_buf_id=177 dma_buf_fd=11 size=0
H264 first bytes: 00 00 00 01 41 e0 02 00 04 06 02 3c 14 5b 83 19
encode_release_packet ret=0
MP4 frame 1037/1500: sequence=1041 pts=41440000 us key=0 nv12=4478976 h264=9913 acquire=12.559 ms encode=26.294 ms mux=0.146 ms
start encode NV12 with RV1106 vendor packet ABI, frame=1037
encode_put_frame ret=0
encode_get_packet ret=0 handle=0xae9cf958 expected=0xae9cf958
vendor packet: mpi_buf_id=177 len=9000 buf_size=1495040 offset=596096 data_num=1 flag=0x00000000 pts=1037
valloc packet buffer: mpi_buf_id=177 dma_buf_fd=11 size=0
H264 first bytes: 00 00 00 01 41 e0 02 20 04 46 02 3c 06 a5 38 34
encode_release_packet ret=0
MP4 frame 1038/1500: sequence=1042 pts=41480000 us key=0 nv12=4478976 h264=9000 acquire=13.077 ms encode=26.824 ms mux=0.139 ms
start encode NV12 with RV1106 vendor packet ABI, frame=1038
encode_put_frame ret=0
encode_get_packet ret=0 handle=0xae9cf958 expected=0xae9cf958
vendor packet: mpi_buf_id=177 len=9186 buf_size=1495040 offset=605184 data_num=1 flag=0x00000000 pts=1038
valloc packet buffer: mpi_buf_id=177 dma_buf_fd=11 size=0
H264 first bytes: 00 00 00 01 41 e0 02 40 04 86 02 3c 94 e0 46 94
encode_release_packet ret=0
MP4 frame 1039/1500: sequence=1043 pts=41520000 us key=0 nv12=4478976 h264=9186 acquire=12.558 ms encode=26.246 ms mux=0.139 ms
start encode NV12 with RV1106 vendor packet ABI, frame=1039
encode_put_frame ret=0
encode_get_packet ret=0 handle=0xae9cf958 expected=0xae9cf958
vendor packet: mpi_buf_id=177 len=9348 buf_size=1495040 offset=614400 data_num=1 flag=0x00000000 pts=1039
valloc packet buffer: mpi_buf_id=177 dma_buf_fd=11 size=0
H264 first bytes: 00 00 00 01 41 e0 02 60 04 c6 02 3c 31 78 24 9f
encode_release_packet ret=0
MP4 frame 1040/1500: sequence=1044 pts=41560000 us key=0 nv12=4478976 h264=9348 acquire=13.122 ms encode=26.947 ms mux=0.139 ms
start encode NV12 with RV1106 vendor packet ABI, frame=1040
encode_put_frame ret=0
encode_get_packet ret=0 handle=0xae9cf958 expected=0xae9cf958
vendor packet: mpi_buf_id=177 len=9539 buf_size=1495040 offset=623872 data_num=1 flag=0x00000000 pts=1040
valloc packet buffer: mpi_buf_id=177 dma_buf_fd=11 size=0
H264 first bytes: 00 00 00 01 41 e0 02 80 05 06 02 3c 2b d0 93 d0
encode_release_packet ret=0
MP4 frame 1041/1500: sequence=1045 pts=41600000 us key=0 nv12=4478976 h264=9539 acquire=12.320 ms encode=26.251 ms mux=0.140 ms
start encode NV12 with RV1106 vendor packet ABI, frame=1041
encode_put_frame ret=0
encode_get_packet ret=0 handle=0xae9cf958 expected=0xae9cf958
vendor packet: mpi_buf_id=177 len=8850 buf_size=1495040 offset=633472 data_num=1 flag=0x00000000 pts=1041
valloc packet buffer: mpi_buf_id=177 dma_buf_fd=11 size=0
H264 first bytes: 00 00 00 01 41 e0 02 a0 05 46 02 3c 06 36 50 b0
encode_release_packet ret=0
MP4 frame 1042/1500: sequence=1046 pts=41640000 us key=0 nv12=4478976 h264=8850 acquire=13.120 ms encode=26.868 ms mux=0.137 ms
start encode NV12 with RV1106 vendor packet ABI, frame=1042
encode_put_frame ret=0
encode_get_packet ret=0 handle=0xae9cf958 expected=0xae9cf958
vendor packet: mpi_buf_id=177 len=9263 buf_size=1495040 offset=642432 data_num=1 flag=0x00000000 pts=1042
valloc packet buffer: mpi_buf_id=177 dma_buf_fd=11 size=0
H264 first bytes: 00 00 00 01 41 e0 02 c0 05 86 02 3c 13 c9 88 bc
encode_release_packet ret=0
MP4 frame 1043/1500: sequence=1047 pts=41680000 us key=0 nv12=4478976 h264=9263 acquire=12.502 ms encode=26.231 ms mux=0.138 ms
start encode NV12 with RV1106 vendor packet ABI, frame=1043
encode_put_frame ret=0
encode_get_packet ret=0 handle=0xae9cf958 expected=0xae9cf958
vendor packet: mpi_buf_id=177 len=8388 buf_size=1495040 offset=651776 data_num=1 flag=0x00000000 pts=1043
valloc packet buffer: mpi_buf_id=177 dma_buf_fd=11 size=0
H264 first bytes: 00 00 00 01 41 e0 02 e0 05 c6 02 3c 09 9b 85 66
encode_release_packet ret=0
MP4 frame 1044/1500: sequence=1048 pts=41720000 us key=0 nv12=4478976 h264=8388 acquire=13.151 ms encode=26.781 ms mux=0.130 ms
start encode NV12 with RV1106 vendor packet ABI, frame=1044
encode_put_frame ret=0
encode_get_packet ret=0 handle=0xae9cf958 expected=0xae9cf958
vendor packet: mpi_buf_id=177 len=9334 buf_size=1495040 offset=660224 data_num=1 flag=0x00000000 pts=1044
valloc packet buffer: mpi_buf_id=177 dma_buf_fd=11 size=0
H264 first bytes: 00 00 00 01 41 e0 03 00 06 06 02 3c 04 7d 60 24
encode_release_packet ret=0
MP4 frame 1045/1500: sequence=1049 pts=41760000 us key=0 nv12=4478976 h264=9334 acquire=12.604 ms encode=26.216 ms mux=0.143 ms
start encode NV12 with RV1106 vendor packet ABI, frame=1045
encode_put_frame ret=0
encode_get_packet ret=0 handle=0xae9cf958 expected=0xae9cf958
vendor packet: mpi_buf_id=177 len=8739 buf_size=1495040 offset=669568 data_num=1 flag=0x00000000 pts=1045
valloc packet buffer: mpi_buf_id=177 dma_buf_fd=11 size=0
H264 first bytes: 00 00 00 01 41 e0 03 20 06 46 02 3c 10 c9 83 9a
encode_release_packet ret=0
MP4 frame 1046/1500: sequence=1050 pts=41800000 us key=0 nv12=4478976 h264=8739 acquire=13.152 ms encode=26.811 ms mux=0.135 ms
start encode NV12 with RV1106 vendor packet ABI, frame=1046
encode_put_frame ret=0
encode_get_packet ret=0 handle=0xae9cf958 expected=0xae9cf958
vendor packet: mpi_buf_id=177 len=14835 buf_size=1495040 offset=678400 data_num=1 flag=0x00000000 pts=1046
valloc packet buffer: mpi_buf_id=177 dma_buf_fd=11 size=0
H264 first bytes: 00 00 00 01 41 e0 03 40 06 86 02 7c 09 fc 11 89
encode_release_packet ret=0
MP4 frame 1047/1500: sequence=1051 pts=41840000 us key=0 nv12=4478976 h264=14835 acquire=12.573 ms encode=26.230 ms mux=0.206 ms
start encode NV12 with RV1106 vendor packet ABI, frame=1047
encode_put_frame ret=0
encode_get_packet ret=0 handle=0xae9cf958 expected=0xae9cf958
vendor packet: mpi_buf_id=177 len=9132 buf_size=1495040 offset=693248 data_num=1 flag=0x00000000 pts=1047
valloc packet buffer: mpi_buf_id=177 dma_buf_fd=11 size=0
H264 first bytes: 00 00 00 01 41 e0 03 60 06 c6 02 3c 93 9a 2f 24
encode_release_packet ret=0
MP4 frame 1048/1500: sequence=1052 pts=41880000 us key=0 nv12=4478976 h264=9132 acquire=13.081 ms encode=26.922 ms mux=0.142 ms
start encode NV12 with RV1106 vendor packet ABI, frame=1048
encode_put_frame ret=0
encode_get_packet ret=0 handle=0xae9cf958 expected=0xae9cf958
vendor packet: mpi_buf_id=177 len=9321 buf_size=1495040 offset=702464 data_num=1 flag=0x00000000 pts=1048
valloc packet buffer: mpi_buf_id=177 dma_buf_fd=11 size=0
H264 first bytes: 00 00 00 01 41 e0 03 80 07 06 02 3c 1c 4e 52 09
encode_release_packet ret=0
MP4 frame 1049/1500: sequence=1053 pts=41920000 us key=0 nv12=4478976 h264=9321 acquire=12.443 ms encode=26.255 ms mux=0.942 ms
start encode NV12 with RV1106 vendor packet ABI, frame=1049
encode_put_frame ret=0
encode_get_packet ret=0 handle=0xae9cf958 expected=0xae9cf958
vendor packet: mpi_buf_id=177 len=9223 buf_size=1495040 offset=711808 data_num=1 flag=0x00000000 pts=1049
valloc packet buffer: mpi_buf_id=177 dma_buf_fd=11 size=0
H264 first bytes: 00 00 00 01 41 e0 03 a0 07 46 02 3c 1d d1 90 94
encode_release_packet ret=0
MP4 frame 1050/1500: sequence=1054 pts=41960000 us key=0 nv12=4478976 h264=9223 acquire=12.306 ms encode=26.837 ms mux=0.147 ms
start encode NV12 with RV1106 vendor packet ABI, frame=1050
encode_put_frame ret=0
encode_get_packet ret=0 handle=0xae9cf958 expected=0xae9cf958
vendor packet: mpi_buf_id=177 len=230087 buf_size=1495040 offset=721152 data_num=1 flag=0x00000010 pts=1050
valloc packet buffer: mpi_buf_id=177 dma_buf_fd=11 size=0
H264 first bytes: 00 00 00 01 65 b8 00 01 00 00 03 00 bf 0a 44 88
encode_release_packet ret=0
MP4 frame 1051/1500: sequence=1055 pts=42000000 us key=1 nv12=4478976 h264=230087 acquire=12.530 ms encode=26.382 ms mux=3.749 ms
start encode NV12 with RV1106 vendor packet ABI, frame=1051
encode_put_frame ret=0
encode_get_packet ret=0 handle=0xae9cf958 expected=0xae9cf958
vendor packet: mpi_buf_id=177 len=12541 buf_size=1495040 offset=951296 data_num=1 flag=0x00000000 pts=1051
valloc packet buffer: mpi_buf_id=177 dma_buf_fd=11 size=0
H264 first bytes: 00 00 00 01 41 e0 00 20 00 46 02 3c 31 26 6e 09
encode_release_packet ret=0
MP4 frame 1052/1500: sequence=1056 pts=42040000 us key=0 nv12=4478976 h264=12541 acquire=9.378 ms encode=26.815 ms mux=0.183 ms
start encode NV12 with RV1106 vendor packet ABI, frame=1052
encode_put_frame ret=0
encode_get_packet ret=0 handle=0xae9cf958 expected=0xae9cf958
vendor packet: mpi_buf_id=177 len=11986 buf_size=1495040 offset=963840 data_num=1 flag=0x00000000 pts=1052
valloc packet buffer: mpi_buf_id=177 dma_buf_fd=11 size=0
H264 first bytes: 00 00 00 01 41 e0 00 40 00 86 02 3c 08 f4 61 02
encode_release_packet ret=0
MP4 frame 1053/1500: sequence=1057 pts=42080000 us key=0 nv12=4478976 h264=11986 acquire=12.486 ms encode=26.232 ms mux=0.170 ms
start encode NV12 with RV1106 vendor packet ABI, frame=1053
encode_put_frame ret=0
encode_get_packet ret=0 handle=0xae9cf958 expected=0xae9cf958
vendor packet: mpi_buf_id=177 len=11125 buf_size=1495040 offset=975872 data_num=1 flag=0x00000000 pts=1053
valloc packet buffer: mpi_buf_id=177 dma_buf_fd=11 size=0
H264 first bytes: 00 00 00 01 41 e0 00 60 00 c6 02 3c 08 53 28 56
encode_release_packet ret=0
MP4 frame 1054/1500: sequence=1058 pts=42120000 us key=0 nv12=4478976 h264=11125 acquire=13.118 ms encode=26.812 ms mux=0.155 ms
start encode NV12 with RV1106 vendor packet ABI, frame=1054
encode_put_frame ret=0
encode_get_packet ret=0 handle=0xae9cf958 expected=0xae9cf958
vendor packet: mpi_buf_id=177 len=10345 buf_size=1495040 offset=987008 data_num=1 flag=0x00000000 pts=1054
valloc packet buffer: mpi_buf_id=177 dma_buf_fd=11 size=0
H264 first bytes: 00 00 00 01 41 e0 00 80 01 06 02 3c f3 1a 08 73
encode_release_packet ret=0
MP4 frame 1055/1500: sequence=1059 pts=42160000 us key=0 nv12=4478976 h264=10345 acquire=12.550 ms encode=26.211 ms mux=0.146 ms
start encode NV12 with RV1106 vendor packet ABI, frame=1055
encode_put_frame ret=0
encode_get_packet ret=0 handle=0xae9cf958 expected=0xae9cf958
vendor packet: mpi_buf_id=177 len=10829 buf_size=1495040 offset=997376 data_num=1 flag=0x00000000 pts=1055
valloc packet buffer: mpi_buf_id=177 dma_buf_fd=11 size=0
H264 first bytes: 00 00 00 01 41 e0 00 a0 01 46 02 3c 5e a4 99 21
encode_release_packet ret=0
MP4 frame 1056/1500: sequence=1060 pts=42200000 us key=0 nv12=4478976 h264=10829 acquire=13.150 ms encode=26.965 ms mux=0.161 ms
start encode NV12 with RV1106 vendor packet ABI, frame=1056
encode_put_frame ret=0
encode_get_packet ret=0 handle=0xae9cf958 expected=0xae9cf958
vendor packet: mpi_buf_id=177 len=10271 buf_size=1495040 offset=1008256 data_num=1 flag=0x00000000 pts=1056
valloc packet buffer: mpi_buf_id=177 dma_buf_fd=11 size=0
H264 first bytes: 00 00 00 01 41 e0 00 c0 01 86 02 3c 2f 92 ed a1
encode_release_packet ret=0
MP4 frame 1057/1500: sequence=1061 pts=42240000 us key=0 nv12=4478976 h264=10271 acquire=12.389 ms encode=26.195 ms mux=0.154 ms
start encode NV12 with RV1106 vendor packet ABI, frame=1057
encode_put_frame ret=0
encode_get_packet ret=0 handle=0xae9cf958 expected=0xae9cf958
vendor packet: mpi_buf_id=177 len=7254 buf_size=1495040 offset=1018624 data_num=1 flag=0x00000000 pts=1057
valloc packet buffer: mpi_buf_id=177 dma_buf_fd=11 size=0
H264 first bytes: 00 00 00 01 41 e0 00 e0 01 c6 07 f0 22 ea 2e 94
encode_release_packet ret=0
MP4 frame 1058/1500: sequence=1062 pts=42280000 us key=0 nv12=4478976 h264=7254 acquire=13.160 ms encode=26.871 ms mux=0.116 ms
start encode NV12 with RV1106 vendor packet ABI, frame=1058
encode_put_frame ret=0
encode_get_packet ret=0 handle=0xae9cf958 expected=0xae9cf958
vendor packet: mpi_buf_id=177 len=10065 buf_size=1495040 offset=1025920 data_num=1 flag=0x00000000 pts=1058
valloc packet buffer: mpi_buf_id=177 dma_buf_fd=11 size=0
H264 first bytes: 00 00 00 01 41 e0 01 00 02 06 02 3c 04 06 a5 9c
encode_release_packet ret=0
MP4 frame 1059/1500: sequence=1063 pts=42320000 us key=0 nv12=4478976 h264=10065 acquire=12.527 ms encode=26.217 ms mux=0.158 ms
start encode NV12 with RV1106 vendor packet ABI, frame=1059
encode_put_frame ret=0
encode_get_packet ret=0 handle=0xae9cf958 expected=0xae9cf958
vendor packet: mpi_buf_id=177 len=9579 buf_size=1495040 offset=1036032 data_num=1 flag=0x00000000 pts=1059
valloc packet buffer: mpi_buf_id=177 dma_buf_fd=11 size=0
H264 first bytes: 00 00 00 01 41 e0 01 20 02 46 02 3c 6d 9a 0a aa
encode_release_packet ret=0
MP4 frame 1060/1500: sequence=1064 pts=42360000 us key=0 nv12=4478976 h264=9579 acquire=13.143 ms encode=26.824 ms mux=0.142 ms
start encode NV12 with RV1106 vendor packet ABI, frame=1060
encode_put_frame ret=0
encode_get_packet ret=0 handle=0xae9cf958 expected=0xae9cf958
vendor packet: mpi_buf_id=177 len=9251 buf_size=1495040 offset=1045632 data_num=1 flag=0x00000000 pts=1060
valloc packet buffer: mpi_buf_id=177 dma_buf_fd=11 size=0
H264 first bytes: 00 00 00 01 41 e0 01 40 02 86 02 3c b3 9a 03 16
encode_release_packet ret=0
MP4 frame 1061/1500: sequence=1065 pts=42400000 us key=0 nv12=4478976 h264=9251 acquire=12.542 ms encode=26.255 ms mux=0.139 ms
start encode NV12 with RV1106 vendor packet ABI, frame=1061
encode_put_frame ret=0
encode_get_packet ret=0 handle=0xae9cf958 expected=0xae9cf958
vendor packet: mpi_buf_id=177 len=9319 buf_size=1495040 offset=1054976 data_num=1 flag=0x00000000 pts=1061
valloc packet buffer: mpi_buf_id=177 dma_buf_fd=11 size=0
H264 first bytes: 00 00 00 01 41 e0 01 60 02 c6 02 3d 4f 92 6c 27
encode_release_packet ret=0
MP4 frame 1062/1500: sequence=1066 pts=42440000 us key=0 nv12=4478976 h264=9319 acquire=13.119 ms encode=26.899 ms mux=0.146 ms
start encode NV12 with RV1106 vendor packet ABI, frame=1062
encode_put_frame ret=0
encode_get_packet ret=0 handle=0xae9cf958 expected=0xae9cf958
vendor packet: mpi_buf_id=177 len=9085 buf_size=1495040 offset=1064320 data_num=1 flag=0x00000000 pts=1062
valloc packet buffer: mpi_buf_id=177 dma_buf_fd=11 size=0
H264 first bytes: 00 00 00 01 41 e0 01 80 03 06 02 3c 13 e7 82 0a
encode_release_packet ret=0
MP4 frame 1063/1500: sequence=1067 pts=42480000 us key=0 nv12=4478976 h264=9085 acquire=12.478 ms encode=26.239 ms mux=0.138 ms
start encode NV12 with RV1106 vendor packet ABI, frame=1063
encode_put_frame ret=0
encode_get_packet ret=0 handle=0xae9cf958 expected=0xae9cf958
vendor packet: mpi_buf_id=177 len=9452 buf_size=1495040 offset=1073408 data_num=1 flag=0x00000000 pts=1063
valloc packet buffer: mpi_buf_id=177 dma_buf_fd=11 size=0
H264 first bytes: 00 00 00 01 41 e0 01 a0 03 46 02 3c 27 9e 05 0c
encode_release_packet ret=0
MP4 frame 1064/1500: sequence=1068 pts=42520000 us key=0 nv12=4478976 h264=9452 acquire=13.134 ms encode=26.960 ms mux=0.139 ms
start encode NV12 with RV1106 vendor packet ABI, frame=1064
encode_put_frame ret=0
encode_get_packet ret=0 handle=0xae9cf958 expected=0xae9cf958
vendor packet: mpi_buf_id=177 len=9491 buf_size=1495040 offset=1082880 data_num=1 flag=0x00000000 pts=1064
valloc packet buffer: mpi_buf_id=177 dma_buf_fd=11 size=0
H264 first bytes: 00 00 00 01 41 e0 01 c0 03 86 02 3c 0e 35 83 0b
encode_release_packet ret=0
MP4 frame 1065/1500: sequence=1069 pts=42560000 us key=0 nv12=4478976 h264=9491 acquire=12.415 ms encode=26.220 ms mux=0.138 ms
start encode NV12 with RV1106 vendor packet ABI, frame=1065
encode_put_frame ret=0
encode_get_packet ret=0 handle=0xae9cf958 expected=0xae9cf958
vendor packet: mpi_buf_id=177 len=6388 buf_size=1495040 offset=1092480 data_num=1 flag=0x00000000 pts=1065
valloc packet buffer: mpi_buf_id=177 dma_buf_fd=11 size=0
H264 first bytes: 00 00 00 01 41 e0 01 e0 03 c6 07 f0 23 d9 a0 22
encode_release_packet ret=0
MP4 frame 1066/1500: sequence=1070 pts=42600000 us key=0 nv12=4478976 h264=6388 acquire=13.157 ms encode=26.807 ms mux=0.113 ms
start encode NV12 with RV1106 vendor packet ABI, frame=1066
encode_put_frame ret=0
encode_get_packet ret=0 handle=0xae9cf958 expected=0xae9cf958
vendor packet: mpi_buf_id=177 len=5865 buf_size=1495040 offset=1098880 data_num=1 flag=0x00000000 pts=1066
valloc packet buffer: mpi_buf_id=177 dma_buf_fd=11 size=0
H264 first bytes: 00 00 00 01 41 e0 02 00 04 06 07 f1 73 92 2e cd
encode_release_packet ret=0
MP4 frame 1067/1500: sequence=1071 pts=42640000 us key=0 nv12=4478976 h264=5865 acquire=12.599 ms encode=26.231 ms mux=0.108 ms
start encode NV12 with RV1106 vendor packet ABI, frame=1067
encode_put_frame ret=0
encode_get_packet ret=0 handle=0xae9cf958 expected=0xae9cf958
vendor packet: mpi_buf_id=177 len=5822 buf_size=1495040 offset=1104768 data_num=1 flag=0x00000000 pts=1067
valloc packet buffer: mpi_buf_id=177 dma_buf_fd=11 size=0
H264 first bytes: 00 00 00 01 41 e0 02 20 04 46 07 f0 41 26 1e cd
encode_release_packet ret=0
MP4 frame 1068/1500: sequence=1072 pts=42680000 us key=0 nv12=4478976 h264=5822 acquire=13.184 ms encode=26.862 ms mux=0.109 ms
start encode NV12 with RV1106 vendor packet ABI, frame=1068
encode_put_frame ret=0
encode_get_packet ret=0 handle=0xae9cf958 expected=0xae9cf958
vendor packet: mpi_buf_id=177 len=8630 buf_size=1495040 offset=1110656 data_num=1 flag=0x00000000 pts=1068
valloc packet buffer: mpi_buf_id=177 dma_buf_fd=11 size=0
H264 first bytes: 00 00 00 01 41 e0 02 40 04 86 02 3c 94 68 13 a5
encode_release_packet ret=0
MP4 frame 1069/1500: sequence=1073 pts=42720000 us key=0 nv12=4478976 h264=8630 acquire=12.534 ms encode=26.216 ms mux=0.141 ms
start encode NV12 with RV1106 vendor packet ABI, frame=1069
encode_put_frame ret=0
encode_get_packet ret=0 handle=0xae9cf958 expected=0xae9cf958
vendor packet: mpi_buf_id=177 len=8824 buf_size=1495040 offset=1119360 data_num=1 flag=0x00000000 pts=1069
valloc packet buffer: mpi_buf_id=177 dma_buf_fd=11 size=0
H264 first bytes: 00 00 00 01 41 e0 02 60 04 c6 02 3c 95 82 fd 82
encode_release_packet ret=0
MP4 frame 1070/1500: sequence=1074 pts=42760000 us key=0 nv12=4478976 h264=8824 acquire=13.152 ms encode=26.854 ms mux=0.138 ms
start encode NV12 with RV1106 vendor packet ABI, frame=1070
encode_put_frame ret=0
encode_get_packet ret=0 handle=0xae9cf958 expected=0xae9cf958
vendor packet: mpi_buf_id=177 len=8243 buf_size=1495040 offset=1128192 data_num=1 flag=0x00000000 pts=1070
valloc packet buffer: mpi_buf_id=177 dma_buf_fd=11 size=0
H264 first bytes: 00 00 00 01 41 e0 02 80 05 06 02 3c 12 cd 83 39
encode_release_packet ret=0
MP4 frame 1071/1500: sequence=1075 pts=42800000 us key=0 nv12=4478976 h264=8243 acquire=12.526 ms encode=26.191 ms mux=0.130 ms
start encode NV12 with RV1106 vendor packet ABI, frame=1071
encode_put_frame ret=0
encode_get_packet ret=0 handle=0xae9cf958 expected=0xae9cf958
vendor packet: mpi_buf_id=177 len=8939 buf_size=1495040 offset=1136512 data_num=1 flag=0x00000000 pts=1071
valloc packet buffer: mpi_buf_id=177 dma_buf_fd=11 size=0
H264 first bytes: 00 00 00 01 41 e0 02 a0 05 46 02 3c 02 a3 c6 0d
encode_release_packet ret=0
MP4 frame 1072/1500: sequence=1076 pts=42840000 us key=0 nv12=4478976 h264=8939 acquire=13.088 ms encode=26.840 ms mux=0.137 ms
start encode NV12 with RV1106 vendor packet ABI, frame=1072
encode_put_frame ret=0
encode_get_packet ret=0 handle=0xae9cf958 expected=0xae9cf958
vendor packet: mpi_buf_id=177 len=8996 buf_size=1495040 offset=1145472 data_num=1 flag=0x00000000 pts=1072
valloc packet buffer: mpi_buf_id=177 dma_buf_fd=11 size=0
H264 first bytes: 00 00 00 01 41 e0 02 c0 05 86 02 3c 0f 73 96 07
encode_release_packet ret=0
MP4 frame 1073/1500: sequence=1077 pts=42880000 us key=0 nv12=4478976 h264=8996 acquire=12.534 ms encode=26.350 ms mux=0.145 ms
start encode NV12 with RV1106 vendor packet ABI, frame=1073
encode_put_frame ret=0
encode_get_packet ret=0 handle=0xae9cf958 expected=0xae9cf958
vendor packet: mpi_buf_id=177 len=8940 buf_size=1495040 offset=1154560 data_num=1 flag=0x00000000 pts=1073
valloc packet buffer: mpi_buf_id=177 dma_buf_fd=11 size=0
H264 first bytes: 00 00 00 01 41 e0 02 e0 05 c6 02 3c 0b b2 e0 24
encode_release_packet ret=0
MP4 frame 1074/1500: sequence=1078 pts=42920000 us key=0 nv12=4478976 h264=8940 acquire=13.008 ms encode=26.785 ms mux=0.141 ms
start encode NV12 with RV1106 vendor packet ABI, frame=1074
encode_put_frame ret=0
encode_get_packet ret=0 handle=0xae9cf958 expected=0xae9cf958
vendor packet: mpi_buf_id=177 len=8860 buf_size=1495040 offset=1163520 data_num=1 flag=0x00000000 pts=1074
valloc packet buffer: mpi_buf_id=177 dma_buf_fd=11 size=0
H264 first bytes: 00 00 00 01 41 e0 03 00 06 06 02 3c 93 62 38 2d
encode_release_packet ret=0
MP4 frame 1075/1500: sequence=1079 pts=42960000 us key=0 nv12=4478976 h264=8860 acquire=12.597 ms encode=26.189 ms mux=0.142 ms
start encode NV12 with RV1106 vendor packet ABI, frame=1075
encode_put_frame ret=0
encode_get_packet ret=0 handle=0xae9cf958 expected=0xae9cf958
vendor packet: mpi_buf_id=177 len=14871 buf_size=1495040 offset=1172480 data_num=1 flag=0x00000000 pts=1075
valloc packet buffer: mpi_buf_id=177 dma_buf_fd=11 size=0
H264 first bytes: 00 00 00 01 41 e0 03 20 06 46 02 7c 1c f0 4c 26
encode_release_packet ret=0
MP4 frame 1076/1500: sequence=1080 pts=43000000 us key=0 nv12=4478976 h264=14871 acquire=13.171 ms encode=26.892 ms mux=0.225 ms
start encode NV12 with RV1106 vendor packet ABI, frame=1076
encode_put_frame ret=0
encode_get_packet ret=0 handle=0xae9cf958 expected=0xae9cf958
vendor packet: mpi_buf_id=177 len=6373 buf_size=1495040 offset=1187456 data_num=1 flag=0x00000000 pts=1076
valloc packet buffer: mpi_buf_id=177 dma_buf_fd=11 size=0
H264 first bytes: 00 00 00 01 41 e0 03 40 06 86 07 f0 ee a0 29 a6
encode_release_packet ret=0
MP4 frame 1077/1500: sequence=1081 pts=43040000 us key=0 nv12=4478976 h264=6373 acquire=12.401 ms encode=26.203 ms mux=0.114 ms
start encode NV12 with RV1106 vendor packet ABI, frame=1077
encode_put_frame ret=0
encode_get_packet ret=0 handle=0xae9cf958 expected=0xae9cf958
vendor packet: mpi_buf_id=177 len=6649 buf_size=1495040 offset=1193856 data_num=1 flag=0x00000000 pts=1077
valloc packet buffer: mpi_buf_id=177 dma_buf_fd=11 size=0
H264 first bytes: 00 00 00 01 41 e0 03 60 06 c6 07 f0 9e 48 38 9f
encode_release_packet ret=0
MP4 frame 1078/1500: sequence=1082 pts=43080000 us key=0 nv12=4478976 h264=6649 acquire=13.200 ms encode=26.868 ms mux=0.115 ms
start encode NV12 with RV1106 vendor packet ABI, frame=1078
encode_put_frame ret=0
encode_get_packet ret=0 handle=0xae9cf958 expected=0xae9cf958
vendor packet: mpi_buf_id=177 len=9385 buf_size=1495040 offset=1200512 data_num=1 flag=0x00000000 pts=1078
valloc packet buffer: mpi_buf_id=177 dma_buf_fd=11 size=0
H264 first bytes: 00 00 00 01 41 e0 03 80 07 06 02 3c 2f 59 b5 0f
encode_release_packet ret=0
MP4 frame 1079/1500: sequence=1083 pts=43120000 us key=0 nv12=4478976 h264=9385 acquire=12.527 ms encode=26.389 ms mux=0.137 ms
start encode NV12 with RV1106 vendor packet ABI, frame=1079
encode_put_frame ret=0
encode_get_packet ret=0 handle=0xae9cf958 expected=0xae9cf958
vendor packet: mpi_buf_id=177 len=14512 buf_size=1495040 offset=1209984 data_num=1 flag=0x00000000 pts=1079
valloc packet buffer: mpi_buf_id=177 dma_buf_fd=11 size=0
H264 first bytes: 00 00 00 01 41 e0 03 a0 07 46 02 7c 05 0c 98 0b
encode_release_packet ret=0
MP4 frame 1080/1500: sequence=1084 pts=43160000 us key=0 nv12=4478976 h264=14512 acquire=12.994 ms encode=26.821 ms mux=1.078 ms
start encode NV12 with RV1106 vendor packet ABI, frame=1080
encode_put_frame ret=0
encode_get_packet ret=0 handle=0xae9cf958 expected=0xae9cf958
vendor packet: mpi_buf_id=177 len=224703 buf_size=1495040 offset=1224576 data_num=1 flag=0x00000010 pts=1080
valloc packet buffer: mpi_buf_id=177 dma_buf_fd=11 size=0
H264 first bytes: 00 00 00 01 65 b8 00 01 40 00 00 af 0a 44 8a 00
encode_release_packet ret=0
MP4 frame 1081/1500: sequence=1085 pts=43200000 us key=1 nv12=4478976 h264=224703 acquire=11.609 ms encode=26.195 ms mux=3.611 ms
start encode NV12 with RV1106 vendor packet ABI, frame=1081
encode_put_frame ret=0
encode_get_packet ret=0 handle=0xae9cf958 expected=0xae9cf958
vendor packet: mpi_buf_id=177 len=12340 buf_size=1495040 offset=1449344 data_num=1 flag=0x00000000 pts=1081
valloc packet buffer: mpi_buf_id=177 dma_buf_fd=11 size=0
H264 first bytes: 00 00 00 01 41 e0 00 20 00 46 02 3c 29 6c 10 89
encode_release_packet ret=0
MP4 frame 1082/1500: sequence=1086 pts=43240000 us key=0 nv12=4478976 h264=12340 acquire=9.677 ms encode=26.865 ms mux=0.171 ms
start encode NV12 with RV1106 vendor packet ABI, frame=1082
encode_put_frame ret=0
encode_get_packet ret=0 handle=0xae9cf958 expected=0xae9cf958
vendor packet: mpi_buf_id=177 len=7602 buf_size=1495040 offset=1461760 data_num=1 flag=0x00000000 pts=1082
valloc packet buffer: mpi_buf_id=177 dma_buf_fd=11 size=0
H264 first bytes: 00 00 00 01 41 e0 00 40 00 86 07 f0 30 e6 84 e4
encode_release_packet ret=0
MP4 frame 1083/1500: sequence=1087 pts=43280000 us key=0 nv12=4478976 h264=7602 acquire=12.467 ms encode=26.160 ms mux=0.129 ms
start encode NV12 with RV1106 vendor packet ABI, frame=1083
encode_put_frame ret=0
encode_get_packet ret=0 handle=0xae9cf958 expected=0xae9cf958
vendor packet: mpi_buf_id=177 len=11071 buf_size=1495040 offset=1469440 data_num=1 flag=0x00000000 pts=1083
valloc packet buffer: mpi_buf_id=177 dma_buf_fd=11 size=0
H264 first bytes: 00 00 00 01 41 e0 00 60 00 c6 02 3c d9 fc c8 49
encode_release_packet ret=0
MP4 frame 1084/1500: sequence=1088 pts=43320000 us key=0 nv12=4478976 h264=11071 acquire=13.227 ms encode=26.935 ms mux=0.162 ms
start encode NV12 with RV1106 vendor packet ABI, frame=1084
encode_put_frame ret=0
encode_get_packet ret=0 handle=0xae9cf958 expected=0xae9cf958
vendor packet: mpi_buf_id=177 len=7442 buf_size=1495040 offset=1480576 data_num=1 flag=0x00000000 pts=1084
valloc packet buffer: mpi_buf_id=177 dma_buf_fd=11 size=0
H264 first bytes: 00 00 00 01 41 e0 00 80 01 06 07 f0 55 3e 0e a8
encode_release_packet ret=0
MP4 frame 1085/1500: sequence=1089 pts=43360000 us key=0 nv12=4478976 h264=7442 acquire=12.419 ms encode=26.230 ms mux=0.124 ms
start encode NV12 with RV1106 vendor packet ABI, frame=1085
encode_put_frame ret=0
encode_get_packet ret=0 handle=0xae9cf958 expected=0xae9cf958
vendor packet: mpi_buf_id=177 len=10596 buf_size=1495040 offset=1488128 data_num=1 flag=0x00000000 pts=1085
valloc packet buffer: mpi_buf_id=177 dma_buf_fd=11 size=0
H264 first bytes: 00 00 00 01 41 e0 00 a0 01 46 02 3c 94 e0 51 2f
encode_release_packet ret=0
MP4 frame 1086/1500: sequence=1090 pts=43400000 us key=0 nv12=4478976 h264=10596 acquire=13.151 ms encode=26.803 ms mux=0.150 ms
start encode NV12 with RV1106 vendor packet ABI, frame=1086
encode_put_frame ret=0
encode_get_packet ret=0 handle=0xae9cf958 expected=0xae9cf958
vendor packet: mpi_buf_id=177 len=7350 buf_size=1495040 offset=3712 data_num=1 flag=0x00000000 pts=1086
valloc packet buffer: mpi_buf_id=177 dma_buf_fd=11 size=0
H264 first bytes: 00 00 00 01 41 e0 00 c0 01 86 07 f0 1f 73 b0 48
encode_release_packet ret=0
MP4 frame 1087/1500: sequence=1091 pts=43440000 us key=0 nv12=4478976 h264=7350 acquire=12.559 ms encode=26.363 ms mux=0.127 ms
start encode NV12 with RV1106 vendor packet ABI, frame=1087
encode_put_frame ret=0
encode_get_packet ret=0 handle=0xae9cf958 expected=0xae9cf958
vendor packet: mpi_buf_id=177 len=9631 buf_size=1495040 offset=11136 data_num=1 flag=0x00000000 pts=1087
valloc packet buffer: mpi_buf_id=177 dma_buf_fd=11 size=0
H264 first bytes: 00 00 00 01 41 e0 00 e0 01 c6 02 3c 76 68 0a 0b
encode_release_packet ret=0
MP4 frame 1088/1500: sequence=1092 pts=43480000 us key=0 nv12=4478976 h264=9631 acquire=13.031 ms encode=26.864 ms mux=0.141 ms
start encode NV12 with RV1106 vendor packet ABI, frame=1088
encode_put_frame ret=0
encode_get_packet ret=0 handle=0xae9cf958 expected=0xae9cf958
vendor packet: mpi_buf_id=177 len=10115 buf_size=1495040 offset=20864 data_num=1 flag=0x00000000 pts=1088
valloc packet buffer: mpi_buf_id=177 dma_buf_fd=11 size=0
H264 first bytes: 00 00 00 01 41 e0 01 00 02 06 02 3c d9 ee 5a 12
encode_release_packet ret=0
MP4 frame 1089/1500: sequence=1093 pts=43520000 us key=0 nv12=4478976 h264=10115 acquire=12.508 ms encode=26.905 ms mux=0.149 ms
start encode NV12 with RV1106 vendor packet ABI, frame=1089
encode_put_frame ret=0
encode_get_packet ret=0 handle=0xae9cf958 expected=0xae9cf958
vendor packet: mpi_buf_id=177 len=6788 buf_size=1495040 offset=31104 data_num=1 flag=0x00000000 pts=1089
valloc packet buffer: mpi_buf_id=177 dma_buf_fd=11 size=0
H264 first bytes: 00 00 00 01 41 e0 01 20 02 46 07 f1 33 60 60 99
encode_release_packet ret=0
MP4 frame 1090/1500: sequence=1094 pts=43560000 us key=0 nv12=4478976 h264=6788 acquire=12.457 ms encode=26.834 ms mux=0.120 ms
start encode NV12 with RV1106 vendor packet ABI, frame=1090
encode_put_frame ret=0
encode_get_packet ret=0 handle=0xae9cf958 expected=0xae9cf958
vendor packet: mpi_buf_id=177 len=9693 buf_size=1495040 offset=38016 data_num=1 flag=0x00000000 pts=1090
valloc packet buffer: mpi_buf_id=177 dma_buf_fd=11 size=0
H264 first bytes: 00 00 00 01 41 e0 01 40 02 86 02 3c 31 21 66 9c
encode_release_packet ret=0
MP4 frame 1091/1500: sequence=1095 pts=43600000 us key=0 nv12=4478976 h264=9693 acquire=12.565 ms encode=26.228 ms mux=0.149 ms
start encode NV12 with RV1106 vendor packet ABI, frame=1091
encode_put_frame ret=0
encode_get_packet ret=0 handle=0xae9cf958 expected=0xae9cf958
vendor packet: mpi_buf_id=177 len=9589 buf_size=1495040 offset=47744 data_num=1 flag=0x00000000 pts=1091
valloc packet buffer: mpi_buf_id=177 dma_buf_fd=11 size=0
H264 first bytes: 00 00 00 01 41 e0 01 60 02 c6 02 3c 27 d0 91 da
encode_release_packet ret=0
MP4 frame 1092/1500: sequence=1096 pts=43640000 us key=0 nv12=4478976 h264=9589 acquire=13.136 ms encode=26.819 ms mux=0.142 ms
start encode NV12 with RV1106 vendor packet ABI, frame=1092
encode_put_frame ret=0
encode_get_packet ret=0 handle=0xae9cf958 expected=0xae9cf958
vendor packet: mpi_buf_id=177 len=6483 buf_size=1495040 offset=57344 data_num=1 flag=0x00000000 pts=1092
valloc packet buffer: mpi_buf_id=177 dma_buf_fd=11 size=0
H264 first bytes: 00 00 00 01 41 e0 01 80 03 06 07 f0 12 b9 a2 e7
encode_release_packet ret=0
MP4 frame 1093/1500: sequence=1097 pts=43680000 us key=0 nv12=4478976 h264=6483 acquire=12.553 ms encode=26.181 ms mux=0.110 ms
start encode NV12 with RV1106 vendor packet ABI, frame=1093
encode_put_frame ret=0
encode_get_packet ret=0 handle=0xae9cf958 expected=0xae9cf958
vendor packet: mpi_buf_id=177 len=9406 buf_size=1495040 offset=63872 data_num=1 flag=0x00000000 pts=1093
valloc packet buffer: mpi_buf_id=177 dma_buf_fd=11 size=0
H264 first bytes: 00 00 00 01 41 e0 01 a0 03 46 02 3c 12 db 80 99
encode_release_packet ret=0
MP4 frame 1094/1500: sequence=1098 pts=43720000 us key=0 nv12=4478976 h264=9406 acquire=13.251 ms encode=36.600 ms mux=0.137 ms
start encode NV12 with RV1106 vendor packet ABI, frame=1094
encode_put_frame ret=0
encode_get_packet ret=0 handle=0xae9cf958 expected=0xae9cf958
vendor packet: mpi_buf_id=177 len=8774 buf_size=1495040 offset=73344 data_num=1 flag=0x00000000 pts=1094
valloc packet buffer: mpi_buf_id=177 dma_buf_fd=11 size=0
H264 first bytes: 00 00 00 01 41 e0 01 c0 03 86 02 3c 04 16 a1 89
encode_release_packet ret=0
MP4 frame 1095/1500: sequence=1099 pts=43760000 us key=0 nv12=4478976 h264=8774 acquire=2.630 ms encode=26.275 ms mux=0.143 ms
start encode NV12 with RV1106 vendor packet ABI, frame=1095
encode_put_frame ret=0
encode_get_packet ret=0 handle=0xae9cf958 expected=0xae9cf958
vendor packet: mpi_buf_id=177 len=6423 buf_size=1495040 offset=82176 data_num=1 flag=0x00000000 pts=1095
valloc packet buffer: mpi_buf_id=177 dma_buf_fd=11 size=0
H264 first bytes: 00 00 00 01 41 e0 01 e0 03 c6 07 f2 66 81 bb 34
encode_release_packet ret=0
MP4 frame 1096/1500: sequence=1100 pts=43800000 us key=0 nv12=4478976 h264=6423 acquire=13.092 ms encode=26.781 ms mux=0.112 ms
start encode NV12 with RV1106 vendor packet ABI, frame=1096
encode_put_frame ret=0
encode_get_packet ret=0 handle=0xae9cf958 expected=0xae9cf958
vendor packet: mpi_buf_id=177 len=5645 buf_size=1495040 offset=88704 data_num=1 flag=0x00000000 pts=1096
valloc packet buffer: mpi_buf_id=177 dma_buf_fd=11 size=0
H264 first bytes: 00 00 00 01 41 e0 02 00 04 06 07 f0 b4 d8 13 f5
encode_release_packet ret=0
MP4 frame 1097/1500: sequence=1101 pts=43840000 us key=0 nv12=4478976 h264=5645 acquire=12.624 ms encode=26.251 ms mux=0.105 ms
start encode NV12 with RV1106 vendor packet ABI, frame=1097
encode_put_frame ret=0
encode_get_packet ret=0 handle=0xae9cf958 expected=0xae9cf958
vendor packet: mpi_buf_id=177 len=8434 buf_size=1495040 offset=94464 data_num=1 flag=0x00000000 pts=1097
valloc packet buffer: mpi_buf_id=177 dma_buf_fd=11 size=0
H264 first bytes: 00 00 00 01 41 e0 02 20 04 46 02 3c 37 c1 10 9b
encode_release_packet ret=0
MP4 frame 1098/1500: sequence=1102 pts=43880000 us key=0 nv12=4478976 h264=8434 acquire=13.159 ms encode=26.831 ms mux=0.136 ms
start encode NV12 with RV1106 vendor packet ABI, frame=1098
encode_put_frame ret=0
encode_get_packet ret=0 handle=0xae9cf958 expected=0xae9cf958
vendor packet: mpi_buf_id=177 len=8695 buf_size=1495040 offset=102912 data_num=1 flag=0x00000000 pts=1098
valloc packet buffer: mpi_buf_id=177 dma_buf_fd=11 size=0
H264 first bytes: 00 00 00 01 41 e0 02 40 04 86 02 3c 3d 78 19 e6
encode_release_packet ret=0
MP4 frame 1099/1500: sequence=1103 pts=43920000 us key=0 nv12=4478976 h264=8695 acquire=12.555 ms encode=26.212 ms mux=0.138 ms
start encode NV12 with RV1106 vendor packet ABI, frame=1099
encode_put_frame ret=0
encode_get_packet ret=0 handle=0xae9cf958 expected=0xae9cf958
vendor packet: mpi_buf_id=177 len=5744 buf_size=1495040 offset=111616 data_num=1 flag=0x00000000 pts=1099
valloc packet buffer: mpi_buf_id=177 dma_buf_fd=11 size=0
H264 first bytes: 00 00 00 01 41 e0 02 60 04 c6 07 f0 28 52 84 f3
encode_release_packet ret=0
MP4 frame 1100/1500: sequence=1104 pts=43960000 us key=0 nv12=4478976 h264=5744 acquire=13.158 ms encode=26.906 ms mux=0.109 ms
start encode NV12 with RV1106 vendor packet ABI, frame=1100
encode_put_frame ret=0
encode_get_packet ret=0 handle=0xae9cf958 expected=0xae9cf958
vendor packet: mpi_buf_id=177 len=5847 buf_size=1495040 offset=117376 data_num=1 flag=0x00000000 pts=1100
valloc packet buffer: mpi_buf_id=177 dma_buf_fd=11 size=0
H264 first bytes: 00 00 00 01 41 e0 02 80 05 06 07 f0 4f 36 09 e7
encode_release_packet ret=0
MP4 frame 1101/1500: sequence=1105 pts=44000000 us key=0 nv12=4478976 h264=5847 acquire=12.493 ms encode=26.186 ms mux=0.106 ms
start encode NV12 with RV1106 vendor packet ABI, frame=1101
encode_put_frame ret=0
encode_get_packet ret=0 handle=0xae9cf958 expected=0xae9cf958
vendor packet: mpi_buf_id=177 len=8386 buf_size=1495040 offset=123264 data_num=1 flag=0x00000000 pts=1101
valloc packet buffer: mpi_buf_id=177 dma_buf_fd=11 size=0
H264 first bytes: 00 00 00 01 41 e0 02 a0 05 46 02 3c 7f 42 4e 90
encode_release_packet ret=0
MP4 frame 1102/1500: sequence=1106 pts=44040000 us key=0 nv12=4478976 h264=8386 acquire=13.232 ms encode=26.924 ms mux=0.134 ms
start encode NV12 with RV1106 vendor packet ABI, frame=1102
encode_put_frame ret=0
encode_get_packet ret=0 handle=0xae9cf958 expected=0xae9cf958
vendor packet: mpi_buf_id=177 len=8651 buf_size=1495040 offset=131712 data_num=1 flag=0x00000000 pts=1102
valloc packet buffer: mpi_buf_id=177 dma_buf_fd=11 size=0
H264 first bytes: 00 00 00 01 41 e0 02 c0 05 86 02 3c 57 42 4c 90
encode_release_packet ret=0
MP4 frame 1103/1500: sequence=1107 pts=44080000 us key=0 nv12=4478976 h264=8651 acquire=12.449 ms encode=26.249 ms mux=0.141 ms
start encode NV12 with RV1106 vendor packet ABI, frame=1103
encode_put_frame ret=0
encode_get_packet ret=0 handle=0xae9cf958 expected=0xae9cf958
vendor packet: mpi_buf_id=177 len=8589 buf_size=1495040 offset=140416 data_num=1 flag=0x00000000 pts=1103
valloc packet buffer: mpi_buf_id=177 dma_buf_fd=11 size=0
H264 first bytes: 00 00 00 01 41 e0 02 e0 05 c6 02 3c 1e f4 25 1e
encode_release_packet ret=0
MP4 frame 1104/1500: sequence=1108 pts=44120000 us key=0 nv12=4478976 h264=8589 acquire=13.119 ms encode=26.863 ms mux=0.135 ms
start encode NV12 with RV1106 vendor packet ABI, frame=1104
encode_put_frame ret=0
encode_get_packet ret=0 handle=0xae9cf958 expected=0xae9cf958
vendor packet: mpi_buf_id=177 len=13682 buf_size=1495040 offset=149120 data_num=1 flag=0x00000000 pts=1104
valloc packet buffer: mpi_buf_id=177 dma_buf_fd=11 size=0
H264 first bytes: 00 00 00 01 41 e0 03 00 06 06 02 7c 07 34 86 0a
encode_release_packet ret=0
MP4 frame 1105/1500: sequence=1109 pts=44160000 us key=0 nv12=4478976 h264=13682 acquire=12.529 ms encode=26.271 ms mux=0.183 ms
start encode NV12 with RV1106 vendor packet ABI, frame=1105
encode_put_frame ret=0
encode_get_packet ret=0 handle=0xae9cf958 expected=0xae9cf958
vendor packet: mpi_buf_id=177 len=5907 buf_size=1495040 offset=162816 data_num=1 flag=0x00000000 pts=1105
valloc packet buffer: mpi_buf_id=177 dma_buf_fd=11 size=0
H264 first bytes: 00 00 00 01 41 e0 03 20 06 46 07 f0 18 77 81 0e
encode_release_packet ret=0
MP4 frame 1106/1500: sequence=1110 pts=44200000 us key=0 nv12=4478976 h264=5907 acquire=13.052 ms encode=26.887 ms mux=0.113 ms
start encode NV12 with RV1106 vendor packet ABI, frame=1106
encode_put_frame ret=0
encode_get_packet ret=0 handle=0xae9cf958 expected=0xae9cf958
vendor packet: mpi_buf_id=177 len=8995 buf_size=1495040 offset=168832 data_num=1 flag=0x00000000 pts=1106
valloc packet buffer: mpi_buf_id=177 dma_buf_fd=11 size=0
H264 first bytes: 00 00 00 01 41 e0 03 40 06 86 02 3c 04 d4 d0 48
encode_release_packet ret=0
MP4 frame 1107/1500: sequence=1111 pts=44240000 us key=0 nv12=4478976 h264=8995 acquire=12.509 ms encode=26.319 ms mux=0.139 ms
start encode NV12 with RV1106 vendor packet ABI, frame=1107
encode_put_frame ret=0
encode_get_packet ret=0 handle=0xae9cf958 expected=0xae9cf958
vendor packet: mpi_buf_id=177 len=8668 buf_size=1495040 offset=177920 data_num=1 flag=0x00000000 pts=1107
valloc packet buffer: mpi_buf_id=177 dma_buf_fd=11 size=0
H264 first bytes: 00 00 00 01 41 e0 03 60 06 c6 02 3c 10 ca 68 11
encode_release_packet ret=0
MP4 frame 1108/1500: sequence=1112 pts=44280000 us key=0 nv12=4478976 h264=8668 acquire=13.055 ms encode=26.879 ms mux=0.137 ms
start encode NV12 with RV1106 vendor packet ABI, frame=1108
encode_put_frame ret=0
encode_get_packet ret=0 handle=0xae9cf958 expected=0xae9cf958
vendor packet: mpi_buf_id=177 len=9060 buf_size=1495040 offset=186624 data_num=1 flag=0x00000000 pts=1108
valloc packet buffer: mpi_buf_id=177 dma_buf_fd=11 size=0
H264 first bytes: 00 00 00 01 41 e0 03 80 07 06 02 3c 0e 52 7c 90
encode_release_packet ret=0
MP4 frame 1109/1500: sequence=1113 pts=44320000 us key=0 nv12=4478976 h264=9060 acquire=12.496 ms encode=26.262 ms mux=0.139 ms
start encode NV12 with RV1106 vendor packet ABI, frame=1109
encode_put_frame ret=0
encode_get_packet ret=0 handle=0xae9cf958 expected=0xae9cf958
vendor packet: mpi_buf_id=177 len=15140 buf_size=1495040 offset=195712 data_num=1 flag=0x00000000 pts=1109
valloc packet buffer: mpi_buf_id=177 dma_buf_fd=11 size=0
H264 first bytes: 00 00 00 01 41 e0 03 a0 07 46 02 7c 10 cc e0 26
encode_release_packet ret=0
MP4 frame 1110/1500: sequence=1114 pts=44360000 us key=0 nv12=4478976 h264=15140 acquire=13.119 ms encode=26.934 ms mux=0.201 ms
start encode NV12 with RV1106 vendor packet ABI, frame=1110
encode_put_frame ret=0
encode_get_packet ret=0 handle=0xae9cf958 expected=0xae9cf958
vendor packet: mpi_buf_id=177 len=231243 buf_size=1495040 offset=210944 data_num=1 flag=0x00000010 pts=1110
valloc packet buffer: mpi_buf_id=177 dma_buf_fd=11 size=0
H264 first bytes: 00 00 00 01 65 b8 00 01 80 00 00 af 0a 44 89 00
encode_release_packet ret=0
MP4 frame 1111/1500: sequence=1115 pts=44400000 us key=1 nv12=4478976 h264=231243 acquire=12.385 ms encode=26.211 ms mux=4.417 ms
start encode NV12 with RV1106 vendor packet ABI, frame=1111
encode_put_frame ret=0
encode_get_packet ret=0 handle=0xae9cf958 expected=0xae9cf958
vendor packet: mpi_buf_id=177 len=11789 buf_size=1495040 offset=442240 data_num=1 flag=0x00000000 pts=1111
valloc packet buffer: mpi_buf_id=177 dma_buf_fd=11 size=0
H264 first bytes: 00 00 00 01 41 e0 00 20 00 46 02 3c 3f 4a ed c0
encode_release_packet ret=0
MP4 frame 1112/1500: sequence=1116 pts=44440000 us key=0 nv12=4478976 h264=11789 acquire=8.883 ms encode=26.904 ms mux=0.169 ms
start encode NV12 with RV1106 vendor packet ABI, frame=1112
encode_put_frame ret=0
encode_get_packet ret=0 handle=0xae9cf958 expected=0xae9cf958
vendor packet: mpi_buf_id=177 len=11255 buf_size=1495040 offset=454144 data_num=1 flag=0x00000000 pts=1112
valloc packet buffer: mpi_buf_id=177 dma_buf_fd=11 size=0
H264 first bytes: 00 00 00 01 41 e0 00 40 00 86 02 3c 23 9a 06 9a
encode_release_packet ret=0
MP4 frame 1113/1500: sequence=1117 pts=44480000 us key=0 nv12=4478976 h264=11255 acquire=12.411 ms encode=26.238 ms mux=0.164 ms
start encode NV12 with RV1106 vendor packet ABI, frame=1113
encode_put_frame ret=0
encode_get_packet ret=0 handle=0xae9cf958 expected=0xae9cf958
vendor packet: mpi_buf_id=177 len=10638 buf_size=1495040 offset=465408 data_num=1 flag=0x00000000 pts=1113
valloc packet buffer: mpi_buf_id=177 dma_buf_fd=11 size=0
H264 first bytes: 00 00 00 01 41 e0 00 60 00 c6 02 3c 94 a0 83 3c
encode_release_packet ret=0
MP4 frame 1114/1500: sequence=1118 pts=44520000 us key=0 nv12=4478976 h264=10638 acquire=13.123 ms encode=26.802 ms mux=0.159 ms
start encode NV12 with RV1106 vendor packet ABI, frame=1114
encode_put_frame ret=0
encode_get_packet ret=0 handle=0xae9cf958 expected=0xae9cf958
vendor packet: mpi_buf_id=177 len=10424 buf_size=1495040 offset=476160 data_num=1 flag=0x00000000 pts=1114
valloc packet buffer: mpi_buf_id=177 dma_buf_fd=11 size=0
H264 first bytes: 00 00 00 01 41 e0 00 80 01 06 02 3c 04 8c ce 2b
encode_release_packet ret=0
MP4 frame 1115/1500: sequence=1119 pts=44560000 us key=0 nv12=4478976 h264=10424 acquire=12.540 ms encode=26.281 ms mux=0.154 ms
start encode NV12 with RV1106 vendor packet ABI, frame=1115
encode_put_frame ret=0
encode_get_packet ret=0 handle=0xae9cf958 expected=0xae9cf958
vendor packet: mpi_buf_id=177 len=11362 buf_size=1495040 offset=486656 data_num=1 flag=0x00000000 pts=1115
valloc packet buffer: mpi_buf_id=177 dma_buf_fd=11 size=0
H264 first bytes: 00 00 00 01 41 e0 00 a0 01 46 02 3f 4a a9 41 1e
encode_release_packet ret=0
MP4 frame 1116/1500: sequence=1120 pts=44600000 us key=0 nv12=4478976 h264=11362 acquire=13.079 ms encode=26.856 ms mux=0.169 ms
start encode NV12 with RV1106 vendor packet ABI, frame=1116
encode_put_frame ret=0
encode_get_packet ret=0 handle=0xae9cf958 expected=0xae9cf958
vendor packet: mpi_buf_id=177 len=7181 buf_size=1495040 offset=498048 data_num=1 flag=0x00000000 pts=1116
valloc packet buffer: mpi_buf_id=177 dma_buf_fd=11 size=0
H264 first bytes: 00 00 00 01 41 e0 00 c0 01 86 07 f2 5e 1f dc 3f
encode_release_packet ret=0
MP4 frame 1117/1500: sequence=1121 pts=44640000 us key=0 nv12=4478976 h264=7181 acquire=12.482 ms encode=26.300 ms mux=0.125 ms
start encode NV12 with RV1106 vendor packet ABI, frame=1117
encode_put_frame ret=0
encode_get_packet ret=0 handle=0xae9cf958 expected=0xae9cf958
vendor packet: mpi_buf_id=177 len=9989 buf_size=1495040 offset=505344 data_num=1 flag=0x00000000 pts=1117
valloc packet buffer: mpi_buf_id=177 dma_buf_fd=11 size=0
H264 first bytes: 00 00 00 01 41 e0 00 e0 01 c6 02 3c 66 58 6e 5c
encode_release_packet ret=0
MP4 frame 1118/1500: sequence=1122 pts=44680000 us key=0 nv12=4478976 h264=9989 acquire=13.089 ms encode=27.032 ms mux=0.148 ms
start encode NV12 with RV1106 vendor packet ABI, frame=1118
encode_put_frame ret=0
encode_get_packet ret=0 handle=0xae9cf958 expected=0xae9cf958
vendor packet: mpi_buf_id=177 len=9481 buf_size=1495040 offset=515456 data_num=1 flag=0x00000000 pts=1118
valloc packet buffer: mpi_buf_id=177 dma_buf_fd=11 size=0
H264 first bytes: 00 00 00 01 41 e0 01 00 02 06 02 3c 1b 4a 78 d9
encode_release_packet ret=0
MP4 frame 1119/1500: sequence=1123 pts=44720000 us key=0 nv12=4478976 h264=9481 acquire=12.338 ms encode=26.194 ms mux=0.149 ms
start encode NV12 with RV1106 vendor packet ABI, frame=1119
encode_put_frame ret=0
encode_get_packet ret=0 handle=0xae9cf958 expected=0xae9cf958
vendor packet: mpi_buf_id=177 len=9885 buf_size=1495040 offset=525056 data_num=1 flag=0x00000000 pts=1119
valloc packet buffer: mpi_buf_id=177 dma_buf_fd=11 size=0
H264 first bytes: 00 00 00 01 41 e0 01 20 02 46 02 3c 08 b2 e6 98
encode_release_packet ret=0
MP4 frame 1120/1500: sequence=1124 pts=44760000 us key=0 nv12=4478976 h264=9885 acquire=13.171 ms encode=26.816 ms mux=0.152 ms
start encode NV12 with RV1106 vendor packet ABI, frame=1120
encode_put_frame ret=0
encode_get_packet ret=0 handle=0xae9cf958 expected=0xae9cf958
vendor packet: mpi_buf_id=177 len=10038 buf_size=1495040 offset=535040 data_num=1 flag=0x00000000 pts=1120
valloc packet buffer: mpi_buf_id=177 dma_buf_fd=11 size=0
H264 first bytes: 00 00 00 01 41 e0 01 40 02 86 02 3c 02 2d 34 82
encode_release_packet ret=0
MP4 frame 1121/1500: sequence=1125 pts=44800000 us key=0 nv12=4478976 h264=10038 acquire=12.536 ms encode=26.215 ms mux=0.149 ms
start encode NV12 with RV1106 vendor packet ABI, frame=1121
encode_put_frame ret=0
encode_get_packet ret=0 handle=0xae9cf958 expected=0xae9cf958
vendor packet: mpi_buf_id=177 len=9513 buf_size=1495040 offset=545152 data_num=1 flag=0x00000000 pts=1121
valloc packet buffer: mpi_buf_id=177 dma_buf_fd=11 size=0
H264 first bytes: 00 00 00 01 41 e0 01 60 02 c6 02 3c 03 25 9c 58
encode_release_packet ret=0
MP4 frame 1122/1500: sequence=1126 pts=44840000 us key=0 nv12=4478976 h264=9513 acquire=13.158 ms encode=26.856 ms mux=0.142 ms
start encode NV12 with RV1106 vendor packet ABI, frame=1122
encode_put_frame ret=0
encode_get_packet ret=0 handle=0xae9cf958 expected=0xae9cf958
vendor packet: mpi_buf_id=177 len=6512 buf_size=1495040 offset=554752 data_num=1 flag=0x00000000 pts=1122
valloc packet buffer: mpi_buf_id=177 dma_buf_fd=11 size=0
H264 first bytes: 00 00 00 01 41 e0 01 80 03 06 07 f0 24 51 a1 7d
encode_release_packet ret=0
MP4 frame 1123/1500: sequence=1127 pts=44880000 us key=0 nv12=4478976 h264=6512 acquire=12.520 ms encode=26.185 ms mux=0.114 ms
start encode NV12 with RV1106 vendor packet ABI, frame=1123
encode_put_frame ret=0
encode_get_packet ret=0 handle=0xae9cf958 expected=0xae9cf958
vendor packet: mpi_buf_id=177 len=6030 buf_size=1495040 offset=561280 data_num=1 flag=0x00000000 pts=1123
valloc packet buffer: mpi_buf_id=177 dma_buf_fd=11 size=0
H264 first bytes: 00 00 00 01 41 e0 01 a0 03 46 07 f2 5e 02 97 3c
encode_release_packet ret=0
MP4 frame 1124/1500: sequence=1128 pts=44920000 us key=0 nv12=4478976 h264=6030 acquire=13.208 ms encode=26.888 ms mux=0.110 ms
start encode NV12 with RV1106 vendor packet ABI, frame=1124
encode_put_frame ret=0
encode_get_packet ret=0 handle=0xae9cf958 expected=0xae9cf958
vendor packet: mpi_buf_id=177 len=6064 buf_size=1495040 offset=567424 data_num=1 flag=0x00000000 pts=1124
valloc packet buffer: mpi_buf_id=177 dma_buf_fd=11 size=0
H264 first bytes: 00 00 00 01 41 e0 01 c0 03 86 07 f1 96 e2 ef 01
encode_release_packet ret=0
MP4 frame 1125/1500: sequence=1129 pts=44960000 us key=0 nv12=4478976 h264=6064 acquire=12.516 ms encode=26.213 ms mux=0.109 ms
start encode NV12 with RV1106 vendor packet ABI, frame=1125
encode_put_frame ret=0
encode_get_packet ret=0 handle=0xae9cf958 expected=0xae9cf958
vendor packet: mpi_buf_id=177 len=8982 buf_size=1495040 offset=573568 data_num=1 flag=0x00000000 pts=1125
valloc packet buffer: mpi_buf_id=177 dma_buf_fd=11 size=0
H264 first bytes: 00 00 00 01 41 e0 01 e0 03 c6 02 3c 08 f9 e0 15
encode_release_packet ret=0
MP4 frame 1126/1500: sequence=1130 pts=45000000 us key=0 nv12=4478976 h264=8982 acquire=13.093 ms encode=26.835 ms mux=0.146 ms
start encode NV12 with RV1106 vendor packet ABI, frame=1126
encode_put_frame ret=0
encode_get_packet ret=0 handle=0xae9cf958 expected=0xae9cf958
vendor packet: mpi_buf_id=177 len=8887 buf_size=1495040 offset=582656 data_num=1 flag=0x00000000 pts=1126
valloc packet buffer: mpi_buf_id=177 dma_buf_fd=11 size=0
H264 first bytes: 00 00 00 01 41 e0 02 00 04 06 02 3c 33 31 e0 22
encode_release_packet ret=0
MP4 frame 1127/1500: sequence=1131 pts=45040000 us key=0 nv12=4478976 h264=8887 acquire=12.530 ms encode=26.299 ms mux=0.137 ms
start encode NV12 with RV1106 vendor packet ABI, frame=1127
encode_put_frame ret=0
encode_get_packet ret=0 handle=0xae9cf958 expected=0xae9cf958
vendor packet: mpi_buf_id=177 len=8634 buf_size=1495040 offset=591616 data_num=1 flag=0x00000000 pts=1127
valloc packet buffer: mpi_buf_id=177 dma_buf_fd=11 size=0
H264 first bytes: 00 00 00 01 41 e0 02 20 04 46 02 3c 1f 5a 82 6c
encode_release_packet ret=0
MP4 frame 1128/1500: sequence=1132 pts=45080000 us key=0 nv12=4478976 h264=8634 acquire=13.072 ms encode=26.936 ms mux=0.135 ms
start encode NV12 with RV1106 vendor packet ABI, frame=1128
encode_put_frame ret=0
encode_get_packet ret=0 handle=0xae9cf958 expected=0xae9cf958
vendor packet: mpi_buf_id=177 len=8493 buf_size=1495040 offset=600320 data_num=1 flag=0x00000000 pts=1128
valloc packet buffer: mpi_buf_id=177 dma_buf_fd=11 size=0
H264 first bytes: 00 00 00 01 41 e0 02 40 04 86 02 3c 0b b3 30 48
encode_release_packet ret=0
MP4 frame 1129/1500: sequence=1133 pts=45120000 us key=0 nv12=4478976 h264=8493 acquire=12.453 ms encode=26.184 ms mux=0.135 ms
start encode NV12 with RV1106 vendor packet ABI, frame=1129
encode_put_frame ret=0
encode_get_packet ret=0 handle=0xae9cf958 expected=0xae9cf958
vendor packet: mpi_buf_id=177 len=9377 buf_size=1495040 offset=608896 data_num=1 flag=0x00000000 pts=1129
valloc packet buffer: mpi_buf_id=177 dma_buf_fd=11 size=0
H264 first bytes: 00 00 00 01 41 e0 02 60 04 c6 02 3c 1b 4c 78 11
encode_release_packet ret=0
MP4 frame 1130/1500: sequence=1134 pts=45160000 us key=0 nv12=4478976 h264=9377 acquire=13.201 ms encode=26.861 ms mux=0.146 ms
start encode NV12 with RV1106 vendor packet ABI, frame=1130
encode_put_frame ret=0
encode_get_packet ret=0 handle=0xae9cf958 expected=0xae9cf958
vendor packet: mpi_buf_id=177 len=9558 buf_size=1495040 offset=618368 data_num=1 flag=0x00000000 pts=1130
valloc packet buffer: mpi_buf_id=177 dma_buf_fd=11 size=0
H264 first bytes: 00 00 00 01 41 e0 02 80 05 06 02 3c 25 3e 09 aa
encode_release_packet ret=0
MP4 frame 1131/1500: sequence=1135 pts=45200000 us key=0 nv12=4478976 h264=9558 acquire=12.503 ms encode=26.176 ms mux=0.147 ms
start encode NV12 with RV1106 vendor packet ABI, frame=1131
encode_put_frame ret=0
encode_get_packet ret=0 handle=0xae9cf958 expected=0xae9cf958
vendor packet: mpi_buf_id=177 len=9760 buf_size=1495040 offset=627968 data_num=1 flag=0x00000000 pts=1131
valloc packet buffer: mpi_buf_id=177 dma_buf_fd=11 size=0
H264 first bytes: 00 00 00 01 41 e0 02 a0 05 46 02 3c fa 82 7b 82
encode_release_packet ret=0
MP4 frame 1132/1500: sequence=1136 pts=45240000 us key=0 nv12=4478976 h264=9760 acquire=13.191 ms encode=26.826 ms mux=0.143 ms
start encode NV12 with RV1106 vendor packet ABI, frame=1132
encode_put_frame ret=0
encode_get_packet ret=0 handle=0xae9cf958 expected=0xae9cf958
vendor packet: mpi_buf_id=177 len=8759 buf_size=1495040 offset=637824 data_num=1 flag=0x00000000 pts=1132
valloc packet buffer: mpi_buf_id=177 dma_buf_fd=11 size=0
H264 first bytes: 00 00 00 01 41 e0 02 c0 05 86 02 3c 04 24 de 7a
encode_release_packet ret=0
MP4 frame 1133/1500: sequence=1137 pts=45280000 us key=0 nv12=4478976 h264=8759 acquire=12.537 ms encode=26.367 ms mux=0.131 ms
start encode NV12 with RV1106 vendor packet ABI, frame=1133
encode_put_frame ret=0
encode_get_packet ret=0 handle=0xae9cf958 expected=0xae9cf958
vendor packet: mpi_buf_id=177 len=14764 buf_size=1495040 offset=646656 data_num=1 flag=0x00000000 pts=1133
valloc packet buffer: mpi_buf_id=177 dma_buf_fd=11 size=0
H264 first bytes: 00 00 00 01 41 e0 02 e0 05 c6 02 7c 08 7b 12 25
encode_release_packet ret=0
MP4 frame 1134/1500: sequence=1138 pts=45320000 us key=0 nv12=4478976 h264=14764 acquire=13.015 ms encode=26.834 ms mux=0.208 ms
start encode NV12 with RV1106 vendor packet ABI, frame=1134
encode_put_frame ret=0
encode_get_packet ret=0 handle=0xae9cf958 expected=0xae9cf958
vendor packet: mpi_buf_id=177 len=6166 buf_size=1495040 offset=661504 data_num=1 flag=0x00000000 pts=1134
valloc packet buffer: mpi_buf_id=177 dma_buf_fd=11 size=0
H264 first bytes: 00 00 00 01 41 e0 03 00 06 06 07 f0 41 26 1d 93
encode_release_packet ret=0
MP4 frame 1135/1500: sequence=1139 pts=45360000 us key=0 nv12=4478976 h264=6166 acquire=12.471 ms encode=26.219 ms mux=0.106 ms
start encode NV12 with RV1106 vendor packet ABI, frame=1135
encode_put_frame ret=0
encode_get_packet ret=0 handle=0xae9cf958 expected=0xae9cf958
vendor packet: mpi_buf_id=177 len=9694 buf_size=1495040 offset=667776 data_num=1 flag=0x00000000 pts=1135
valloc packet buffer: mpi_buf_id=177 dma_buf_fd=11 size=0
H264 first bytes: 00 00 00 01 41 e0 03 20 06 46 02 3c 06 e4 e7 82
encode_release_packet ret=0
MP4 frame 1136/1500: sequence=1140 pts=45400000 us key=0 nv12=4478976 h264=9694 acquire=13.184 ms encode=26.870 ms mux=0.153 ms
start encode NV12 with RV1106 vendor packet ABI, frame=1136
encode_put_frame ret=0
encode_get_packet ret=0 handle=0xae9cf958 expected=0xae9cf958
vendor packet: mpi_buf_id=177 len=9471 buf_size=1495040 offset=677504 data_num=1 flag=0x00000000 pts=1136
valloc packet buffer: mpi_buf_id=177 dma_buf_fd=11 size=0
H264 first bytes: 00 00 00 01 41 e0 03 40 06 86 02 3c 09 79 20 4d
encode_release_packet ret=0
MP4 frame 1137/1500: sequence=1141 pts=45440000 us key=0 nv12=4478976 h264=9471 acquire=12.483 ms encode=26.240 ms mux=0.148 ms
start encode NV12 with RV1106 vendor packet ABI, frame=1137
encode_put_frame ret=0
encode_get_packet ret=0 handle=0xae9cf958 expected=0xae9cf958
vendor packet: mpi_buf_id=177 len=9170 buf_size=1495040 offset=686976 data_num=1 flag=0x00000000 pts=1137
valloc packet buffer: mpi_buf_id=177 dma_buf_fd=11 size=0
H264 first bytes: 00 00 00 01 41 e0 03 60 06 c6 02 3c 5e 64 24 7d
encode_release_packet ret=0
MP4 frame 1138/1500: sequence=1142 pts=45480000 us key=0 nv12=4478976 h264=9170 acquire=13.135 ms encode=26.794 ms mux=0.145 ms
start encode NV12 with RV1106 vendor packet ABI, frame=1138
encode_put_frame ret=0
encode_get_packet ret=0 handle=0xae9cf958 expected=0xae9cf958
vendor packet: mpi_buf_id=177 len=15099 buf_size=1495040 offset=696192 data_num=1 flag=0x00000000 pts=1138
valloc packet buffer: mpi_buf_id=177 dma_buf_fd=11 size=0
H264 first bytes: 00 00 00 01 41 e0 03 80 07 06 02 7c 46 7b a3 8b
encode_release_packet ret=0
MP4 frame 1139/1500: sequence=1143 pts=45520000 us key=0 nv12=4478976 h264=15099 acquire=12.573 ms encode=26.307 ms mux=1.082 ms
start encode NV12 with RV1106 vendor packet ABI, frame=1139
encode_put_frame ret=0
encode_get_packet ret=0 handle=0xae9cf958 expected=0xae9cf958
vendor packet: mpi_buf_id=177 len=6208 buf_size=1495040 offset=711296 data_num=1 flag=0x00000000 pts=1139
valloc packet buffer: mpi_buf_id=177 dma_buf_fd=11 size=0
H264 first bytes: 00 00 00 01 41 e0 03 a0 07 46 07 f0 17 f9 e0 28
encode_release_packet ret=0
MP4 frame 1140/1500: sequence=1144 pts=45560000 us key=0 nv12=4478976 h264=6208 acquire=12.113 ms encode=26.814 ms mux=0.114 ms
start encode NV12 with RV1106 vendor packet ABI, frame=1140
encode_put_frame ret=0
encode_get_packet ret=0 handle=0xae9cf958 expected=0xae9cf958
vendor packet: mpi_buf_id=177 len=229842 buf_size=1495040 offset=717568 data_num=1 flag=0x00000010 pts=1140
valloc packet buffer: mpi_buf_id=177 dma_buf_fd=11 size=0
H264 first bytes: 00 00 00 01 65 b8 00 01 c0 00 00 af 0a 44 8a 00
encode_release_packet ret=0
MP4 frame 1141/1500: sequence=1145 pts=45600000 us key=1 nv12=4478976 h264=229842 acquire=12.577 ms encode=26.381 ms mux=3.747 ms
start encode NV12 with RV1106 vendor packet ABI, frame=1141
encode_put_frame ret=0
encode_get_packet ret=0 handle=0xae9cf958 expected=0xae9cf958
vendor packet: mpi_buf_id=177 len=12176 buf_size=1495040 offset=947456 data_num=1 flag=0x00000000 pts=1141
valloc packet buffer: mpi_buf_id=177 dma_buf_fd=11 size=0
H264 first bytes: 00 00 00 01 41 e0 00 20 00 46 02 3c 08 19 ae 45
encode_release_packet ret=0
MP4 frame 1142/1500: sequence=1146 pts=45640000 us key=0 nv12=4478976 h264=12176 acquire=9.370 ms encode=26.869 ms mux=0.173 ms
start encode NV12 with RV1106 vendor packet ABI, frame=1142
encode_put_frame ret=0
encode_get_packet ret=0 handle=0xae9cf958 expected=0xae9cf958
vendor packet: mpi_buf_id=177 len=10715 buf_size=1495040 offset=959744 data_num=1 flag=0x00000000 pts=1142
valloc packet buffer: mpi_buf_id=177 dma_buf_fd=11 size=0
H264 first bytes: 00 00 00 01 41 e0 00 40 00 86 02 3c 0c 79 d8 9d
encode_release_packet ret=0
MP4 frame 1143/1500: sequence=1147 pts=45680000 us key=0 nv12=4478976 h264=10715 acquire=12.471 ms encode=26.220 ms mux=0.158 ms
start encode NV12 with RV1106 vendor packet ABI, frame=1143
encode_put_frame ret=0
encode_get_packet ret=0 handle=0xae9cf958 expected=0xae9cf958
vendor packet: mpi_buf_id=177 len=10200 buf_size=1495040 offset=970496 data_num=1 flag=0x00000000 pts=1143
valloc packet buffer: mpi_buf_id=177 dma_buf_fd=11 size=0
H264 first bytes: 00 00 00 01 41 e0 00 60 00 c6 02 3c 3d 46 81 ff
encode_release_packet ret=0
MP4 frame 1144/1500: sequence=1148 pts=45720000 us key=0 nv12=4478976 h264=10200 acquire=13.125 ms encode=26.813 ms mux=0.151 ms
start encode NV12 with RV1106 vendor packet ABI, frame=1144
encode_put_frame ret=0
encode_get_packet ret=0 handle=0xae9cf958 expected=0xae9cf958
vendor packet: mpi_buf_id=177 len=10834 buf_size=1495040 offset=980736 data_num=1 flag=0x00000000 pts=1144
valloc packet buffer: mpi_buf_id=177 dma_buf_fd=11 size=0
H264 first bytes: 00 00 00 01 41 e0 00 80 01 06 02 3c 06 e9 7e b2
encode_release_packet ret=0
MP4 frame 1145/1500: sequence=1149 pts=45760000 us key=0 nv12=4478976 h264=10834 acquire=12.552 ms encode=26.290 ms mux=0.159 ms
start encode NV12 with RV1106 vendor packet ABI, frame=1145
encode_put_frame ret=0
encode_get_packet ret=0 handle=0xae9cf958 expected=0xae9cf958
vendor packet: mpi_buf_id=177 len=9570 buf_size=1495040 offset=991616 data_num=1 flag=0x00000000 pts=1145
valloc packet buffer: mpi_buf_id=177 dma_buf_fd=11 size=0
H264 first bytes: 00 00 00 01 41 e0 00 a0 01 46 02 3c 37 3e 02 eb
encode_release_packet ret=0
MP4 frame 1146/1500: sequence=1150 pts=45800000 us key=0 nv12=4478976 h264=9570 acquire=13.062 ms encode=26.835 ms mux=0.141 ms
start encode NV12 with RV1106 vendor packet ABI, frame=1146
encode_put_frame ret=0
encode_get_packet ret=0 handle=0xae9cf958 expected=0xae9cf958
vendor packet: mpi_buf_id=177 len=10667 buf_size=1495040 offset=1001216 data_num=1 flag=0x00000000 pts=1146
valloc packet buffer: mpi_buf_id=177 dma_buf_fd=11 size=0
H264 first bytes: 00 00 00 01 41 e0 00 c0 01 86 02 3c 06 65 9e 05
encode_release_packet ret=0
MP4 frame 1147/1500: sequence=1151 pts=45840000 us key=0 nv12=4478976 h264=10667 acquire=12.536 ms encode=26.246 ms mux=0.152 ms
start encode NV12 with RV1106 vendor packet ABI, frame=1147
encode_put_frame ret=0
encode_get_packet ret=0 handle=0xae9cf958 expected=0xae9cf958
vendor packet: mpi_buf_id=177 len=6557 buf_size=1495040 offset=1011968 data_num=1 flag=0x00000000 pts=1147
valloc packet buffer: mpi_buf_id=177 dma_buf_fd=11 size=0
H264 first bytes: 00 00 00 01 41 e0 00 e0 01 c6 07 f1 55 85 b3 c2
encode_release_packet ret=0
MP4 frame 1148/1500: sequence=1152 pts=45880000 us key=0 nv12=4478976 h264=6557 acquire=13.106 ms encode=26.861 ms mux=0.115 ms
start encode NV12 with RV1106 vendor packet ABI, frame=1148
encode_put_frame ret=0
encode_get_packet ret=0 handle=0xae9cf958 expected=0xae9cf958
vendor packet: mpi_buf_id=177 len=9406 buf_size=1495040 offset=1018624 data_num=1 flag=0x00000000 pts=1148
valloc packet buffer: mpi_buf_id=177 dma_buf_fd=11 size=0
H264 first bytes: 00 00 00 01 41 e0 01 00 02 06 02 3c 1b cf 85 24
encode_release_packet ret=0
MP4 frame 1149/1500: sequence=1153 pts=45920000 us key=0 nv12=4478976 h264=9406 acquire=12.429 ms encode=26.259 ms mux=0.139 ms
start encode NV12 with RV1106 vendor packet ABI, frame=1149
encode_put_frame ret=0
encode_get_packet ret=0 handle=0xae9cf958 expected=0xae9cf958
vendor packet: mpi_buf_id=177 len=9504 buf_size=1495040 offset=1028096 data_num=1 flag=0x00000000 pts=1149
valloc packet buffer: mpi_buf_id=177 dma_buf_fd=11 size=0
H264 first bytes: 00 00 00 01 41 e0 01 20 02 46 02 3c 94 a0 25 a6
encode_release_packet ret=0
MP4 frame 1150/1500: sequence=1154 pts=45960000 us key=0 nv12=4478976 h264=9504 acquire=13.112 ms encode=26.942 ms mux=0.147 ms
start encode NV12 with RV1106 vendor packet ABI, frame=1150
encode_put_frame ret=0
encode_get_packet ret=0 handle=0xae9cf958 expected=0xae9cf958
vendor packet: mpi_buf_id=177 len=9532 buf_size=1495040 offset=1037696 data_num=1 flag=0x00000000 pts=1150
valloc packet buffer: mpi_buf_id=177 dma_buf_fd=11 size=0
H264 first bytes: 00 00 00 01 41 e0 01 40 02 86 02 3c 7d b8 04 2b
encode_release_packet ret=0
MP4 frame 1151/1500: sequence=1155 pts=46000000 us key=0 nv12=4478976 h264=9532 acquire=12.429 ms encode=26.180 ms mux=0.143 ms
start encode NV12 with RV1106 vendor packet ABI, frame=1151
encode_put_frame ret=0
encode_get_packet ret=0 handle=0xae9cf958 expected=0xae9cf958
vendor packet: mpi_buf_id=177 len=9415 buf_size=1495040 offset=1047296 data_num=1 flag=0x00000000 pts=1151
valloc packet buffer: mpi_buf_id=177 dma_buf_fd=11 size=0
H264 first bytes: 00 00 00 01 41 e0 01 60 02 c6 02 3c 44 b8 bb 3c
encode_release_packet ret=0
MP4 frame 1152/1500: sequence=1156 pts=46040000 us key=0 nv12=4478976 h264=9415 acquire=13.187 ms encode=26.822 ms mux=0.145 ms
start encode NV12 with RV1106 vendor packet ABI, frame=1152
encode_put_frame ret=0
encode_get_packet ret=0 handle=0xae9cf958 expected=0xae9cf958
vendor packet: mpi_buf_id=177 len=9065 buf_size=1495040 offset=1056768 data_num=1 flag=0x00000000 pts=1152
valloc packet buffer: mpi_buf_id=177 dma_buf_fd=11 size=0
H264 first bytes: 00 00 00 01 41 e0 01 80 03 06 02 3c 04 0d b8 22
encode_release_packet ret=0
MP4 frame 1153/1500: sequence=1157 pts=46080000 us key=0 nv12=4478976 h264=9065 acquire=12.544 ms encode=26.195 ms mux=0.145 ms
start encode NV12 with RV1106 vendor packet ABI, frame=1153
encode_put_frame ret=0
encode_get_packet ret=0 handle=0xae9cf958 expected=0xae9cf958
vendor packet: mpi_buf_id=177 len=9289 buf_size=1495040 offset=1065856 data_num=1 flag=0x00000000 pts=1153
valloc packet buffer: mpi_buf_id=177 dma_buf_fd=11 size=0
H264 first bytes: 00 00 00 01 41 e0 01 a0 03 46 02 3c 09 75 81 6e
encode_release_packet ret=0
MP4 frame 1154/1500: sequence=1158 pts=46120000 us key=0 nv12=4478976 h264=9289 acquire=13.175 ms encode=26.842 ms mux=0.141 ms
start encode NV12 with RV1106 vendor packet ABI, frame=1154
encode_put_frame ret=0
encode_get_packet ret=0 handle=0xae9cf958 expected=0xae9cf958
vendor packet: mpi_buf_id=177 len=9515 buf_size=1495040 offset=1075200 data_num=1 flag=0x00000000 pts=1154
valloc packet buffer: mpi_buf_id=177 dma_buf_fd=11 size=0
H264 first bytes: 00 00 00 01 41 e0 01 c0 03 86 02 3c 16 e4 80 e3
encode_release_packet ret=0
MP4 frame 1155/1500: sequence=1159 pts=46160000 us key=0 nv12=4478976 h264=9515 acquire=12.537 ms encode=26.256 ms mux=0.142 ms
start encode NV12 with RV1106 vendor packet ABI, frame=1155
encode_put_frame ret=0
encode_get_packet ret=0 handle=0xae9cf958 expected=0xae9cf958
vendor packet: mpi_buf_id=177 len=9780 buf_size=1495040 offset=1084800 data_num=1 flag=0x00000000 pts=1155
valloc packet buffer: mpi_buf_id=177 dma_buf_fd=11 size=0
H264 first bytes: 00 00 00 01 41 e0 01 e0 03 c6 02 3c 14 4f 81 93
encode_release_packet ret=0
MP4 frame 1156/1500: sequence=1160 pts=46200000 us key=0 nv12=4478976 h264=9780 acquire=13.121 ms encode=26.941 ms mux=0.149 ms
start encode NV12 with RV1106 vendor packet ABI, frame=1156
encode_put_frame ret=0
encode_get_packet ret=0 handle=0xae9cf958 expected=0xae9cf958
vendor packet: mpi_buf_id=177 len=9270 buf_size=1495040 offset=1094656 data_num=1 flag=0x00000000 pts=1156
valloc packet buffer: mpi_buf_id=177 dma_buf_fd=11 size=0
H264 first bytes: 00 00 00 01 41 e0 02 00 04 06 02 3c 12 ce 58 1c
encode_release_packet ret=0
MP4 frame 1157/1500: sequence=1161 pts=46240000 us key=0 nv12=4478976 h264=9270 acquire=12.425 ms encode=26.210 ms mux=0.145 ms
start encode NV12 with RV1106 vendor packet ABI, frame=1157
encode_put_frame ret=0
encode_get_packet ret=0 handle=0xae9cf958 expected=0xae9cf958
vendor packet: mpi_buf_id=177 len=9768 buf_size=1495040 offset=1104000 data_num=1 flag=0x00000000 pts=1157
valloc packet buffer: mpi_buf_id=177 dma_buf_fd=11 size=0
H264 first bytes: 00 00 00 01 41 e0 02 20 04 46 02 3c 14 d9 20 55
encode_release_packet ret=0
MP4 frame 1158/1500: sequence=1162 pts=46280000 us key=0 nv12=4478976 h264=9768 acquire=13.153 ms encode=26.830 ms mux=0.143 ms
start encode NV12 with RV1106 vendor packet ABI, frame=1158
encode_put_frame ret=0
encode_get_packet ret=0 handle=0xae9cf958 expected=0xae9cf958
vendor packet: mpi_buf_id=177 len=9196 buf_size=1495040 offset=1113856 data_num=1 flag=0x00000000 pts=1158
valloc packet buffer: mpi_buf_id=177 dma_buf_fd=11 size=0
H264 first bytes: 00 00 00 01 41 e0 02 40 04 86 02 3c 27 9e 16 98
encode_release_packet ret=0
MP4 frame 1159/1500: sequence=1163 pts=46320000 us key=0 nv12=4478976 h264=9196 acquire=12.545 ms encode=26.259 ms mux=0.142 ms
start encode NV12 with RV1106 vendor packet ABI, frame=1159
encode_put_frame ret=0
encode_get_packet ret=0 handle=0xae9cf958 expected=0xae9cf958
vendor packet: mpi_buf_id=177 len=10350 buf_size=1495040 offset=1123072 data_num=1 flag=0x00000000 pts=1159
valloc packet buffer: mpi_buf_id=177 dma_buf_fd=11 size=0
H264 first bytes: 00 00 00 01 41 e0 02 60 04 c6 02 3c 3f 4a 09 a6
encode_release_packet ret=0
MP4 frame 1160/1500: sequence=1164 pts=46360000 us key=0 nv12=4478976 h264=10350 acquire=13.113 ms encode=26.874 ms mux=0.154 ms
start encode NV12 with RV1106 vendor packet ABI, frame=1160
encode_put_frame ret=0
encode_get_packet ret=0 handle=0xae9cf958 expected=0xae9cf958
vendor packet: mpi_buf_id=177 len=9714 buf_size=1495040 offset=1133440 data_num=1 flag=0x00000000 pts=1160
valloc packet buffer: mpi_buf_id=177 dma_buf_fd=11 size=0
H264 first bytes: 00 00 00 01 41 e0 02 80 05 06 02 3c 04 24 98 31
encode_release_packet ret=0
MP4 frame 1161/1500: sequence=1165 pts=46400000 us key=0 nv12=4478976 h264=9714 acquire=12.474 ms encode=26.335 ms mux=0.167 ms
start encode NV12 with RV1106 vendor packet ABI, frame=1161
encode_put_frame ret=0
encode_get_packet ret=0 handle=0xae9cf958 expected=0xae9cf958
vendor packet: mpi_buf_id=177 len=8904 buf_size=1495040 offset=1143168 data_num=1 flag=0x00000000 pts=1161
valloc packet buffer: mpi_buf_id=177 dma_buf_fd=11 size=0
H264 first bytes: 00 00 00 01 41 e0 02 a0 05 46 02 3c 2f 39 e3 ac
encode_release_packet ret=0
MP4 frame 1162/1500: sequence=1166 pts=46440000 us key=0 nv12=4478976 h264=8904 acquire=13.025 ms encode=26.818 ms mux=0.135 ms
start encode NV12 with RV1106 vendor packet ABI, frame=1162
encode_put_frame ret=0
encode_get_packet ret=0 handle=0xae9cf958 expected=0xae9cf958
vendor packet: mpi_buf_id=177 len=9344 buf_size=1495040 offset=1152128 data_num=1 flag=0x00000000 pts=1162
valloc packet buffer: mpi_buf_id=177 dma_buf_fd=11 size=0
H264 first bytes: 00 00 00 01 41 e0 02 c0 05 86 02 3c 04 e5 30 46
encode_release_packet ret=0
MP4 frame 1163/1500: sequence=1167 pts=46480000 us key=0 nv12=4478976 h264=9344 acquire=12.552 ms encode=26.176 ms mux=0.142 ms
start encode NV12 with RV1106 vendor packet ABI, frame=1163
encode_put_frame ret=0
encode_get_packet ret=0 handle=0xae9cf958 expected=0xae9cf958
vendor packet: mpi_buf_id=177 len=9563 buf_size=1495040 offset=1161472 data_num=1 flag=0x00000000 pts=1163
valloc packet buffer: mpi_buf_id=177 dma_buf_fd=11 size=0
H264 first bytes: 00 00 00 01 41 e0 02 e0 05 c6 02 3c 05 86 68 1a
encode_release_packet ret=0
MP4 frame 1164/1500: sequence=1168 pts=46520000 us key=0 nv12=4478976 h264=9563 acquire=13.199 ms encode=26.986 ms mux=0.150 ms
start encode NV12 with RV1106 vendor packet ABI, frame=1164
encode_put_frame ret=0
encode_get_packet ret=0 handle=0xae9cf958 expected=0xae9cf958
vendor packet: mpi_buf_id=177 len=9640 buf_size=1495040 offset=1171072 data_num=1 flag=0x00000000 pts=1164
valloc packet buffer: mpi_buf_id=177 dma_buf_fd=11 size=0
H264 first bytes: 00 00 00 01 41 e0 03 00 06 06 02 3c 0e 32 9c 15
encode_release_packet ret=0
MP4 frame 1165/1500: sequence=1169 pts=46560000 us key=0 nv12=4478976 h264=9640 acquire=12.377 ms encode=26.198 ms mux=0.141 ms
start encode NV12 with RV1106 vendor packet ABI, frame=1165
encode_put_frame ret=0
encode_get_packet ret=0 handle=0xae9cf958 expected=0xae9cf958
vendor packet: mpi_buf_id=177 len=9530 buf_size=1495040 offset=1180800 data_num=1 flag=0x00000000 pts=1165
valloc packet buffer: mpi_buf_id=177 dma_buf_fd=11 size=0
H264 first bytes: 00 00 00 01 41 e0 03 20 06 46 02 3c 04 ac c4 85
encode_release_packet ret=0
MP4 frame 1166/1500: sequence=1170 pts=46600000 us key=0 nv12=4478976 h264=9530 acquire=13.176 ms encode=26.850 ms mux=0.141 ms
start encode NV12 with RV1106 vendor packet ABI, frame=1166
encode_put_frame ret=0
encode_get_packet ret=0 handle=0xae9cf958 expected=0xae9cf958
vendor packet: mpi_buf_id=177 len=9352 buf_size=1495040 offset=1190400 data_num=1 flag=0x00000000 pts=1166
valloc packet buffer: mpi_buf_id=177 dma_buf_fd=11 size=0
H264 first bytes: 00 00 00 01 41 e0 03 40 06 86 02 3c 1a ce 78 37
encode_release_packet ret=0
MP4 frame 1167/1500: sequence=1171 pts=46640000 us key=0 nv12=4478976 h264=9352 acquire=12.517 ms encode=26.226 ms mux=0.140 ms
start encode NV12 with RV1106 vendor packet ABI, frame=1167
encode_put_frame ret=0
encode_get_packet ret=0 handle=0xae9cf958 expected=0xae9cf958
vendor packet: mpi_buf_id=177 len=9291 buf_size=1495040 offset=1199872 data_num=1 flag=0x00000000 pts=1167
valloc packet buffer: mpi_buf_id=177 dma_buf_fd=11 size=0
H264 first bytes: 00 00 00 01 41 e0 03 60 06 c6 02 3c 05 86 78 08
encode_release_packet ret=0
MP4 frame 1168/1500: sequence=1172 pts=46680000 us key=0 nv12=4478976 h264=9291 acquire=13.141 ms encode=26.903 ms mux=0.135 ms
start encode NV12 with RV1106 vendor packet ABI, frame=1168
encode_put_frame ret=0
encode_get_packet ret=0 handle=0xae9cf958 expected=0xae9cf958
vendor packet: mpi_buf_id=177 len=14749 buf_size=1495040 offset=1209216 data_num=1 flag=0x00000000 pts=1168
valloc packet buffer: mpi_buf_id=177 dma_buf_fd=11 size=0
H264 first bytes: 00 00 00 01 41 e0 03 80 07 06 02 7c 02 03 3c 14
encode_release_packet ret=0
MP4 frame 1169/1500: sequence=1173 pts=46720000 us key=0 nv12=4478976 h264=14749 acquire=12.483 ms encode=26.233 ms mux=0.976 ms
start encode NV12 with RV1106 vendor packet ABI, frame=1169
encode_put_frame ret=0
encode_get_packet ret=0 handle=0xae9cf958 expected=0xae9cf958
vendor packet: mpi_buf_id=177 len=9548 buf_size=1495040 offset=1224064 data_num=1 flag=0x00000000 pts=1169
valloc packet buffer: mpi_buf_id=177 dma_buf_fd=11 size=0
H264 first bytes: 00 00 00 01 41 e0 03 a0 07 46 02 3c 02 29 21 8c
encode_release_packet ret=0
MP4 frame 1170/1500: sequence=1174 pts=46760000 us key=0 nv12=4478976 h264=9548 acquire=12.298 ms encode=26.844 ms mux=0.146 ms
start encode NV12 with RV1106 vendor packet ABI, frame=1170
encode_put_frame ret=0
encode_get_packet ret=0 handle=0xae9cf958 expected=0xae9cf958
vendor packet: mpi_buf_id=177 len=227640 buf_size=1495040 offset=1233664 data_num=1 flag=0x00000010 pts=1170
valloc packet buffer: mpi_buf_id=177 dma_buf_fd=11 size=0
H264 first bytes: 00 00 00 01 65 b8 00 00 80 00 00 2b c2 91 22 80
encode_release_packet ret=0
MP4 frame 1171/1500: sequence=1175 pts=46800000 us key=1 nv12=4478976 h264=227640 acquire=12.513 ms encode=26.241 ms mux=3.570 ms
start encode NV12 with RV1106 vendor packet ABI, frame=1171
encode_put_frame ret=0
encode_get_packet ret=0 handle=0xae9cf958 expected=0xae9cf958
vendor packet: mpi_buf_id=177 len=12330 buf_size=1495040 offset=1461376 data_num=1 flag=0x00000000 pts=1171
valloc packet buffer: mpi_buf_id=177 dma_buf_fd=11 size=0
H264 first bytes: 00 00 00 01 41 e0 00 20 00 46 02 3c 23 3e 0d 64
encode_release_packet ret=0
MP4 frame 1172/1500: sequence=1176 pts=46840000 us key=0 nv12=4478976 h264=12330 acquire=9.698 ms encode=27.021 ms mux=0.180 ms
start encode NV12 with RV1106 vendor packet ABI, frame=1172
encode_put_frame ret=0
encode_get_packet ret=0 handle=0xae9cf958 expected=0xae9cf958
vendor packet: mpi_buf_id=177 len=11162 buf_size=1495040 offset=1473792 data_num=1 flag=0x00000000 pts=1172
valloc packet buffer: mpi_buf_id=177 dma_buf_fd=11 size=0
H264 first bytes: 00 00 00 01 41 e0 00 40 00 86 02 3c 13 cd 92 43
encode_release_packet ret=0
MP4 frame 1173/1500: sequence=1177 pts=46880000 us key=0 nv12=4478976 h264=11162 acquire=12.292 ms encode=26.262 ms mux=0.164 ms
start encode NV12 with RV1106 vendor packet ABI, frame=1173
encode_put_frame ret=0
encode_get_packet ret=0 handle=0xae9cf958 expected=0xae9cf958
vendor packet: mpi_buf_id=177 len=7663 buf_size=1495040 offset=1485056 data_num=1 flag=0x00000000 pts=1173
valloc packet buffer: mpi_buf_id=177 dma_buf_fd=11 size=0
H264 first bytes: 00 00 00 01 41 e0 00 60 00 c6 07 f0 4d 23 81 62
encode_release_packet ret=0
MP4 frame 1174/1500: sequence=1178 pts=46920000 us key=0 nv12=4478976 h264=7663 acquire=13.082 ms encode=26.815 ms mux=0.125 ms
start encode NV12 with RV1106 vendor packet ABI, frame=1174
encode_put_frame ret=0
encode_get_packet ret=0 handle=0xae9cf958 expected=0xae9cf958
vendor packet: mpi_buf_id=177 len=10963 buf_size=1495040 offset=1492736 data_num=1 flag=0x00000000 pts=1174
valloc packet buffer: mpi_buf_id=177 dma_buf_fd=11 size=0
H264 first bytes: 00 00 00 01 41 e0 00 80 01 06 02 3c 15 d9 e0 4e
encode_release_packet ret=0
MP4 frame 1175/1500: sequence=1179 pts=46960000 us key=0 nv12=4478976 h264=10963 acquire=12.572 ms encode=26.245 ms mux=0.165 ms
start encode NV12 with RV1106 vendor packet ABI, frame=1175
encode_put_frame ret=0
encode_get_packet ret=0 handle=0xae9cf958 expected=0xae9cf958
vendor packet: mpi_buf_id=177 len=7114 buf_size=1495040 offset=8704 data_num=1 flag=0x00000000 pts=1175
valloc packet buffer: mpi_buf_id=177 dma_buf_fd=11 size=0
H264 first bytes: 00 00 00 01 41 e0 00 a0 01 46 07 f0 b4 d8 42 f0
encode_release_packet ret=0
MP4 frame 1176/1500: sequence=1180 pts=47000000 us key=0 nv12=4478976 h264=7114 acquire=13.108 ms encode=26.799 ms mux=0.115 ms
start encode NV12 with RV1106 vendor packet ABI, frame=1176
encode_put_frame ret=0
encode_get_packet ret=0 handle=0xae9cf958 expected=0xae9cf958
vendor packet: mpi_buf_id=177 len=10658 buf_size=1495040 offset=15872 data_num=1 flag=0x00000000 pts=1176
valloc packet buffer: mpi_buf_id=177 dma_buf_fd=11 size=0
H264 first bytes: 00 00 00 01 41 e0 00 c0 01 86 02 3c 31 3e 0a 64
encode_release_packet ret=0
MP4 frame 1177/1500: sequence=1181 pts=47040000 us key=0 nv12=4478976 h264=10658 acquire=12.600 ms encode=26.201 ms mux=0.164 ms
start encode NV12 with RV1106 vendor packet ABI, frame=1177
encode_put_frame ret=0
encode_get_packet ret=0 handle=0xae9cf958 expected=0xae9cf958
vendor packet: mpi_buf_id=177 len=9791 buf_size=1495040 offset=26624 data_num=1 flag=0x00000000 pts=1177
valloc packet buffer: mpi_buf_id=177 dma_buf_fd=11 size=0
H264 first bytes: 00 00 00 01 41 e0 00 e0 01 c6 02 3c 13 da 85 66
encode_release_packet ret=0
MP4 frame 1178/1500: sequence=1182 pts=47080000 us key=0 nv12=4478976 h264=9791 acquire=13.150 ms encode=26.833 ms mux=0.146 ms
start encode NV12 with RV1106 vendor packet ABI, frame=1178
encode_put_frame ret=0
encode_get_packet ret=0 handle=0xae9cf958 expected=0xae9cf958
vendor packet: mpi_buf_id=177 len=9447 buf_size=1495040 offset=36480 data_num=1 flag=0x00000000 pts=1178
valloc packet buffer: mpi_buf_id=177 dma_buf_fd=11 size=0
H264 first bytes: 00 00 00 01 41 e0 01 00 02 06 02 3c 2d 3d 89 ca
encode_release_packet ret=0
MP4 frame 1179/1500: sequence=1183 pts=47120000 us key=0 nv12=4478976 h264=9447 acquire=12.539 ms encode=26.207 ms mux=0.145 ms
start encode NV12 with RV1106 vendor packet ABI, frame=1179
encode_put_frame ret=0
encode_get_packet ret=0 handle=0xae9cf958 expected=0xae9cf958
vendor packet: mpi_buf_id=177 len=6620 buf_size=1495040 offset=45952 data_num=1 flag=0x00000000 pts=1179
valloc packet buffer: mpi_buf_id=177 dma_buf_fd=11 size=0
H264 first bytes: 00 00 00 01 41 e0 01 20 02 46 07 f0 10 76 a3 a8
encode_release_packet ret=0
MP4 frame 1180/1500: sequence=1184 pts=47160000 us key=0 nv12=4478976 h264=6620 acquire=13.056 ms encode=26.847 ms mux=0.117 ms
start encode NV12 with RV1106 vendor packet ABI, frame=1180
encode_put_frame ret=0
encode_get_packet ret=0 handle=0xae9cf958 expected=0xae9cf958
vendor packet: mpi_buf_id=177 len=9705 buf_size=1495040 offset=52608 data_num=1 flag=0x00000000 pts=1180
valloc packet buffer: mpi_buf_id=177 dma_buf_fd=11 size=0
H264 first bytes: 00 00 00 01 41 e0 01 40 02 86 02 3d c8 68 5a f1
encode_release_packet ret=0
MP4 frame 1181/1500: sequence=1185 pts=47200000 us key=0 nv12=4478976 h264=9705 acquire=12.542 ms encode=26.264 ms mux=0.145 ms
start encode NV12 with RV1106 vendor packet ABI, frame=1181
encode_put_frame ret=0
encode_get_packet ret=0 handle=0xae9cf958 expected=0xae9cf958
vendor packet: mpi_buf_id=177 len=9739 buf_size=1495040 offset=62336 data_num=1 flag=0x00000000 pts=1181
valloc packet buffer: mpi_buf_id=177 dma_buf_fd=11 size=0
H264 first bytes: 00 00 00 01 41 e0 01 60 02 c6 02 3c 3b 9a 07 79
encode_release_packet ret=0
MP4 frame 1182/1500: sequence=1186 pts=47240000 us key=0 nv12=4478976 h264=9739 acquire=13.101 ms encode=26.814 ms mux=0.149 ms
start encode NV12 with RV1106 vendor packet ABI, frame=1182
encode_put_frame ret=0
encode_get_packet ret=0 handle=0xae9cf958 expected=0xae9cf958
vendor packet: mpi_buf_id=177 len=9793 buf_size=1495040 offset=72192 data_num=1 flag=0x00000000 pts=1182
valloc packet buffer: mpi_buf_id=177 dma_buf_fd=11 size=0
H264 first bytes: 00 00 00 01 41 e0 01 80 03 06 02 3c 25 d0 91 ea
encode_release_packet ret=0
MP4 frame 1183/1500: sequence=1187 pts=47280000 us key=0 nv12=4478976 h264=9793 acquire=12.555 ms encode=26.295 ms mux=0.148 ms
start encode NV12 with RV1106 vendor packet ABI, frame=1183
encode_put_frame ret=0
encode_get_packet ret=0 handle=0xae9cf958 expected=0xae9cf958
vendor packet: mpi_buf_id=177 len=9190 buf_size=1495040 offset=82048 data_num=1 flag=0x00000000 pts=1183
valloc packet buffer: mpi_buf_id=177 dma_buf_fd=11 size=0
H264 first bytes: 00 00 00 01 41 e0 01 a0 03 46 02 3c 09 53 28 3b
encode_release_packet ret=0
MP4 frame 1184/1500: sequence=1188 pts=47320000 us key=0 nv12=4478976 h264=9190 acquire=13.061 ms encode=26.854 ms mux=0.135 ms
start encode NV12 with RV1106 vendor packet ABI, frame=1184
encode_put_frame ret=0
encode_get_packet ret=0 handle=0xae9cf958 expected=0xae9cf958
vendor packet: mpi_buf_id=177 len=8469 buf_size=1495040 offset=91264 data_num=1 flag=0x00000000 pts=1184
valloc packet buffer: mpi_buf_id=177 dma_buf_fd=11 size=0
H264 first bytes: 00 00 00 01 41 e0 01 c0 03 86 02 3c 29 d0 92 82
encode_release_packet ret=0
MP4 frame 1185/1500: sequence=1189 pts=47360000 us key=0 nv12=4478976 h264=8469 acquire=12.530 ms encode=26.208 ms mux=0.133 ms
start encode NV12 with RV1106 vendor packet ABI, frame=1185
encode_put_frame ret=0
encode_get_packet ret=0 handle=0xae9cf958 expected=0xae9cf958
vendor packet: mpi_buf_id=177 len=9571 buf_size=1495040 offset=99840 data_num=1 flag=0x00000000 pts=1185
valloc packet buffer: mpi_buf_id=177 dma_buf_fd=11 size=0
H264 first bytes: 00 00 00 01 41 e0 01 e0 03 c6 02 3c 1f cb 83 69
encode_release_packet ret=0
MP4 frame 1186/1500: sequence=1190 pts=47400000 us key=0 nv12=4478976 h264=9571 acquire=13.172 ms encode=26.762 ms mux=0.145 ms
start encode NV12 with RV1106 vendor packet ABI, frame=1186
encode_put_frame ret=0
encode_get_packet ret=0 handle=0xae9cf958 expected=0xae9cf958
vendor packet: mpi_buf_id=177 len=9291 buf_size=1495040 offset=109440 data_num=1 flag=0x00000000 pts=1186
valloc packet buffer: mpi_buf_id=177 dma_buf_fd=11 size=0
H264 first bytes: 00 00 00 01 41 e0 02 00 04 06 02 3c 14 d1 c8 27
encode_release_packet ret=0
MP4 frame 1187/1500: sequence=1191 pts=47440000 us key=0 nv12=4478976 h264=9291 acquire=12.610 ms encode=26.363 ms mux=0.139 ms
start encode NV12 with RV1106 vendor packet ABI, frame=1187
encode_put_frame ret=0
encode_get_packet ret=0 handle=0xae9cf958 expected=0xae9cf958
vendor packet: mpi_buf_id=177 len=9267 buf_size=1495040 offset=118784 data_num=1 flag=0x00000000 pts=1187
valloc packet buffer: mpi_buf_id=177 dma_buf_fd=11 size=0
H264 first bytes: 00 00 00 01 41 e0 02 20 04 46 02 3c 1b 4a 58 08
encode_release_packet ret=0
MP4 frame 1188/1500: sequence=1192 pts=47480000 us key=0 nv12=4478976 h264=9267 acquire=13.004 ms encode=26.852 ms mux=0.137 ms
start encode NV12 with RV1106 vendor packet ABI, frame=1188
encode_put_frame ret=0
encode_get_packet ret=0 handle=0xae9cf958 expected=0xae9cf958
vendor packet: mpi_buf_id=177 len=9570 buf_size=1495040 offset=128128 data_num=1 flag=0x00000000 pts=1188
valloc packet buffer: mpi_buf_id=177 dma_buf_fd=11 size=0
H264 first bytes: 00 00 00 01 41 e0 02 40 04 86 02 3c 09 19 10 93
encode_release_packet ret=0
MP4 frame 1189/1500: sequence=1193 pts=47520000 us key=0 nv12=4478976 h264=9570 acquire=12.528 ms encode=26.209 ms mux=0.145 ms
start encode NV12 with RV1106 vendor packet ABI, frame=1189
encode_put_frame ret=0
encode_get_packet ret=0 handle=0xae9cf958 expected=0xae9cf958
vendor packet: mpi_buf_id=177 len=5973 buf_size=1495040 offset=137728 data_num=1 flag=0x00000000 pts=1189
valloc packet buffer: mpi_buf_id=177 dma_buf_fd=11 size=0
H264 first bytes: 00 00 00 01 41 e0 02 60 04 c6 07 f0 3c de 23 70
encode_release_packet ret=0
MP4 frame 1190/1500: sequence=1194 pts=47560000 us key=0 nv12=4478976 h264=5973 acquire=13.150 ms encode=26.899 ms mux=0.116 ms
start encode NV12 with RV1106 vendor packet ABI, frame=1190
encode_put_frame ret=0
encode_get_packet ret=0 handle=0xae9cf958 expected=0xae9cf958
vendor packet: mpi_buf_id=177 len=9785 buf_size=1495040 offset=143744 data_num=1 flag=0x00000000 pts=1190
valloc packet buffer: mpi_buf_id=177 dma_buf_fd=11 size=0
H264 first bytes: 00 00 00 01 41 e0 02 80 05 06 02 3c 0e 72 14 c2
encode_release_packet ret=0
MP4 frame 1191/1500: sequence=1195 pts=47600000 us key=0 nv12=4478976 h264=9785 acquire=12.507 ms encode=26.204 ms mux=0.151 ms
start encode NV12 with RV1106 vendor packet ABI, frame=1191
encode_put_frame ret=0
encode_get_packet ret=0 handle=0xae9cf958 expected=0xae9cf958
vendor packet: mpi_buf_id=177 len=9230 buf_size=1495040 offset=153600 data_num=1 flag=0x00000000 pts=1191
valloc packet buffer: mpi_buf_id=177 dma_buf_fd=11 size=0
H264 first bytes: 00 00 00 01 41 e0 02 a0 05 46 02 3c 39 3e 18 a8
encode_release_packet ret=0
MP4 frame 1192/1500: sequence=1196 pts=47640000 us key=0 nv12=4478976 h264=9230 acquire=13.166 ms encode=26.821 ms mux=0.140 ms
start encode NV12 with RV1106 vendor packet ABI, frame=1192
encode_put_frame ret=0
encode_get_packet ret=0 handle=0xae9cf958 expected=0xae9cf958
vendor packet: mpi_buf_id=177 len=8956 buf_size=1495040 offset=162944 data_num=1 flag=0x00000000 pts=1192
valloc packet buffer: mpi_buf_id=177 dma_buf_fd=11 size=0
H264 first bytes: 00 00 00 01 41 e0 02 c0 05 86 02 3c 11 cf 80 90
encode_release_packet ret=0
MP4 frame 1193/1500: sequence=1197 pts=47680000 us key=0 nv12=4478976 h264=8956 acquire=12.554 ms encode=26.243 ms mux=0.140 ms
start encode NV12 with RV1106 vendor packet ABI, frame=1193
encode_put_frame ret=0
encode_get_packet ret=0 handle=0xae9cf958 expected=0xae9cf958
vendor packet: mpi_buf_id=177 len=9321 buf_size=1495040 offset=171904 data_num=1 flag=0x00000000 pts=1193
valloc packet buffer: mpi_buf_id=177 dma_buf_fd=11 size=0
H264 first bytes: 00 00 00 01 41 e0 02 e0 05 c6 02 3c 14 49 42 53
encode_release_packet ret=0
MP4 frame 1194/1500: sequence=1198 pts=47720000 us key=0 nv12=4478976 h264=9321 acquire=13.119 ms encode=26.882 ms mux=0.142 ms
start encode NV12 with RV1106 vendor packet ABI, frame=1194
encode_put_frame ret=0
encode_get_packet ret=0 handle=0xae9cf958 expected=0xae9cf958
vendor packet: mpi_buf_id=177 len=6118 buf_size=1495040 offset=181248 data_num=1 flag=0x00000000 pts=1194
valloc packet buffer: mpi_buf_id=177 dma_buf_fd=11 size=0
H264 first bytes: 00 00 00 01 41 e0 03 00 06 06 07 f0 28 de 2a 7c
encode_release_packet ret=0
MP4 frame 1195/1500: sequence=1199 pts=47760000 us key=0 nv12=4478976 h264=6118 acquire=12.502 ms encode=26.320 ms mux=0.113 ms
start encode NV12 with RV1106 vendor packet ABI, frame=1195
encode_put_frame ret=0
encode_get_packet ret=0 handle=0xae9cf958 expected=0xae9cf958
vendor packet: mpi_buf_id=177 len=9356 buf_size=1495040 offset=187392 data_num=1 flag=0x00000000 pts=1195
valloc packet buffer: mpi_buf_id=177 dma_buf_fd=11 size=0
H264 first bytes: 00 00 00 01 41 e0 03 20 06 46 02 3c 39 36 4a c1
encode_release_packet ret=0
MP4 frame 1196/1500: sequence=1200 pts=47800000 us key=0 nv12=4478976 h264=9356 acquire=13.069 ms encode=26.840 ms mux=0.137 ms
start encode NV12 with RV1106 vendor packet ABI, frame=1196
encode_put_frame ret=0
encode_get_packet ret=0 handle=0xae9cf958 expected=0xae9cf958
vendor packet: mpi_buf_id=177 len=9545 buf_size=1495040 offset=196864 data_num=1 flag=0x00000000 pts=1196
valloc packet buffer: mpi_buf_id=177 dma_buf_fd=11 size=0
H264 first bytes: 00 00 00 01 41 e0 03 40 06 86 02 3c 06 fc a7 16
encode_release_packet ret=0
MP4 frame 1197/1500: sequence=1201 pts=47840000 us key=0 nv12=4478976 h264=9545 acquire=12.542 ms encode=26.176 ms mux=0.145 ms
start encode NV12 with RV1106 vendor packet ABI, frame=1197
encode_put_frame ret=0
encode_get_packet ret=0 handle=0xae9cf958 expected=0xae9cf958
vendor packet: mpi_buf_id=177 len=8941 buf_size=1495040 offset=206464 data_num=1 flag=0x00000000 pts=1197
valloc packet buffer: mpi_buf_id=177 dma_buf_fd=11 size=0
H264 first bytes: 00 00 00 01 41 e0 03 60 06 c6 02 3c 1e d1 a4 90
encode_release_packet ret=0
MP4 frame 1198/1500: sequence=1202 pts=47880000 us key=0 nv12=4478976 h264=8941 acquire=13.195 ms encode=26.784 ms mux=0.136 ms
start encode NV12 with RV1106 vendor packet ABI, frame=1198
encode_put_frame ret=0
encode_get_packet ret=0 handle=0xae9cf958 expected=0xae9cf958
vendor packet: mpi_buf_id=177 len=8630 buf_size=1495040 offset=215424 data_num=1 flag=0x00000000 pts=1198
valloc packet buffer: mpi_buf_id=177 dma_buf_fd=11 size=0
H264 first bytes: 00 00 00 01 41 e0 03 80 07 06 02 3c 39 2e 06 5b
encode_release_packet ret=0
MP4 frame 1199/1500: sequence=1203 pts=47920000 us key=0 nv12=4478976 h264=8630 acquire=12.599 ms encode=26.238 ms mux=0.134 ms
start encode NV12 with RV1106 vendor packet ABI, frame=1199
encode_put_frame ret=0
encode_get_packet ret=0 handle=0xae9cf958 expected=0xae9cf958
vendor packet: mpi_buf_id=177 len=14790 buf_size=1495040 offset=224128 data_num=1 flag=0x00000000 pts=1199
valloc packet buffer: mpi_buf_id=177 dma_buf_fd=11 size=0
H264 first bytes: 00 00 00 01 41 e0 03 a0 07 46 02 7c 6c f4 24 79
encode_release_packet ret=0
MP4 frame 1200/1500: sequence=1204 pts=47960000 us key=0 nv12=4478976 h264=14790 acquire=13.131 ms encode=26.819 ms mux=0.979 ms
start encode NV12 with RV1106 vendor packet ABI, frame=1200
encode_put_frame ret=0
encode_get_packet ret=0 handle=0xae9cf958 expected=0xae9cf958
vendor packet: mpi_buf_id=177 len=227975 buf_size=1495040 offset=238976 data_num=1 flag=0x00000010 pts=1200
valloc packet buffer: mpi_buf_id=177 dma_buf_fd=11 size=0
H264 first bytes: 00 00 00 01 65 b8 00 00 90 00 00 2b c2 91 22 00
encode_release_packet ret=0
MP4 frame 1201/1500: sequence=1205 pts=48000000 us key=1 nv12=4478976 h264=227975 acquire=11.722 ms encode=26.249 ms mux=3.560 ms
start encode NV12 with RV1106 vendor packet ABI, frame=1201
encode_put_frame ret=0
encode_get_packet ret=0 handle=0xae9cf958 expected=0xae9cf958
vendor packet: mpi_buf_id=177 len=8436 buf_size=1495040 offset=467072 data_num=1 flag=0x00000000 pts=1201
valloc packet buffer: mpi_buf_id=177 dma_buf_fd=11 size=0
H264 first bytes: 00 00 00 01 41 e0 00 20 00 46 07 f0 71 36 0f 35
encode_release_packet ret=0
MP4 frame 1202/1500: sequence=1206 pts=48040000 us key=0 nv12=4478976 h264=8436 acquire=9.673 ms encode=26.832 ms mux=0.131 ms
start encode NV12 with RV1106 vendor packet ABI, frame=1202
encode_put_frame ret=0
encode_get_packet ret=0 handle=0xae9cf958 expected=0xae9cf958
vendor packet: mpi_buf_id=177 len=12005 buf_size=1495040 offset=475520 data_num=1 flag=0x00000000 pts=1202
valloc packet buffer: mpi_buf_id=177 dma_buf_fd=11 size=0
H264 first bytes: 00 00 00 01 41 e0 00 40 00 86 02 3c 0f 92 60 8b
encode_release_packet ret=0
MP4 frame 1203/1500: sequence=1207 pts=48080000 us key=0 nv12=4478976 h264=12005 acquire=12.541 ms encode=26.306 ms mux=0.174 ms
start encode NV12 with RV1106 vendor packet ABI, frame=1203
encode_put_frame ret=0
encode_get_packet ret=0 handle=0xae9cf958 expected=0xae9cf958
vendor packet: mpi_buf_id=177 len=5658 buf_size=1495040 offset=487552 data_num=1 flag=0x00000000 pts=1203
valloc packet buffer: mpi_buf_id=177 dma_buf_fd=11 size=0
H264 first bytes: 00 00 00 01 41 e0 00 60 00 c6 06 f2 ea 1e cd 0e
encode_release_packet ret=0
MP4 frame 1204/1500: sequence=1208 pts=48120000 us key=0 nv12=4478976 h264=5658 acquire=13.033 ms encode=26.845 ms mux=0.108 ms
start encode NV12 with RV1106 vendor packet ABI, frame=1204
encode_put_frame ret=0
encode_get_packet ret=0 handle=0xae9cf958 expected=0xae9cf958
vendor packet: mpi_buf_id=177 len=6984 buf_size=1495040 offset=493312 data_num=1 flag=0x00000000 pts=1204
valloc packet buffer: mpi_buf_id=177 dma_buf_fd=11 size=0
H264 first bytes: 00 00 00 01 41 e0 00 80 01 06 07 f3 56 3e 6c 09
encode_release_packet ret=0
MP4 frame 1205/1500: sequence=1209 pts=48160000 us key=0 nv12=4478976 h264=6984 acquire=12.566 ms encode=26.346 ms mux=0.121 ms
start encode NV12 with RV1106 vendor packet ABI, frame=1205
encode_put_frame ret=0
encode_get_packet ret=0 handle=0xae9cf958 expected=0xae9cf958
vendor packet: mpi_buf_id=177 len=10362 buf_size=1495040 offset=500352 data_num=1 flag=0x00000000 pts=1205
valloc packet buffer: mpi_buf_id=177 dma_buf_fd=11 size=0
H264 first bytes: 00 00 00 01 41 e0 00 a0 01 46 02 3c 0c 13 e0 73
encode_release_packet ret=0
MP4 frame 1206/1500: sequence=1210 pts=48200000 us key=0 nv12=4478976 h264=10362 acquire=13.035 ms encode=26.843 ms mux=0.153 ms
start encode NV12 with RV1106 vendor packet ABI, frame=1206
encode_put_frame ret=0
encode_get_packet ret=0 handle=0xae9cf958 expected=0xae9cf958
vendor packet: mpi_buf_id=177 len=6603 buf_size=1495040 offset=510720 data_num=1 flag=0x00000000 pts=1206
valloc packet buffer: mpi_buf_id=177 dma_buf_fd=11 size=0
H264 first bytes: 00 00 00 01 41 e0 00 c0 01 86 07 f0 23 d6 0a a4
encode_release_packet ret=0
MP4 frame 1207/1500: sequence=1211 pts=48240000 us key=0 nv12=4478976 h264=6603 acquire=12.528 ms encode=26.228 ms mux=0.111 ms
start encode NV12 with RV1106 vendor packet ABI, frame=1207
encode_put_frame ret=0
encode_get_packet ret=0 handle=0xae9cf958 expected=0xae9cf958
vendor packet: mpi_buf_id=177 len=9703 buf_size=1495040 offset=517376 data_num=1 flag=0x00000000 pts=1207
valloc packet buffer: mpi_buf_id=177 dma_buf_fd=11 size=0
H264 first bytes: 00 00 00 01 41 e0 00 e0 01 c6 02 3c 0c 3a 18 25
encode_release_packet ret=0
MP4 frame 1208/1500: sequence=1212 pts=48280000 us key=0 nv12=4478976 h264=9703 acquire=13.175 ms encode=26.909 ms mux=0.148 ms
start encode NV12 with RV1106 vendor packet ABI, frame=1208
encode_put_frame ret=0
encode_get_packet ret=0 handle=0xae9cf958 expected=0xae9cf958
vendor packet: mpi_buf_id=177 len=9534 buf_size=1495040 offset=527104 data_num=1 flag=0x00000000 pts=1208
valloc packet buffer: mpi_buf_id=177 dma_buf_fd=11 size=0
H264 first bytes: 00 00 00 01 41 e0 01 00 02 06 02 3c 12 cd 87 a8
encode_release_packet ret=0
MP4 frame 1209/1500: sequence=1213 pts=48320000 us key=0 nv12=4478976 h264=9534 acquire=12.456 ms encode=26.195 ms mux=0.144 ms
start encode NV12 with RV1106 vendor packet ABI, frame=1209
encode_put_frame ret=0
encode_get_packet ret=0 handle=0xae9cf958 expected=0xae9cf958
vendor packet: mpi_buf_id=177 len=6765 buf_size=1495040 offset=536704 data_num=1 flag=0x00000000 pts=1209
valloc packet buffer: mpi_buf_id=177 dma_buf_fd=11 size=0
H264 first bytes: 00 00 00 01 41 e0 01 20 02 46 07 f0 29 ee 69 94
encode_release_packet ret=0
MP4 frame 1210/1500: sequence=1214 pts=48360000 us key=0 nv12=4478976 h264=6765 acquire=13.174 ms encode=26.858 ms mux=0.115 ms
start encode NV12 with RV1106 vendor packet ABI, frame=1210
encode_put_frame ret=0
encode_get_packet ret=0 handle=0xae9cf958 expected=0xae9cf958
vendor packet: mpi_buf_id=177 len=9998 buf_size=1495040 offset=543488 data_num=1 flag=0x00000000 pts=1210
valloc packet buffer: mpi_buf_id=177 dma_buf_fd=11 size=0
H264 first bytes: 00 00 00 01 41 e0 01 40 02 86 02 3c 02 1d 48 20
encode_release_packet ret=0
MP4 frame 1211/1500: sequence=1215 pts=48400000 us key=0 nv12=4478976 h264=9998 acquire=12.429 ms encode=26.234 ms mux=0.149 ms
start encode NV12 with RV1106 vendor packet ABI, frame=1211
encode_put_frame ret=0
encode_get_packet ret=0 handle=0xae9cf958 expected=0xae9cf958
vendor packet: mpi_buf_id=177 len=9221 buf_size=1495040 offset=553600 data_num=1 flag=0x00000000 pts=1211
valloc packet buffer: mpi_buf_id=177 dma_buf_fd=11 size=0
H264 first bytes: 00 00 00 01 41 e0 01 60 02 c6 02 3c 31 9a 32 6c
encode_release_packet ret=0
MP4 frame 1212/1500: sequence=1216 pts=48440000 us key=0 nv12=4478976 h264=9221 acquire=13.124 ms encode=26.861 ms mux=0.144 ms
start encode NV12 with RV1106 vendor packet ABI, frame=1212
encode_put_frame ret=0
encode_get_packet ret=0 handle=0xae9cf958 expected=0xae9cf958
vendor packet: mpi_buf_id=177 len=9427 buf_size=1495040 offset=562944 data_num=1 flag=0x00000000 pts=1212
valloc packet buffer: mpi_buf_id=177 dma_buf_fd=11 size=0
H264 first bytes: 00 00 00 01 41 e0 01 80 03 06 02 3c 7c d8 4a 8b
encode_release_packet ret=0
MP4 frame 1213/1500: sequence=1217 pts=48480000 us key=0 nv12=4478976 h264=9427 acquire=12.513 ms encode=26.228 ms mux=0.144 ms
start encode NV12 with RV1106 vendor packet ABI, frame=1213
encode_put_frame ret=0
encode_get_packet ret=0 handle=0xae9cf958 expected=0xae9cf958
vendor packet: mpi_buf_id=177 len=9057 buf_size=1495040 offset=572416 data_num=1 flag=0x00000000 pts=1213
valloc packet buffer: mpi_buf_id=177 dma_buf_fd=11 size=0
H264 first bytes: 00 00 00 01 41 e0 01 a0 03 46 02 3c 08 99 20 58
encode_release_packet ret=0
MP4 frame 1214/1500: sequence=1218 pts=48520000 us key=0 nv12=4478976 h264=9057 acquire=13.138 ms encode=26.847 ms mux=0.138 ms
start encode NV12 with RV1106 vendor packet ABI, frame=1214
encode_put_frame ret=0
encode_get_packet ret=0 handle=0xae9cf958 expected=0xae9cf958
vendor packet: mpi_buf_id=177 len=9142 buf_size=1495040 offset=581504 data_num=1 flag=0x00000000 pts=1214
valloc packet buffer: mpi_buf_id=177 dma_buf_fd=11 size=0
H264 first bytes: 00 00 00 01 41 e0 01 c0 03 86 02 3f 6e 23 a1 26
encode_release_packet ret=0
MP4 frame 1215/1500: sequence=1219 pts=48560000 us key=0 nv12=4478976 h264=9142 acquire=12.525 ms encode=26.230 ms mux=0.137 ms
start encode NV12 with RV1106 vendor packet ABI, frame=1215
encode_put_frame ret=0
encode_get_packet ret=0 handle=0xae9cf958 expected=0xae9cf958
vendor packet: mpi_buf_id=177 len=9709 buf_size=1495040 offset=590720 data_num=1 flag=0x00000000 pts=1215
valloc packet buffer: mpi_buf_id=177 dma_buf_fd=11 size=0
H264 first bytes: 00 00 00 01 41 e0 01 e0 03 c6 02 3c 18 f0 42 25
encode_release_packet ret=0
MP4 frame 1216/1500: sequence=1220 pts=48600000 us key=0 nv12=4478976 h264=9709 acquire=13.149 ms encode=26.965 ms mux=0.151 ms
start encode NV12 with RV1106 vendor packet ABI, frame=1216
encode_put_frame ret=0
encode_get_packet ret=0 handle=0xae9cf958 expected=0xae9cf958
vendor packet: mpi_buf_id=177 len=8855 buf_size=1495040 offset=600448 data_num=1 flag=0x00000000 pts=1216
valloc packet buffer: mpi_buf_id=177 dma_buf_fd=11 size=0
H264 first bytes: 00 00 00 01 41 e0 02 00 04 06 02 3c 09 73 96 07
encode_release_packet ret=0
MP4 frame 1217/1500: sequence=1221 pts=48640000 us key=0 nv12=4478976 h264=8855 acquire=12.403 ms encode=26.198 ms mux=0.133 ms
start encode NV12 with RV1106 vendor packet ABI, frame=1217
encode_put_frame ret=0
encode_get_packet ret=0 handle=0xae9cf958 expected=0xae9cf958
vendor packet: mpi_buf_id=177 len=6491 buf_size=1495040 offset=609408 data_num=1 flag=0x00000000 pts=1217
valloc packet buffer: mpi_buf_id=177 dma_buf_fd=11 size=0
H264 first bytes: 00 00 00 01 41 e0 02 20 04 46 07 f0 14 12 7c f0
encode_release_packet ret=0
MP4 frame 1218/1500: sequence=1222 pts=48680000 us key=0 nv12=4478976 h264=6491 acquire=13.214 ms encode=27.130 ms mux=0.113 ms
start encode NV12 with RV1106 vendor packet ABI, frame=1218
encode_put_frame ret=0
encode_get_packet ret=0 handle=0xae9cf958 expected=0xae9cf958
vendor packet: mpi_buf_id=177 len=6254 buf_size=1495040 offset=615936 data_num=1 flag=0x00000000 pts=1218
valloc packet buffer: mpi_buf_id=177 dma_buf_fd=11 size=0
H264 first bytes: 00 00 00 01 41 e0 02 40 04 86 07 f2 ea 05 c9 30
encode_release_packet ret=0
MP4 frame 1219/1500: sequence=1223 pts=48720000 us key=0 nv12=4478976 h264=6254 acquire=12.232 ms encode=26.253 ms mux=0.112 ms
start encode NV12 with RV1106 vendor packet ABI, frame=1219
encode_put_frame ret=0
encode_get_packet ret=0 handle=0xae9cf958 expected=0xae9cf958
vendor packet: mpi_buf_id=177 len=8971 buf_size=1495040 offset=622208 data_num=1 flag=0x00000000 pts=1219
valloc packet buffer: mpi_buf_id=177 dma_buf_fd=11 size=0
H264 first bytes: 00 00 00 01 41 e0 02 60 04 c6 02 3c ba 82 19 d4
encode_release_packet ret=0
MP4 frame 1220/1500: sequence=1224 pts=48760000 us key=0 nv12=4478976 h264=8971 acquire=13.173 ms encode=28.749 ms mux=0.142 ms
start encode NV12 with RV1106 vendor packet ABI, frame=1220
encode_put_frame ret=0
encode_get_packet ret=0 handle=0xae9cf958 expected=0xae9cf958
vendor packet: mpi_buf_id=177 len=5887 buf_size=1495040 offset=631296 data_num=1 flag=0x00000000 pts=1220
valloc packet buffer: mpi_buf_id=177 dma_buf_fd=11 size=0
H264 first bytes: 00 00 00 01 41 e0 02 80 05 06 07 f0 35 db 83 7b
encode_release_packet ret=0
MP4 frame 1221/1500: sequence=1225 pts=48800000 us key=0 nv12=4478976 h264=5887 acquire=10.597 ms encode=26.220 ms mux=0.108 ms
start encode NV12 with RV1106 vendor packet ABI, frame=1221
encode_put_frame ret=0
encode_get_packet ret=0 handle=0xae9cf958 expected=0xae9cf958
vendor packet: mpi_buf_id=177 len=8639 buf_size=1495040 offset=637184 data_num=1 flag=0x00000000 pts=1221
valloc packet buffer: mpi_buf_id=177 dma_buf_fd=11 size=0
H264 first bytes: 00 00 00 01 41 e0 02 a0 05 46 02 3c 57 04 62 7a
encode_release_packet ret=0
MP4 frame 1222/1500: sequence=1226 pts=48840000 us key=0 nv12=4478976 h264=8639 acquire=13.188 ms encode=26.818 ms mux=0.139 ms
start encode NV12 with RV1106 vendor packet ABI, frame=1222
encode_put_frame ret=0
encode_get_packet ret=0 handle=0xae9cf958 expected=0xae9cf958
vendor packet: mpi_buf_id=177 len=8841 buf_size=1495040 offset=645888 data_num=1 flag=0x00000000 pts=1222
valloc packet buffer: mpi_buf_id=177 dma_buf_fd=11 size=0
H264 first bytes: 00 00 00 01 41 e0 02 c0 05 86 02 3c 2b 31 e0 5c
encode_release_packet ret=0
MP4 frame 1223/1500: sequence=1227 pts=48880000 us key=0 nv12=4478976 h264=8841 acquire=12.562 ms encode=26.236 ms mux=0.138 ms
start encode NV12 with RV1106 vendor packet ABI, frame=1223
encode_put_frame ret=0
encode_get_packet ret=0 handle=0xae9cf958 expected=0xae9cf958
vendor packet: mpi_buf_id=177 len=8350 buf_size=1495040 offset=654848 data_num=1 flag=0x00000000 pts=1223
valloc packet buffer: mpi_buf_id=177 dma_buf_fd=11 size=0
H264 first bytes: 00 00 00 01 41 e0 02 e0 05 c6 02 3c 2b 29 60 3a
encode_release_packet ret=0
MP4 frame 1224/1500: sequence=1228 pts=48920000 us key=0 nv12=4478976 h264=8350 acquire=13.131 ms encode=26.924 ms mux=0.130 ms
start encode NV12 with RV1106 vendor packet ABI, frame=1224
encode_put_frame ret=0
encode_get_packet ret=0 handle=0xae9cf958 expected=0xae9cf958
vendor packet: mpi_buf_id=177 len=8710 buf_size=1495040 offset=663296 data_num=1 flag=0x00000000 pts=1224
valloc packet buffer: mpi_buf_id=177 dma_buf_fd=11 size=0
H264 first bytes: 00 00 00 01 41 e0 03 00 06 06 02 3f 78 39 9a 08
encode_release_packet ret=0
MP4 frame 1225/1500: sequence=1229 pts=48960000 us key=0 nv12=4478976 h264=8710 acquire=12.468 ms encode=26.193 ms mux=0.136 ms
start encode NV12 with RV1106 vendor packet ABI, frame=1225
encode_put_frame ret=0
encode_get_packet ret=0 handle=0xae9cf958 expected=0xae9cf958
vendor packet: mpi_buf_id=177 len=8804 buf_size=1495040 offset=672128 data_num=1 flag=0x00000000 pts=1225
valloc packet buffer: mpi_buf_id=177 dma_buf_fd=11 size=0
H264 first bytes: 00 00 00 01 41 e0 03 20 06 46 02 3c 13 ce 48 72
encode_release_packet ret=0
MP4 frame 1226/1500: sequence=1230 pts=49000000 us key=0 nv12=4478976 h264=8804 acquire=13.176 ms encode=27.047 ms mux=0.134 ms
start encode NV12 with RV1106 vendor packet ABI, frame=1226
encode_put_frame ret=0
encode_get_packet ret=0 handle=0xae9cf958 expected=0xae9cf958
vendor packet: mpi_buf_id=177 len=14641 buf_size=1495040 offset=680960 data_num=1 flag=0x00000000 pts=1226
valloc packet buffer: mpi_buf_id=177 dma_buf_fd=11 size=0
H264 first bytes: 00 00 00 01 41 e0 03 40 06 86 02 7c 7c 9a ba 12
encode_release_packet ret=0
MP4 frame 1227/1500: sequence=1231 pts=49040000 us key=0 nv12=4478976 h264=14641 acquire=12.334 ms encode=26.312 ms mux=0.198 ms
start encode NV12 with RV1106 vendor packet ABI, frame=1227
encode_put_frame ret=0
encode_get_packet ret=0 handle=0xae9cf958 expected=0xae9cf958
vendor packet: mpi_buf_id=177 len=6348 buf_size=1495040 offset=695680 data_num=1 flag=0x00000000 pts=1227
valloc packet buffer: mpi_buf_id=177 dma_buf_fd=11 size=0
H264 first bytes: 00 00 00 01 41 e0 03 60 06 c6 07 f0 53 6e 02 a2
encode_release_packet ret=0
MP4 frame 1228/1500: sequence=1232 pts=49080000 us key=0 nv12=4478976 h264=6348 acquire=13.011 ms encode=26.784 ms mux=0.110 ms
start encode NV12 with RV1106 vendor packet ABI, frame=1228
encode_put_frame ret=0
encode_get_packet ret=0 handle=0xae9cf958 expected=0xae9cf958
vendor packet: mpi_buf_id=177 len=9401 buf_size=1495040 offset=702080 data_num=1 flag=0x00000000 pts=1228
valloc packet buffer: mpi_buf_id=177 dma_buf_fd=11 size=0
H264 first bytes: 00 00 00 01 41 e0 03 80 07 06 02 3c 0b f9 07 89
encode_release_packet ret=0
MP4 frame 1229/1500: sequence=1233 pts=49120000 us key=0 nv12=4478976 h264=9401 acquire=12.611 ms encode=26.273 ms mux=0.139 ms
start encode NV12 with RV1106 vendor packet ABI, frame=1229
encode_put_frame ret=0
encode_get_packet ret=0 handle=0xae9cf958 expected=0xae9cf958
vendor packet: mpi_buf_id=177 len=9812 buf_size=1495040 offset=711552 data_num=1 flag=0x00000000 pts=1229
valloc packet buffer: mpi_buf_id=177 dma_buf_fd=11 size=0
H264 first bytes: 00 00 00 01 41 e0 03 a0 07 46 02 3c 14 57 b3 c2
encode_release_packet ret=0
MP4 frame 1230/1500: sequence=1234 pts=49160000 us key=0 nv12=4478976 h264=9812 acquire=13.105 ms encode=26.856 ms mux=0.148 ms
start encode NV12 with RV1106 vendor packet ABI, frame=1230
encode_put_frame ret=0
encode_get_packet ret=0 handle=0xae9cf958 expected=0xae9cf958
vendor packet: mpi_buf_id=177 len=229313 buf_size=1495040 offset=721408 data_num=1 flag=0x00000010 pts=1230
valloc packet buffer: mpi_buf_id=177 dma_buf_fd=11 size=0
H264 first bytes: 00 00 00 01 65 b8 00 00 a0 00 00 2b c4 44 8a 00
encode_release_packet ret=0
MP4 frame 1231/1500: sequence=1235 pts=49200000 us key=1 nv12=4478976 h264=229313 acquire=12.504 ms encode=26.318 ms mux=4.432 ms
start encode NV12 with RV1106 vendor packet ABI, frame=1231
encode_put_frame ret=0
encode_get_packet ret=0 handle=0xae9cf958 expected=0xae9cf958
vendor packet: mpi_buf_id=177 len=12359 buf_size=1495040 offset=950784 data_num=1 flag=0x00000000 pts=1231
valloc packet buffer: mpi_buf_id=177 dma_buf_fd=11 size=0
H264 first bytes: 00 00 00 01 41 e0 00 20 00 46 02 3c 09 d2 14 50
encode_release_packet ret=0
MP4 frame 1232/1500: sequence=1236 pts=49240000 us key=0 nv12=4478976 h264=12359 acquire=8.760 ms encode=26.879 ms mux=0.178 ms
start encode NV12 with RV1106 vendor packet ABI, frame=1232
encode_put_frame ret=0
encode_get_packet ret=0 handle=0xae9cf958 expected=0xae9cf958
vendor packet: mpi_buf_id=177 len=11415 buf_size=1495040 offset=963200 data_num=1 flag=0x00000000 pts=1232
valloc packet buffer: mpi_buf_id=177 dma_buf_fd=11 size=0
H264 first bytes: 00 00 00 01 41 e0 00 40 00 86 02 3c 09 85 f4 c4
encode_release_packet ret=0
MP4 frame 1233/1500: sequence=1237 pts=49280000 us key=0 nv12=4478976 h264=11415 acquire=12.439 ms encode=26.432 ms mux=0.160 ms
start encode NV12 with RV1106 vendor packet ABI, frame=1233
encode_put_frame ret=0
encode_get_packet ret=0 handle=0xae9cf958 expected=0xae9cf958
vendor packet: mpi_buf_id=177 len=10895 buf_size=1495040 offset=974720 data_num=1 flag=0x00000000 pts=1233
valloc packet buffer: mpi_buf_id=177 dma_buf_fd=11 size=0
H264 first bytes: 00 00 00 01 41 e0 00 60 00 c6 02 3c 14 53 84 a5
encode_release_packet ret=0
MP4 frame 1234/1500: sequence=1238 pts=49320000 us key=0 nv12=4478976 h264=10895 acquire=12.811 ms encode=26.793 ms mux=0.168 ms
start encode NV12 with RV1106 vendor packet ABI, frame=1234
encode_put_frame ret=0
encode_get_packet ret=0 handle=0xae9cf958 expected=0xae9cf958
vendor packet: mpi_buf_id=177 len=10986 buf_size=1495040 offset=985728 data_num=1 flag=0x00000000 pts=1234
valloc packet buffer: mpi_buf_id=177 dma_buf_fd=11 size=0
H264 first bytes: 00 00 00 01 41 e0 00 80 01 06 02 3c 12 56 0a 6d
encode_release_packet ret=0
MP4 frame 1235/1500: sequence=1239 pts=49360000 us key=0 nv12=4478976 h264=10986 acquire=12.546 ms encode=26.224 ms mux=0.158 ms
start encode NV12 with RV1106 vendor packet ABI, frame=1235
encode_put_frame ret=0
encode_get_packet ret=0 handle=0xae9cf958 expected=0xae9cf958
vendor packet: mpi_buf_id=177 len=10969 buf_size=1495040 offset=996736 data_num=1 flag=0x00000000 pts=1235
valloc packet buffer: mpi_buf_id=177 dma_buf_fd=11 size=0
H264 first bytes: 00 00 00 01 41 e0 00 a0 01 46 02 3c 19 4a 48 11
encode_release_packet ret=0
MP4 frame 1236/1500: sequence=1240 pts=49400000 us key=0 nv12=4478976 h264=10969 acquire=13.130 ms encode=26.832 ms mux=0.157 ms
start encode NV12 with RV1106 vendor packet ABI, frame=1236
encode_put_frame ret=0
encode_get_packet ret=0 handle=0xae9cf958 expected=0xae9cf958
vendor packet: mpi_buf_id=177 len=10111 buf_size=1495040 offset=1007744 data_num=1 flag=0x00000000 pts=1236
valloc packet buffer: mpi_buf_id=177 dma_buf_fd=11 size=0
H264 first bytes: 00 00 00 01 41 e0 00 c0 01 86 02 3c 44 f8 2e d4
encode_release_packet ret=0
MP4 frame 1237/1500: sequence=1241 pts=49440000 us key=0 nv12=4478976 h264=10111 acquire=12.526 ms encode=26.244 ms mux=0.150 ms
start encode NV12 with RV1106 vendor packet ABI, frame=1237
encode_put_frame ret=0
encode_get_packet ret=0 handle=0xae9cf958 expected=0xae9cf958
vendor packet: mpi_buf_id=177 len=6550 buf_size=1495040 offset=1017856 data_num=1 flag=0x00000000 pts=1237
valloc packet buffer: mpi_buf_id=177 dma_buf_fd=11 size=0
H264 first bytes: 00 00 00 01 41 e0 00 e0 01 c6 07 f5 a8 3b 9f 06
encode_release_packet ret=0
MP4 frame 1238/1500: sequence=1242 pts=49480000 us key=0 nv12=4478976 h264=6550 acquire=13.121 ms encode=26.941 ms mux=0.115 ms
start encode NV12 with RV1106 vendor packet ABI, frame=1238
encode_put_frame ret=0
encode_get_packet ret=0 handle=0xae9cf958 expected=0xae9cf958
vendor packet: mpi_buf_id=177 len=6440 buf_size=1495040 offset=1024512 data_num=1 flag=0x00000000 pts=1238
valloc packet buffer: mpi_buf_id=177 dma_buf_fd=11 size=0
H264 first bytes: 00 00 00 01 41 e0 01 00 02 06 07 f0 28 56 36 cf
encode_release_packet ret=0
MP4 frame 1239/1500: sequence=1243 pts=49520000 us key=0 nv12=4478976 h264=6440 acquire=12.455 ms encode=26.181 ms mux=0.118 ms
start encode NV12 with RV1106 vendor packet ABI, frame=1239
encode_put_frame ret=0
encode_get_packet ret=0 handle=0xae9cf958 expected=0xae9cf958
vendor packet: mpi_buf_id=177 len=9827 buf_size=1495040 offset=1031040 data_num=1 flag=0x00000000 pts=1239
valloc packet buffer: mpi_buf_id=177 dma_buf_fd=11 size=0
H264 first bytes: 00 00 00 01 41 e0 01 20 02 46 02 3d e6 87 e5 50
encode_release_packet ret=0
MP4 frame 1240/1500: sequence=1244 pts=49560000 us key=0 nv12=4478976 h264=9827 acquire=13.220 ms encode=26.838 ms mux=0.145 ms
start encode NV12 with RV1106 vendor packet ABI, frame=1240
encode_put_frame ret=0
encode_get_packet ret=0 handle=0xae9cf958 expected=0xae9cf958
vendor packet: mpi_buf_id=177 len=8857 buf_size=1495040 offset=1040896 data_num=1 flag=0x00000000 pts=1240
valloc packet buffer: mpi_buf_id=177 dma_buf_fd=11 size=0
H264 first bytes: 00 00 00 01 41 e0 01 40 02 86 02 3c 11 4d 80 b3
encode_release_packet ret=0
MP4 frame 1241/1500: sequence=1245 pts=49600000 us key=0 nv12=4478976 h264=8857 acquire=12.523 ms encode=26.367 ms mux=0.139 ms
start encode NV12 with RV1106 vendor packet ABI, frame=1241
encode_put_frame ret=0
encode_get_packet ret=0 handle=0xae9cf958 expected=0xae9cf958
vendor packet: mpi_buf_id=177 len=9225 buf_size=1495040 offset=1049856 data_num=1 flag=0x00000000 pts=1241
valloc packet buffer: mpi_buf_id=177 dma_buf_fd=11 size=0
H264 first bytes: 00 00 00 01 41 e0 01 60 02 c6 02 3c 0f 53 28 14
encode_release_packet ret=0
MP4 frame 1242/1500: sequence=1246 pts=49640000 us key=0 nv12=4478976 h264=9225 acquire=13.011 ms encode=26.782 ms mux=0.136 ms
start encode NV12 with RV1106 vendor packet ABI, frame=1242
encode_put_frame ret=0
encode_get_packet ret=0 handle=0xae9cf958 expected=0xae9cf958
vendor packet: mpi_buf_id=177 len=9073 buf_size=1495040 offset=1059200 data_num=1 flag=0x00000000 pts=1242
valloc packet buffer: mpi_buf_id=177 dma_buf_fd=11 size=0
H264 first bytes: 00 00 00 01 41 e0 01 80 03 06 02 3c 14 67 87 a8
encode_release_packet ret=0
MP4 frame 1243/1500: sequence=1247 pts=49680000 us key=0 nv12=4478976 h264=9073 acquire=12.596 ms encode=26.198 ms mux=0.136 ms
start encode NV12 with RV1106 vendor packet ABI, frame=1243
encode_put_frame ret=0
encode_get_packet ret=0 handle=0xae9cf958 expected=0xae9cf958
vendor packet: mpi_buf_id=177 len=9296 buf_size=1495040 offset=1068288 data_num=1 flag=0x00000000 pts=1243
valloc packet buffer: mpi_buf_id=177 dma_buf_fd=11 size=0
H264 first bytes: 00 00 00 01 41 e0 01 a0 03 46 02 3c 12 6e 0a a7
encode_release_packet ret=0
MP4 frame 1244/1500: sequence=1248 pts=49720000 us key=0 nv12=4478976 h264=9296 acquire=13.178 ms encode=26.894 ms mux=0.140 ms
start encode NV12 with RV1106 vendor packet ABI, frame=1244
encode_put_frame ret=0
encode_get_packet ret=0 handle=0xae9cf958 expected=0xae9cf958
vendor packet: mpi_buf_id=177 len=9425 buf_size=1495040 offset=1077632 data_num=1 flag=0x00000000 pts=1244
valloc packet buffer: mpi_buf_id=177 dma_buf_fd=11 size=0
H264 first bytes: 00 00 00 01 41 e0 01 c0 03 86 02 3c 55 60 e6 94
encode_release_packet ret=0
MP4 frame 1245/1500: sequence=1249 pts=49760000 us key=0 nv12=4478976 h264=9425 acquire=12.475 ms encode=26.152 ms mux=0.143 ms
start encode NV12 with RV1106 vendor packet ABI, frame=1245
encode_put_frame ret=0
encode_get_packet ret=0 handle=0xae9cf958 expected=0xae9cf958
vendor packet: mpi_buf_id=177 len=6366 buf_size=1495040 offset=1087104 data_num=1 flag=0x00000000 pts=1245
valloc packet buffer: mpi_buf_id=177 dma_buf_fd=11 size=0
H264 first bytes: 00 00 00 01 41 e0 01 e0 03 c6 07 f0 6f af 2c 75
encode_release_packet ret=0
MP4 frame 1246/1500: sequence=1250 pts=49800000 us key=0 nv12=4478976 h264=6366 acquire=13.220 ms encode=26.881 ms mux=0.134 ms
start encode NV12 with RV1106 vendor packet ABI, frame=1246
encode_put_frame ret=0
encode_get_packet ret=0 handle=0xae9cf958 expected=0xae9cf958
vendor packet: mpi_buf_id=177 len=8973 buf_size=1495040 offset=1093504 data_num=1 flag=0x00000000 pts=1246
valloc packet buffer: mpi_buf_id=177 dma_buf_fd=11 size=0
H264 first bytes: 00 00 00 01 41 e0 02 00 04 06 02 3c 02 37 6e 02
encode_release_packet ret=0
MP4 frame 1247/1500: sequence=1251 pts=49840000 us key=0 nv12=4478976 h264=8973 acquire=12.494 ms encode=26.271 ms mux=0.140 ms
start encode NV12 with RV1106 vendor packet ABI, frame=1247
encode_put_frame ret=0
encode_get_packet ret=0 handle=0xae9cf958 expected=0xae9cf958
vendor packet: mpi_buf_id=177 len=9006 buf_size=1495040 offset=1102592 data_num=1 flag=0x00000000 pts=1247
valloc packet buffer: mpi_buf_id=177 dma_buf_fd=11 size=0
H264 first bytes: 00 00 00 01 41 e0 02 20 04 46 02 3c 0f 53 60 64
encode_release_packet ret=0
MP4 frame 1248/1500: sequence=1252 pts=49880000 us key=0 nv12=4478976 h264=9006 acquire=13.107 ms encode=26.830 ms mux=0.145 ms
start encode NV12 with RV1106 vendor packet ABI, frame=1248
encode_put_frame ret=0
encode_get_packet ret=0 handle=0xae9cf958 expected=0xae9cf958
vendor packet: mpi_buf_id=177 len=8959 buf_size=1495040 offset=1111680 data_num=1 flag=0x00000000 pts=1248
valloc packet buffer: mpi_buf_id=177 dma_buf_fd=11 size=0
H264 first bytes: 00 00 00 01 41 e0 02 40 04 86 02 3c 39 31 a2 a6
encode_release_packet ret=0
MP4 frame 1249/1500: sequence=1253 pts=49920000 us key=0 nv12=4478976 h264=8959 acquire=12.541 ms encode=26.410 ms mux=0.136 ms
start encode NV12 with RV1106 vendor packet ABI, frame=1249
encode_put_frame ret=0
encode_get_packet ret=0 handle=0xae9cf958 expected=0xae9cf958
vendor packet: mpi_buf_id=177 len=8245 buf_size=1495040 offset=1120640 data_num=1 flag=0x00000000 pts=1249
valloc packet buffer: mpi_buf_id=177 dma_buf_fd=11 size=0
H264 first bytes: 00 00 00 01 41 e0 02 60 04 c6 02 3c 12 6a 07 4e
encode_release_packet ret=0
MP4 frame 1250/1500: sequence=1254 pts=49960000 us key=0 nv12=4478976 h264=8245 acquire=12.964 ms encode=26.898 ms mux=0.129 ms
start encode NV12 with RV1106 vendor packet ABI, frame=1250
encode_put_frame ret=0
encode_get_packet ret=0 handle=0xae9cf958 expected=0xae9cf958
vendor packet: mpi_buf_id=177 len=8541 buf_size=1495040 offset=1128960 data_num=1 flag=0x00000000 pts=1250
valloc packet buffer: mpi_buf_id=177 dma_buf_fd=11 size=0
H264 first bytes: 00 00 00 01 41 e0 02 80 05 06 02 3c 02 63 3e 0c
encode_release_packet ret=0
MP4 frame 1251/1500: sequence=1255 pts=50000000 us key=0 nv12=4478976 h264=8541 acquire=12.487 ms encode=26.240 ms mux=0.132 ms
start encode NV12 with RV1106 vendor packet ABI, frame=1251
encode_put_frame ret=0
encode_get_packet ret=0 handle=0xae9cf958 expected=0xae9cf958
vendor packet: mpi_buf_id=177 len=9662 buf_size=1495040 offset=1137536 data_num=1 flag=0x00000000 pts=1251
valloc packet buffer: mpi_buf_id=177 dma_buf_fd=11 size=0
H264 first bytes: 00 00 00 01 41 e0 02 a0 05 46 02 3c 0c 33 28 13
encode_release_packet ret=0
MP4 frame 1252/1500: sequence=1256 pts=50040000 us key=0 nv12=4478976 h264=9662 acquire=13.142 ms encode=26.831 ms mux=0.145 ms
start encode NV12 with RV1106 vendor packet ABI, frame=1252
encode_put_frame ret=0
encode_get_packet ret=0 handle=0xae9cf958 expected=0xae9cf958
vendor packet: mpi_buf_id=177 len=9632 buf_size=1495040 offset=1147264 data_num=1 flag=0x00000000 pts=1252
valloc packet buffer: mpi_buf_id=177 dma_buf_fd=11 size=0
H264 first bytes: 00 00 00 01 41 e0 02 c0 05 86 02 3c 12 da 9f 71
encode_release_packet ret=0
MP4 frame 1253/1500: sequence=1257 pts=50080000 us key=0 nv12=4478976 h264=9632 acquire=12.533 ms encode=26.325 ms mux=0.140 ms
start encode NV12 with RV1106 vendor packet ABI, frame=1253
encode_put_frame ret=0
encode_get_packet ret=0 handle=0xae9cf958 expected=0xae9cf958
vendor packet: mpi_buf_id=177 len=9441 buf_size=1495040 offset=1156992 data_num=1 flag=0x00000000 pts=1253
valloc packet buffer: mpi_buf_id=177 dma_buf_fd=11 size=0
H264 first bytes: 00 00 00 01 41 e0 02 e0 05 c6 02 3c 06 ed a1 c2
encode_release_packet ret=0
MP4 frame 1254/1500: sequence=1258 pts=50120000 us key=0 nv12=4478976 h264=9441 acquire=13.046 ms encode=26.836 ms mux=0.141 ms
start encode NV12 with RV1106 vendor packet ABI, frame=1254
encode_put_frame ret=0
encode_get_packet ret=0 handle=0xae9cf958 expected=0xae9cf958
vendor packet: mpi_buf_id=177 len=9644 buf_size=1495040 offset=1166464 data_num=1 flag=0x00000000 pts=1254
valloc packet buffer: mpi_buf_id=177 dma_buf_fd=11 size=0
H264 first bytes: 00 00 00 01 41 e0 03 00 06 06 02 3c 04 96 e0 41
encode_release_packet ret=0
MP4 frame 1255/1500: sequence=1259 pts=50160000 us key=0 nv12=4478976 h264=9644 acquire=12.546 ms encode=26.234 ms mux=0.141 ms
start encode NV12 with RV1106 vendor packet ABI, frame=1255
encode_put_frame ret=0
encode_get_packet ret=0 handle=0xae9cf958 expected=0xae9cf958
vendor packet: mpi_buf_id=177 len=9025 buf_size=1495040 offset=1176192 data_num=1 flag=0x00000000 pts=1255
valloc packet buffer: mpi_buf_id=177 dma_buf_fd=11 size=0
H264 first bytes: 00 00 00 01 41 e0 03 20 06 46 02 3c 0c 53 9c c2
encode_release_packet ret=0
MP4 frame 1256/1500: sequence=1260 pts=50200000 us key=0 nv12=4478976 h264=9025 acquire=13.133 ms encode=26.838 ms mux=0.141 ms
start encode NV12 with RV1106 vendor packet ABI, frame=1256
encode_put_frame ret=0
encode_get_packet ret=0 handle=0xae9cf958 expected=0xae9cf958
vendor packet: mpi_buf_id=177 len=14415 buf_size=1495040 offset=1185280 data_num=1 flag=0x00000000 pts=1256
valloc packet buffer: mpi_buf_id=177 dma_buf_fd=11 size=0
H264 first bytes: 00 00 00 01 41 e0 03 40 06 86 02 7c 11 4b 86 66
encode_release_packet ret=0
MP4 frame 1257/1500: sequence=1261 pts=50240000 us key=0 nv12=4478976 h264=14415 acquire=12.524 ms encode=26.362 ms mux=0.196 ms
start encode NV12 with RV1106 vendor packet ABI, frame=1257
encode_put_frame ret=0
encode_get_packet ret=0 handle=0xae9cf958 expected=0xae9cf958
vendor packet: mpi_buf_id=177 len=6386 buf_size=1495040 offset=1199744 data_num=1 flag=0x00000000 pts=1257
valloc packet buffer: mpi_buf_id=177 dma_buf_fd=11 size=0
H264 first bytes: 00 00 00 01 41 e0 03 60 06 c6 07 f0 31 cd 86 64
encode_release_packet ret=0
MP4 frame 1258/1500: sequence=1262 pts=50280000 us key=0 nv12=4478976 h264=6386 acquire=12.962 ms encode=26.834 ms mux=0.115 ms
start encode NV12 with RV1106 vendor packet ABI, frame=1258
encode_put_frame ret=0
encode_get_packet ret=0 handle=0xae9cf958 expected=0xae9cf958
vendor packet: mpi_buf_id=177 len=9108 buf_size=1495040 offset=1206144 data_num=1 flag=0x00000000 pts=1258
valloc packet buffer: mpi_buf_id=177 dma_buf_fd=11 size=0
H264 first bytes: 00 00 00 01 41 e0 03 80 07 06 02 3c 0d 95 81 73
encode_release_packet ret=0
MP4 frame 1259/1500: sequence=1263 pts=50320000 us key=0 nv12=4478976 h264=9108 acquire=12.567 ms encode=26.263 ms mux=0.965 ms
start encode NV12 with RV1106 vendor packet ABI, frame=1259
encode_put_frame ret=0
encode_get_packet ret=0 handle=0xae9cf958 expected=0xae9cf958
vendor packet: mpi_buf_id=177 len=15240 buf_size=1495040 offset=1215360 data_num=1 flag=0x00000000 pts=1259
valloc packet buffer: mpi_buf_id=177 dma_buf_fd=11 size=0
H264 first bytes: 00 00 00 01 41 e0 03 a0 07 46 02 7c 2b d0 93 a4
encode_release_packet ret=0
MP4 frame 1260/1500: sequence=1264 pts=50360000 us key=0 nv12=4478976 h264=15240 acquire=12.280 ms encode=26.938 ms mux=0.204 ms
start encode NV12 with RV1106 vendor packet ABI, frame=1260
encode_put_frame ret=0
encode_get_packet ret=0 handle=0xae9cf958 expected=0xae9cf958
vendor packet: mpi_buf_id=177 len=223963 buf_size=1495040 offset=1230720 data_num=1 flag=0x00000010 pts=1260
valloc packet buffer: mpi_buf_id=177 dma_buf_fd=11 size=0
H264 first bytes: 00 00 00 01 65 b8 00 00 b0 00 00 2b c2 91 22 80
encode_release_packet ret=0
MP4 frame 1261/1500: sequence=1265 pts=50400000 us key=1 nv12=4478976 h264=223963 acquire=12.361 ms encode=26.248 ms mux=3.490 ms
start encode NV12 with RV1106 vendor packet ABI, frame=1261
encode_put_frame ret=0
encode_get_packet ret=0 handle=0xae9cf958 expected=0xae9cf958
vendor packet: mpi_buf_id=177 len=12042 buf_size=1495040 offset=1454720 data_num=1 flag=0x00000000 pts=1261
valloc packet buffer: mpi_buf_id=177 dma_buf_fd=11 size=0
H264 first bytes: 00 00 00 01 41 e0 00 20 00 46 02 3c f4 e1 8a 70
encode_release_packet ret=0
MP4 frame 1262/1500: sequence=1266 pts=50440000 us key=0 nv12=4478976 h264=12042 acquire=9.759 ms encode=26.879 ms mux=0.169 ms
start encode NV12 with RV1106 vendor packet ABI, frame=1262
encode_put_frame ret=0
encode_get_packet ret=0 handle=0xae9cf958 expected=0xae9cf958
vendor packet: mpi_buf_id=177 len=8212 buf_size=1495040 offset=1466880 data_num=1 flag=0x00000000 pts=1262
valloc packet buffer: mpi_buf_id=177 dma_buf_fd=11 size=0
H264 first bytes: 00 00 00 01 41 e0 00 40 00 86 07 f0 49 46 89 98
encode_release_packet ret=0
MP4 frame 1263/1500: sequence=1267 pts=50480000 us key=0 nv12=4478976 h264=8212 acquire=12.454 ms encode=26.213 ms mux=0.133 ms
start encode NV12 with RV1106 vendor packet ABI, frame=1263
encode_put_frame ret=0
encode_get_packet ret=0 handle=0xae9cf958 expected=0xae9cf958
vendor packet: mpi_buf_id=177 len=10871 buf_size=1495040 offset=1475200 data_num=1 flag=0x00000000 pts=1263
valloc packet buffer: mpi_buf_id=177 dma_buf_fd=11 size=0
H264 first bytes: 00 00 00 01 41 e0 00 60 00 c6 02 3c 15 56 2b 30
encode_release_packet ret=0
MP4 frame 1264/1500: sequence=1268 pts=50520000 us key=0 nv12=4478976 h264=10871 acquire=13.168 ms encode=26.764 ms mux=0.163 ms
start encode NV12 with RV1106 vendor packet ABI, frame=1264
encode_put_frame ret=0
encode_get_packet ret=0 handle=0xae9cf958 expected=0xae9cf958
vendor packet: mpi_buf_id=177 len=7505 buf_size=1495040 offset=1486080 data_num=1 flag=0x00000000 pts=1264
valloc packet buffer: mpi_buf_id=177 dma_buf_fd=11 size=0
H264 first bytes: 00 00 00 01 41 e0 00 80 01 06 07 f0 fd 38 18 2d
encode_release_packet ret=0
MP4 frame 1265/1500: sequence=1269 pts=50560000 us key=0 nv12=4478976 h264=7505 acquire=12.476 ms encode=26.248 ms mux=0.125 ms
start encode NV12 with RV1106 vendor packet ABI, frame=1265
encode_put_frame ret=0
encode_get_packet ret=0 handle=0xae9cf958 expected=0xae9cf958
vendor packet: mpi_buf_id=177 len=10981 buf_size=1495040 offset=1493632 data_num=1 flag=0x00000000 pts=1265
valloc packet buffer: mpi_buf_id=177 dma_buf_fd=11 size=0
H264 first bytes: 00 00 00 01 41 e0 00 a0 01 46 02 3c 31 6e 0f 24
encode_release_packet ret=0
MP4 frame 1266/1500: sequence=1270 pts=50600000 us key=0 nv12=4478976 h264=10981 acquire=13.132 ms encode=26.842 ms mux=0.158 ms
start encode NV12 with RV1106 vendor packet ABI, frame=1266
encode_put_frame ret=0
encode_get_packet ret=0 handle=0xae9cf958 expected=0xae9cf958
vendor packet: mpi_buf_id=177 len=7183 buf_size=1495040 offset=9600 data_num=1 flag=0x00000000 pts=1266
valloc packet buffer: mpi_buf_id=177 dma_buf_fd=11 size=0
H264 first bytes: 00 00 00 01 41 e0 00 c0 01 86 07 f0 38 da 87 e5
encode_release_packet ret=0
MP4 frame 1267/1500: sequence=1271 pts=50640000 us key=0 nv12=4478976 h264=7183 acquire=12.521 ms encode=26.254 ms mux=0.121 ms
start encode NV12 with RV1106 vendor packet ABI, frame=1267
encode_put_frame ret=0
encode_get_packet ret=0 handle=0xae9cf958 expected=0xae9cf958
vendor packet: mpi_buf_id=177 len=9846 buf_size=1495040 offset=16896 data_num=1 flag=0x00000000 pts=1267
valloc packet buffer: mpi_buf_id=177 dma_buf_fd=11 size=0
H264 first bytes: 00 00 00 01 41 e0 00 e0 01 c6 02 3c 33 9a 05 e9
encode_release_packet ret=0
MP4 frame 1268/1500: sequence=1272 pts=50680000 us key=0 nv12=4478976 h264=9846 acquire=13.134 ms encode=26.849 ms mux=0.153 ms
start encode NV12 with RV1106 vendor packet ABI, frame=1268
encode_put_frame ret=0
encode_get_packet ret=0 handle=0xae9cf958 expected=0xae9cf958
vendor packet: mpi_buf_id=177 len=9535 buf_size=1495040 offset=26752 data_num=1 flag=0x00000000 pts=1268
valloc packet buffer: mpi_buf_id=177 dma_buf_fd=11 size=0
H264 first bytes: 00 00 00 01 41 e0 01 00 02 06 02 3c 0a 5b 82 ac
encode_release_packet ret=0
MP4 frame 1269/1500: sequence=1273 pts=50720000 us key=0 nv12=4478976 h264=9535 acquire=12.508 ms encode=26.191 ms mux=0.141 ms
start encode NV12 with RV1106 vendor packet ABI, frame=1269
encode_put_frame ret=0
encode_get_packet ret=0 handle=0xae9cf958 expected=0xae9cf958
vendor packet: mpi_buf_id=177 len=9560 buf_size=1495040 offset=36352 data_num=1 flag=0x00000000 pts=1269
valloc packet buffer: mpi_buf_id=177 dma_buf_fd=11 size=0
H264 first bytes: 00 00 00 01 41 e0 01 20 02 46 02 3c 0c d9 21 2d
encode_release_packet ret=0
MP4 frame 1270/1500: sequence=1274 pts=50760000 us key=0 nv12=4478976 h264=9560 acquire=13.181 ms encode=26.799 ms mux=0.152 ms
start encode NV12 with RV1106 vendor packet ABI, frame=1270
encode_put_frame ret=0
encode_get_packet ret=0 handle=0xae9cf958 expected=0xae9cf958
vendor packet: mpi_buf_id=177 len=9465 buf_size=1495040 offset=45952 data_num=1 flag=0x00000000 pts=1270
valloc packet buffer: mpi_buf_id=177 dma_buf_fd=11 size=0
H264 first bytes: 00 00 00 01 41 e0 01 40 02 86 02 3c 08 56 a0 20
encode_release_packet ret=0
MP4 frame 1271/1500: sequence=1275 pts=50800000 us key=0 nv12=4478976 h264=9465 acquire=12.558 ms encode=26.306 ms mux=0.146 ms
start encode NV12 with RV1106 vendor packet ABI, frame=1271
encode_put_frame ret=0
encode_get_packet ret=0 handle=0xae9cf958 expected=0xae9cf958
vendor packet: mpi_buf_id=177 len=9485 buf_size=1495040 offset=55424 data_num=1 flag=0x00000000 pts=1271
valloc packet buffer: mpi_buf_id=177 dma_buf_fd=11 size=0
H264 first bytes: 00 00 00 01 41 e0 01 60 02 c6 02 3c 5f 0a 09 a7
encode_release_packet ret=0
MP4 frame 1272/1500: sequence=1276 pts=50840000 us key=0 nv12=4478976 h264=9485 acquire=13.064 ms encode=26.913 ms mux=0.151 ms
start encode NV12 with RV1106 vendor packet ABI, frame=1272
encode_put_frame ret=0
encode_get_packet ret=0 handle=0xae9cf958 expected=0xae9cf958
vendor packet: mpi_buf_id=177 len=9494 buf_size=1495040 offset=65024 data_num=1 flag=0x00000000 pts=1272
valloc packet buffer: mpi_buf_id=177 dma_buf_fd=11 size=0
H264 first bytes: 00 00 00 01 41 e0 01 80 03 06 02 3c 0e 93 1a 04
encode_release_packet ret=0
MP4 frame 1273/1500: sequence=1277 pts=50880000 us key=0 nv12=4478976 h264=9494 acquire=12.454 ms encode=26.253 ms mux=0.143 ms
start encode NV12 with RV1106 vendor packet ABI, frame=1273
encode_put_frame ret=0
encode_get_packet ret=0 handle=0xae9cf958 expected=0xae9cf958
vendor packet: mpi_buf_id=177 len=9792 buf_size=1495040 offset=74624 data_num=1 flag=0x00000000 pts=1273
valloc packet buffer: mpi_buf_id=177 dma_buf_fd=11 size=0
H264 first bytes: 00 00 00 01 41 e0 01 a0 03 46 02 3c 02 13 39 50
encode_release_packet ret=0
MP4 frame 1274/1500: sequence=1278 pts=50920000 us key=0 nv12=4478976 h264=9792 acquire=13.115 ms encode=26.861 ms mux=0.151 ms
start encode NV12 with RV1106 vendor packet ABI, frame=1274
encode_put_frame ret=0
encode_get_packet ret=0 handle=0xae9cf958 expected=0xae9cf958
vendor packet: mpi_buf_id=177 len=8971 buf_size=1495040 offset=84480 data_num=1 flag=0x00000000 pts=1274
valloc packet buffer: mpi_buf_id=177 dma_buf_fd=11 size=0
H264 first bytes: 00 00 00 01 41 e0 01 c0 03 86 02 3c 06 6d 16 07
encode_release_packet ret=0
MP4 frame 1275/1500: sequence=1279 pts=50960000 us key=0 nv12=4478976 h264=8971 acquire=12.499 ms encode=26.243 ms mux=0.135 ms
start encode NV12 with RV1106 vendor packet ABI, frame=1275
encode_put_frame ret=0
encode_get_packet ret=0 handle=0xae9cf958 expected=0xae9cf958
vendor packet: mpi_buf_id=177 len=10077 buf_size=1495040 offset=93568 data_num=1 flag=0x00000000 pts=1275
valloc packet buffer: mpi_buf_id=177 dma_buf_fd=11 size=0
H264 first bytes: 00 00 00 01 41 e0 01 e0 03 c6 02 3c 1b 52 18 27
encode_release_packet ret=0
MP4 frame 1276/1500: sequence=1280 pts=51000000 us key=0 nv12=4478976 h264=10077 acquire=13.141 ms encode=26.797 ms mux=0.150 ms
start encode NV12 with RV1106 vendor packet ABI, frame=1276
encode_put_frame ret=0
encode_get_packet ret=0 handle=0xae9cf958 expected=0xae9cf958
vendor packet: mpi_buf_id=177 len=9658 buf_size=1495040 offset=103680 data_num=1 flag=0x00000000 pts=1276
valloc packet buffer: mpi_buf_id=177 dma_buf_fd=11 size=0
H264 first bytes: 00 00 00 01 41 e0 02 00 04 06 02 3c 09 79 c8 26
encode_release_packet ret=0
MP4 frame 1277/1500: sequence=1281 pts=51040000 us key=0 nv12=4478976 h264=9658 acquire=12.566 ms encode=26.255 ms mux=0.147 ms
start encode NV12 with RV1106 vendor packet ABI, frame=1277
encode_put_frame ret=0
encode_get_packet ret=0 handle=0xae9cf958 expected=0xae9cf958
vendor packet: mpi_buf_id=177 len=9443 buf_size=1495040 offset=113408 data_num=1 flag=0x00000000 pts=1277
valloc packet buffer: mpi_buf_id=177 dma_buf_fd=11 size=0
H264 first bytes: 00 00 00 01 41 e0 02 20 04 46 02 3c 08 16 69 26
encode_release_packet ret=0
MP4 frame 1278/1500: sequence=1282 pts=51080000 us key=0 nv12=4478976 h264=9443 acquire=13.110 ms encode=26.787 ms mux=0.140 ms
start encode NV12 with RV1106 vendor packet ABI, frame=1278
encode_put_frame ret=0
encode_get_packet ret=0 handle=0xae9cf958 expected=0xae9cf958
vendor packet: mpi_buf_id=177 len=9261 buf_size=1495040 offset=122880 data_num=1 flag=0x00000000 pts=1278
valloc packet buffer: mpi_buf_id=177 dma_buf_fd=11 size=0
H264 first bytes: 00 00 00 01 41 e0 02 40 04 86 02 3d ea 08 73 c0
encode_release_packet ret=0
MP4 frame 1279/1500: sequence=1283 pts=51120000 us key=0 nv12=4478976 h264=9261 acquire=12.582 ms encode=26.193 ms mux=0.140 ms
start encode NV12 with RV1106 vendor packet ABI, frame=1279
encode_put_frame ret=0
encode_get_packet ret=0 handle=0xae9cf958 expected=0xae9cf958
vendor packet: mpi_buf_id=177 len=9338 buf_size=1495040 offset=132224 data_num=1 flag=0x00000000 pts=1279
valloc packet buffer: mpi_buf_id=177 dma_buf_fd=11 size=0
H264 first bytes: 00 00 00 01 41 e0 02 60 04 c6 02 3c 64 86 05 42
encode_release_packet ret=0
MP4 frame 1280/1500: sequence=1284 pts=51160000 us key=0 nv12=4478976 h264=9338 acquire=13.189 ms encode=26.982 ms mux=0.143 ms
start encode NV12 with RV1106 vendor packet ABI, frame=1280
encode_put_frame ret=0
encode_get_packet ret=0 handle=0xae9cf958 expected=0xae9cf958
vendor packet: mpi_buf_id=177 len=9563 buf_size=1495040 offset=141568 data_num=1 flag=0x00000000 pts=1280
valloc packet buffer: mpi_buf_id=177 dma_buf_fd=11 size=0
H264 first bytes: 00 00 00 01 41 e0 02 80 05 06 02 3c 06 4d e0 51
encode_release_packet ret=0
MP4 frame 1281/1500: sequence=1285 pts=51200000 us key=0 nv12=4478976 h264=9563 acquire=12.383 ms encode=26.214 ms mux=0.141 ms
start encode NV12 with RV1106 vendor packet ABI, frame=1281
encode_put_frame ret=0
encode_get_packet ret=0 handle=0xae9cf958 expected=0xae9cf958
vendor packet: mpi_buf_id=177 len=9598 buf_size=1495040 offset=151168 data_num=1 flag=0x00000000 pts=1281
valloc packet buffer: mpi_buf_id=177 dma_buf_fd=11 size=0
H264 first bytes: 00 00 00 01 41 e0 02 a0 05 46 02 3c 08 52 e3 eb
encode_release_packet ret=0
MP4 frame 1282/1500: sequence=1286 pts=51240000 us key=0 nv12=4478976 h264=9598 acquire=13.157 ms encode=26.948 ms mux=0.145 ms
start encode NV12 with RV1106 vendor packet ABI, frame=1282
encode_put_frame ret=0
encode_get_packet ret=0 handle=0xae9cf958 expected=0xae9cf958
vendor packet: mpi_buf_id=177 len=9372 buf_size=1495040 offset=160768 data_num=1 flag=0x00000000 pts=1282
valloc packet buffer: mpi_buf_id=177 dma_buf_fd=11 size=0
H264 first bytes: 00 00 00 01 41 e0 02 c0 05 86 02 3c 05 6c f8 31
encode_release_packet ret=0
MP4 frame 1283/1500: sequence=1287 pts=51280000 us key=0 nv12=4478976 h264=9372 acquire=12.420 ms encode=26.222 ms mux=0.142 ms
start encode NV12 with RV1106 vendor packet ABI, frame=1283
encode_put_frame ret=0
encode_get_packet ret=0 handle=0xae9cf958 expected=0xae9cf958
vendor packet: mpi_buf_id=177 len=9305 buf_size=1495040 offset=170240 data_num=1 flag=0x00000000 pts=1283
valloc packet buffer: mpi_buf_id=177 dma_buf_fd=11 size=0
H264 first bytes: 00 00 00 01 41 e0 02 e0 05 c6 02 3c 12 51 e0 21
encode_release_packet ret=0
MP4 frame 1284/1500: sequence=1288 pts=51320000 us key=0 nv12=4478976 h264=9305 acquire=13.144 ms encode=26.931 ms mux=0.141 ms
start encode NV12 with RV1106 vendor packet ABI, frame=1284
encode_put_frame ret=0
encode_get_packet ret=0 handle=0xae9cf958 expected=0xae9cf958
vendor packet: mpi_buf_id=177 len=8843 buf_size=1495040 offset=179584 data_num=1 flag=0x00000000 pts=1284
valloc packet buffer: mpi_buf_id=177 dma_buf_fd=11 size=0
H264 first bytes: 00 00 00 01 41 e0 03 00 06 06 02 3c 16 4e 68 09
encode_release_packet ret=0
MP4 frame 1285/1500: sequence=1289 pts=51360000 us key=0 nv12=4478976 h264=8843 acquire=12.444 ms encode=26.243 ms mux=0.136 ms
start encode NV12 with RV1106 vendor packet ABI, frame=1285
encode_put_frame ret=0
encode_get_packet ret=0 handle=0xae9cf958 expected=0xae9cf958
vendor packet: mpi_buf_id=177 len=8926 buf_size=1495040 offset=188544 data_num=1 flag=0x00000000 pts=1285
valloc packet buffer: mpi_buf_id=177 dma_buf_fd=11 size=0
H264 first bytes: 00 00 00 01 41 e0 03 20 06 46 02 3c 08 b6 a0 82
encode_release_packet ret=0
MP4 frame 1286/1500: sequence=1290 pts=51400000 us key=0 nv12=4478976 h264=8926 acquire=13.129 ms encode=26.905 ms mux=0.139 ms
start encode NV12 with RV1106 vendor packet ABI, frame=1286
encode_put_frame ret=0
encode_get_packet ret=0 handle=0xae9cf958 expected=0xae9cf958
vendor packet: mpi_buf_id=177 len=14590 buf_size=1495040 offset=197504 data_num=1 flag=0x00000000 pts=1286
valloc packet buffer: mpi_buf_id=177 dma_buf_fd=11 size=0
H264 first bytes: 00 00 00 01 41 e0 03 40 06 86 02 7c 1b cc 81 48
encode_release_packet ret=0
MP4 frame 1287/1500: sequence=1291 pts=51440000 us key=0 nv12=4478976 h264=14590 acquire=12.472 ms encode=26.267 ms mux=0.200 ms
start encode NV12 with RV1106 vendor packet ABI, frame=1287
encode_put_frame ret=0
encode_get_packet ret=0 handle=0xae9cf958 expected=0xae9cf958
vendor packet: mpi_buf_id=177 len=10116 buf_size=1495040 offset=212096 data_num=1 flag=0x00000000 pts=1287
valloc packet buffer: mpi_buf_id=177 dma_buf_fd=11 size=0
H264 first bytes: 00 00 00 01 41 e0 03 60 06 c6 02 3c 27 9e 0b eb
encode_release_packet ret=0
MP4 frame 1288/1500: sequence=1292 pts=51480000 us key=0 nv12=4478976 h264=10116 acquire=12.944 ms encode=26.878 ms mux=0.156 ms
start encode NV12 with RV1106 vendor packet ABI, frame=1288
encode_put_frame ret=0
encode_get_packet ret=0 handle=0xae9cf958 expected=0xae9cf958
vendor packet: mpi_buf_id=177 len=9975 buf_size=1495040 offset=222336 data_num=1 flag=0x00000000 pts=1288
valloc packet buffer: mpi_buf_id=177 dma_buf_fd=11 size=0
H264 first bytes: 00 00 00 01 41 e0 03 80 07 06 02 3c 08 b3 16 0e
encode_release_packet ret=0
MP4 frame 1289/1500: sequence=1293 pts=51520000 us key=0 nv12=4478976 h264=9975 acquire=12.472 ms encode=26.295 ms mux=1.019 ms
start encode NV12 with RV1106 vendor packet ABI, frame=1289
encode_put_frame ret=0
encode_get_packet ret=0 handle=0xae9cf958 expected=0xae9cf958
vendor packet: mpi_buf_id=177 len=9050 buf_size=1495040 offset=232320 data_num=1 flag=0x00000000 pts=1289
valloc packet buffer: mpi_buf_id=177 dma_buf_fd=11 size=0
H264 first bytes: 00 00 00 01 41 e0 03 a0 07 46 02 3c 09 77 80 92
encode_release_packet ret=0
MP4 frame 1290/1500: sequence=1294 pts=51560000 us key=0 nv12=4478976 h264=9050 acquire=12.203 ms encode=26.837 ms mux=0.140 ms
start encode NV12 with RV1106 vendor packet ABI, frame=1290
encode_put_frame ret=0
encode_get_packet ret=0 handle=0xae9cf958 expected=0xae9cf958
vendor packet: mpi_buf_id=177 len=223861 buf_size=1495040 offset=241408 data_num=1 flag=0x00000010 pts=1290
valloc packet buffer: mpi_buf_id=177 dma_buf_fd=11 size=0
H264 first bytes: 00 00 00 01 65 b8 00 00 c0 00 00 2b c4 44 88 00
encode_release_packet ret=0
MP4 frame 1291/1500: sequence=1295 pts=51600000 us key=1 nv12=4478976 h264=223861 acquire=12.524 ms encode=26.262 ms mux=3.593 ms
start encode NV12 with RV1106 vendor packet ABI, frame=1291
encode_put_frame ret=0
encode_get_packet ret=0 handle=0xae9cf958 expected=0xae9cf958
vendor packet: mpi_buf_id=177 len=19153 buf_size=1495040 offset=465280 data_num=1 flag=0x00000000 pts=1291
valloc packet buffer: mpi_buf_id=177 dma_buf_fd=11 size=0
H264 first bytes: 00 00 00 01 41 e0 00 20 00 46 02 7d 6a 0c ea 0b
encode_release_packet ret=0
MP4 frame 1292/1500: sequence=1296 pts=51640000 us key=0 nv12=4478976 h264=19153 acquire=9.658 ms encode=26.869 ms mux=0.238 ms
start encode NV12 with RV1106 vendor packet ABI, frame=1292
encode_put_frame ret=0
encode_get_packet ret=0 handle=0xae9cf958 expected=0xae9cf958
vendor packet: mpi_buf_id=177 len=11574 buf_size=1495040 offset=484480 data_num=1 flag=0x00000000 pts=1292
valloc packet buffer: mpi_buf_id=177 dma_buf_fd=11 size=0
H264 first bytes: 00 00 00 01 41 e0 00 40 00 86 02 3c 16 cb 04 42
encode_release_packet ret=0
MP4 frame 1293/1500: sequence=1297 pts=51680000 us key=0 nv12=4478976 h264=11574 acquire=12.379 ms encode=26.331 ms mux=0.167 ms
start encode NV12 with RV1106 vendor packet ABI, frame=1293
encode_put_frame ret=0
encode_get_packet ret=0 handle=0xae9cf958 expected=0xae9cf958
vendor packet: mpi_buf_id=177 len=8163 buf_size=1495040 offset=496128 data_num=1 flag=0x00000000 pts=1293
valloc packet buffer: mpi_buf_id=177 dma_buf_fd=11 size=0
H264 first bytes: 00 00 00 01 41 e0 00 60 00 c6 07 f0 23 48 48 2d
encode_release_packet ret=0
MP4 frame 1294/1500: sequence=1298 pts=51720000 us key=0 nv12=4478976 h264=8163 acquire=13.028 ms encode=26.889 ms mux=0.125 ms
start encode NV12 with RV1106 vendor packet ABI, frame=1294
encode_put_frame ret=0
encode_get_packet ret=0 handle=0xae9cf958 expected=0xae9cf958
vendor packet: mpi_buf_id=177 len=10342 buf_size=1495040 offset=504320 data_num=1 flag=0x00000000 pts=1294
valloc packet buffer: mpi_buf_id=177 dma_buf_fd=11 size=0
H264 first bytes: 00 00 00 01 41 e0 00 80 01 06 02 3d 6e 2a 94 76
encode_release_packet ret=0
MP4 frame 1295/1500: sequence=1299 pts=51760000 us key=0 nv12=4478976 h264=10342 acquire=12.500 ms encode=26.395 ms mux=0.153 ms
start encode NV12 with RV1106 vendor packet ABI, frame=1295
encode_put_frame ret=0
encode_get_packet ret=0 handle=0xae9cf958 expected=0xae9cf958
vendor packet: mpi_buf_id=177 len=11352 buf_size=1495040 offset=514688 data_num=1 flag=0x00000000 pts=1295
valloc packet buffer: mpi_buf_id=177 dma_buf_fd=11 size=0
H264 first bytes: 00 00 00 01 41 e0 00 a0 01 46 02 3c 25 29 e0 ca
encode_release_packet ret=0
MP4 frame 1296/1500: sequence=1300 pts=51800000 us key=0 nv12=4478976 h264=11352 acquire=12.959 ms encode=26.818 ms mux=0.169 ms
start encode NV12 with RV1106 vendor packet ABI, frame=1296
encode_put_frame ret=0
encode_get_packet ret=0 handle=0xae9cf958 expected=0xae9cf958
vendor packet: mpi_buf_id=177 len=7355 buf_size=1495040 offset=526080 data_num=1 flag=0x00000000 pts=1296
valloc packet buffer: mpi_buf_id=177 dma_buf_fd=11 size=0
H264 first bytes: 00 00 00 01 41 e0 00 c0 01 86 07 f5 a9 2c 90 17
encode_release_packet ret=0
MP4 frame 1297/1500: sequence=1301 pts=51840000 us key=0 nv12=4478976 h264=7355 acquire=12.531 ms encode=26.207 ms mux=0.126 ms
start encode NV12 with RV1106 vendor packet ABI, frame=1297
encode_put_frame ret=0
encode_get_packet ret=0 handle=0xae9cf958 expected=0xae9cf958
vendor packet: mpi_buf_id=177 len=10028 buf_size=1495040 offset=533504 data_num=1 flag=0x00000000 pts=1297
valloc packet buffer: mpi_buf_id=177 dma_buf_fd=11 size=0
H264 first bytes: 00 00 00 01 41 e0 00 e0 01 c6 02 3f a8 3e cf 03
encode_release_packet ret=0
MP4 frame 1298/1500: sequence=1302 pts=51880000 us key=0 nv12=4478976 h264=10028 acquire=13.179 ms encode=26.860 ms mux=0.153 ms
start encode NV12 with RV1106 vendor packet ABI, frame=1298
encode_put_frame ret=0
encode_get_packet ret=0 handle=0xae9cf958 expected=0xae9cf958
vendor packet: mpi_buf_id=177 len=10174 buf_size=1495040 offset=543616 data_num=1 flag=0x00000000 pts=1298
valloc packet buffer: mpi_buf_id=177 dma_buf_fd=11 size=0
H264 first bytes: 00 00 00 01 41 e0 01 00 02 06 02 3f 4e 1d a3 5d
encode_release_packet ret=0
MP4 frame 1299/1500: sequence=1303 pts=51920000 us key=0 nv12=4478976 h264=10174 acquire=12.498 ms encode=26.180 ms mux=0.148 ms
start encode NV12 with RV1106 vendor packet ABI, frame=1299
encode_put_frame ret=0
encode_get_packet ret=0 handle=0xae9cf958 expected=0xae9cf958
vendor packet: mpi_buf_id=177 len=10045 buf_size=1495040 offset=553856 data_num=1 flag=0x00000000 pts=1299
valloc packet buffer: mpi_buf_id=177 dma_buf_fd=11 size=0
H264 first bytes: 00 00 00 01 41 e0 01 20 02 46 02 3c 0f 13 1a 0a
encode_release_packet ret=0
MP4 frame 1300/1500: sequence=1304 pts=51960000 us key=0 nv12=4478976 h264=10045 acquire=13.183 ms encode=26.847 ms mux=0.149 ms
start encode NV12 with RV1106 vendor packet ABI, frame=1300
encode_put_frame ret=0
encode_get_packet ret=0 handle=0xae9cf958 expected=0xae9cf958
vendor packet: mpi_buf_id=177 len=7069 buf_size=1495040 offset=563968 data_num=1 flag=0x00000000 pts=1300
valloc packet buffer: mpi_buf_id=177 dma_buf_fd=11 size=0
H264 first bytes: 00 00 00 01 41 e0 01 40 02 86 07 f0 51 58 13 eb
encode_release_packet ret=0
MP4 frame 1301/1500: sequence=1305 pts=52000000 us key=0 nv12=4478976 h264=7069 acquire=12.527 ms encode=26.244 ms mux=0.120 ms
start encode NV12 with RV1106 vendor packet ABI, frame=1301
encode_put_frame ret=0
encode_get_packet ret=0 handle=0xae9cf958 expected=0xae9cf958
vendor packet: mpi_buf_id=177 len=9682 buf_size=1495040 offset=571136 data_num=1 flag=0x00000000 pts=1301
valloc packet buffer: mpi_buf_id=177 dma_buf_fd=11 size=0
H264 first bytes: 00 00 00 01 41 e0 01 60 02 c6 02 3c 5f 42 47 d0
encode_release_packet ret=0
MP4 frame 1302/1500: sequence=1306 pts=52040000 us key=0 nv12=4478976 h264=9682 acquire=13.146 ms encode=26.787 ms mux=0.145 ms
start encode NV12 with RV1106 vendor packet ABI, frame=1302
encode_put_frame ret=0
encode_get_packet ret=0 handle=0xae9cf958 expected=0xae9cf958
vendor packet: mpi_buf_id=177 len=10199 buf_size=1495040 offset=580864 data_num=1 flag=0x00000000 pts=1302
valloc packet buffer: mpi_buf_id=177 dma_buf_fd=11 size=0
H264 first bytes: 00 00 00 01 41 e0 01 80 03 06 02 3c 06 45 29 a5
encode_release_packet ret=0
MP4 frame 1303/1500: sequence=1307 pts=52080000 us key=0 nv12=4478976 h264=10199 acquire=12.584 ms encode=26.348 ms mux=0.157 ms
start encode NV12 with RV1106 vendor packet ABI, frame=1303
encode_put_frame ret=0
encode_get_packet ret=0 handle=0xae9cf958 expected=0xae9cf958
vendor packet: mpi_buf_id=177 len=9583 buf_size=1495040 offset=591104 data_num=1 flag=0x00000000 pts=1303
valloc packet buffer: mpi_buf_id=177 dma_buf_fd=11 size=0
H264 first bytes: 00 00 00 01 41 e0 01 a0 03 46 02 3d d2 82 a9 b1
encode_release_packet ret=0
MP4 frame 1304/1500: sequence=1308 pts=52120000 us key=0 nv12=4478976 h264=9583 acquire=13.006 ms encode=26.901 ms mux=0.142 ms
start encode NV12 with RV1106 vendor packet ABI, frame=1304
encode_put_frame ret=0
encode_get_packet ret=0 handle=0xae9cf958 expected=0xae9cf958
vendor packet: mpi_buf_id=177 len=9458 buf_size=1495040 offset=600704 data_num=1 flag=0x00000000 pts=1304
valloc packet buffer: mpi_buf_id=177 dma_buf_fd=11 size=0
H264 first bytes: 00 00 00 01 41 e0 01 c0 03 86 02 3c d9 21 79 b1
encode_release_packet ret=0
MP4 frame 1305/1500: sequence=1309 pts=52160000 us key=0 nv12=4478976 h264=9458 acquire=12.473 ms encode=26.225 ms mux=0.147 ms
start encode NV12 with RV1106 vendor packet ABI, frame=1305
encode_put_frame ret=0
encode_get_packet ret=0 handle=0xae9cf958 expected=0xae9cf958
vendor packet: mpi_buf_id=177 len=9424 buf_size=1495040 offset=610176 data_num=1 flag=0x00000000 pts=1305
valloc packet buffer: mpi_buf_id=177 dma_buf_fd=11 size=0
H264 first bytes: 00 00 00 01 41 e0 01 e0 03 c6 02 3c 06 91 7f e6
encode_release_packet ret=0
MP4 frame 1306/1500: sequence=1310 pts=52200000 us key=0 nv12=4478976 h264=9424 acquire=13.142 ms encode=26.833 ms mux=0.138 ms
start encode NV12 with RV1106 vendor packet ABI, frame=1306
encode_put_frame ret=0
encode_get_packet ret=0 handle=0xae9cf958 expected=0xae9cf958
vendor packet: mpi_buf_id=177 len=10136 buf_size=1495040 offset=619648 data_num=1 flag=0x00000000 pts=1306
valloc packet buffer: mpi_buf_id=177 dma_buf_fd=11 size=0
H264 first bytes: 00 00 00 01 41 e0 02 00 04 06 02 3c 31 3e 0b b2
encode_release_packet ret=0
MP4 frame 1307/1500: sequence=1311 pts=52240000 us key=0 nv12=4478976 h264=10136 acquire=12.536 ms encode=26.303 ms mux=0.154 ms
start encode NV12 with RV1106 vendor packet ABI, frame=1307
encode_put_frame ret=0
encode_get_packet ret=0 handle=0xae9cf958 expected=0xae9cf958
vendor packet: mpi_buf_id=177 len=9483 buf_size=1495040 offset=629888 data_num=1 flag=0x00000000 pts=1307
valloc packet buffer: mpi_buf_id=177 dma_buf_fd=11 size=0
H264 first bytes: 00 00 00 01 41 e0 02 20 04 46 02 3c 10 ce e0 2a
encode_release_packet ret=0
MP4 frame 1308/1500: sequence=1312 pts=52280000 us key=0 nv12=4478976 h264=9483 acquire=13.048 ms encode=26.836 ms mux=0.148 ms
start encode NV12 with RV1106 vendor packet ABI, frame=1308
encode_put_frame ret=0
encode_get_packet ret=0 handle=0xae9cf958 expected=0xae9cf958
vendor packet: mpi_buf_id=177 len=9359 buf_size=1495040 offset=639488 data_num=1 flag=0x00000000 pts=1308
valloc packet buffer: mpi_buf_id=177 dma_buf_fd=11 size=0
H264 first bytes: 00 00 00 01 41 e0 02 40 04 86 02 3c 25 9e 0a 72
encode_release_packet ret=0
MP4 frame 1309/1500: sequence=1313 pts=52320000 us key=0 nv12=4478976 h264=9359 acquire=12.536 ms encode=26.242 ms mux=0.142 ms
start encode NV12 with RV1106 vendor packet ABI, frame=1309
encode_put_frame ret=0
encode_get_packet ret=0 handle=0xae9cf958 expected=0xae9cf958
vendor packet: mpi_buf_id=177 len=9340 buf_size=1495040 offset=648960 data_num=1 flag=0x00000000 pts=1309
valloc packet buffer: mpi_buf_id=177 dma_buf_fd=11 size=0
H264 first bytes: 00 00 00 01 41 e0 02 60 04 c6 02 3c 04 34 f8 52
encode_release_packet ret=0
MP4 frame 1310/1500: sequence=1314 pts=52360000 us key=0 nv12=4478976 h264=9340 acquire=13.124 ms encode=26.856 ms mux=0.149 ms
start encode NV12 with RV1106 vendor packet ABI, frame=1310
encode_put_frame ret=0
encode_get_packet ret=0 handle=0xae9cf958 expected=0xae9cf958
vendor packet: mpi_buf_id=177 len=6219 buf_size=1495040 offset=658304 data_num=1 flag=0x00000000 pts=1310
valloc packet buffer: mpi_buf_id=177 dma_buf_fd=11 size=0
H264 first bytes: 00 00 00 01 41 e0 02 80 05 06 07 f3 64 81 6e 52
encode_release_packet ret=0
MP4 frame 1311/1500: sequence=1315 pts=52400000 us key=0 nv12=4478976 h264=6219 acquire=12.519 ms encode=26.334 ms mux=0.114 ms
start encode NV12 with RV1106 vendor packet ABI, frame=1311
encode_put_frame ret=0
encode_get_packet ret=0 handle=0xae9cf958 expected=0xae9cf958
vendor packet: mpi_buf_id=177 len=9068 buf_size=1495040 offset=664576 data_num=1 flag=0x00000000 pts=1311
valloc packet buffer: mpi_buf_id=177 dma_buf_fd=11 size=0
H264 first bytes: 00 00 00 01 41 e0 02 a0 05 46 02 3c 12 56 1f a5
encode_release_packet ret=0
MP4 frame 1312/1500: sequence=1316 pts=52440000 us key=0 nv12=4478976 h264=9068 acquire=13.068 ms encode=26.842 ms mux=0.138 ms
start encode NV12 with RV1106 vendor packet ABI, frame=1312
encode_put_frame ret=0
encode_get_packet ret=0 handle=0xae9cf958 expected=0xae9cf958
vendor packet: mpi_buf_id=177 len=9067 buf_size=1495040 offset=673664 data_num=1 flag=0x00000000 pts=1312
valloc packet buffer: mpi_buf_id=177 dma_buf_fd=11 size=0
H264 first bytes: 00 00 00 01 41 e0 02 c0 05 86 02 3c 05 14 c4 83
encode_release_packet ret=0
MP4 frame 1313/1500: sequence=1317 pts=52480000 us key=0 nv12=4478976 h264=9067 acquire=12.533 ms encode=26.249 ms mux=0.141 ms
start encode NV12 with RV1106 vendor packet ABI, frame=1313
encode_put_frame ret=0
encode_get_packet ret=0 handle=0xae9cf958 expected=0xae9cf958
vendor packet: mpi_buf_id=177 len=9010 buf_size=1495040 offset=682752 data_num=1 flag=0x00000000 pts=1313
valloc packet buffer: mpi_buf_id=177 dma_buf_fd=11 size=0
H264 first bytes: 00 00 00 01 41 e0 02 e0 05 c6 02 3c 0e b6 68 0c
encode_release_packet ret=0
MP4 frame 1314/1500: sequence=1318 pts=52520000 us key=0 nv12=4478976 h264=9010 acquire=13.118 ms encode=26.883 ms mux=0.141 ms
start encode NV12 with RV1106 vendor packet ABI, frame=1314
encode_put_frame ret=0
encode_get_packet ret=0 handle=0xae9cf958 expected=0xae9cf958
vendor packet: mpi_buf_id=177 len=9327 buf_size=1495040 offset=691840 data_num=1 flag=0x00000000 pts=1314
valloc packet buffer: mpi_buf_id=177 dma_buf_fd=11 size=0
H264 first bytes: 00 00 00 01 41 e0 03 00 06 06 02 3f 6e 04 69 4f
encode_release_packet ret=0
MP4 frame 1315/1500: sequence=1319 pts=52560000 us key=0 nv12=4478976 h264=9327 acquire=12.486 ms encode=26.338 ms mux=0.148 ms
start encode NV12 with RV1106 vendor packet ABI, frame=1315
encode_put_frame ret=0
encode_get_packet ret=0 handle=0xae9cf958 expected=0xae9cf958
vendor packet: mpi_buf_id=177 len=6102 buf_size=1495040 offset=701184 data_num=1 flag=0x00000000 pts=1315
valloc packet buffer: mpi_buf_id=177 dma_buf_fd=11 size=0
H264 first bytes: 00 00 00 01 41 e0 03 20 06 46 07 f1 19 a0 5c 98
encode_release_packet ret=0
MP4 frame 1316/1500: sequence=1320 pts=52600000 us key=0 nv12=4478976 h264=6102 acquire=13.033 ms encode=26.837 ms mux=0.115 ms
start encode NV12 with RV1106 vendor packet ABI, frame=1316
encode_put_frame ret=0
encode_get_packet ret=0 handle=0xae9cf958 expected=0xae9cf958
vendor packet: mpi_buf_id=177 len=9151 buf_size=1495040 offset=707328 data_num=1 flag=0x00000000 pts=1316
valloc packet buffer: mpi_buf_id=177 dma_buf_fd=11 size=0
H264 first bytes: 00 00 00 01 41 e0 03 40 06 86 02 3c 04 56 a1 a9
encode_release_packet ret=0
MP4 frame 1317/1500: sequence=1321 pts=52640000 us key=0 nv12=4478976 h264=9151 acquire=12.561 ms encode=26.187 ms mux=0.143 ms
start encode NV12 with RV1106 vendor packet ABI, frame=1317
encode_put_frame ret=0
encode_get_packet ret=0 handle=0xae9cf958 expected=0xae9cf958
vendor packet: mpi_buf_id=177 len=8912 buf_size=1495040 offset=716544 data_num=1 flag=0x00000000 pts=1317
valloc packet buffer: mpi_buf_id=177 dma_buf_fd=11 size=0
H264 first bytes: 00 00 00 01 41 e0 03 60 06 c6 02 3c 18 c8 48 4f
encode_release_packet ret=0
MP4 frame 1318/1500: sequence=1322 pts=52680000 us key=0 nv12=4478976 h264=8912 acquire=13.188 ms encode=26.815 ms mux=0.140 ms
start encode NV12 with RV1106 vendor packet ABI, frame=1318
encode_put_frame ret=0
encode_get_packet ret=0 handle=0xae9cf958 expected=0xae9cf958
vendor packet: mpi_buf_id=177 len=14870 buf_size=1495040 offset=725504 data_num=1 flag=0x00000000 pts=1318
valloc packet buffer: mpi_buf_id=177 dma_buf_fd=11 size=0
H264 first bytes: 00 00 00 01 41 e0 03 80 07 06 02 7c 06 15 98 15
encode_release_packet ret=0
MP4 frame 1319/1500: sequence=1323 pts=52720000 us key=0 nv12=4478976 h264=14870 acquire=12.444 ms encode=26.236 ms mux=1.018 ms
start encode NV12 with RV1106 vendor packet ABI, frame=1319
encode_put_frame ret=0
encode_get_packet ret=0 handle=0xae9cf958 expected=0xae9cf958
vendor packet: mpi_buf_id=177 len=6746 buf_size=1495040 offset=740480 data_num=1 flag=0x00000000 pts=1319
valloc packet buffer: mpi_buf_id=177 dma_buf_fd=11 size=0
H264 first bytes: 00 00 00 01 41 e0 03 a0 07 46 07 f0 2b ca a1 49
encode_release_packet ret=0
MP4 frame 1320/1500: sequence=1324 pts=52760000 us key=0 nv12=4478976 h264=6746 acquire=12.254 ms encode=26.851 ms mux=0.117 ms
start encode NV12 with RV1106 vendor packet ABI, frame=1320
encode_put_frame ret=0
encode_get_packet ret=0 handle=0xae9cf958 expected=0xae9cf958
vendor packet: mpi_buf_id=177 len=232080 buf_size=1495040 offset=747264 data_num=1 flag=0x00000010 pts=1320
valloc packet buffer: mpi_buf_id=177 dma_buf_fd=11 size=0
H264 first bytes: 00 00 00 01 65 b8 00 00 d0 00 00 2f c2 91 22 80
encode_release_packet ret=0
MP4 frame 1321/1500: sequence=1325 pts=52800000 us key=1 nv12=4478976 h264=232080 acquire=12.528 ms encode=26.263 ms mux=3.711 ms
start encode NV12 with RV1106 vendor packet ABI, frame=1321
encode_put_frame ret=0
encode_get_packet ret=0 handle=0xae9cf958 expected=0xae9cf958
vendor packet: mpi_buf_id=177 len=8533 buf_size=1495040 offset=979456 data_num=1 flag=0x00000000 pts=1321
valloc packet buffer: mpi_buf_id=177 dma_buf_fd=11 size=0
H264 first bytes: 00 00 00 01 41 e0 00 20 00 46 07 f1 94 a1 29 b0
encode_release_packet ret=0
MP4 frame 1322/1500: sequence=1326 pts=52840000 us key=0 nv12=4478976 h264=8533 acquire=9.543 ms encode=26.847 ms mux=0.132 ms
start encode NV12 with RV1106 vendor packet ABI, frame=1322
encode_put_frame ret=0
encode_get_packet ret=0 handle=0xae9cf958 expected=0xae9cf958
vendor packet: mpi_buf_id=177 len=8002 buf_size=1495040 offset=988032 data_num=1 flag=0x00000000 pts=1322
valloc packet buffer: mpi_buf_id=177 dma_buf_fd=11 size=0
H264 first bytes: 00 00 00 01 41 e0 00 40 00 86 07 f0 bc d8 12 af
encode_release_packet ret=0
MP4 frame 1323/1500: sequence=1327 pts=52880000 us key=0 nv12=4478976 h264=8002 acquire=12.511 ms encode=26.182 ms mux=0.132 ms
start encode NV12 with RV1106 vendor packet ABI, frame=1323
encode_put_frame ret=0
encode_get_packet ret=0 handle=0xae9cf958 expected=0xae9cf958
vendor packet: mpi_buf_id=177 len=11147 buf_size=1495040 offset=996096 data_num=1 flag=0x00000000 pts=1323
valloc packet buffer: mpi_buf_id=177 dma_buf_fd=11 size=0
H264 first bytes: 00 00 00 01 41 e0 00 60 00 c6 02 3c 15 6a 13 cd
encode_release_packet ret=0
MP4 frame 1324/1500: sequence=1328 pts=52920000 us key=0 nv12=4478976 h264=11147 acquire=13.201 ms encode=26.805 ms mux=0.155 ms
start encode NV12 with RV1106 vendor packet ABI, frame=1324
encode_put_frame ret=0
encode_get_packet ret=0 handle=0xae9cf958 expected=0xae9cf958
vendor packet: mpi_buf_id=177 len=7482 buf_size=1495040 offset=1007360 data_num=1 flag=0x00000000 pts=1324
valloc packet buffer: mpi_buf_id=177 dma_buf_fd=11 size=0
H264 first bytes: 00 00 00 01 41 e0 00 80 01 06 07 f0 5b 3b 81 ea
encode_release_packet ret=0
MP4 frame 1325/1500: sequence=1329 pts=52960000 us key=0 nv12=4478976 h264=7482 acquire=12.562 ms encode=26.274 ms mux=0.122 ms
start encode NV12 with RV1106 vendor packet ABI, frame=1325
encode_put_frame ret=0
encode_get_packet ret=0 handle=0xae9cf958 expected=0xae9cf958
vendor packet: mpi_buf_id=177 len=7191 buf_size=1495040 offset=1014912 data_num=1 flag=0x00000000 pts=1325
valloc packet buffer: mpi_buf_id=177 dma_buf_fd=11 size=0
H264 first bytes: 00 00 00 01 41 e0 00 a0 01 46 07 f0 85 28 09 c9
encode_release_packet ret=0
MP4 frame 1326/1500: sequence=1330 pts=53000000 us key=0 nv12=4478976 h264=7191 acquire=13.110 ms encode=27.006 ms mux=0.122 ms
start encode NV12 with RV1106 vendor packet ABI, frame=1326
encode_put_frame ret=0
encode_get_packet ret=0 handle=0xae9cf958 expected=0xae9cf958
vendor packet: mpi_buf_id=177 len=9235 buf_size=1495040 offset=1022208 data_num=1 flag=0x00000000 pts=1326
valloc packet buffer: mpi_buf_id=177 dma_buf_fd=11 size=0
H264 first bytes: 00 00 00 01 41 e0 00 c0 01 86 02 3c 04 2e 58 63
encode_release_packet ret=0
MP4 frame 1327/1500: sequence=1331 pts=53040000 us key=0 nv12=4478976 h264=9235 acquire=12.395 ms encode=26.190 ms mux=0.143 ms
start encode NV12 with RV1106 vendor packet ABI, frame=1327
encode_put_frame ret=0
encode_get_packet ret=0 handle=0xae9cf958 expected=0xae9cf958
vendor packet: mpi_buf_id=177 len=6353 buf_size=1495040 offset=1031552 data_num=1 flag=0x00000000 pts=1327
valloc packet buffer: mpi_buf_id=177 dma_buf_fd=11 size=0
H264 first bytes: 00 00 00 01 41 e0 00 e0 01 c6 07 f0 6d a8 aa c2
encode_release_packet ret=0
MP4 frame 1328/1500: sequence=1332 pts=53080000 us key=0 nv12=4478976 h264=6353 acquire=13.173 ms encode=26.855 ms mux=0.109 ms
start encode NV12 with RV1106 vendor packet ABI, frame=1328
encode_put_frame ret=0
encode_get_packet ret=0 handle=0xae9cf958 expected=0xae9cf958
vendor packet: mpi_buf_id=177 len=6556 buf_size=1495040 offset=1037952 data_num=1 flag=0x00000000 pts=1328
valloc packet buffer: mpi_buf_id=177 dma_buf_fd=11 size=0
H264 first bytes: 00 00 00 01 41 e0 01 00 02 06 07 f0 35 cf 82 8c
encode_release_packet ret=0
MP4 frame 1329/1500: sequence=1333 pts=53120000 us key=0 nv12=4478976 h264=6556 acquire=12.550 ms encode=26.203 ms mux=0.119 ms
start encode NV12 with RV1106 vendor packet ABI, frame=1329
encode_put_frame ret=0
encode_get_packet ret=0 handle=0xae9cf958 expected=0xae9cf958
vendor packet: mpi_buf_id=177 len=9011 buf_size=1495040 offset=1044608 data_num=1 flag=0x00000000 pts=1329
valloc packet buffer: mpi_buf_id=177 dma_buf_fd=11 size=0
H264 first bytes: 00 00 00 01 41 e0 01 20 02 46 02 3c 09 33 98 82
encode_release_packet ret=0
MP4 frame 1330/1500: sequence=1334 pts=53160000 us key=0 nv12=4478976 h264=9011 acquire=13.197 ms encode=26.824 ms mux=0.140 ms
start encode NV12 with RV1106 vendor packet ABI, frame=1330
encode_put_frame ret=0
encode_get_packet ret=0 handle=0xae9cf958 expected=0xae9cf958
vendor packet: mpi_buf_id=177 len=8987 buf_size=1495040 offset=1053696 data_num=1 flag=0x00000000 pts=1330
valloc packet buffer: mpi_buf_id=177 dma_buf_fd=11 size=0
H264 first bytes: 00 00 00 01 41 e0 01 40 02 86 02 3c 94 a1 2c c8
encode_release_packet ret=0
MP4 frame 1331/1500: sequence=1335 pts=53200000 us key=0 nv12=4478976 h264=8987 acquire=12.542 ms encode=26.224 ms mux=0.143 ms
start encode NV12 with RV1106 vendor packet ABI, frame=1331
encode_put_frame ret=0
encode_get_packet ret=0 handle=0xae9cf958 expected=0xae9cf958
vendor packet: mpi_buf_id=177 len=6650 buf_size=1495040 offset=1062784 data_num=1 flag=0x00000000 pts=1331
valloc packet buffer: mpi_buf_id=177 dma_buf_fd=11 size=0
H264 first bytes: 00 00 00 01 41 e0 01 60 02 c6 07 f0 12 b9 a0 59
encode_release_packet ret=0
MP4 frame 1332/1500: sequence=1336 pts=53240000 us key=0 nv12=4478976 h264=6650 acquire=13.146 ms encode=26.838 ms mux=0.142 ms
start encode NV12 with RV1106 vendor packet ABI, frame=1332
encode_put_frame ret=0
encode_get_packet ret=0 handle=0xae9cf958 expected=0xae9cf958
vendor packet: mpi_buf_id=177 len=8901 buf_size=1495040 offset=1069440 data_num=1 flag=0x00000000 pts=1332
valloc packet buffer: mpi_buf_id=177 dma_buf_fd=11 size=0
H264 first bytes: 00 00 00 01 41 e0 01 80 03 06 02 3c 35 9e 06 09
encode_release_packet ret=0
MP4 frame 1333/1500: sequence=1337 pts=53280000 us key=0 nv12=4478976 h264=8901 acquire=12.529 ms encode=26.179 ms mux=0.138 ms
start encode NV12 with RV1106 vendor packet ABI, frame=1333
encode_put_frame ret=0
encode_get_packet ret=0 handle=0xae9cf958 expected=0xae9cf958
vendor packet: mpi_buf_id=177 len=9683 buf_size=1495040 offset=1078400 data_num=1 flag=0x00000000 pts=1333
valloc packet buffer: mpi_buf_id=177 dma_buf_fd=11 size=0
H264 first bytes: 00 00 00 01 41 e0 01 a0 03 46 02 3c 75 a8 6e 43
encode_release_packet ret=0
MP4 frame 1334/1500: sequence=1338 pts=53320000 us key=0 nv12=4478976 h264=9683 acquire=13.200 ms encode=26.938 ms mux=0.145 ms
start encode NV12 with RV1106 vendor packet ABI, frame=1334
encode_put_frame ret=0
encode_get_packet ret=0 handle=0xae9cf958 expected=0xae9cf958
vendor packet: mpi_buf_id=177 len=9656 buf_size=1495040 offset=1088128 data_num=1 flag=0x00000000 pts=1334
valloc packet buffer: mpi_buf_id=177 dma_buf_fd=11 size=0
H264 first bytes: 00 00 00 01 41 e0 01 c0 03 86 02 3c 13 cf 80 86
encode_release_packet ret=0
MP4 frame 1335/1500: sequence=1339 pts=53360000 us key=0 nv12=4478976 h264=9656 acquire=12.426 ms encode=26.202 ms mux=0.150 ms
start encode NV12 with RV1106 vendor packet ABI, frame=1335
encode_put_frame ret=0
encode_get_packet ret=0 handle=0xae9cf958 expected=0xae9cf958
vendor packet: mpi_buf_id=177 len=9057 buf_size=1495040 offset=1097856 data_num=1 flag=0x00000000 pts=1335
valloc packet buffer: mpi_buf_id=177 dma_buf_fd=11 size=0
H264 first bytes: 00 00 00 01 41 e0 01 e0 03 c6 02 3c 04 1c a6 8f
encode_release_packet ret=0
MP4 frame 1336/1500: sequence=1340 pts=53400000 us key=0 nv12=4478976 h264=9057 acquire=13.172 ms encode=26.809 ms mux=0.138 ms
start encode NV12 with RV1106 vendor packet ABI, frame=1336
encode_put_frame ret=0
encode_get_packet ret=0 handle=0xae9cf958 expected=0xae9cf958
vendor packet: mpi_buf_id=177 len=9570 buf_size=1495040 offset=1106944 data_num=1 flag=0x00000000 pts=1336
valloc packet buffer: mpi_buf_id=177 dma_buf_fd=11 size=0
H264 first bytes: 00 00 00 01 41 e0 02 00 04 06 02 3c 11 c8 78 13
encode_release_packet ret=0
MP4 frame 1337/1500: sequence=1341 pts=53440000 us key=0 nv12=4478976 h264=9570 acquire=12.555 ms encode=26.321 ms mux=0.150 ms
start encode NV12 with RV1106 vendor packet ABI, frame=1337
encode_put_frame ret=0
encode_get_packet ret=0 handle=0xae9cf958 expected=0xae9cf958
vendor packet: mpi_buf_id=177 len=9067 buf_size=1495040 offset=1116544 data_num=1 flag=0x00000000 pts=1337
valloc packet buffer: mpi_buf_id=177 dma_buf_fd=11 size=0
H264 first bytes: 00 00 00 01 41 e0 02 20 04 46 02 3c 31 31 21 59
encode_release_packet ret=0
MP4 frame 1338/1500: sequence=1342 pts=53480000 us key=0 nv12=4478976 h264=9067 acquire=13.052 ms encode=26.813 ms mux=0.134 ms
start encode NV12 with RV1106 vendor packet ABI, frame=1338
encode_put_frame ret=0
encode_get_packet ret=0 handle=0xae9cf958 expected=0xae9cf958
vendor packet: mpi_buf_id=177 len=9081 buf_size=1495040 offset=1125632 data_num=1 flag=0x00000000 pts=1338
valloc packet buffer: mpi_buf_id=177 dma_buf_fd=11 size=0
H264 first bytes: 00 00 00 01 41 e0 02 40 04 86 02 3c 17 f0 54 27
encode_release_packet ret=0
MP4 frame 1339/1500: sequence=1343 pts=53520000 us key=0 nv12=4478976 h264=9081 acquire=12.562 ms encode=26.236 ms mux=0.144 ms
start encode NV12 with RV1106 vendor packet ABI, frame=1339
encode_put_frame ret=0
encode_get_packet ret=0 handle=0xae9cf958 expected=0xae9cf958
vendor packet: mpi_buf_id=177 len=6295 buf_size=1495040 offset=1134720 data_num=1 flag=0x00000000 pts=1339
valloc packet buffer: mpi_buf_id=177 dma_buf_fd=11 size=0
H264 first bytes: 00 00 00 01 41 e0 02 60 04 c6 07 f1 f6 78 d9 f0
encode_release_packet ret=0
MP4 frame 1340/1500: sequence=1344 pts=53560000 us key=0 nv12=4478976 h264=6295 acquire=13.135 ms encode=26.836 ms mux=0.108 ms
start encode NV12 with RV1106 vendor packet ABI, frame=1340
encode_put_frame ret=0
encode_get_packet ret=0 handle=0xae9cf958 expected=0xae9cf958
vendor packet: mpi_buf_id=177 len=8919 buf_size=1495040 offset=1141120 data_num=1 flag=0x00000000 pts=1340
valloc packet buffer: mpi_buf_id=177 dma_buf_fd=11 size=0
H264 first bytes: 00 00 00 01 41 e0 02 80 05 06 02 3c 0c 39 20 7c
encode_release_packet ret=0
MP4 frame 1341/1500: sequence=1345 pts=53600000 us key=0 nv12=4478976 h264=8919 acquire=12.565 ms encode=26.211 ms mux=0.138 ms
start encode NV12 with RV1106 vendor packet ABI, frame=1341
encode_put_frame ret=0
encode_get_packet ret=0 handle=0xae9cf958 expected=0xae9cf958
vendor packet: mpi_buf_id=177 len=6462 buf_size=1495040 offset=1150080 data_num=1 flag=0x00000000 pts=1341
valloc packet buffer: mpi_buf_id=177 dma_buf_fd=11 size=0
H264 first bytes: 00 00 00 01 41 e0 02 a0 05 46 07 f0 6f 9e 04 6c
encode_release_packet ret=0
MP4 frame 1342/1500: sequence=1346 pts=53640000 us key=0 nv12=4478976 h264=6462 acquire=13.057 ms encode=26.816 ms mux=0.115 ms
start encode NV12 with RV1106 vendor packet ABI, frame=1342
encode_put_frame ret=0
encode_get_packet ret=0 handle=0xae9cf958 expected=0xae9cf958
vendor packet: mpi_buf_id=177 len=8508 buf_size=1495040 offset=1156608 data_num=1 flag=0x00000000 pts=1342
valloc packet buffer: mpi_buf_id=177 dma_buf_fd=11 size=0
H264 first bytes: 00 00 00 01 41 e0 02 c0 05 86 02 3c 0a 53 96 03
encode_release_packet ret=0
MP4 frame 1343/1500: sequence=1347 pts=53680000 us key=0 nv12=4478976 h264=8508 acquire=12.579 ms encode=26.200 ms mux=0.134 ms
start encode NV12 with RV1106 vendor packet ABI, frame=1343
encode_put_frame ret=0
encode_get_packet ret=0 handle=0xae9cf958 expected=0xae9cf958
vendor packet: mpi_buf_id=177 len=9345 buf_size=1495040 offset=1165184 data_num=1 flag=0x00000000 pts=1343
valloc packet buffer: mpi_buf_id=177 dma_buf_fd=11 size=0
H264 first bytes: 00 00 00 01 41 e0 02 e0 05 c6 02 3c 1f d1 c8 25
encode_release_packet ret=0
MP4 frame 1344/1500: sequence=1348 pts=53720000 us key=0 nv12=4478976 h264=9345 acquire=13.181 ms encode=26.839 ms mux=0.141 ms
start encode NV12 with RV1106 vendor packet ABI, frame=1344
encode_put_frame ret=0
encode_get_packet ret=0 handle=0xae9cf958 expected=0xae9cf958
vendor packet: mpi_buf_id=177 len=8428 buf_size=1495040 offset=1174656 data_num=1 flag=0x00000000 pts=1344
valloc packet buffer: mpi_buf_id=177 dma_buf_fd=11 size=0
H264 first bytes: 00 00 00 01 41 e0 03 00 06 06 02 3c 5c e7 80 4f
encode_release_packet ret=0
MP4 frame 1345/1500: sequence=1349 pts=53760000 us key=0 nv12=4478976 h264=8428 acquire=12.532 ms encode=26.833 ms mux=0.132 ms
start encode NV12 with RV1106 vendor packet ABI, frame=1345
encode_put_frame ret=0
encode_get_packet ret=0 handle=0xae9cf958 expected=0xae9cf958
vendor packet: mpi_buf_id=177 len=8468 buf_size=1495040 offset=1183104 data_num=1 flag=0x00000000 pts=1345
valloc packet buffer: mpi_buf_id=177 dma_buf_fd=11 size=0
H264 first bytes: 00 00 00 01 41 e0 03 20 06 46 02 3c 02 19 36 09
encode_release_packet ret=0
MP4 frame 1346/1500: sequence=1350 pts=53800000 us key=0 nv12=4478976 h264=8468 acquire=12.564 ms encode=26.885 ms mux=0.131 ms
start encode NV12 with RV1106 vendor packet ABI, frame=1346
encode_put_frame ret=0
encode_get_packet ret=0 handle=0xae9cf958 expected=0xae9cf958
vendor packet: mpi_buf_id=177 len=8614 buf_size=1495040 offset=1191680 data_num=1 flag=0x00000000 pts=1346
valloc packet buffer: mpi_buf_id=177 dma_buf_fd=11 size=0
H264 first bytes: 00 00 00 01 41 e0 03 40 06 86 02 3c 16 cf 81 5a
encode_release_packet ret=0
MP4 frame 1347/1500: sequence=1351 pts=53840000 us key=0 nv12=4478976 h264=8614 acquire=12.480 ms encode=26.153 ms mux=0.134 ms
start encode NV12 with RV1106 vendor packet ABI, frame=1347
encode_put_frame ret=0
encode_get_packet ret=0 handle=0xae9cf958 expected=0xae9cf958
vendor packet: mpi_buf_id=177 len=8982 buf_size=1495040 offset=1200384 data_num=1 flag=0x00000000 pts=1347
valloc packet buffer: mpi_buf_id=177 dma_buf_fd=11 size=0
H264 first bytes: 00 00 00 01 41 e0 03 60 06 c6 02 3c 06 34 d8 11
encode_release_packet ret=0
MP4 frame 1348/1500: sequence=1352 pts=53880000 us key=0 nv12=4478976 h264=8982 acquire=13.235 ms encode=26.877 ms mux=0.144 ms
start encode NV12 with RV1106 vendor packet ABI, frame=1348
encode_put_frame ret=0
encode_get_packet ret=0 handle=0xae9cf958 expected=0xae9cf958
vendor packet: mpi_buf_id=177 len=15045 buf_size=1495040 offset=1209472 data_num=1 flag=0x00000000 pts=1348
valloc packet buffer: mpi_buf_id=177 dma_buf_fd=11 size=0
H264 first bytes: 00 00 00 01 41 e0 03 80 07 06 02 7c 15 4c 43 09
encode_release_packet ret=0
MP4 frame 1349/1500: sequence=1353 pts=53920000 us key=0 nv12=4478976 h264=15045 acquire=12.486 ms encode=26.389 ms mux=0.205 ms
start encode NV12 with RV1106 vendor packet ABI, frame=1349
encode_put_frame ret=0
encode_get_packet ret=0 handle=0xae9cf958 expected=0xae9cf958
vendor packet: mpi_buf_id=177 len=6567 buf_size=1495040 offset=1224576 data_num=1 flag=0x00000000 pts=1349
valloc packet buffer: mpi_buf_id=177 dma_buf_fd=11 size=0
H264 first bytes: 00 00 00 01 41 e0 03 a0 07 46 07 f0 23 53 83 4c
encode_release_packet ret=0
MP4 frame 1350/1500: sequence=1354 pts=53960000 us key=0 nv12=4478976 h264=6567 acquire=12.912 ms encode=26.879 ms mux=0.117 ms
start encode NV12 with RV1106 vendor packet ABI, frame=1350
encode_put_frame ret=0
encode_get_packet ret=0 handle=0xae9cf958 expected=0xae9cf958
vendor packet: mpi_buf_id=177 len=231828 buf_size=1495040 offset=1231232 data_num=1 flag=0x00000010 pts=1350
valloc packet buffer: mpi_buf_id=177 dma_buf_fd=11 size=0
H264 first bytes: 00 00 00 01 65 b8 00 00 e0 00 00 2b c4 44 8a 00
encode_release_packet ret=0
MP4 frame 1351/1500: sequence=1355 pts=54000000 us key=1 nv12=4478976 h264=231828 acquire=12.525 ms encode=26.260 ms mux=4.354 ms
start encode NV12 with RV1106 vendor packet ABI, frame=1351
encode_put_frame ret=0
encode_get_packet ret=0 handle=0xae9cf958 expected=0xae9cf958
vendor packet: mpi_buf_id=177 len=8198 buf_size=1495040 offset=1463168 data_num=1 flag=0x00000000 pts=1351
valloc packet buffer: mpi_buf_id=177 dma_buf_fd=11 size=0
H264 first bytes: 00 00 00 01 41 e0 00 20 00 46 07 f0 22 c9 81 73
encode_release_packet ret=0
MP4 frame 1352/1500: sequence=1356 pts=54040000 us key=0 nv12=4478976 h264=8198 acquire=8.885 ms encode=26.862 ms mux=0.135 ms
start encode NV12 with RV1106 vendor packet ABI, frame=1352
encode_put_frame ret=0
encode_get_packet ret=0 handle=0xae9cf958 expected=0xae9cf958
vendor packet: mpi_buf_id=177 len=11398 buf_size=1495040 offset=1471488 data_num=1 flag=0x00000000 pts=1352
valloc packet buffer: mpi_buf_id=177 dma_buf_fd=11 size=0
H264 first bytes: 00 00 00 01 41 e0 00 40 00 86 02 3c 0e 1a 84 35
encode_release_packet ret=0
MP4 frame 1353/1500: sequence=1357 pts=54080000 us key=0 nv12=4478976 h264=11398 acquire=12.503 ms encode=26.252 ms mux=0.162 ms
start encode NV12 with RV1106 vendor packet ABI, frame=1353
encode_put_frame ret=0
encode_get_packet ret=0 handle=0xae9cf958 expected=0xae9cf958
vendor packet: mpi_buf_id=177 len=10293 buf_size=1495040 offset=1483008 data_num=1 flag=0x00000000 pts=1353
valloc packet buffer: mpi_buf_id=177 dma_buf_fd=11 size=0
H264 first bytes: 00 00 00 01 41 e0 00 60 00 c6 02 3c f4 e0 26 26
encode_release_packet ret=0
MP4 frame 1354/1500: sequence=1358 pts=54120000 us key=0 nv12=4478976 h264=10293 acquire=13.098 ms encode=26.787 ms mux=0.154 ms
start encode NV12 with RV1106 vendor packet ABI, frame=1354
encode_put_frame ret=0
encode_get_packet ret=0 handle=0xae9cf958 expected=0xae9cf958
vendor packet: mpi_buf_id=177 len=10654 buf_size=1495040 offset=1493376 data_num=1 flag=0x00000000 pts=1354
valloc packet buffer: mpi_buf_id=177 dma_buf_fd=11 size=0
H264 first bytes: 00 00 00 01 41 e0 00 80 01 06 02 3c 6f 04 42 7b
encode_release_packet ret=0
MP4 frame 1355/1500: sequence=1359 pts=54160000 us key=0 nv12=4478976 h264=10654 acquire=12.585 ms encode=26.250 ms mux=0.158 ms
start encode NV12 with RV1106 vendor packet ABI, frame=1355
encode_put_frame ret=0
encode_get_packet ret=0 handle=0xae9cf958 expected=0xae9cf958
vendor packet: mpi_buf_id=177 len=6980 buf_size=1495040 offset=9088 data_num=1 flag=0x00000000 pts=1355
valloc packet buffer: mpi_buf_id=177 dma_buf_fd=11 size=0
H264 first bytes: 00 00 00 01 41 e0 00 a0 01 46 07 f0 13 f3 67 cf
encode_release_packet ret=0
MP4 frame 1356/1500: sequence=1360 pts=54200000 us key=0 nv12=4478976 h264=6980 acquire=13.097 ms encode=26.796 ms mux=0.120 ms
start encode NV12 with RV1106 vendor packet ABI, frame=1356
encode_put_frame ret=0
encode_get_packet ret=0 handle=0xae9cf958 expected=0xae9cf958
vendor packet: mpi_buf_id=177 len=9743 buf_size=1495040 offset=16128 data_num=1 flag=0x00000000 pts=1356
valloc packet buffer: mpi_buf_id=177 dma_buf_fd=11 size=0
H264 first bytes: 00 00 00 01 41 e0 00 c0 01 86 02 3c 0a b4 c2 62
encode_release_packet ret=0
MP4 frame 1357/1500: sequence=1361 pts=54240000 us key=0 nv12=4478976 h264=9743 acquire=12.597 ms encode=26.311 ms mux=0.147 ms
start encode NV12 with RV1106 vendor packet ABI, frame=1357
encode_put_frame ret=0
encode_get_packet ret=0 handle=0xae9cf958 expected=0xae9cf958
vendor packet: mpi_buf_id=177 len=9595 buf_size=1495040 offset=25984 data_num=1 flag=0x00000000 pts=1357
valloc packet buffer: mpi_buf_id=177 dma_buf_fd=11 size=0
H264 first bytes: 00 00 00 01 41 e0 00 e0 01 c6 02 3c 1f c8 68 14
encode_release_packet ret=0
MP4 frame 1358/1500: sequence=1362 pts=54280000 us key=0 nv12=4478976 h264=9595 acquire=13.053 ms encode=26.873 ms mux=0.145 ms
start encode NV12 with RV1106 vendor packet ABI, frame=1358
encode_put_frame ret=0
encode_get_packet ret=0 handle=0xae9cf958 expected=0xae9cf958
vendor packet: mpi_buf_id=177 len=10063 buf_size=1495040 offset=35584 data_num=1 flag=0x00000000 pts=1358
valloc packet buffer: mpi_buf_id=177 dma_buf_fd=11 size=0
H264 first bytes: 00 00 00 01 41 e0 01 00 02 06 02 3c 11 52 e5 50
encode_release_packet ret=0
MP4 frame 1359/1500: sequence=1363 pts=54320000 us key=0 nv12=4478976 h264=10063 acquire=12.494 ms encode=26.291 ms mux=0.155 ms
start encode NV12 with RV1106 vendor packet ABI, frame=1359
encode_put_frame ret=0
encode_get_packet ret=0 handle=0xae9cf958 expected=0xae9cf958
vendor packet: mpi_buf_id=177 len=9266 buf_size=1495040 offset=45696 data_num=1 flag=0x00000000 pts=1359
valloc packet buffer: mpi_buf_id=177 dma_buf_fd=11 size=0
H264 first bytes: 00 00 00 01 41 e0 01 20 02 46 02 3c 06 0c f0 5c
encode_release_packet ret=0
MP4 frame 1360/1500: sequence=1364 pts=54360000 us key=0 nv12=4478976 h264=9266 acquire=13.075 ms encode=26.812 ms mux=0.139 ms
start encode NV12 with RV1106 vendor packet ABI, frame=1360
encode_put_frame ret=0
encode_get_packet ret=0 handle=0xae9cf958 expected=0xae9cf958
vendor packet: mpi_buf_id=177 len=9261 buf_size=1495040 offset=55040 data_num=1 flag=0x00000000 pts=1360
valloc packet buffer: mpi_buf_id=177 dma_buf_fd=11 size=0
H264 first bytes: 00 00 00 01 41 e0 01 40 02 86 02 3c 09 16 48 11
encode_release_packet ret=0
MP4 frame 1361/1500: sequence=1365 pts=54400000 us key=0 nv12=4478976 h264=9261 acquire=12.567 ms encode=26.264 ms mux=0.139 ms
start encode NV12 with RV1106 vendor packet ABI, frame=1361
encode_put_frame ret=0
encode_get_packet ret=0 handle=0xae9cf958 expected=0xae9cf958
vendor packet: mpi_buf_id=177 len=9898 buf_size=1495040 offset=64384 data_num=1 flag=0x00000000 pts=1361
valloc packet buffer: mpi_buf_id=177 dma_buf_fd=11 size=0
H264 first bytes: 00 00 00 01 41 e0 01 60 02 c6 02 3c 0f 5b ac 90
encode_release_packet ret=0
MP4 frame 1362/1500: sequence=1366 pts=54440000 us key=0 nv12=4478976 h264=9898 acquire=13.106 ms encode=26.856 ms mux=0.152 ms
start encode NV12 with RV1106 vendor packet ABI, frame=1362
encode_put_frame ret=0
encode_get_packet ret=0 handle=0xae9cf958 expected=0xae9cf958
vendor packet: mpi_buf_id=177 len=9874 buf_size=1495040 offset=74368 data_num=1 flag=0x00000000 pts=1362
valloc packet buffer: mpi_buf_id=177 dma_buf_fd=11 size=0
H264 first bytes: 00 00 00 01 41 e0 01 80 03 06 02 3c 6d 61 ca 65
encode_release_packet ret=0
MP4 frame 1363/1500: sequence=1367 pts=54480000 us key=0 nv12=4478976 h264=9874 acquire=12.509 ms encode=26.213 ms mux=0.153 ms
start encode NV12 with RV1106 vendor packet ABI, frame=1363
encode_put_frame ret=0
encode_get_packet ret=0 handle=0xae9cf958 expected=0xae9cf958
vendor packet: mpi_buf_id=177 len=9576 buf_size=1495040 offset=84352 data_num=1 flag=0x00000000 pts=1363
valloc packet buffer: mpi_buf_id=177 dma_buf_fd=11 size=0
H264 first bytes: 00 00 00 01 41 e0 01 a0 03 46 02 3c 10 da 92 63
encode_release_packet ret=0
MP4 frame 1364/1500: sequence=1368 pts=54520000 us key=0 nv12=4478976 h264=9576 acquire=13.148 ms encode=26.849 ms mux=0.141 ms
start encode NV12 with RV1106 vendor packet ABI, frame=1364
encode_put_frame ret=0
encode_get_packet ret=0 handle=0xae9cf958 expected=0xae9cf958
vendor packet: mpi_buf_id=177 len=9871 buf_size=1495040 offset=93952 data_num=1 flag=0x00000000 pts=1364
valloc packet buffer: mpi_buf_id=177 dma_buf_fd=11 size=0
H264 first bytes: 00 00 00 01 41 e0 01 c0 03 86 02 3c 0b e5 fc d6
encode_release_packet ret=0
MP4 frame 1365/1500: sequence=1369 pts=54560000 us key=0 nv12=4478976 h264=9871 acquire=12.517 ms encode=26.330 ms mux=0.155 ms
start encode NV12 with RV1106 vendor packet ABI, frame=1365
encode_put_frame ret=0
encode_get_packet ret=0 handle=0xae9cf958 expected=0xae9cf958
vendor packet: mpi_buf_id=177 len=9229 buf_size=1495040 offset=103936 data_num=1 flag=0x00000000 pts=1365
valloc packet buffer: mpi_buf_id=177 dma_buf_fd=11 size=0
H264 first bytes: 00 00 00 01 41 e0 01 e0 03 c6 02 3c 2b 36 22 9d
encode_release_packet ret=0
MP4 frame 1366/1500: sequence=1370 pts=54600000 us key=0 nv12=4478976 h264=9229 acquire=13.033 ms encode=26.854 ms mux=0.146 ms
start encode NV12 with RV1106 vendor packet ABI, frame=1366
encode_put_frame ret=0
encode_get_packet ret=0 handle=0xae9cf958 expected=0xae9cf958
vendor packet: mpi_buf_id=177 len=6113 buf_size=1495040 offset=113280 data_num=1 flag=0x00000000 pts=1366
valloc packet buffer: mpi_buf_id=177 dma_buf_fd=11 size=0
H264 first bytes: 00 00 00 01 41 e0 02 00 04 06 07 f2 d3 81 ea 43
encode_release_packet ret=0
MP4 frame 1367/1500: sequence=1371 pts=54640000 us key=0 nv12=4478976 h264=6113 acquire=12.520 ms encode=26.225 ms mux=0.106 ms
start encode NV12 with RV1106 vendor packet ABI, frame=1367
encode_put_frame ret=0
encode_get_packet ret=0 handle=0xae9cf958 expected=0xae9cf958
vendor packet: mpi_buf_id=177 len=9557 buf_size=1495040 offset=119424 data_num=1 flag=0x00000000 pts=1367
valloc packet buffer: mpi_buf_id=177 dma_buf_fd=11 size=0
H264 first bytes: 00 00 00 01 41 e0 02 20 04 46 02 3c 05 ec d0 48
encode_release_packet ret=0
MP4 frame 1368/1500: sequence=1372 pts=54680000 us key=0 nv12=4478976 h264=9557 acquire=13.178 ms encode=26.814 ms mux=0.147 ms
start encode NV12 with RV1106 vendor packet ABI, frame=1368
encode_put_frame ret=0
encode_get_packet ret=0 handle=0xae9cf958 expected=0xae9cf958
vendor packet: mpi_buf_id=177 len=8527 buf_size=1495040 offset=129024 data_num=1 flag=0x00000000 pts=1368
valloc packet buffer: mpi_buf_id=177 dma_buf_fd=11 size=0
H264 first bytes: 00 00 00 01 41 e0 02 40 04 86 02 3c 02 4b 3e b8
encode_release_packet ret=0
MP4 frame 1369/1500: sequence=1373 pts=54720000 us key=0 nv12=4478976 h264=8527 acquire=12.556 ms encode=26.183 ms mux=0.139 ms
start encode NV12 with RV1106 vendor packet ABI, frame=1369
encode_put_frame ret=0
encode_get_packet ret=0 handle=0xae9cf958 expected=0xae9cf958
vendor packet: mpi_buf_id=177 len=9311 buf_size=1495040 offset=137600 data_num=1 flag=0x00000000 pts=1369
valloc packet buffer: mpi_buf_id=177 dma_buf_fd=11 size=0
H264 first bytes: 00 00 00 01 41 e0 02 60 04 c6 02 3c 46 e0 10 99
encode_release_packet ret=0
MP4 frame 1370/1500: sequence=1374 pts=54760000 us key=0 nv12=4478976 h264=9311 acquire=13.199 ms encode=26.946 ms mux=0.140 ms
start encode NV12 with RV1106 vendor packet ABI, frame=1370
encode_put_frame ret=0
encode_get_packet ret=0 handle=0xae9cf958 expected=0xae9cf958
vendor packet: mpi_buf_id=177 len=6123 buf_size=1495040 offset=146944 data_num=1 flag=0x00000000 pts=1370
valloc packet buffer: mpi_buf_id=177 dma_buf_fd=11 size=0
H264 first bytes: 00 00 00 01 41 e0 02 80 05 06 07 f0 5b 9a 07 9c
encode_release_packet ret=0
MP4 frame 1371/1500: sequence=1375 pts=54800000 us key=0 nv12=4478976 h264=6123 acquire=12.418 ms encode=26.186 ms mux=0.110 ms
start encode NV12 with RV1106 vendor packet ABI, frame=1371
encode_put_frame ret=0
encode_get_packet ret=0 handle=0xae9cf958 expected=0xae9cf958
vendor packet: mpi_buf_id=177 len=8530 buf_size=1495040 offset=153088 data_num=1 flag=0x00000000 pts=1371
valloc packet buffer: mpi_buf_id=177 dma_buf_fd=11 size=0
H264 first bytes: 00 00 00 01 41 e0 02 a0 05 46 02 3c 2d 3b 80 a1
encode_release_packet ret=0
MP4 frame 1372/1500: sequence=1376 pts=54840000 us key=0 nv12=4478976 h264=8530 acquire=13.219 ms encode=26.832 ms mux=0.133 ms
start encode NV12 with RV1106 vendor packet ABI, frame=1372
encode_put_frame ret=0
encode_get_packet ret=0 handle=0xae9cf958 expected=0xae9cf958
vendor packet: mpi_buf_id=177 len=9358 buf_size=1495040 offset=161664 data_num=1 flag=0x00000000 pts=1372
valloc packet buffer: mpi_buf_id=177 dma_buf_fd=11 size=0
H264 first bytes: 00 00 00 01 41 e0 02 c0 05 86 02 3c 05 6d b8 19
encode_release_packet ret=0
MP4 frame 1373/1500: sequence=1377 pts=54880000 us key=0 nv12=4478976 h264=9358 acquire=12.440 ms encode=26.280 ms mux=0.139 ms
start encode NV12 with RV1106 vendor packet ABI, frame=1373
encode_put_frame ret=0
encode_get_packet ret=0 handle=0xae9cf958 expected=0xae9cf958
vendor packet: mpi_buf_id=177 len=9422 buf_size=1495040 offset=171136 data_num=1 flag=0x00000000 pts=1373
valloc packet buffer: mpi_buf_id=177 dma_buf_fd=11 size=0
H264 first bytes: 00 00 00 01 41 e0 02 e0 05 c6 02 3c 04 44 ca 04
encode_release_packet ret=0
MP4 frame 1374/1500: sequence=1378 pts=54920000 us key=0 nv12=4478976 h264=9422 acquire=13.091 ms encode=26.815 ms mux=0.149 ms
start encode NV12 with RV1106 vendor packet ABI, frame=1374
encode_put_frame ret=0
encode_get_packet ret=0 handle=0xae9cf958 expected=0xae9cf958
vendor packet: mpi_buf_id=177 len=8822 buf_size=1495040 offset=180608 data_num=1 flag=0x00000000 pts=1374
valloc packet buffer: mpi_buf_id=177 dma_buf_fd=11 size=0
H264 first bytes: 00 00 00 01 41 e0 03 00 06 06 02 3c 0c 33 c7 09
encode_release_packet ret=0
MP4 frame 1375/1500: sequence=1379 pts=54960000 us key=0 nv12=4478976 h264=8822 acquire=12.554 ms encode=26.207 ms mux=0.142 ms
start encode NV12 with RV1106 vendor packet ABI, frame=1375
encode_put_frame ret=0
encode_get_packet ret=0 handle=0xae9cf958 expected=0xae9cf958
vendor packet: mpi_buf_id=177 len=9504 buf_size=1495040 offset=189440 data_num=1 flag=0x00000000 pts=1375
valloc packet buffer: mpi_buf_id=177 dma_buf_fd=11 size=0
H264 first bytes: 00 00 00 01 41 e0 03 20 06 46 02 3c 33 9e 06 5b
encode_release_packet ret=0
MP4 frame 1376/1500: sequence=1380 pts=55000000 us key=0 nv12=4478976 h264=9504 acquire=13.158 ms encode=26.884 ms mux=0.143 ms
start encode NV12 with RV1106 vendor packet ABI, frame=1376
encode_put_frame ret=0
encode_get_packet ret=0 handle=0xae9cf958 expected=0xae9cf958
vendor packet: mpi_buf_id=177 len=8829 buf_size=1495040 offset=199040 data_num=1 flag=0x00000000 pts=1376
valloc packet buffer: mpi_buf_id=177 dma_buf_fd=11 size=0
H264 first bytes: 00 00 00 01 41 e0 03 40 06 86 02 3c 05 04 e5 80
encode_release_packet ret=0
MP4 frame 1377/1500: sequence=1381 pts=55040000 us key=0 nv12=4478976 h264=8829 acquire=12.486 ms encode=26.235 ms mux=0.144 ms
start encode NV12 with RV1106 vendor packet ABI, frame=1377
encode_put_frame ret=0
encode_get_packet ret=0 handle=0xae9cf958 expected=0xae9cf958
vendor packet: mpi_buf_id=177 len=9479 buf_size=1495040 offset=207872 data_num=1 flag=0x00000000 pts=1377
valloc packet buffer: mpi_buf_id=177 dma_buf_fd=11 size=0
H264 first bytes: 00 00 00 01 41 e0 03 60 06 c6 02 3c 04 d7 05 a2
encode_release_packet ret=0
MP4 frame 1378/1500: sequence=1382 pts=55080000 us key=0 nv12=4478976 h264=9479 acquire=13.129 ms encode=26.925 ms mux=0.144 ms
start encode NV12 with RV1106 vendor packet ABI, frame=1378
encode_put_frame ret=0
encode_get_packet ret=0 handle=0xae9cf958 expected=0xae9cf958
vendor packet: mpi_buf_id=177 len=14367 buf_size=1495040 offset=217472 data_num=1 flag=0x00000000 pts=1378
valloc packet buffer: mpi_buf_id=177 dma_buf_fd=11 size=0
H264 first bytes: 00 00 00 01 41 e0 03 80 07 06 02 7c 1f 4e 78 2c
encode_release_packet ret=0
MP4 frame 1379/1500: sequence=1383 pts=55120000 us key=0 nv12=4478976 h264=14367 acquire=12.446 ms encode=26.266 ms mux=0.192 ms
start encode NV12 with RV1106 vendor packet ABI, frame=1379
encode_put_frame ret=0
encode_get_packet ret=0 handle=0xae9cf958 expected=0xae9cf958
vendor packet: mpi_buf_id=177 len=9697 buf_size=1495040 offset=231936 data_num=1 flag=0x00000000 pts=1379
valloc packet buffer: mpi_buf_id=177 dma_buf_fd=11 size=0
H264 first bytes: 00 00 00 01 41 e0 03 a0 07 46 02 3c 0a 45 fd 79
encode_release_packet ret=0
MP4 frame 1380/1500: sequence=1384 pts=55160000 us key=0 nv12=4478976 h264=9697 acquire=13.060 ms encode=26.897 ms mux=1.011 ms
start encode NV12 with RV1106 vendor packet ABI, frame=1380
encode_put_frame ret=0
encode_get_packet ret=0 handle=0xae9cf958 expected=0xae9cf958
vendor packet: mpi_buf_id=177 len=228825 buf_size=1495040 offset=241664 data_num=1 flag=0x00000010 pts=1380
valloc packet buffer: mpi_buf_id=177 dma_buf_fd=11 size=0
H264 first bytes: 00 00 00 01 65 b8 00 00 f0 00 00 2b c2 91 22 80
encode_release_packet ret=0
MP4 frame 1381/1500: sequence=1385 pts=55200000 us key=1 nv12=4478976 h264=228825 acquire=11.606 ms encode=26.312 ms mux=3.736 ms
start encode NV12 with RV1106 vendor packet ABI, frame=1381
encode_put_frame ret=0
encode_get_packet ret=0 handle=0xae9cf958 expected=0xae9cf958
vendor packet: mpi_buf_id=177 len=12653 buf_size=1495040 offset=470528 data_num=1 flag=0x00000000 pts=1381
valloc packet buffer: mpi_buf_id=177 dma_buf_fd=11 size=0
H264 first bytes: 00 00 00 01 41 e0 00 20 00 46 02 3c 11 cf 82 0a
encode_release_packet ret=0
MP4 frame 1382/1500: sequence=1386 pts=55240000 us key=0 nv12=4478976 h264=12653 acquire=9.432 ms encode=26.922 ms mux=0.177 ms
start encode NV12 with RV1106 vendor packet ABI, frame=1382
encode_put_frame ret=0
encode_get_packet ret=0 handle=0xae9cf958 expected=0xae9cf958
vendor packet: mpi_buf_id=177 len=12062 buf_size=1495040 offset=483200 data_num=1 flag=0x00000000 pts=1382
valloc packet buffer: mpi_buf_id=177 dma_buf_fd=11 size=0
H264 first bytes: 00 00 00 01 41 e0 00 40 00 86 02 3c 1d 49 05 82
encode_release_packet ret=0
MP4 frame 1383/1500: sequence=1387 pts=55280000 us key=0 nv12=4478976 h264=12062 acquire=12.409 ms encode=26.178 ms mux=0.169 ms
start encode NV12 with RV1106 vendor packet ABI, frame=1383
encode_put_frame ret=0
encode_get_packet ret=0 handle=0xae9cf958 expected=0xae9cf958
vendor packet: mpi_buf_id=177 len=7605 buf_size=1495040 offset=495360 data_num=1 flag=0x00000000 pts=1383
valloc packet buffer: mpi_buf_id=177 dma_buf_fd=11 size=0
H264 first bytes: 00 00 00 01 41 e0 00 60 00 c6 07 f3 4f 81 a6 f3
encode_release_packet ret=0
MP4 frame 1384/1500: sequence=1388 pts=55320000 us key=0 nv12=4478976 h264=7605 acquire=13.164 ms encode=26.822 ms mux=0.125 ms
start encode NV12 with RV1106 vendor packet ABI, frame=1384
encode_put_frame ret=0
encode_get_packet ret=0 handle=0xae9cf958 expected=0xae9cf958
vendor packet: mpi_buf_id=177 len=10791 buf_size=1495040 offset=503040 data_num=1 flag=0x00000000 pts=1384
valloc packet buffer: mpi_buf_id=177 dma_buf_fd=11 size=0
H264 first bytes: 00 00 00 01 41 e0 00 80 01 06 02 3c 3b 9a 05 dc
encode_release_packet ret=0
MP4 frame 1385/1500: sequence=1389 pts=55360000 us key=0 nv12=4478976 h264=10791 acquire=12.569 ms encode=26.284 ms mux=0.163 ms
start encode NV12 with RV1106 vendor packet ABI, frame=1385
encode_put_frame ret=0
encode_get_packet ret=0 handle=0xae9cf958 expected=0xae9cf958
vendor packet: mpi_buf_id=177 len=6822 buf_size=1495040 offset=513920 data_num=1 flag=0x00000000 pts=1385
valloc packet buffer: mpi_buf_id=177 dma_buf_fd=11 size=0
H264 first bytes: 00 00 00 01 41 e0 00 a0 01 46 07 f0 13 9d 0b 38
encode_release_packet ret=0
MP4 frame 1386/1500: sequence=1390 pts=55400000 us key=0 nv12=4478976 h264=6822 acquire=13.065 ms encode=26.787 ms mux=0.115 ms
start encode NV12 with RV1106 vendor packet ABI, frame=1386
encode_put_frame ret=0
encode_get_packet ret=0 handle=0xae9cf958 expected=0xae9cf958
vendor packet: mpi_buf_id=177 len=6897 buf_size=1495040 offset=520832 data_num=1 flag=0x00000000 pts=1386
valloc packet buffer: mpi_buf_id=177 dma_buf_fd=11 size=0
H264 first bytes: 00 00 00 01 41 e0 00 c0 01 86 07 f0 45 4e 04 0b
encode_release_packet ret=0
MP4 frame 1387/1500: sequence=1391 pts=55440000 us key=0 nv12=4478976 h264=6897 acquire=12.613 ms encode=26.248 ms mux=0.116 ms
start encode NV12 with RV1106 vendor packet ABI, frame=1387
encode_put_frame ret=0
encode_get_packet ret=0 handle=0xae9cf958 expected=0xae9cf958
vendor packet: mpi_buf_id=177 len=10070 buf_size=1495040 offset=527744 data_num=1 flag=0x00000000 pts=1387
valloc packet buffer: mpi_buf_id=177 dma_buf_fd=11 size=0
H264 first bytes: 00 00 00 01 41 e0 00 e0 01 c6 02 3c 25 36 02 1e
encode_release_packet ret=0
MP4 frame 1388/1500: sequence=1392 pts=55480000 us key=0 nv12=4478976 h264=10070 acquire=13.147 ms encode=26.970 ms mux=0.148 ms
start encode NV12 with RV1106 vendor packet ABI, frame=1388
encode_put_frame ret=0
encode_get_packet ret=0 handle=0xae9cf958 expected=0xae9cf958
vendor packet: mpi_buf_id=177 len=6424 buf_size=1495040 offset=537856 data_num=1 flag=0x00000000 pts=1388
valloc packet buffer: mpi_buf_id=177 dma_buf_fd=11 size=0
H264 first bytes: 00 00 00 01 41 e0 01 00 02 06 07 f0 71 3a 8e 98
encode_release_packet ret=0
MP4 frame 1389/1500: sequence=1393 pts=55520000 us key=0 nv12=4478976 h264=6424 acquire=12.400 ms encode=26.215 ms mux=0.116 ms
start encode NV12 with RV1106 vendor packet ABI, frame=1389
encode_put_frame ret=0
encode_get_packet ret=0 handle=0xae9cf958 expected=0xae9cf958
vendor packet: mpi_buf_id=177 len=9431 buf_size=1495040 offset=544384 data_num=1 flag=0x00000000 pts=1389
valloc packet buffer: mpi_buf_id=177 dma_buf_fd=11 size=0
H264 first bytes: 00 00 00 01 41 e0 01 20 02 46 02 3c 31 3e 04 b9
encode_release_packet ret=0
MP4 frame 1390/1500: sequence=1394 pts=55560000 us key=0 nv12=4478976 h264=9431 acquire=13.186 ms encode=26.836 ms mux=0.143 ms
start encode NV12 with RV1106 vendor packet ABI, frame=1390
encode_put_frame ret=0
encode_get_packet ret=0 handle=0xae9cf958 expected=0xae9cf958
vendor packet: mpi_buf_id=177 len=8960 buf_size=1495040 offset=553856 data_num=1 flag=0x00000000 pts=1390
valloc packet buffer: mpi_buf_id=177 dma_buf_fd=11 size=0
H264 first bytes: 00 00 00 01 41 e0 01 40 02 86 02 3c 09 13 41 38
encode_release_packet ret=0
MP4 frame 1391/1500: sequence=1395 pts=55600000 us key=0 nv12=4478976 h264=8960 acquire=12.535 ms encode=26.203 ms mux=0.141 ms
start encode NV12 with RV1106 vendor packet ABI, frame=1391
encode_put_frame ret=0
encode_get_packet ret=0 handle=0xae9cf958 expected=0xae9cf958
vendor packet: mpi_buf_id=177 len=9064 buf_size=1495040 offset=562816 data_num=1 flag=0x00000000 pts=1391
valloc packet buffer: mpi_buf_id=177 dma_buf_fd=11 size=0
H264 first bytes: 00 00 00 01 41 e0 01 60 02 c6 02 3c 21 46 80 8c
encode_release_packet ret=0
MP4 frame 1392/1500: sequence=1396 pts=55640000 us key=0 nv12=4478976 h264=9064 acquire=13.168 ms encode=26.935 ms mux=0.138 ms
start encode NV12 with RV1106 vendor packet ABI, frame=1392
encode_put_frame ret=0
encode_get_packet ret=0 handle=0xae9cf958 expected=0xae9cf958
vendor packet: mpi_buf_id=177 len=9256 buf_size=1495040 offset=571904 data_num=1 flag=0x00000000 pts=1392
valloc packet buffer: mpi_buf_id=177 dma_buf_fd=11 size=0
H264 first bytes: 00 00 00 01 41 e0 01 80 03 06 02 3c 31 31 e1 69
encode_release_packet ret=0
MP4 frame 1393/1500: sequence=1397 pts=55680000 us key=0 nv12=4478976 h264=9256 acquire=12.449 ms encode=26.195 ms mux=0.139 ms
start encode NV12 with RV1106 vendor packet ABI, frame=1393
encode_put_frame ret=0
encode_get_packet ret=0 handle=0xae9cf958 expected=0xae9cf958
vendor packet: mpi_buf_id=177 len=9007 buf_size=1495040 offset=581248 data_num=1 flag=0x00000000 pts=1393
valloc packet buffer: mpi_buf_id=177 dma_buf_fd=11 size=0
H264 first bytes: 00 00 00 01 41 e0 01 a0 03 46 02 3c 1b 52 10 26
encode_release_packet ret=0
MP4 frame 1394/1500: sequence=1398 pts=55720000 us key=0 nv12=4478976 h264=9007 acquire=13.175 ms encode=26.839 ms mux=0.136 ms
start encode NV12 with RV1106 vendor packet ABI, frame=1394
encode_put_frame ret=0
encode_get_packet ret=0 handle=0xae9cf958 expected=0xae9cf958
vendor packet: mpi_buf_id=177 len=9762 buf_size=1495040 offset=590336 data_num=1 flag=0x00000000 pts=1394
valloc packet buffer: mpi_buf_id=177 dma_buf_fd=11 size=0
H264 first bytes: 00 00 00 01 41 e0 01 c0 03 86 02 3c 3f a8 99 b0
encode_release_packet ret=0
MP4 frame 1395/1500: sequence=1399 pts=55760000 us key=0 nv12=4478976 h264=9762 acquire=12.542 ms encode=26.226 ms mux=0.150 ms
start encode NV12 with RV1106 vendor packet ABI, frame=1395
encode_put_frame ret=0
encode_get_packet ret=0 handle=0xae9cf958 expected=0xae9cf958
vendor packet: mpi_buf_id=177 len=9954 buf_size=1495040 offset=600192 data_num=1 flag=0x00000000 pts=1395
valloc packet buffer: mpi_buf_id=177 dma_buf_fd=11 size=0
H264 first bytes: 00 00 00 01 41 e0 01 e0 03 c6 02 3c 39 96 23 50
encode_release_packet ret=0
MP4 frame 1396/1500: sequence=1400 pts=55800000 us key=0 nv12=4478976 h264=9954 acquire=13.024 ms encode=26.817 ms mux=0.147 ms
start encode NV12 with RV1106 vendor packet ABI, frame=1396
encode_put_frame ret=0
encode_get_packet ret=0 handle=0xae9cf958 expected=0xae9cf958
vendor packet: mpi_buf_id=177 len=9817 buf_size=1495040 offset=610176 data_num=1 flag=0x00000000 pts=1396
valloc packet buffer: mpi_buf_id=177 dma_buf_fd=11 size=0
H264 first bytes: 00 00 00 01 41 e0 02 00 04 06 02 3c 06 05 b4 2d
encode_release_packet ret=0
MP4 frame 1397/1500: sequence=1401 pts=55840000 us key=0 nv12=4478976 h264=9817 acquire=12.549 ms encode=26.239 ms mux=0.149 ms
start encode NV12 with RV1106 vendor packet ABI, frame=1397
encode_put_frame ret=0
encode_get_packet ret=0 handle=0xae9cf958 expected=0xae9cf958
vendor packet: mpi_buf_id=177 len=9665 buf_size=1495040 offset=620032 data_num=1 flag=0x00000000 pts=1397
valloc packet buffer: mpi_buf_id=177 dma_buf_fd=11 size=0
H264 first bytes: 00 00 00 01 41 e0 02 20 04 46 02 3c 0e 17 80 a5
encode_release_packet ret=0
MP4 frame 1398/1500: sequence=1402 pts=55880000 us key=0 nv12=4478976 h264=9665 acquire=13.118 ms encode=26.782 ms mux=0.150 ms
start encode NV12 with RV1106 vendor packet ABI, frame=1398
encode_put_frame ret=0
encode_get_packet ret=0 handle=0xae9cf958 expected=0xae9cf958
vendor packet: mpi_buf_id=177 len=9454 buf_size=1495040 offset=629760 data_num=1 flag=0x00000000 pts=1398
valloc packet buffer: mpi_buf_id=177 dma_buf_fd=11 size=0
H264 first bytes: 00 00 00 01 41 e0 02 40 04 86 02 3c 65 28 04 93
encode_release_packet ret=0
MP4 frame 1399/1500: sequence=1403 pts=55920000 us key=0 nv12=4478976 h264=9454 acquire=12.589 ms encode=26.275 ms mux=0.148 ms
start encode NV12 with RV1106 vendor packet ABI, frame=1399
encode_put_frame ret=0
encode_get_packet ret=0 handle=0xae9cf958 expected=0xae9cf958
vendor packet: mpi_buf_id=177 len=9593 buf_size=1495040 offset=639232 data_num=1 flag=0x00000000 pts=1399
valloc packet buffer: mpi_buf_id=177 dma_buf_fd=11 size=0
H264 first bytes: 00 00 00 01 41 e0 02 60 04 c6 02 3c 14 6a 02 1e
encode_release_packet ret=0
MP4 frame 1400/1500: sequence=1404 pts=55960000 us key=0 nv12=4478976 h264=9593 acquire=13.094 ms encode=26.864 ms mux=0.149 ms
start encode NV12 with RV1106 vendor packet ABI, frame=1400
encode_put_frame ret=0
encode_get_packet ret=0 handle=0xae9cf958 expected=0xae9cf958
vendor packet: mpi_buf_id=177 len=9604 buf_size=1495040 offset=648832 data_num=1 flag=0x00000000 pts=1400
valloc packet buffer: mpi_buf_id=177 dma_buf_fd=11 size=0
H264 first bytes: 00 00 00 01 41 e0 02 80 05 06 02 3c 06 ad b1 42
encode_release_packet ret=0
MP4 frame 1401/1500: sequence=1405 pts=56000000 us key=0 nv12=4478976 h264=9604 acquire=12.499 ms encode=26.232 ms mux=0.143 ms
start encode NV12 with RV1106 vendor packet ABI, frame=1401
encode_put_frame ret=0
encode_get_packet ret=0 handle=0xae9cf958 expected=0xae9cf958
vendor packet: mpi_buf_id=177 len=9608 buf_size=1495040 offset=658560 data_num=1 flag=0x00000000 pts=1401
valloc packet buffer: mpi_buf_id=177 dma_buf_fd=11 size=0
H264 first bytes: 00 00 00 01 41 e0 02 a0 05 46 02 3c 39 a8 2a 94
encode_release_packet ret=0
MP4 frame 1402/1500: sequence=1406 pts=56040000 us key=0 nv12=4478976 h264=9608 acquire=13.145 ms encode=26.877 ms mux=0.151 ms
start encode NV12 with RV1106 vendor packet ABI, frame=1402
encode_put_frame ret=0
encode_get_packet ret=0 handle=0xae9cf958 expected=0xae9cf958
vendor packet: mpi_buf_id=177 len=9569 buf_size=1495040 offset=668288 data_num=1 flag=0x00000000 pts=1402
valloc packet buffer: mpi_buf_id=177 dma_buf_fd=11 size=0
H264 first bytes: 00 00 00 01 41 e0 02 c0 05 86 02 3c 08 d3 9e 04
encode_release_packet ret=0
MP4 frame 1403/1500: sequence=1407 pts=56080000 us key=0 nv12=4478976 h264=9569 acquire=12.474 ms encode=26.444 ms mux=0.147 ms
start encode NV12 with RV1106 vendor packet ABI, frame=1403
encode_put_frame ret=0
encode_get_packet ret=0 handle=0xae9cf958 expected=0xae9cf958
vendor packet: mpi_buf_id=177 len=9264 buf_size=1495040 offset=677888 data_num=1 flag=0x00000000 pts=1403
valloc packet buffer: mpi_buf_id=177 dma_buf_fd=11 size=0
H264 first bytes: 00 00 00 01 41 e0 02 e0 05 c6 02 3c 0d 37 86 a4
encode_release_packet ret=0
MP4 frame 1404/1500: sequence=1408 pts=56120000 us key=0 nv12=4478976 h264=9264 acquire=12.927 ms encode=26.867 ms mux=0.144 ms
start encode NV12 with RV1106 vendor packet ABI, frame=1404
encode_put_frame ret=0
encode_get_packet ret=0 handle=0xae9cf958 expected=0xae9cf958
vendor packet: mpi_buf_id=177 len=8784 buf_size=1495040 offset=687232 data_num=1 flag=0x00000000 pts=1404
valloc packet buffer: mpi_buf_id=177 dma_buf_fd=11 size=0
H264 first bytes: 00 00 00 01 41 e0 03 00 06 06 02 3c 5d 28 08 99
encode_release_packet ret=0
MP4 frame 1405/1500: sequence=1409 pts=56160000 us key=0 nv12=4478976 h264=8784 acquire=12.511 ms encode=26.228 ms mux=0.138 ms
start encode NV12 with RV1106 vendor packet ABI, frame=1405
encode_put_frame ret=0
encode_get_packet ret=0 handle=0xae9cf958 expected=0xae9cf958
vendor packet: mpi_buf_id=177 len=9297 buf_size=1495040 offset=696064 data_num=1 flag=0x00000000 pts=1405
valloc packet buffer: mpi_buf_id=177 dma_buf_fd=11 size=0
H264 first bytes: 00 00 00 01 41 e0 03 20 06 46 02 3c 08 73 9a 02
encode_release_packet ret=0
MP4 frame 1406/1500: sequence=1410 pts=56200000 us key=0 nv12=4478976 h264=9297 acquire=13.139 ms encode=26.896 ms mux=0.150 ms
start encode NV12 with RV1106 vendor packet ABI, frame=1406
encode_put_frame ret=0
encode_get_packet ret=0 handle=0xae9cf958 expected=0xae9cf958
vendor packet: mpi_buf_id=177 len=15204 buf_size=1495040 offset=705408 data_num=1 flag=0x00000000 pts=1406
valloc packet buffer: mpi_buf_id=177 dma_buf_fd=11 size=0
H264 first bytes: 00 00 00 01 41 e0 03 40 06 86 02 7c 19 ce 81 60
encode_release_packet ret=0
MP4 frame 1407/1500: sequence=1411 pts=56240000 us key=0 nv12=4478976 h264=15204 acquire=12.473 ms encode=26.183 ms mux=0.207 ms
start encode NV12 with RV1106 vendor packet ABI, frame=1407
encode_put_frame ret=0
encode_get_packet ret=0 handle=0xae9cf958 expected=0xae9cf958
vendor packet: mpi_buf_id=177 len=9307 buf_size=1495040 offset=720640 data_num=1 flag=0x00000000 pts=1407
valloc packet buffer: mpi_buf_id=177 dma_buf_fd=11 size=0
H264 first bytes: 00 00 00 01 41 e0 03 60 06 c6 02 3c 0f 93 1e 0c
encode_release_packet ret=0
MP4 frame 1408/1500: sequence=1412 pts=56280000 us key=0 nv12=4478976 h264=9307 acquire=13.119 ms encode=26.820 ms mux=0.144 ms
start encode NV12 with RV1106 vendor packet ABI, frame=1408
encode_put_frame ret=0
encode_get_packet ret=0 handle=0xae9cf958 expected=0xae9cf958
vendor packet: mpi_buf_id=177 len=9534 buf_size=1495040 offset=729984 data_num=1 flag=0x00000000 pts=1408
valloc packet buffer: mpi_buf_id=177 dma_buf_fd=11 size=0
H264 first bytes: 00 00 00 01 41 e0 03 80 07 06 02 3c 1f cc e0 ee
encode_release_packet ret=0
MP4 frame 1409/1500: sequence=1413 pts=56320000 us key=0 nv12=4478976 h264=9534 acquire=12.550 ms encode=26.342 ms mux=1.055 ms
start encode NV12 with RV1106 vendor packet ABI, frame=1409
encode_put_frame ret=0
encode_get_packet ret=0 handle=0xae9cf958 expected=0xae9cf958
vendor packet: mpi_buf_id=177 len=9698 buf_size=1495040 offset=739584 data_num=1 flag=0x00000000 pts=1409
valloc packet buffer: mpi_buf_id=177 dma_buf_fd=11 size=0
H264 first bytes: 00 00 00 01 41 e0 03 a0 07 46 02 3c 17 4e 69 f2
encode_release_packet ret=0
MP4 frame 1410/1500: sequence=1414 pts=56360000 us key=0 nv12=4478976 h264=9698 acquire=12.111 ms encode=26.884 ms mux=0.150 ms
start encode NV12 with RV1106 vendor packet ABI, frame=1410
encode_put_frame ret=0
encode_get_packet ret=0 handle=0xae9cf958 expected=0xae9cf958
vendor packet: mpi_buf_id=177 len=230403 buf_size=1495040 offset=749312 data_num=1 flag=0x00000010 pts=1410
valloc packet buffer: mpi_buf_id=177 dma_buf_fd=11 size=0
H264 first bytes: 00 00 00 01 65 b8 00 00 40 00 00 0b f0 a4 48 a0
encode_release_packet ret=0
MP4 frame 1411/1500: sequence=1415 pts=56400000 us key=1 nv12=4478976 h264=230403 acquire=12.468 ms encode=26.304 ms mux=3.787 ms
start encode NV12 with RV1106 vendor packet ABI, frame=1411
encode_put_frame ret=0
encode_get_packet ret=0 handle=0xae9cf958 expected=0xae9cf958
vendor packet: mpi_buf_id=177 len=8447 buf_size=1495040 offset=979840 data_num=1 flag=0x00000000 pts=1411
valloc packet buffer: mpi_buf_id=177 dma_buf_fd=11 size=0
H264 first bytes: 00 00 00 01 41 e0 00 20 00 46 07 f0 85 aa bc 6d
encode_release_packet ret=0
MP4 frame 1412/1500: sequence=1416 pts=56440000 us key=0 nv12=4478976 h264=8447 acquire=9.417 ms encode=26.870 ms mux=0.131 ms
start encode NV12 with RV1106 vendor packet ABI, frame=1412
encode_put_frame ret=0
encode_get_packet ret=0 handle=0xae9cf958 expected=0xae9cf958
vendor packet: mpi_buf_id=177 len=12344 buf_size=1495040 offset=988288 data_num=1 flag=0x00000000 pts=1412
valloc packet buffer: mpi_buf_id=177 dma_buf_fd=11 size=0
H264 first bytes: 00 00 00 01 41 e0 00 40 00 86 02 3c 27 64 9a dc
encode_release_packet ret=0
MP4 frame 1413/1500: sequence=1417 pts=56480000 us key=0 nv12=4478976 h264=12344 acquire=12.491 ms encode=26.242 ms mux=0.170 ms
start encode NV12 with RV1106 vendor packet ABI, frame=1413
encode_put_frame ret=0
encode_get_packet ret=0 handle=0xae9cf958 expected=0xae9cf958
vendor packet: mpi_buf_id=177 len=11598 buf_size=1495040 offset=1000704 data_num=1 flag=0x00000000 pts=1413
valloc packet buffer: mpi_buf_id=177 dma_buf_fd=11 size=0
H264 first bytes: 00 00 00 01 41 e0 00 60 00 c6 02 3c 7e a1 4a 50
encode_release_packet ret=0
MP4 frame 1414/1500: sequence=1418 pts=56520000 us key=0 nv12=4478976 h264=11598 acquire=13.112 ms encode=26.870 ms mux=0.169 ms
start encode NV12 with RV1106 vendor packet ABI, frame=1414
encode_put_frame ret=0
encode_get_packet ret=0 handle=0xae9cf958 expected=0xae9cf958
vendor packet: mpi_buf_id=177 len=10517 buf_size=1495040 offset=1012352 data_num=1 flag=0x00000000 pts=1414
valloc packet buffer: mpi_buf_id=177 dma_buf_fd=11 size=0
H264 first bytes: 00 00 00 01 41 e0 00 80 01 06 02 3c 0c d3 61 49
encode_release_packet ret=0
MP4 frame 1415/1500: sequence=1419 pts=56560000 us key=0 nv12=4478976 h264=10517 acquire=12.466 ms encode=26.294 ms mux=0.153 ms
start encode NV12 with RV1106 vendor packet ABI, frame=1415
encode_put_frame ret=0
encode_get_packet ret=0 handle=0xae9cf958 expected=0xae9cf958
vendor packet: mpi_buf_id=177 len=10729 buf_size=1495040 offset=1022976 data_num=1 flag=0x00000000 pts=1415
valloc packet buffer: mpi_buf_id=177 dma_buf_fd=11 size=0
H264 first bytes: 00 00 00 01 41 e0 00 a0 01 46 02 3c 39 47 81 43
encode_release_packet ret=0
MP4 frame 1416/1500: sequence=1420 pts=56600000 us key=0 nv12=4478976 h264=10729 acquire=13.073 ms encode=26.847 ms mux=0.163 ms
start encode NV12 with RV1106 vendor packet ABI, frame=1416
encode_put_frame ret=0
encode_get_packet ret=0 handle=0xae9cf958 expected=0xae9cf958
vendor packet: mpi_buf_id=177 len=7304 buf_size=1495040 offset=1033728 data_num=1 flag=0x00000000 pts=1416
valloc packet buffer: mpi_buf_id=177 dma_buf_fd=11 size=0
H264 first bytes: 00 00 00 01 41 e0 00 c0 01 86 07 f0 fd a8 9c f0
encode_release_packet ret=0
MP4 frame 1417/1500: sequence=1421 pts=56640000 us key=0 nv12=4478976 h264=7304 acquire=12.501 ms encode=26.215 ms mux=0.139 ms
start encode NV12 with RV1106 vendor packet ABI, frame=1417
encode_put_frame ret=0
encode_get_packet ret=0 handle=0xae9cf958 expected=0xae9cf958
vendor packet: mpi_buf_id=177 len=10391 buf_size=1495040 offset=1041152 data_num=1 flag=0x00000000 pts=1417
valloc packet buffer: mpi_buf_id=177 dma_buf_fd=11 size=0
H264 first bytes: 00 00 00 01 41 e0 00 e0 01 c6 02 3c 23 36 01 13
encode_release_packet ret=0
MP4 frame 1418/1500: sequence=1422 pts=56680000 us key=0 nv12=4478976 h264=10391 acquire=13.149 ms encode=26.853 ms mux=0.152 ms
start encode NV12 with RV1106 vendor packet ABI, frame=1418
encode_put_frame ret=0
encode_get_packet ret=0 handle=0xae9cf958 expected=0xae9cf958
vendor packet: mpi_buf_id=177 len=10039 buf_size=1495040 offset=1051648 data_num=1 flag=0x00000000 pts=1418
valloc packet buffer: mpi_buf_id=177 dma_buf_fd=11 size=0
H264 first bytes: 00 00 00 01 41 e0 01 00 02 06 02 3c 0f d9 6e d4
encode_release_packet ret=0
MP4 frame 1419/1500: sequence=1423 pts=56720000 us key=0 nv12=4478976 h264=10039 acquire=12.507 ms encode=26.300 ms mux=0.151 ms
start encode NV12 with RV1106 vendor packet ABI, frame=1419
encode_put_frame ret=0
encode_get_packet ret=0 handle=0xae9cf958 expected=0xae9cf958
vendor packet: mpi_buf_id=177 len=10454 buf_size=1495040 offset=1061760 data_num=1 flag=0x00000000 pts=1419
valloc packet buffer: mpi_buf_id=177 dma_buf_fd=11 size=0
H264 first bytes: 00 00 00 01 41 e0 01 20 02 46 02 3c 10 59 e0 86
encode_release_packet ret=0
MP4 frame 1420/1500: sequence=1424 pts=56760000 us key=0 nv12=4478976 h264=10454 acquire=13.068 ms encode=26.858 ms mux=0.155 ms
start encode NV12 with RV1106 vendor packet ABI, frame=1420
encode_put_frame ret=0
encode_get_packet ret=0 handle=0xae9cf958 expected=0xae9cf958
vendor packet: mpi_buf_id=177 len=6917 buf_size=1495040 offset=1072256 data_num=1 flag=0x00000000 pts=1420
valloc packet buffer: mpi_buf_id=177 dma_buf_fd=11 size=0
H264 first bytes: 00 00 00 01 41 e0 01 40 02 86 07 f0 4b 9a 0b ba
encode_release_packet ret=0
MP4 frame 1421/1500: sequence=1425 pts=56800000 us key=0 nv12=4478976 h264=6917 acquire=12.487 ms encode=26.260 ms mux=0.123 ms
start encode NV12 with RV1106 vendor packet ABI, frame=1421
encode_put_frame ret=0
encode_get_packet ret=0 handle=0xae9cf958 expected=0xae9cf958
vendor packet: mpi_buf_id=177 len=9060 buf_size=1495040 offset=1079296 data_num=1 flag=0x00000000 pts=1421
valloc packet buffer: mpi_buf_id=177 dma_buf_fd=11 size=0
H264 first bytes: 00 00 00 01 41 e0 01 60 02 c6 02 3c 29 36 11 cd
encode_release_packet ret=0
MP4 frame 1422/1500: sequence=1426 pts=56840000 us key=0 nv12=4478976 h264=9060 acquire=13.137 ms encode=26.802 ms mux=0.140 ms
start encode NV12 with RV1106 vendor packet ABI, frame=1422
encode_put_frame ret=0
encode_get_packet ret=0 handle=0xae9cf958 expected=0xae9cf958
vendor packet: mpi_buf_id=177 len=8999 buf_size=1495040 offset=1088384 data_num=1 flag=0x00000000 pts=1422
valloc packet buffer: mpi_buf_id=177 dma_buf_fd=11 size=0
H264 first bytes: 00 00 00 01 41 e0 01 80 03 06 02 3c 1f 64 28 95
encode_release_packet ret=0
MP4 frame 1423/1500: sequence=1427 pts=56880000 us key=0 nv12=4478976 h264=8999 acquire=12.574 ms encode=26.187 ms mux=0.137 ms
start encode NV12 with RV1106 vendor packet ABI, frame=1423
encode_put_frame ret=0
encode_get_packet ret=0 handle=0xae9cf958 expected=0xae9cf958
vendor packet: mpi_buf_id=177 len=9363 buf_size=1495040 offset=1097472 data_num=1 flag=0x00000000 pts=1423
valloc packet buffer: mpi_buf_id=177 dma_buf_fd=11 size=0
H264 first bytes: 00 00 00 01 41 e0 01 a0 03 46 02 3c 93 38 56 57
encode_release_packet ret=0
MP4 frame 1424/1500: sequence=1428 pts=56920000 us key=0 nv12=4478976 h264=9363 acquire=13.190 ms encode=26.851 ms mux=0.144 ms
start encode NV12 with RV1106 vendor packet ABI, frame=1424
encode_put_frame ret=0
encode_get_packet ret=0 handle=0xae9cf958 expected=0xae9cf958
vendor packet: mpi_buf_id=177 len=8889 buf_size=1495040 offset=1106944 data_num=1 flag=0x00000000 pts=1424
valloc packet buffer: mpi_buf_id=177 dma_buf_fd=11 size=0
H264 first bytes: 00 00 00 01 41 e0 01 c0 03 86 02 3c 10 ce 49 e5
encode_release_packet ret=0
MP4 frame 1425/1500: sequence=1429 pts=56960000 us key=0 nv12=4478976 h264=8889 acquire=12.512 ms encode=26.334 ms mux=0.134 ms
start encode NV12 with RV1106 vendor packet ABI, frame=1425
encode_put_frame ret=0
encode_get_packet ret=0 handle=0xae9cf958 expected=0xae9cf958
vendor packet: mpi_buf_id=177 len=8983 buf_size=1495040 offset=1115904 data_num=1 flag=0x00000000 pts=1425
valloc packet buffer: mpi_buf_id=177 dma_buf_fd=11 size=0
H264 first bytes: 00 00 00 01 41 e0 01 e0 03 c6 02 3c 0d 92 60 c3
encode_release_packet ret=0
MP4 frame 1426/1500: sequence=1430 pts=57000000 us key=0 nv12=4478976 h264=8983 acquire=13.055 ms encode=26.900 ms mux=0.144 ms
start encode NV12 with RV1106 vendor packet ABI, frame=1426
encode_put_frame ret=0
encode_get_packet ret=0 handle=0xae9cf958 expected=0xae9cf958
vendor packet: mpi_buf_id=177 len=9045 buf_size=1495040 offset=1124992 data_num=1 flag=0x00000000 pts=1426
valloc packet buffer: mpi_buf_id=177 dma_buf_fd=11 size=0
H264 first bytes: 00 00 00 01 41 e0 02 00 04 06 02 3c 0f d3 61 79
encode_release_packet ret=0
MP4 frame 1427/1500: sequence=1431 pts=57040000 us key=0 nv12=4478976 h264=9045 acquire=12.356 ms encode=26.257 ms mux=0.143 ms
start encode NV12 with RV1106 vendor packet ABI, frame=1427
encode_put_frame ret=0
encode_get_packet ret=0 handle=0xae9cf958 expected=0xae9cf958
vendor packet: mpi_buf_id=177 len=9524 buf_size=1495040 offset=1134080 data_num=1 flag=0x00000000 pts=1427
valloc packet buffer: mpi_buf_id=177 dma_buf_fd=11 size=0
H264 first bytes: 00 00 00 01 41 e0 02 20 04 46 02 3d 52 9b 82 51
encode_release_packet ret=0
MP4 frame 1428/1500: sequence=1432 pts=57080000 us key=0 nv12=4478976 h264=9524 acquire=13.108 ms encode=26.815 ms mux=0.140 ms
start encode NV12 with RV1106 vendor packet ABI, frame=1428
encode_put_frame ret=0
encode_get_packet ret=0 handle=0xae9cf958 expected=0xae9cf958
vendor packet: mpi_buf_id=177 len=9344 buf_size=1495040 offset=1143680 data_num=1 flag=0x00000000 pts=1428
valloc packet buffer: mpi_buf_id=177 dma_buf_fd=11 size=0
H264 first bytes: 00 00 00 01 41 e0 02 40 04 86 02 3c 27 3e b3 c1
encode_release_packet ret=0
MP4 frame 1429/1500: sequence=1433 pts=57120000 us key=0 nv12=4478976 h264=9344 acquire=12.551 ms encode=26.199 ms mux=0.144 ms
start encode NV12 with RV1106 vendor packet ABI, frame=1429
encode_put_frame ret=0
encode_get_packet ret=0 handle=0xae9cf958 expected=0xae9cf958
vendor packet: mpi_buf_id=177 len=9403 buf_size=1495040 offset=1153024 data_num=1 flag=0x00000000 pts=1429
valloc packet buffer: mpi_buf_id=177 dma_buf_fd=11 size=0
H264 first bytes: 00 00 00 01 41 e0 02 60 04 c6 02 3c 0c 13 10 50
encode_release_packet ret=0
MP4 frame 1430/1500: sequence=1434 pts=57160000 us key=0 nv12=4478976 h264=9403 acquire=13.173 ms encode=26.849 ms mux=0.143 ms
start encode NV12 with RV1106 vendor packet ABI, frame=1430
encode_put_frame ret=0
encode_get_packet ret=0 handle=0xae9cf958 expected=0xae9cf958
vendor packet: mpi_buf_id=177 len=9254 buf_size=1495040 offset=1162496 data_num=1 flag=0x00000000 pts=1430
valloc packet buffer: mpi_buf_id=177 dma_buf_fd=11 size=0
H264 first bytes: 00 00 00 01 41 e0 02 80 05 06 02 3c 39 6a 02 22
encode_release_packet ret=0
MP4 frame 1431/1500: sequence=1435 pts=57200000 us key=0 nv12=4478976 h264=9254 acquire=12.518 ms encode=26.235 ms mux=0.141 ms
start encode NV12 with RV1106 vendor packet ABI, frame=1431
encode_put_frame ret=0
encode_get_packet ret=0 handle=0xae9cf958 expected=0xae9cf958
vendor packet: mpi_buf_id=177 len=9412 buf_size=1495040 offset=1171840 data_num=1 flag=0x00000000 pts=1431
valloc packet buffer: mpi_buf_id=177 dma_buf_fd=11 size=0
H264 first bytes: 00 00 00 01 41 e0 02 a0 05 46 02 3c 08 94 98 9e
encode_release_packet ret=0
MP4 frame 1432/1500: sequence=1436 pts=57240000 us key=0 nv12=4478976 h264=9412 acquire=13.141 ms encode=26.781 ms mux=0.138 ms
start encode NV12 with RV1106 vendor packet ABI, frame=1432
encode_put_frame ret=0
encode_get_packet ret=0 handle=0xae9cf958 expected=0xae9cf958
vendor packet: mpi_buf_id=177 len=9149 buf_size=1495040 offset=1181312 data_num=1 flag=0x00000000 pts=1432
valloc packet buffer: mpi_buf_id=177 dma_buf_fd=11 size=0
H264 first bytes: 00 00 00 01 41 e0 02 c0 05 86 02 3c 18 e6 81 3a
encode_release_packet ret=0
MP4 frame 1433/1500: sequence=1437 pts=57280000 us key=0 nv12=4478976 h264=9149 acquire=12.600 ms encode=26.221 ms mux=0.146 ms
start encode NV12 with RV1106 vendor packet ABI, frame=1433
encode_put_frame ret=0
encode_get_packet ret=0 handle=0xae9cf958 expected=0xae9cf958
vendor packet: mpi_buf_id=177 len=9539 buf_size=1495040 offset=1190528 data_num=1 flag=0x00000000 pts=1433
valloc packet buffer: mpi_buf_id=177 dma_buf_fd=11 size=0
H264 first bytes: 00 00 00 01 41 e0 02 e0 05 c6 02 3c 08 12 9a 04
encode_release_packet ret=0
MP4 frame 1434/1500: sequence=1438 pts=57320000 us key=0 nv12=4478976 h264=9539 acquire=13.145 ms encode=26.972 ms mux=0.147 ms
start encode NV12 with RV1106 vendor packet ABI, frame=1434
encode_put_frame ret=0
encode_get_packet ret=0 handle=0xae9cf958 expected=0xae9cf958
vendor packet: mpi_buf_id=177 len=9487 buf_size=1495040 offset=1200128 data_num=1 flag=0x00000000 pts=1434
valloc packet buffer: mpi_buf_id=177 dma_buf_fd=11 size=0
H264 first bytes: 00 00 00 01 41 e0 03 00 06 06 02 3c 3d 26 69 cf
encode_release_packet ret=0
MP4 frame 1435/1500: sequence=1439 pts=57360000 us key=0 nv12=4478976 h264=9487 acquire=12.396 ms encode=26.199 ms mux=0.141 ms
start encode NV12 with RV1106 vendor packet ABI, frame=1435
encode_put_frame ret=0
encode_get_packet ret=0 handle=0xae9cf958 expected=0xae9cf958
vendor packet: mpi_buf_id=177 len=8816 buf_size=1495040 offset=1209728 data_num=1 flag=0x00000000 pts=1435
valloc packet buffer: mpi_buf_id=177 dma_buf_fd=11 size=0
H264 first bytes: 00 00 00 01 41 e0 03 20 06 46 02 3c 3d a8 24 d4
encode_release_packet ret=0
MP4 frame 1436/1500: sequence=1440 pts=57400000 us key=0 nv12=4478976 h264=8816 acquire=13.163 ms encode=26.929 ms mux=0.135 ms
start encode NV12 with RV1106 vendor packet ABI, frame=1436
encode_put_frame ret=0
encode_get_packet ret=0 handle=0xae9cf958 expected=0xae9cf958
vendor packet: mpi_buf_id=177 len=15074 buf_size=1495040 offset=1218560 data_num=1 flag=0x00000000 pts=1436
valloc packet buffer: mpi_buf_id=177 dma_buf_fd=11 size=0
H264 first bytes: 00 00 00 01 41 e0 03 40 06 86 02 7c 0d 73 44 89
encode_release_packet ret=0
MP4 frame 1437/1500: sequence=1441 pts=57440000 us key=0 nv12=4478976 h264=15074 acquire=12.452 ms encode=26.248 ms mux=0.201 ms
start encode NV12 with RV1106 vendor packet ABI, frame=1437
encode_put_frame ret=0
encode_get_packet ret=0 handle=0xae9cf958 expected=0xae9cf958
vendor packet: mpi_buf_id=177 len=6337 buf_size=1495040 offset=1233664 data_num=1 flag=0x00000000 pts=1437
valloc packet buffer: mpi_buf_id=177 dma_buf_fd=11 size=0
H264 first bytes: 00 00 00 01 41 e0 03 60 06 c6 07 f0 19 79 e0 4d
encode_release_packet ret=0
MP4 frame 1438/1500: sequence=1442 pts=57480000 us key=0 nv12=4478976 h264=6337 acquire=13.072 ms encode=26.830 ms mux=0.111 ms
start encode NV12 with RV1106 vendor packet ABI, frame=1438
encode_put_frame ret=0
encode_get_packet ret=0 handle=0xae9cf958 expected=0xae9cf958
vendor packet: mpi_buf_id=177 len=9312 buf_size=1495040 offset=1240064 data_num=1 flag=0x00000000 pts=1438
valloc packet buffer: mpi_buf_id=177 dma_buf_fd=11 size=0
H264 first bytes: 00 00 00 01 41 e0 03 80 07 06 02 3c 12 5a 86 27
encode_release_packet ret=0
MP4 frame 1439/1500: sequence=1443 pts=57520000 us key=0 nv12=4478976 h264=9312 acquire=12.565 ms encode=26.232 ms mux=0.932 ms
start encode NV12 with RV1106 vendor packet ABI, frame=1439
encode_put_frame ret=0
encode_get_packet ret=0 handle=0xae9cf958 expected=0xae9cf958
vendor packet: mpi_buf_id=177 len=9374 buf_size=1495040 offset=1249408 data_num=1 flag=0x00000000 pts=1439
valloc packet buffer: mpi_buf_id=177 dma_buf_fd=11 size=0
H264 first bytes: 00 00 00 01 41 e0 03 a0 07 46 02 3d ce e0 20 e7
encode_release_packet ret=0
MP4 frame 1440/1500: sequence=1444 pts=57560000 us key=0 nv12=4478976 h264=9374 acquire=12.347 ms encode=26.794 ms mux=0.138 ms
start encode NV12 with RV1106 vendor packet ABI, frame=1440
encode_put_frame ret=0
encode_get_packet ret=0 handle=0xae9cf958 expected=0xae9cf958
vendor packet: mpi_buf_id=177 len=231283 buf_size=1495040 offset=1258880 data_num=1 flag=0x00000010 pts=1440
valloc packet buffer: mpi_buf_id=177 dma_buf_fd=11 size=0
H264 first bytes: 00 00 00 01 65 b8 00 04 00 00 0b f0 a4 48 90 00
encode_release_packet ret=0
MP4 frame 1441/1500: sequence=1445 pts=57600000 us key=1 nv12=4478976 h264=231283 acquire=12.568 ms encode=26.310 ms mux=3.574 ms
start encode NV12 with RV1106 vendor packet ABI, frame=1441
encode_put_frame ret=0
encode_get_packet ret=0 handle=0xae9cf958 expected=0xae9cf958
vendor packet: mpi_buf_id=177 len=12679 buf_size=1495040 offset=1490176 data_num=1 flag=0x00000000 pts=1441
valloc packet buffer: mpi_buf_id=177 dma_buf_fd=11 size=0
H264 first bytes: 00 00 00 01 41 e0 00 20 00 46 02 3c 2b 96 79 72
encode_release_packet ret=0
MP4 frame 1442/1500: sequence=1446 pts=57640000 us key=0 nv12=4478976 h264=12679 acquire=9.629 ms encode=27.022 ms mux=0.174 ms
start encode NV12 with RV1106 vendor packet ABI, frame=1442
encode_put_frame ret=0
encode_get_packet ret=0 handle=0xae9cf958 expected=0xae9cf958
vendor packet: mpi_buf_id=177 len=8499 buf_size=1495040 offset=7936 data_num=1 flag=0x00000000 pts=1442
valloc packet buffer: mpi_buf_id=177 dma_buf_fd=11 size=0
H264 first bytes: 00 00 00 01 41 e0 00 40 00 86 07 f0 4b 3b 93 24
encode_release_packet ret=0
MP4 frame 1443/1500: sequence=1447 pts=57680000 us key=0 nv12=4478976 h264=8499 acquire=12.295 ms encode=26.189 ms mux=0.134 ms
start encode NV12 with RV1106 vendor packet ABI, frame=1443
encode_put_frame ret=0
encode_get_packet ret=0 handle=0xae9cf958 expected=0xae9cf958
vendor packet: mpi_buf_id=177 len=7574 buf_size=1495040 offset=16512 data_num=1 flag=0x00000000 pts=1443
valloc packet buffer: mpi_buf_id=177 dma_buf_fd=11 size=0
H264 first bytes: 00 00 00 01 41 e0 00 60 00 c6 07 f0 4d 9a 17 93
encode_release_packet ret=0
MP4 frame 1444/1500: sequence=1448 pts=57720000 us key=0 nv12=4478976 h264=7574 acquire=13.193 ms encode=26.845 ms mux=0.126 ms
start encode NV12 with RV1106 vendor packet ABI, frame=1444
encode_put_frame ret=0
encode_get_packet ret=0 handle=0xae9cf958 expected=0xae9cf958
vendor packet: mpi_buf_id=177 len=10713 buf_size=1495040 offset=24192 data_num=1 flag=0x00000000 pts=1444
valloc packet buffer: mpi_buf_id=177 dma_buf_fd=11 size=0
H264 first bytes: 00 00 00 01 41 e0 00 80 01 06 02 3d 4a a0 92 8f
encode_release_packet ret=0
MP4 frame 1445/1500: sequence=1449 pts=57760000 us key=0 nv12=4478976 h264=10713 acquire=12.538 ms encode=26.242 ms mux=0.160 ms
start encode NV12 with RV1106 vendor packet ABI, frame=1445
encode_put_frame ret=0
encode_get_packet ret=0 handle=0xae9cf958 expected=0xae9cf958
vendor packet: mpi_buf_id=177 len=7194 buf_size=1495040 offset=34944 data_num=1 flag=0x00000000 pts=1445
valloc packet buffer: mpi_buf_id=177 dma_buf_fd=11 size=0
H264 first bytes: 00 00 00 01 41 e0 00 a0 01 46 07 f0 73 32 81 33
encode_release_packet ret=0
MP4 frame 1446/1500: sequence=1450 pts=57800000 us key=0 nv12=4478976 h264=7194 acquire=13.113 ms encode=26.849 ms mux=0.120 ms
start encode NV12 with RV1106 vendor packet ABI, frame=1446
encode_put_frame ret=0
encode_get_packet ret=0 handle=0xae9cf958 expected=0xae9cf958
vendor packet: mpi_buf_id=177 len=7084 buf_size=1495040 offset=42240 data_num=1 flag=0x00000000 pts=1446
valloc packet buffer: mpi_buf_id=177 dma_buf_fd=11 size=0
H264 first bytes: 00 00 00 01 41 e0 00 c0 01 86 07 f0 3e 4d bc f7
encode_release_packet ret=0
MP4 frame 1447/1500: sequence=1451 pts=57840000 us key=0 nv12=4478976 h264=7084 acquire=12.548 ms encode=26.325 ms mux=0.122 ms
start encode NV12 with RV1106 vendor packet ABI, frame=1447
encode_put_frame ret=0
encode_get_packet ret=0 handle=0xae9cf958 expected=0xae9cf958
vendor packet: mpi_buf_id=177 len=6487 buf_size=1495040 offset=49408 data_num=1 flag=0x00000000 pts=1447
valloc packet buffer: mpi_buf_id=177 dma_buf_fd=11 size=0
H264 first bytes: 00 00 00 01 41 e0 00 e0 01 c6 07 f0 c5 b8 15 29
encode_release_packet ret=0
MP4 frame 1448/1500: sequence=1452 pts=57880000 us key=0 nv12=4478976 h264=6487 acquire=13.067 ms encode=26.840 ms mux=0.117 ms
start encode NV12 with RV1106 vendor packet ABI, frame=1448
encode_put_frame ret=0
encode_get_packet ret=0 handle=0xae9cf958 expected=0xae9cf958
vendor packet: mpi_buf_id=177 len=6177 buf_size=1495040 offset=55936 data_num=1 flag=0x00000000 pts=1448
valloc packet buffer: mpi_buf_id=177 dma_buf_fd=11 size=0
H264 first bytes: 00 00 00 01 41 e0 01 00 02 06 07 f0 49 26 0b 69
encode_release_packet ret=0
MP4 frame 1449/1500: sequence=1453 pts=57920000 us key=0 nv12=4478976 h264=6177 acquire=12.546 ms encode=26.237 ms mux=0.114 ms
start encode NV12 with RV1106 vendor packet ABI, frame=1449
encode_put_frame ret=0
encode_get_packet ret=0 handle=0xae9cf958 expected=0xae9cf958
vendor packet: mpi_buf_id=177 len=9320 buf_size=1495040 offset=62208 data_num=1 flag=0x00000000 pts=1449
valloc packet buffer: mpi_buf_id=177 dma_buf_fd=11 size=0
H264 first bytes: 00 00 00 01 41 e0 01 20 02 46 02 3c 17 cc 78 52
encode_release_packet ret=0
MP4 frame 1450/1500: sequence=1454 pts=57960000 us key=0 nv12=4478976 h264=9320 acquire=13.063 ms encode=26.822 ms mux=0.143 ms
start encode NV12 with RV1106 vendor packet ABI, frame=1450
encode_put_frame ret=0
encode_get_packet ret=0 handle=0xae9cf958 expected=0xae9cf958
vendor packet: mpi_buf_id=177 len=6264 buf_size=1495040 offset=71552 data_num=1 flag=0x00000000 pts=1450
valloc packet buffer: mpi_buf_id=177 dma_buf_fd=11 size=0
H264 first bytes: 00 00 00 01 41 e0 01 40 02 86 07 f0 25 d6 02 06
encode_release_packet ret=0
MP4 frame 1451/1500: sequence=1455 pts=58000000 us key=0 nv12=4478976 h264=6264 acquire=12.557 ms encode=26.249 ms mux=0.109 ms
start encode NV12 with RV1106 vendor packet ABI, frame=1451
encode_put_frame ret=0
encode_get_packet ret=0 handle=0xae9cf958 expected=0xae9cf958
vendor packet: mpi_buf_id=177 len=8739 buf_size=1495040 offset=77824 data_num=1 flag=0x00000000 pts=1451
valloc packet buffer: mpi_buf_id=177 dma_buf_fd=11 size=0
H264 first bytes: 00 00 00 01 41 e0 01 60 02 c6 02 3c 11 56 06 19
encode_release_packet ret=0
MP4 frame 1452/1500: sequence=1456 pts=58040000 us key=0 nv12=4478976 h264=8739 acquire=13.147 ms encode=26.839 ms mux=0.135 ms
start encode NV12 with RV1106 vendor packet ABI, frame=1452
encode_put_frame ret=0
encode_get_packet ret=0 handle=0xae9cf958 expected=0xae9cf958
vendor packet: mpi_buf_id=177 len=9236 buf_size=1495040 offset=86656 data_num=1 flag=0x00000000 pts=1452
valloc packet buffer: mpi_buf_id=177 dma_buf_fd=11 size=0
H264 first bytes: 00 00 00 01 41 e0 01 80 03 06 02 3c 13 e4 80 99
encode_release_packet ret=0
MP4 frame 1453/1500: sequence=1457 pts=58080000 us key=0 nv12=4478976 h264=9236 acquire=12.539 ms encode=26.180 ms mux=0.140 ms
start encode NV12 with RV1106 vendor packet ABI, frame=1453
encode_put_frame ret=0
encode_get_packet ret=0 handle=0xae9cf958 expected=0xae9cf958
vendor packet: mpi_buf_id=177 len=8634 buf_size=1495040 offset=96000 data_num=1 flag=0x00000000 pts=1453
valloc packet buffer: mpi_buf_id=177 dma_buf_fd=11 size=0
H264 first bytes: 00 00 00 01 41 e0 01 a0 03 46 02 3c 10 d2 80 99
encode_release_packet ret=0
MP4 frame 1454/1500: sequence=1458 pts=58120000 us key=0 nv12=4478976 h264=8634 acquire=13.192 ms encode=26.873 ms mux=0.131 ms
start encode NV12 with RV1106 vendor packet ABI, frame=1454
encode_put_frame ret=0
encode_get_packet ret=0 handle=0xae9cf958 expected=0xae9cf958
vendor packet: mpi_buf_id=177 len=9177 buf_size=1495040 offset=104704 data_num=1 flag=0x00000000 pts=1454
valloc packet buffer: mpi_buf_id=177 dma_buf_fd=11 size=0
H264 first bytes: 00 00 00 01 41 e0 01 c0 03 86 02 3c 0e 39 e0 9f
encode_release_packet ret=0
MP4 frame 1455/1500: sequence=1459 pts=58160000 us key=0 nv12=4478976 h264=9177 acquire=12.517 ms encode=26.182 ms mux=0.142 ms
start encode NV12 with RV1106 vendor packet ABI, frame=1455
encode_put_frame ret=0
encode_get_packet ret=0 handle=0xae9cf958 expected=0xae9cf958
vendor packet: mpi_buf_id=177 len=8939 buf_size=1495040 offset=113920 data_num=1 flag=0x00000000 pts=1455
valloc packet buffer: mpi_buf_id=177 dma_buf_fd=11 size=0
H264 first bytes: 00 00 00 01 41 e0 01 e0 03 c6 02 3c 12 64 82 59
encode_release_packet ret=0
MP4 frame 1456/1500: sequence=1460 pts=58200000 us key=0 nv12=4478976 h264=8939 acquire=13.180 ms encode=26.762 ms mux=0.138 ms
start encode NV12 with RV1106 vendor packet ABI, frame=1456
encode_put_frame ret=0
encode_get_packet ret=0 handle=0xae9cf958 expected=0xae9cf958
vendor packet: mpi_buf_id=177 len=9200 buf_size=1495040 offset=122880 data_num=1 flag=0x00000000 pts=1456
valloc packet buffer: mpi_buf_id=177 dma_buf_fd=11 size=0
H264 first bytes: 00 00 00 01 41 e0 02 00 04 06 02 3c 96 78 34 93
encode_release_packet ret=0
MP4 frame 1457/1500: sequence=1461 pts=58240000 us key=0 nv12=4478976 h264=9200 acquire=12.614 ms encode=26.445 ms mux=0.143 ms
start encode NV12 with RV1106 vendor packet ABI, frame=1457
encode_put_frame ret=0
encode_get_packet ret=0 handle=0xae9cf958 expected=0xae9cf958
vendor packet: mpi_buf_id=177 len=9250 buf_size=1495040 offset=132096 data_num=1 flag=0x00000000 pts=1457
valloc packet buffer: mpi_buf_id=177 dma_buf_fd=11 size=0
H264 first bytes: 00 00 00 01 41 e0 02 20 04 46 02 3c 93 28 7a dc
encode_release_packet ret=0
MP4 frame 1458/1500: sequence=1462 pts=58280000 us key=0 nv12=4478976 h264=9250 acquire=12.917 ms encode=26.939 ms mux=0.145 ms
start encode NV12 with RV1106 vendor packet ABI, frame=1458
encode_put_frame ret=0
encode_get_packet ret=0 handle=0xae9cf958 expected=0xae9cf958
vendor packet: mpi_buf_id=177 len=8762 buf_size=1495040 offset=141440 data_num=1 flag=0x00000000 pts=1458
valloc packet buffer: mpi_buf_id=177 dma_buf_fd=11 size=0
H264 first bytes: 00 00 00 01 41 e0 02 40 04 86 02 3c da 82 7c f1
encode_release_packet ret=0
MP4 frame 1459/1500: sequence=1463 pts=58320000 us key=0 nv12=4478976 h264=8762 acquire=12.441 ms encode=26.212 ms mux=0.136 ms
start encode NV12 with RV1106 vendor packet ABI, frame=1459
encode_put_frame ret=0
encode_get_packet ret=0 handle=0xae9cf958 expected=0xae9cf958
vendor packet: mpi_buf_id=177 len=9259 buf_size=1495040 offset=150272 data_num=1 flag=0x00000000 pts=1459
valloc packet buffer: mpi_buf_id=177 dma_buf_fd=11 size=0
H264 first bytes: 00 00 00 01 41 e0 02 60 04 c6 02 3d 4c 68 4a 7c
encode_release_packet ret=0
MP4 frame 1460/1500: sequence=1464 pts=58360000 us key=0 nv12=4478976 h264=9259 acquire=13.158 ms encode=26.890 ms mux=0.140 ms
start encode NV12 with RV1106 vendor packet ABI, frame=1460
encode_put_frame ret=0
encode_get_packet ret=0 handle=0xae9cf958 expected=0xae9cf958
vendor packet: mpi_buf_id=177 len=6002 buf_size=1495040 offset=159616 data_num=1 flag=0x00000000 pts=1460
valloc packet buffer: mpi_buf_id=177 dma_buf_fd=11 size=0
H264 first bytes: 00 00 00 01 41 e0 02 80 05 06 07 f0 21 cd 81 8e
encode_release_packet ret=0
MP4 frame 1461/1500: sequence=1465 pts=58400000 us key=0 nv12=4478976 h264=6002 acquire=12.482 ms encode=26.280 ms mux=0.109 ms
start encode NV12 with RV1106 vendor packet ABI, frame=1461
encode_put_frame ret=0
encode_get_packet ret=0 handle=0xae9cf958 expected=0xae9cf958
vendor packet: mpi_buf_id=177 len=8940 buf_size=1495040 offset=165632 data_num=1 flag=0x00000000 pts=1461
valloc packet buffer: mpi_buf_id=177 dma_buf_fd=11 size=0
H264 first bytes: 00 00 00 01 41 e0 02 a0 05 46 02 3c 09 19 20 64
encode_release_packet ret=0
MP4 frame 1462/1500: sequence=1466 pts=58440000 us key=0 nv12=4478976 h264=8940 acquire=13.131 ms encode=26.804 ms mux=0.144 ms
start encode NV12 with RV1106 vendor packet ABI, frame=1462
encode_put_frame ret=0
encode_get_packet ret=0 handle=0xae9cf958 expected=0xae9cf958
vendor packet: mpi_buf_id=177 len=6531 buf_size=1495040 offset=174592 data_num=1 flag=0x00000000 pts=1462
valloc packet buffer: mpi_buf_id=177 dma_buf_fd=11 size=0
H264 first bytes: 00 00 00 01 41 e0 02 c0 05 86 07 f0 37 4e e1 4a
encode_release_packet ret=0
MP4 frame 1463/1500: sequence=1467 pts=58480000 us key=0 nv12=4478976 h264=6531 acquire=12.567 ms encode=26.210 ms mux=0.114 ms
start encode NV12 with RV1106 vendor packet ABI, frame=1463
encode_put_frame ret=0
encode_get_packet ret=0 handle=0xae9cf958 expected=0xae9cf958
vendor packet: mpi_buf_id=177 len=8680 buf_size=1495040 offset=181248 data_num=1 flag=0x00000000 pts=1463
valloc packet buffer: mpi_buf_id=177 dma_buf_fd=11 size=0
H264 first bytes: 00 00 00 01 41 e0 02 e0 05 c6 02 3c 05 16 48 62
encode_release_packet ret=0
MP4 frame 1464/1500: sequence=1468 pts=58520000 us key=0 nv12=4478976 h264=8680 acquire=13.207 ms encode=31.445 ms mux=0.131 ms
start encode NV12 with RV1106 vendor packet ABI, frame=1464
encode_put_frame ret=0
encode_get_packet ret=0 handle=0xae9cf958 expected=0xae9cf958
vendor packet: mpi_buf_id=177 len=8535 buf_size=1495040 offset=189952 data_num=1 flag=0x00000000 pts=1464
valloc packet buffer: mpi_buf_id=177 dma_buf_fd=11 size=0
H264 first bytes: 00 00 00 01 41 e0 03 00 06 06 02 3c 13 4c 68 29
encode_release_packet ret=0
MP4 frame 1465/1500: sequence=1469 pts=58560000 us key=0 nv12=4478976 h264=8535 acquire=7.936 ms encode=27.283 ms mux=0.136 ms
start encode NV12 with RV1106 vendor packet ABI, frame=1465
encode_put_frame ret=0
encode_get_packet ret=0 handle=0xae9cf958 expected=0xae9cf958
vendor packet: mpi_buf_id=177 len=13709 buf_size=1495040 offset=198528 data_num=1 flag=0x00000000 pts=1465
valloc packet buffer: mpi_buf_id=177 dma_buf_fd=11 size=0
H264 first bytes: 00 00 00 01 41 e0 03 20 06 46 02 7c 08 96 71 02
encode_release_packet ret=0
MP4 frame 1466/1500: sequence=1470 pts=58600000 us key=0 nv12=4478976 h264=13709 acquire=12.084 ms encode=26.844 ms mux=0.190 ms
start encode NV12 with RV1106 vendor packet ABI, frame=1466
encode_put_frame ret=0
encode_get_packet ret=0 handle=0xae9cf958 expected=0xae9cf958
vendor packet: mpi_buf_id=177 len=5985 buf_size=1495040 offset=212352 data_num=1 flag=0x00000000 pts=1466
valloc packet buffer: mpi_buf_id=177 dma_buf_fd=11 size=0
H264 first bytes: 00 00 00 01 41 e0 03 40 06 86 07 f0 61 92 0d 27
encode_release_packet ret=0
MP4 frame 1467/1500: sequence=1471 pts=58640000 us key=0 nv12=4478976 h264=5985 acquire=12.469 ms encode=26.205 ms mux=0.107 ms
start encode NV12 with RV1106 vendor packet ABI, frame=1467
encode_put_frame ret=0
encode_get_packet ret=0 handle=0xae9cf958 expected=0xae9cf958
vendor packet: mpi_buf_id=177 len=8831 buf_size=1495040 offset=218368 data_num=1 flag=0x00000000 pts=1467
valloc packet buffer: mpi_buf_id=177 dma_buf_fd=11 size=0
H264 first bytes: 00 00 00 01 41 e0 03 60 06 c6 02 3c 19 ca 44 25
encode_release_packet ret=0
MP4 frame 1468/1500: sequence=1472 pts=58680000 us key=0 nv12=4478976 h264=8831 acquire=13.196 ms encode=26.810 ms mux=0.134 ms
start encode NV12 with RV1106 vendor packet ABI, frame=1468
encode_put_frame ret=0
encode_get_packet ret=0 handle=0xae9cf958 expected=0xae9cf958
vendor packet: mpi_buf_id=177 len=8934 buf_size=1495040 offset=227200 data_num=1 flag=0x00000000 pts=1468
valloc packet buffer: mpi_buf_id=177 dma_buf_fd=11 size=0
H264 first bytes: 00 00 00 01 41 e0 03 80 07 06 02 3c 13 e5 81 02
encode_release_packet ret=0
MP4 frame 1469/1500: sequence=1473 pts=58720000 us key=0 nv12=4478976 h264=8934 acquire=12.571 ms encode=26.339 ms mux=0.136 ms
start encode NV12 with RV1106 vendor packet ABI, frame=1469
encode_put_frame ret=0
encode_get_packet ret=0 handle=0xae9cf958 expected=0xae9cf958
vendor packet: mpi_buf_id=177 len=14762 buf_size=1495040 offset=236160 data_num=1 flag=0x00000000 pts=1469
valloc packet buffer: mpi_buf_id=177 dma_buf_fd=11 size=0
H264 first bytes: 00 00 00 01 41 e0 03 a0 07 46 02 7c 09 72 94 60
encode_release_packet ret=0
MP4 frame 1470/1500: sequence=1474 pts=58760000 us key=0 nv12=4478976 h264=14762 acquire=13.034 ms encode=26.787 ms mux=0.193 ms
start encode NV12 with RV1106 vendor packet ABI, frame=1470
encode_put_frame ret=0
encode_get_packet ret=0 handle=0xae9cf958 expected=0xae9cf958
vendor packet: mpi_buf_id=177 len=227669 buf_size=1495040 offset=251008 data_num=1 flag=0x00000010 pts=1470
valloc packet buffer: mpi_buf_id=177 dma_buf_fd=11 size=0
H264 first bytes: 00 00 00 01 65 b8 00 02 00 00 03 02 bc 29 12 20
encode_release_packet ret=0
MP4 frame 1471/1500: sequence=1475 pts=58800000 us key=1 nv12=4478976 h264=227669 acquire=12.583 ms encode=35.967 ms mux=4.932 ms
start encode NV12 with RV1106 vendor packet ABI, frame=1471
encode_put_frame ret=0
encode_get_packet ret=0 handle=0xae9cf958 expected=0xae9cf958
vendor packet: mpi_buf_id=177 len=12169 buf_size=1495040 offset=478720 data_num=1 flag=0x00000000 pts=1471
valloc packet buffer: mpi_buf_id=177 dma_buf_fd=11 size=0
H264 first bytes: 00 00 00 01 41 e0 00 20 00 46 02 3c 27 3e 16 b5
encode_release_packet ret=0
MP4 frame 1472/1500: sequence=1476 pts=58840000 us key=0 nv12=4478976 h264=12169 acquire=0.059 ms encode=26.952 ms mux=0.177 ms
start encode NV12 with RV1106 vendor packet ABI, frame=1472
encode_put_frame ret=0
encode_get_packet ret=0 handle=0xae9cf958 expected=0xae9cf958
vendor packet: mpi_buf_id=177 len=7967 buf_size=1495040 offset=491008 data_num=1 flag=0x00000000 pts=1472
valloc packet buffer: mpi_buf_id=177 dma_buf_fd=11 size=0
H264 first bytes: 00 00 00 01 41 e0 00 40 00 86 07 f0 65 4a 0e 75
encode_release_packet ret=0
MP4 frame 1473/1500: sequence=1477 pts=58880000 us key=0 nv12=4478976 h264=7967 acquire=10.858 ms encode=26.314 ms mux=0.126 ms
start encode NV12 with RV1106 vendor packet ABI, frame=1473
encode_put_frame ret=0
encode_get_packet ret=0 handle=0xae9cf958 expected=0xae9cf958
vendor packet: mpi_buf_id=177 len=8013 buf_size=1495040 offset=499072 data_num=1 flag=0x00000000 pts=1473
valloc packet buffer: mpi_buf_id=177 dma_buf_fd=11 size=0
H264 first bytes: 00 00 00 01 41 e0 00 60 00 c6 07 f1 39 a0 27 73
encode_release_packet ret=0
MP4 frame 1474/1500: sequence=1478 pts=58920000 us key=0 nv12=4478976 h264=8013 acquire=13.076 ms encode=26.798 ms mux=0.133 ms
start encode NV12 with RV1106 vendor packet ABI, frame=1474
encode_put_frame ret=0
encode_get_packet ret=0 handle=0xae9cf958 expected=0xae9cf958
vendor packet: mpi_buf_id=177 len=7261 buf_size=1495040 offset=507136 data_num=1 flag=0x00000000 pts=1474
valloc packet buffer: mpi_buf_id=177 dma_buf_fd=11 size=0
H264 first bytes: 00 00 00 01 41 e0 00 80 01 06 07 f0 49 33 87 67
encode_release_packet ret=0
MP4 frame 1475/1500: sequence=1479 pts=58960000 us key=0 nv12=4478976 h264=7261 acquire=12.590 ms encode=26.254 ms mux=0.124 ms
start encode NV12 with RV1106 vendor packet ABI, frame=1475
encode_put_frame ret=0
encode_get_packet ret=0 handle=0xae9cf958 expected=0xae9cf958
vendor packet: mpi_buf_id=177 len=10580 buf_size=1495040 offset=514432 data_num=1 flag=0x00000000 pts=1475
valloc packet buffer: mpi_buf_id=177 dma_buf_fd=11 size=0
H264 first bytes: 00 00 00 01 41 e0 00 a0 01 46 02 3c 08 73 36 25
encode_release_packet ret=0
MP4 frame 1476/1500: sequence=1480 pts=59000000 us key=0 nv12=4478976 h264=10580 acquire=13.129 ms encode=26.860 ms mux=0.156 ms
start encode NV12 with RV1106 vendor packet ABI, frame=1476
encode_put_frame ret=0
encode_get_packet ret=0 handle=0xae9cf958 expected=0xae9cf958
vendor packet: mpi_buf_id=177 len=6847 buf_size=1495040 offset=525056 data_num=1 flag=0x00000000 pts=1476
valloc packet buffer: mpi_buf_id=177 dma_buf_fd=11 size=0
H264 first bytes: 00 00 00 01 41 e0 00 c0 01 86 07 f0 3b cd 81 77
encode_release_packet ret=0
MP4 frame 1477/1500: sequence=1481 pts=59040000 us key=0 nv12=4478976 h264=6847 acquire=12.502 ms encode=26.220 ms mux=0.118 ms
start encode NV12 with RV1106 vendor packet ABI, frame=1477
encode_put_frame ret=0
encode_get_packet ret=0 handle=0xae9cf958 expected=0xae9cf958
vendor packet: mpi_buf_id=177 len=9497 buf_size=1495040 offset=531968 data_num=1 flag=0x00000000 pts=1477
valloc packet buffer: mpi_buf_id=177 dma_buf_fd=11 size=0
H264 first bytes: 00 00 00 01 41 e0 00 e0 01 c6 02 3c 3b 4a 07 a9
encode_release_packet ret=0
MP4 frame 1478/1500: sequence=1482 pts=59080000 us key=0 nv12=4478976 h264=9497 acquire=13.163 ms encode=26.851 ms mux=0.149 ms
start encode NV12 with RV1106 vendor packet ABI, frame=1478
encode_put_frame ret=0
encode_get_packet ret=0 handle=0xae9cf958 expected=0xae9cf958
vendor packet: mpi_buf_id=177 len=9423 buf_size=1495040 offset=541568 data_num=1 flag=0x00000000 pts=1478
valloc packet buffer: mpi_buf_id=177 dma_buf_fd=11 size=0
H264 first bytes: 00 00 00 01 41 e0 01 00 02 06 02 3c 04 d5 1c 14
encode_release_packet ret=0
MP4 frame 1479/1500: sequence=1483 pts=59120000 us key=0 nv12=4478976 h264=9423 acquire=12.522 ms encode=26.254 ms mux=0.145 ms
start encode NV12 with RV1106 vendor packet ABI, frame=1479
encode_put_frame ret=0
encode_get_packet ret=0 handle=0xae9cf958 expected=0xae9cf958
vendor packet: mpi_buf_id=177 len=10129 buf_size=1495040 offset=551040 data_num=1 flag=0x00000000 pts=1479
valloc packet buffer: mpi_buf_id=177 dma_buf_fd=11 size=0
H264 first bytes: 00 00 00 01 41 e0 01 20 02 46 02 3f 58 62 f0 23
encode_release_packet ret=0
MP4 frame 1480/1500: sequence=1484 pts=59160000 us key=0 nv12=4478976 h264=10129 acquire=13.124 ms encode=26.985 ms mux=0.149 ms
start encode NV12 with RV1106 vendor packet ABI, frame=1480
encode_put_frame ret=0
encode_get_packet ret=0 handle=0xae9cf958 expected=0xae9cf958
vendor packet: mpi_buf_id=177 len=6619 buf_size=1495040 offset=561280 data_num=1 flag=0x00000000 pts=1480
valloc packet buffer: mpi_buf_id=177 dma_buf_fd=11 size=0
H264 first bytes: 00 00 00 01 41 e0 01 40 02 86 07 f0 41 58 cb 50
encode_release_packet ret=0
MP4 frame 1481/1500: sequence=1485 pts=59200000 us key=0 nv12=4478976 h264=6619 acquire=12.259 ms encode=26.256 ms mux=0.119 ms
start encode NV12 with RV1106 vendor packet ABI, frame=1481
encode_put_frame ret=0
encode_get_packet ret=0 handle=0xae9cf958 expected=0xae9cf958
vendor packet: mpi_buf_id=177 len=9597 buf_size=1495040 offset=567936 data_num=1 flag=0x00000000 pts=1481
valloc packet buffer: mpi_buf_id=177 dma_buf_fd=11 size=0
H264 first bytes: 00 00 00 01 41 e0 01 60 02 c6 02 3c 16 e5 05 62
encode_release_packet ret=0
MP4 frame 1482/1500: sequence=1486 pts=59240000 us key=0 nv12=4478976 h264=9597 acquire=13.132 ms encode=26.790 ms mux=0.144 ms
start encode NV12 with RV1106 vendor packet ABI, frame=1482
encode_put_frame ret=0
encode_get_packet ret=0 handle=0xae9cf958 expected=0xae9cf958
vendor packet: mpi_buf_id=177 len=9677 buf_size=1495040 offset=577536 data_num=1 flag=0x00000000 pts=1482
valloc packet buffer: mpi_buf_id=177 dma_buf_fd=11 size=0
H264 first bytes: 00 00 00 01 41 e0 01 80 03 06 02 3c 6d d0 91 da
encode_release_packet ret=0
MP4 frame 1483/1500: sequence=1487 pts=59280000 us key=0 nv12=4478976 h264=9677 acquire=12.573 ms encode=26.261 ms mux=0.149 ms
start encode NV12 with RV1106 vendor packet ABI, frame=1483
encode_put_frame ret=0
encode_get_packet ret=0 handle=0xae9cf958 expected=0xae9cf958
vendor packet: mpi_buf_id=177 len=9520 buf_size=1495040 offset=587264 data_num=1 flag=0x00000000 pts=1483
valloc packet buffer: mpi_buf_id=177 dma_buf_fd=11 size=0
H264 first bytes: 00 00 00 01 41 e0 01 a0 03 46 02 3c 02 41 47 82
encode_release_packet ret=0
MP4 frame 1484/1500: sequence=1488 pts=59320000 us key=0 nv12=4478976 h264=9520 acquire=13.109 ms encode=26.870 ms mux=0.150 ms
start encode NV12 with RV1106 vendor packet ABI, frame=1484
encode_put_frame ret=0
encode_get_packet ret=0 handle=0xae9cf958 expected=0xae9cf958
vendor packet: mpi_buf_id=177 len=9255 buf_size=1495040 offset=596864 data_num=1 flag=0x00000000 pts=1484
valloc packet buffer: mpi_buf_id=177 dma_buf_fd=11 size=0
H264 first bytes: 00 00 00 01 41 e0 01 c0 03 86 02 3c 09 74 e0 10
encode_release_packet ret=0
MP4 frame 1485/1500: sequence=1489 pts=59360000 us key=0 nv12=4478976 h264=9255 acquire=12.493 ms encode=26.181 ms mux=0.147 ms
start encode NV12 with RV1106 vendor packet ABI, frame=1485
encode_put_frame ret=0
encode_get_packet ret=0 handle=0xae9cf958 expected=0xae9cf958
vendor packet: mpi_buf_id=177 len=9460 buf_size=1495040 offset=606208 data_num=1 flag=0x00000000 pts=1485
valloc packet buffer: mpi_buf_id=177 dma_buf_fd=11 size=0
H264 first bytes: 00 00 00 01 41 e0 01 e0 03 c6 02 3c 37 36 04 bd
encode_release_packet ret=0
MP4 frame 1486/1500: sequence=1490 pts=59400000 us key=0 nv12=4478976 h264=9460 acquire=13.187 ms encode=26.858 ms mux=0.141 ms
start encode NV12 with RV1106 vendor packet ABI, frame=1486
encode_put_frame ret=0
encode_get_packet ret=0 handle=0xae9cf958 expected=0xae9cf958
vendor packet: mpi_buf_id=177 len=9255 buf_size=1495040 offset=615680 data_num=1 flag=0x00000000 pts=1486
valloc packet buffer: mpi_buf_id=177 dma_buf_fd=11 size=0
H264 first bytes: 00 00 00 01 41 e0 02 00 04 06 02 3c 93 60 13 0d
encode_release_packet ret=0
MP4 frame 1487/1500: sequence=1491 pts=59440000 us key=0 nv12=4478976 h264=9255 acquire=12.522 ms encode=26.252 ms mux=0.143 ms
start encode NV12 with RV1106 vendor packet ABI, frame=1487
encode_put_frame ret=0
encode_get_packet ret=0 handle=0xae9cf958 expected=0xae9cf958
vendor packet: mpi_buf_id=177 len=8823 buf_size=1495040 offset=625024 data_num=1 flag=0x00000000 pts=1487
valloc packet buffer: mpi_buf_id=177 dma_buf_fd=11 size=0
H264 first bytes: 00 00 00 01 41 e0 02 20 04 46 02 3c 04 d6 d0 b1
encode_release_packet ret=0
MP4 frame 1488/1500: sequence=1492 pts=59480000 us key=0 nv12=4478976 h264=8823 acquire=13.121 ms encode=26.911 ms mux=0.139 ms
start encode NV12 with RV1106 vendor packet ABI, frame=1488
encode_put_frame ret=0
encode_get_packet ret=0 handle=0xae9cf958 expected=0xae9cf958
vendor packet: mpi_buf_id=177 len=9405 buf_size=1495040 offset=633856 data_num=1 flag=0x00000000 pts=1488
valloc packet buffer: mpi_buf_id=177 dma_buf_fd=11 size=0
H264 first bytes: 00 00 00 01 41 e0 02 40 04 86 02 3c f3 e3 e7 c1
encode_release_packet ret=0
MP4 frame 1489/1500: sequence=1493 pts=59520000 us key=0 nv12=4478976 h264=9405 acquire=12.454 ms encode=26.172 ms mux=0.139 ms
start encode NV12 with RV1106 vendor packet ABI, frame=1489
encode_put_frame ret=0
encode_get_packet ret=0 handle=0xae9cf958 expected=0xae9cf958
vendor packet: mpi_buf_id=177 len=9534 buf_size=1495040 offset=643328 data_num=1 flag=0x00000000 pts=1489
valloc packet buffer: mpi_buf_id=177 dma_buf_fd=11 size=0
H264 first bytes: 00 00 00 01 41 e0 02 60 04 c6 02 3c 10 49 81 6b
encode_release_packet ret=0
MP4 frame 1490/1500: sequence=1494 pts=59560000 us key=0 nv12=4478976 h264=9534 acquire=13.194 ms encode=26.875 ms mux=0.149 ms
start encode NV12 with RV1106 vendor packet ABI, frame=1490
encode_put_frame ret=0
encode_get_packet ret=0 handle=0xae9cf958 expected=0xae9cf958
vendor packet: mpi_buf_id=177 len=9583 buf_size=1495040 offset=652928 data_num=1 flag=0x00000000 pts=1490
valloc packet buffer: mpi_buf_id=177 dma_buf_fd=11 size=0
H264 first bytes: 00 00 00 01 41 e0 02 80 05 06 02 3c 2d 2e 26 f3
encode_release_packet ret=0
MP4 frame 1491/1500: sequence=1495 pts=59600000 us key=0 nv12=4478976 h264=9583 acquire=12.492 ms encode=26.317 ms mux=0.143 ms
start encode NV12 with RV1106 vendor packet ABI, frame=1491
encode_put_frame ret=0
encode_get_packet ret=0 handle=0xae9cf958 expected=0xae9cf958
vendor packet: mpi_buf_id=177 len=9787 buf_size=1495040 offset=662528 data_num=1 flag=0x00000000 pts=1491
valloc packet buffer: mpi_buf_id=177 dma_buf_fd=11 size=0
H264 first bytes: 00 00 00 01 41 e0 02 a0 05 46 02 3c 06 04 e8 82
encode_release_packet ret=0
MP4 frame 1492/1500: sequence=1496 pts=59640000 us key=0 nv12=4478976 h264=9787 acquire=13.052 ms encode=26.845 ms mux=0.141 ms
start encode NV12 with RV1106 vendor packet ABI, frame=1492
encode_put_frame ret=0
encode_get_packet ret=0 handle=0xae9cf958 expected=0xae9cf958
vendor packet: mpi_buf_id=177 len=9293 buf_size=1495040 offset=672384 data_num=1 flag=0x00000000 pts=1492
valloc packet buffer: mpi_buf_id=177 dma_buf_fd=11 size=0
H264 first bytes: 00 00 00 01 41 e0 02 c0 05 86 02 3c 2f 9e 05 b9
encode_release_packet ret=0
MP4 frame 1493/1500: sequence=1497 pts=59680000 us key=0 nv12=4478976 h264=9293 acquire=12.541 ms encode=26.264 ms mux=0.148 ms
start encode NV12 with RV1106 vendor packet ABI, frame=1493
encode_put_frame ret=0
encode_get_packet ret=0 handle=0xae9cf958 expected=0xae9cf958
vendor packet: mpi_buf_id=177 len=9168 buf_size=1495040 offset=681728 data_num=1 flag=0x00000000 pts=1493
valloc packet buffer: mpi_buf_id=177 dma_buf_fd=11 size=0
H264 first bytes: 00 00 00 01 41 e0 02 e0 05 c6 02 3c 0e fa 83 d9
encode_release_packet ret=0
MP4 frame 1494/1500: sequence=1498 pts=59720000 us key=0 nv12=4478976 h264=9168 acquire=13.091 ms encode=26.830 ms mux=0.145 ms
start encode NV12 with RV1106 vendor packet ABI, frame=1494
encode_put_frame ret=0
encode_get_packet ret=0 handle=0xae9cf958 expected=0xae9cf958
vendor packet: mpi_buf_id=177 len=9223 buf_size=1495040 offset=690944 data_num=1 flag=0x00000000 pts=1494
valloc packet buffer: mpi_buf_id=177 dma_buf_fd=11 size=0
H264 first bytes: 00 00 00 01 41 e0 03 00 06 06 02 3c 11 6e 02 26
encode_release_packet ret=0
MP4 frame 1495/1500: sequence=1499 pts=59760000 us key=0 nv12=4478976 h264=9223 acquire=12.540 ms encode=26.233 ms mux=0.143 ms
start encode NV12 with RV1106 vendor packet ABI, frame=1495
encode_put_frame ret=0
encode_get_packet ret=0 handle=0xae9cf958 expected=0xae9cf958
vendor packet: mpi_buf_id=177 len=14433 buf_size=1495040 offset=700288 data_num=1 flag=0x00000000 pts=1495
valloc packet buffer: mpi_buf_id=177 dma_buf_fd=11 size=0
H264 first bytes: 00 00 00 01 41 e0 03 20 06 46 02 7c 0e 75 18 26
encode_release_packet ret=0
MP4 frame 1496/1500: sequence=1500 pts=59800000 us key=0 nv12=4478976 h264=14433 acquire=13.130 ms encode=26.903 ms mux=0.194 ms
start encode NV12 with RV1106 vendor packet ABI, frame=1496
encode_put_frame ret=0
encode_get_packet ret=0 handle=0xae9cf958 expected=0xae9cf958
vendor packet: mpi_buf_id=177 len=6464 buf_size=1495040 offset=714752 data_num=1 flag=0x00000000 pts=1496
valloc packet buffer: mpi_buf_id=177 dma_buf_fd=11 size=0
H264 first bytes: 00 00 00 01 41 e0 03 40 06 86 07 f0 ed 60 6a 9b
encode_release_packet ret=0
MP4 frame 1497/1500: sequence=1501 pts=59840000 us key=0 nv12=4478976 h264=6464 acquire=12.409 ms encode=26.214 ms mux=0.112 ms
start encode NV12 with RV1106 vendor packet ABI, frame=1497
encode_put_frame ret=0
encode_get_packet ret=0 handle=0xae9cf958 expected=0xae9cf958
vendor packet: mpi_buf_id=177 len=9895 buf_size=1495040 offset=721280 data_num=1 flag=0x00000000 pts=1497
valloc packet buffer: mpi_buf_id=177 dma_buf_fd=11 size=0
H264 first bytes: 00 00 00 01 41 e0 03 60 06 c6 02 3f 78 08 89 94
encode_release_packet ret=0
MP4 frame 1498/1500: sequence=1502 pts=59880000 us key=0 nv12=4478976 h264=9895 acquire=13.202 ms encode=26.820 ms mux=0.148 ms
start encode NV12 with RV1106 vendor packet ABI, frame=1498
encode_put_frame ret=0
encode_get_packet ret=0 handle=0xae9cf958 expected=0xae9cf958
vendor packet: mpi_buf_id=177 len=8736 buf_size=1495040 offset=731264 data_num=1 flag=0x00000000 pts=1498
valloc packet buffer: mpi_buf_id=177 dma_buf_fd=11 size=0
H264 first bytes: 00 00 00 01 41 e0 03 80 07 06 02 3c 29 36 02 57
encode_release_packet ret=0
MP4 frame 1499/1500: sequence=1503 pts=59920000 us key=0 nv12=4478976 h264=8736 acquire=12.537 ms encode=26.222 ms mux=0.135 ms
start encode NV12 with RV1106 vendor packet ABI, frame=1499
encode_put_frame ret=0
encode_get_packet ret=0 handle=0xae9cf958 expected=0xae9cf958
vendor packet: mpi_buf_id=177 len=16186 buf_size=1495040 offset=740096 data_num=1 flag=0x00000000 pts=1499
valloc packet buffer: mpi_buf_id=177 dma_buf_fd=11 size=0
H264 first bytes: 00 00 00 01 41 e0 03 a0 07 46 02 7c 18 70 a0 9a
encode_release_packet ret=0
MP4 frame 1500/1500: sequence=1504 pts=59960000 us key=0 nv12=4478976 h264=16186 acquire=13.162 ms encode=26.868 ms mux=1.014 ms
MP4 muxer closed: frames=1500 key_frames=50 last_pts=59960000 us

live camera MP4 summary
encoded frames      : 1500/1500
key frames          : 50
total H264 bytes    : 21591779
sequence gaps       : 0 frame(s)
average acquire wait: 12.435 ms/frame
average encode time : 26.814 ms/frame
average mux time    : 0.256 ms/frame
average packet size : 14394.52 bytes/frame
timeline duration   : 60.000 s
encode-only speed   : 37.29 fps
wall-clock time     : 59.996 s
end-to-end speed    : 25.00 fps
live MP4 saved to   : output_camera_60s.mp4
